{
	"credit": "Made with Blockbench",
	"texture_size": [32, 32],
	"textures": {
		"0": "hmccosmetics:items/hammer",
		"particle": "hmccosmetics:items/hammer"
	},
	"elements": [
		{
			"from": [7, 0, 0],
			"to": [9, 10, 2],
			"faces": {
				"north": {"uv": [2, 5, 3, 10], "texture": "#0"},
				"east": {"uv": [3, 5, 4, 10], "texture": "#0"},
				"south": {"uv": [6, 4, 7, 9], "texture": "#0"},
				"west": {"uv": [4, 6.5, 5, 11.5], "texture": "#0"},
				"up": {"uv": [6, 7.5, 5, 6.5], "texture": "#0"},
				"down": {"uv": [8, 4, 7, 5], "texture": "#0"}
			}
		},
		{
			"from": [4, 10, -1],
			"to": [12, 15, 3],
			"faces": {
				"north": {"uv": [0, 0, 4, 2.5], "texture": "#0"},
				"east": {"uv": [4, 4, 6, 6.5], "texture": "#0"},
				"south": {"uv": [0, 2.5, 4, 5], "texture": "#0"},
				"west": {"uv": [0, 5, 2, 7.5], "texture": "#0"},
				"up": {"uv": [8, 2, 4, 0], "texture": "#0"},
				"down": {"uv": [8, 2, 4, 4], "texture": "#0"}
			}
		}
	],
	"display": {
		"thirdperson_righthand": {
			"rotation": [0, 90, 0],
			"translation": [7, 2.25, 0.75]
		},
		"thirdperson_lefthand": {
			"rotation": [0, 90, 0],
			"translation": [7, 2.25, 0.75]
		},
		"firstperson_righthand": {
			"rotation": [-35, 90, 0],
			"translation": [7.5, -0.5, -2.75],
			"scale": [0.8, 0.8, 0.8]
		},
		"firstperson_lefthand": {
			"rotation": [-35, 90, 0],
			"translation": [7.5, -0.5, -2.75],
			"scale": [0.8, 0.8, 0.8]
		},
		"ground": {
			"translation": [0, 0, 4.25],
			"scale": [0.7, 0.7, 0.7]
		},
		"gui": {
			"rotation": [35, -35, 0],
			"translation": [-2.75, -2.5, 0],
			"scale": [0.8, 0.8, 0.8]
		}
	}
}