{
  "providers": [
    {
      "file": "char/black.png",
      "chars": [
        ""
      ],
      "height": 1,
      "ascent": -5000,
      "type": "bitmap"
    },
    {
      "file": "char/black.png",
      "chars": [
        ""
      ],
      "height": 2,
      "ascent": -5000,
      "type": "bitmap"
    },
    {
      "file": "char/black.png",
      "chars": [
        ""
      ],
      "height": 3,
      "ascent": -5000,
      "type": "bitmap"
    },
    {
      "file": "char/black.png",
      "chars": [
        ""
      ],
      "height": 4,
      "ascent": -5000,
      "type": "bitmap"
    },
    {
      "file": "char/black.png",
      "chars": [
        ""
      ],
      "height": 5,
      "ascent": -5000,
      "type": "bitmap"
    },
    {
      "file": "char/black.png",
      "chars": [
        ""
      ],
      "height": 6,
      "ascent": -5000,
      "type": "bitmap"
    },
    {
      "file": "char/black.png",
      "chars": [
        ""
      ],
      "height": 7,
      "ascent": -5000,
      "type": "bitmap"
    },
    {
      "file": "char/black.png",
      "chars": [
        ""
      ],
      "height": 15,
      "ascent": -5000,
      "type": "bitmap"
    },
    {
      "file": "char/black.png",
      "chars": [
        ""
      ],
      "height": 31,
      "ascent": -5000,
      "type": "bitmap"
    },
    {
      "file": "char/black.png",
      "chars": [
        ""
      ],
      "height": 63,
      "ascent": -5000,
      "type": "bitmap"
    },
    {
      "file": "char/black.png",
      "chars": [
        ""
      ],
      "height": 127,
      "ascent": -5000,
      "type": "bitmap"
    },
    {
      "file": "char/black.png",
      "chars": [
        ""
      ],
      "height": 256,
      "ascent": -5000,
      "type": "bitmap"
    },
    {
      "file": "char/black.png",
      "chars": [
        ""
      ],
      "height": 512,
      "ascent": -5000,
      "type": "bitmap"
    },
    {
      "file": "char/black.png",
      "chars": [
        ""
      ],
      "height": 1024,
      "ascent": -5000,
      "type": "bitmap"
    },
    {
      "file": "char/black.png",
      "chars": [
        ""
      ],
      "height": -3,
      "ascent": -5000,
      "type": "bitmap"
    },
    {
      "file": "char/black.png",
      "chars": [
        ""
      ],
      "height": -4,
      "ascent": -5000,
      "type": "bitmap"
    },
    {
      "file": "char/black.png",
      "chars": [
        ""
      ],
      "height": -5,
      "ascent": -5000,
      "type": "bitmap"
    },
    {
      "file": "char/black.png",
      "chars": [
        ""
      ],
      "height": -6,
      "ascent": -5000,
      "type": "bitmap"
    },
    {
      "file": "char/black.png",
      "chars": [
        ""
      ],
      "height": -7,
      "ascent": -5000,
      "type": "bitmap"
    },
    {
      "file": "char/black.png",
      "chars": [
        ""
      ],
      "height": -8,
      "ascent": -5000,
      "type": "bitmap"
    },
    {
      "file": "char/black.png",
      "chars": [
        ""
      ],
      "height": -9,
      "ascent": -5000,
      "type": "bitmap"
    },
    {
      "file": "char/black.png",
      "chars": [
        ""
      ],
      "height": -10,
      "ascent": -5000,
      "type": "bitmap"
    },
    {
      "file": "char/black.png",
      "chars": [
        ""
      ],
      "height": -18,
      "ascent": -5000,
      "type": "bitmap"
    },
    {
      "file": "char/black.png",
      "chars": [
        ""
      ],
      "height": -34,
      "ascent": -5000,
      "type": "bitmap"
    },
    {
      "file": "char/black.png",
      "chars": [
        ""
      ],
      "height": -66,
      "ascent": -5000,
      "type": "bitmap"
    },
    {
      "file": "char/black.png",
      "chars": [
        ""
      ],
      "height": -130,
      "ascent": -5000,
      "type": "bitmap"
    },
    {
      "file": "char/black.png",
      "chars": [
        ""
      ],
      "height": -259,
      "ascent": -5000,
      "type": "bitmap"
    },
    {
      "file": "char/black.png",
      "chars": [
        ""
      ],
      "height": -515,
      "ascent": -5000,
      "type": "bitmap"
    },
    {
      "file": "char/black.png",
      "chars": [
        ""
      ],
      "height": -1027,
      "ascent": -5000,
      "type": "bitmap"
    },
    {
      "file": "_iainternal:gui/no_recipe.png",
      "chars": [
        ""
      ],
      "height": 170,
      "ascent": 47,
      "type": "bitmap"
    },
    {
      "file": "_iainternal:gui/crafting.png",
      "chars": [
        ""
      ],
      "height": 170,
      "ascent": 47,
      "type": "bitmap"
    },
    {
      "file": "_iainternal:gui/cooking.png",
      "chars": [
        ""
      ],
      "height": 170,
      "ascent": 47,
      "type": "bitmap"
    },
    {
      "file": "_iainternal:gui/blank_menu.png",
      "chars": [
        ""
      ],
      "height": 170,
      "ascent": 47,
      "type": "bitmap"
    },
    {
      "file": "_iainternal:gui/anvil_repair.png",
      "chars": [
        ""
      ],
      "height": 170,
      "ascent": 47,
      "type": "bitmap"
    },
    {
      "file": "_iainternal:gui/smithing.png",
      "chars": [
        ""
      ],
      "height": 170,
      "ascent": 47,
      "type": "bitmap"
    },
    {
      "file": "cosmetics:custom/logo/boxpvpv.png",
      "chars": [
        ""
      ],
      "height": 50,
      "ascent": 10,
      "type": "bitmap"
    },
    {
      "file": "cosmetics:custom/menus/cosmetics_menu.png",
      "chars": [
        "🦴"
      ],
      "height": 256,
      "ascent": 19,
      "type": "bitmap"
    },
    {
      "file": "fonts:custom/ranks/admin.png",
      "chars": [
        ""
      ],
      "height": 7,
      "ascent": 7,
      "type": "bitmap"
    },
    {
      "file": "fonts:custom/ranks/ash.png",
      "chars": [
        ""
      ],
      "height": 7,
      "ascent": 7,
      "type": "bitmap"
    },
    {
      "file": "fonts:custom/ranks/dev.png",
      "chars": [
        ""
      ],
      "height": 7,
      "ascent": 7,
      "type": "bitmap"
    },
    {
      "file": "fonts:custom/ranks/eternal.png",
      "chars": [
        ""
      ],
      "height": 7,
      "ascent": 7,
      "type": "bitmap"
    },
    {
      "file": "fonts:custom/ranks/gladiator.png",
      "chars": [
        ""
      ],
      "height": 7,
      "ascent": 7,
      "type": "bitmap"
    },
    {
      "file": "fonts:custom/ranks/helper.png",
      "chars": [
        ""
      ],
      "height": 7,
      "ascent": 7,
      "type": "bitmap"
    },
    {
      "file": "fonts:custom/ranks/infinite.png",
      "chars": [
        ""
      ],
      "height": 7,
      "ascent": 7,
      "type": "bitmap"
    },
    {
      "file": "fonts:custom/ranks/knight.png",
      "chars": [
        ""
      ],
      "height": 7,
      "ascent": 7,
      "type": "bitmap"
    },
    {
      "file": "fonts:custom/ranks/manager.png",
      "chars": [
        ""
      ],
      "height": 7,
      "ascent": 7,
      "type": "bitmap"
    },
    {
      "file": "fonts:custom/ranks/matrix.png",
      "chars": [
        ""
      ],
      "height": 7,
      "ascent": 7,
      "type": "bitmap"
    },
    {
      "file": "fonts:custom/ranks/media.png",
      "chars": [
        ""
      ],
      "height": 7,
      "ascent": 7,
      "type": "bitmap"
    },
    {
      "file": "fonts:custom/ranks/mod.png",
      "chars": [
        ""
      ],
      "height": 7,
      "ascent": 7,
      "type": "bitmap"
    },
    {
      "file": "fonts:custom/ranks/overlord.png",
      "chars": [
        ""
      ],
      "height": 7,
      "ascent": 7,
      "type": "bitmap"
    },
    {
      "file": "fonts:custom/ranks/owner.png",
      "chars": [
        ""
      ],
      "height": 7,
      "ascent": 7,
      "type": "bitmap"
    },
    {
      "file": "fonts:custom/ranks/phoenix.png",
      "chars": [
        ""
      ],
      "height": 7,
      "ascent": 7,
      "type": "bitmap"
    },
    {
      "file": "fonts:custom/ranks/player.png",
      "chars": [
        ""
      ],
      "height": 7,
      "ascent": 7,
      "type": "bitmap"
    },
    {
      "file": "fonts:custom/ranks/sradmin.png",
      "chars": [
        ""
      ],
      "height": 7,
      "ascent": 7,
      "type": "bitmap"
    },
    {
      "file": "fonts:custom/ranks/srmod.png",
      "chars": [
        ""
      ],
      "height": 7,
      "ascent": 7,
      "type": "bitmap"
    },
    {
      "file": "fonts:custom/ranks/supreme.png",
      "chars": [
        ""
      ],
      "height": 7,
      "ascent": 7,
      "type": "bitmap"
    },
    {
      "file": "fonts:custom/ranks/watchdog.png",
      "chars": [
        ""
      ],
      "height": 7,
      "ascent": 7,
      "type": "bitmap"
    }
  ]
}