{
  "providers": [
    {
      "file": "char/black.png",
      "chars": [
        ""
      ],
      "height": 1,
      "ascent": -5000,
      "type": "bitmap"
    },
    {
      "file": "char/black.png",
      "chars": [
        ""
      ],
      "height": 2,
      "ascent": -5000,
      "type": "bitmap"
    },
    {
      "file": "char/black.png",
      "chars": [
        ""
      ],
      "height": 3,
      "ascent": -5000,
      "type": "bitmap"
    },
    {
      "file": "char/black.png",
      "chars": [
        ""
      ],
      "height": 4,
      "ascent": -5000,
      "type": "bitmap"
    },
    {
      "file": "char/black.png",
      "chars": [
        ""
      ],
      "height": 5,
      "ascent": -5000,
      "type": "bitmap"
    },
    {
      "file": "char/black.png",
      "chars": [
        ""
      ],
      "height": 6,
      "ascent": -5000,
      "type": "bitmap"
    },
    {
      "file": "char/black.png",
      "chars": [
        ""
      ],
      "height": 7,
      "ascent": -5000,
      "type": "bitmap"
    },
    {
      "file": "char/black.png",
      "chars": [
        ""
      ],
      "height": 15,
      "ascent": -5000,
      "type": "bitmap"
    },
    {
      "file": "char/black.png",
      "chars": [
        ""
      ],
      "height": 31,
      "ascent": -5000,
      "type": "bitmap"
    },
    {
      "file": "char/black.png",
      "chars": [
        ""
      ],
      "height": 63,
      "ascent": -5000,
      "type": "bitmap"
    },
    {
      "file": "char/black.png",
      "chars": [
        ""
      ],
      "height": 127,
      "ascent": -5000,
      "type": "bitmap"
    },
    {
      "file": "char/black.png",
      "chars": [
        ""
      ],
      "height": 256,
      "ascent": -5000,
      "type": "bitmap"
    },
    {
      "file": "char/black.png",
      "chars": [
        ""
      ],
      "height": 512,
      "ascent": -5000,
      "type": "bitmap"
    },
    {
      "file": "char/black.png",
      "chars": [
        ""
      ],
      "height": 1024,
      "ascent": -5000,
      "type": "bitmap"
    },
    {
      "file": "char/black.png",
      "chars": [
        ""
      ],
      "height": -3,
      "ascent": -5000,
      "type": "bitmap"
    },
    {
      "file": "char/black.png",
      "chars": [
        ""
      ],
      "height": -4,
      "ascent": -5000,
      "type": "bitmap"
    },
    {
      "file": "char/black.png",
      "chars": [
        ""
      ],
      "height": -5,
      "ascent": -5000,
      "type": "bitmap"
    },
    {
      "file": "char/black.png",
      "chars": [
        ""
      ],
      "height": -6,
      "ascent": -5000,
      "type": "bitmap"
    },
    {
      "file": "char/black.png",
      "chars": [
        ""
      ],
      "height": -7,
      "ascent": -5000,
      "type": "bitmap"
    },
    {
      "file": "char/black.png",
      "chars": [
        ""
      ],
      "height": -8,
      "ascent": -5000,
      "type": "bitmap"
    },
    {
      "file": "char/black.png",
      "chars": [
        ""
      ],
      "height": -9,
      "ascent": -5000,
      "type": "bitmap"
    },
    {
      "file": "char/black.png",
      "chars": [
        ""
      ],
      "height": -10,
      "ascent": -5000,
      "type": "bitmap"
    },
    {
      "file": "char/black.png",
      "chars": [
        ""
      ],
      "height": -18,
      "ascent": -5000,
      "type": "bitmap"
    },
    {
      "file": "char/black.png",
      "chars": [
        ""
      ],
      "height": -34,
      "ascent": -5000,
      "type": "bitmap"
    },
    {
      "file": "char/black.png",
      "chars": [
        ""
      ],
      "height": -66,
      "ascent": -5000,
      "type": "bitmap"
    },
    {
      "file": "char/black.png",
      "chars": [
        ""
      ],
      "height": -130,
      "ascent": -5000,
      "type": "bitmap"
    },
    {
      "file": "char/black.png",
      "chars": [
        ""
      ],
      "height": -259,
      "ascent": -5000,
      "type": "bitmap"
    },
    {
      "file": "char/black.png",
      "chars": [
        ""
      ],
      "height": -515,
      "ascent": -5000,
      "type": "bitmap"
    },
    {
      "file": "char/black.png",
      "chars": [
        ""
      ],
      "height": -1027,
      "ascent": -5000,
      "type": "bitmap"
    },
    {
      "file": "_iainternal:gui/smithing.png",
      "chars": [
        ""
      ],
      "height": 170,
      "ascent": 47,
      "type": "bitmap"
    },
    {
      "file": "fonts:custom/misc/blackscreen.png",
      "chars": [
        ""
      ],
      "height": 256,
      "ascent": 256,
      "type": "bitmap"
    },
    {
      "file": "fonts:custom/logo/boxpvpv.png",
      "chars": [
        ""
      ],
      "height": 126,
      "ascent": 64,
      "type": "bitmap"
    },
    {
      "file": "nightmarket:font/gui/nightmarket/nightmarket_main.png",
      "chars": [
        ""
      ],
      "height": 256,
      "ascent": 185,
      "type": "bitmap"
    },
    {
      "file": "nightmarket:font/gui/nightmarket/nightmarket_confirm.png",
      "chars": [
        ""
      ],
      "height": 256,
      "ascent": 185,
      "type": "bitmap"
    },
    {
      "file": "nightmarket:font/rarity/common.png",
      "chars": [
        ""
      ],
      "height": 9,
      "ascent": 8,
      "type": "bitmap"
    },
    {
      "file": "nightmarket:font/rarity/uncommon.png",
      "chars": [
        ""
      ],
      "height": 9,
      "ascent": 8,
      "type": "bitmap"
    },
    {
      "file": "nightmarket:font/rarity/rare.png",
      "chars": [
        ""
      ],
      "height": 9,
      "ascent": 8,
      "type": "bitmap"
    },
    {
      "file": "nightmarket:font/rarity/epic.png",
      "chars": [
        ""
      ],
      "height": 9,
      "ascent": 8,
      "type": "bitmap"
    },
    {
      "file": "nightmarket:font/rarity/legendary.png",
      "chars": [
        ""
      ],
      "height": 9,
      "ascent": 8,
      "type": "bitmap"
    },
    {
      "file": "nightmarket:font/rarity/mythical.png",
      "chars": [
        ""
      ],
      "height": 9,
      "ascent": 8,
      "type": "bitmap"
    },
    {
      "file": "char/trollreal.png",
      "chars": [
        "Ψ"
      ],
      "height": 12,
      "ascent": 8,
      "type": "bitmap"
    },
    {
      "file": "hmccosmetics:gui/cosmetics_gui.png",
      "chars": [
        ""
      ],
      "ascent": 14,
      "height": 256,
      "type": "bitmap"
    },
    {
      "file": "hmccosmetics:gui/shift.png",
      "chars": [
        ""
      ],
      "ascent": -32768,
      "height": -10,
      "type": "bitmap"
    },
    {
      "file": "hmccosmetics:gui/dye_menu.png",
      "chars": [
        ""
      ],
      "ascent": 13,
      "height": 256,
      "type": "bitmap"
    },
    {
      "file": "hmccosmetics:icons/colorful.png",
      "chars": [
        ""
      ],
      "ascent": 8,
      "height": 8,
      "type": "bitmap"
    },
    {
      "file": "hmccosmetics:icons/title.png",
      "chars": [
        ""
      ],
      "ascent": 128,
      "height": 256,
      "type": "bitmap"
    }
  ]
}