{
  "providers": [
    {
      "file": "char/black.png",
      "chars": [
        ""
      ],
      "height": 1,
      "ascent": -5000,
      "type": "bitmap"
    },
    {
      "file": "char/black.png",
      "chars": [
        ""
      ],
      "height": 2,
      "ascent": -5000,
      "type": "bitmap"
    },
    {
      "file": "char/black.png",
      "chars": [
        ""
      ],
      "height": 3,
      "ascent": -5000,
      "type": "bitmap"
    },
    {
      "file": "char/black.png",
      "chars": [
        ""
      ],
      "height": 4,
      "ascent": -5000,
      "type": "bitmap"
    },
    {
      "file": "char/black.png",
      "chars": [
        ""
      ],
      "height": 5,
      "ascent": -5000,
      "type": "bitmap"
    },
    {
      "file": "char/black.png",
      "chars": [
        ""
      ],
      "height": 6,
      "ascent": -5000,
      "type": "bitmap"
    },
    {
      "file": "char/black.png",
      "chars": [
        ""
      ],
      "height": 7,
      "ascent": -5000,
      "type": "bitmap"
    },
    {
      "file": "char/black.png",
      "chars": [
        ""
      ],
      "height": 15,
      "ascent": -5000,
      "type": "bitmap"
    },
    {
      "file": "char/black.png",
      "chars": [
        ""
      ],
      "height": 31,
      "ascent": -5000,
      "type": "bitmap"
    },
    {
      "file": "char/black.png",
      "chars": [
        ""
      ],
      "height": 63,
      "ascent": -5000,
      "type": "bitmap"
    },
    {
      "file": "char/black.png",
      "chars": [
        ""
      ],
      "height": 127,
      "ascent": -5000,
      "type": "bitmap"
    },
    {
      "file": "char/black.png",
      "chars": [
        ""
      ],
      "height": 256,
      "ascent": -5000,
      "type": "bitmap"
    },
    {
      "file": "char/black.png",
      "chars": [
        ""
      ],
      "height": 512,
      "ascent": -5000,
      "type": "bitmap"
    },
    {
      "file": "char/black.png",
      "chars": [
        ""
      ],
      "height": 1024,
      "ascent": -5000,
      "type": "bitmap"
    },
    {
      "file": "char/black.png",
      "chars": [
        ""
      ],
      "height": -3,
      "ascent": -5000,
      "type": "bitmap"
    },
    {
      "file": "char/black.png",
      "chars": [
        ""
      ],
      "height": -4,
      "ascent": -5000,
      "type": "bitmap"
    },
    {
      "file": "char/black.png",
      "chars": [
        ""
      ],
      "height": -5,
      "ascent": -5000,
      "type": "bitmap"
    },
    {
      "file": "char/black.png",
      "chars": [
        ""
      ],
      "height": -6,
      "ascent": -5000,
      "type": "bitmap"
    },
    {
      "file": "char/black.png",
      "chars": [
        ""
      ],
      "height": -7,
      "ascent": -5000,
      "type": "bitmap"
    },
    {
      "file": "char/black.png",
      "chars": [
        ""
      ],
      "height": -8,
      "ascent": -5000,
      "type": "bitmap"
    },
    {
      "file": "char/black.png",
      "chars": [
        ""
      ],
      "height": -9,
      "ascent": -5000,
      "type": "bitmap"
    },
    {
      "file": "char/black.png",
      "chars": [
        ""
      ],
      "height": -10,
      "ascent": -5000,
      "type": "bitmap"
    },
    {
      "file": "char/black.png",
      "chars": [
        ""
      ],
      "height": -18,
      "ascent": -5000,
      "type": "bitmap"
    },
    {
      "file": "char/black.png",
      "chars": [
        ""
      ],
      "height": -34,
      "ascent": -5000,
      "type": "bitmap"
    },
    {
      "file": "char/black.png",
      "chars": [
        ""
      ],
      "height": -66,
      "ascent": -5000,
      "type": "bitmap"
    },
    {
      "file": "char/black.png",
      "chars": [
        ""
      ],
      "height": -130,
      "ascent": -5000,
      "type": "bitmap"
    },
    {
      "file": "char/black.png",
      "chars": [
        ""
      ],
      "height": -259,
      "ascent": -5000,
      "type": "bitmap"
    },
    {
      "file": "char/black.png",
      "chars": [
        ""
      ],
      "height": -515,
      "ascent": -5000,
      "type": "bitmap"
    },
    {
      "file": "char/black.png",
      "chars": [
        ""
      ],
      "height": -1027,
      "ascent": -5000,
      "type": "bitmap"
    },
    {
      "file": "_iainternal:gui/no_recipe.png",
      "chars": [
        ""
      ],
      "height": 170,
      "ascent": 47,
      "type": "bitmap"
    },
    {
      "file": "_iainternal:gui/crafting.png",
      "chars": [
        ""
      ],
      "height": 170,
      "ascent": 47,
      "type": "bitmap"
    },
    {
      "file": "_iainternal:gui/cooking.png",
      "chars": [
        ""
      ],
      "height": 170,
      "ascent": 47,
      "type": "bitmap"
    },
    {
      "file": "_iainternal:gui/blank_menu.png",
      "chars": [
        ""
      ],
      "height": 170,
      "ascent": 47,
      "type": "bitmap"
    },
    {
      "file": "_iainternal:gui/anvil_repair.png",
      "chars": [
        ""
      ],
      "height": 170,
      "ascent": 47,
      "type": "bitmap"
    },
    {
      "file": "_iainternal:gui/smithing.png",
      "chars": [
        ""
      ],
      "height": 170,
      "ascent": 47,
      "type": "bitmap"
    },
    {
      "file": "fonts:custom/logo/boxpvpv.png",
      "chars": [
        ""
      ],
      "height": 50,
      "ascent": 32,
      "type": "bitmap"
    },
    {
      "file": "fonts:custom/rank/admin.png",
      "chars": [
        ""
      ],
      "height": 7,
      "ascent": 7,
      "type": "bitmap"
    },
    {
      "file": "fonts:custom/rank/ash.png",
      "chars": [
        ""
      ],
      "height": 7,
      "ascent": 7,
      "type": "bitmap"
    },
    {
      "file": "fonts:custom/rank/dev.png",
      "chars": [
        ""
      ],
      "height": 7,
      "ascent": 7,
      "type": "bitmap"
    },
    {
      "file": "fonts:custom/rank/eternal.png",
      "chars": [
        ""
      ],
      "height": 7,
      "ascent": 7,
      "type": "bitmap"
    },
    {
      "file": "fonts:custom/rank/gladiator.png",
      "chars": [
        ""
      ],
      "height": 7,
      "ascent": 7,
      "type": "bitmap"
    },
    {
      "file": "fonts:custom/rank/helper.png",
      "chars": [
        ""
      ],
      "height": 7,
      "ascent": 7,
      "type": "bitmap"
    },
    {
      "file": "fonts:custom/rank/infinite.png",
      "chars": [
        ""
      ],
      "height": 7,
      "ascent": 7,
      "type": "bitmap"
    },
    {
      "file": "fonts:custom/rank/knight.png",
      "chars": [
        ""
      ],
      "height": 7,
      "ascent": 7,
      "type": "bitmap"
    },
    {
      "file": "fonts:custom/rank/manager.png",
      "chars": [
        ""
      ],
      "height": 7,
      "ascent": 7,
      "type": "bitmap"
    },
    {
      "file": "fonts:custom/rank/matrix.png",
      "chars": [
        ""
      ],
      "height": 7,
      "ascent": 7,
      "type": "bitmap"
    },
    {
      "file": "fonts:custom/rank/media.png",
      "chars": [
        ""
      ],
      "height": 7,
      "ascent": 7,
      "type": "bitmap"
    },
    {
      "file": "fonts:custom/rank/mod.png",
      "chars": [
        ""
      ],
      "height": 7,
      "ascent": 7,
      "type": "bitmap"
    },
    {
      "file": "fonts:custom/rank/overlord.png",
      "chars": [
        ""
      ],
      "height": 7,
      "ascent": 7,
      "type": "bitmap"
    },
    {
      "file": "fonts:custom/rank/phoenix.png",
      "chars": [
        ""
      ],
      "height": 7,
      "ascent": 7,
      "type": "bitmap"
    },
    {
      "file": "fonts:custom/rank/player.png",
      "chars": [
        ""
      ],
      "height": 7,
      "ascent": 7,
      "type": "bitmap"
    },
    {
      "file": "fonts:custom/rank/sradmin.png",
      "chars": [
        ""
      ],
      "height": 7,
      "ascent": 7,
      "type": "bitmap"
    },
    {
      "file": "fonts:custom/rank/srmod.png",
      "chars": [
        ""
      ],
      "height": 7,
      "ascent": 7,
      "type": "bitmap"
    },
    {
      "file": "fonts:custom/rank/watchdog.png",
      "chars": [
        ""
      ],
      "height": 7,
      "ascent": 7,
      "type": "bitmap"
    },
    {
      "file": "fonts:custom/rank/supreme.png",
      "chars": [
        ""
      ],
      "height": 7,
      "ascent": 7,
      "type": "bitmap"
    }
  ]
}