{"textures":{"0":"must_have_props:/coffee_tray"},"elements":[{"from":[12.971429,8.685715,12.285715],"to":[15.257143,10.971429,14.571428],"rotation":{"angle":-22.5,"axis":"y","origin":[14.0,9.4,14.0]},"faces":{"east":{"uv":[6.25,6.0,7.25,7.0],"rotation":0,"texture":"#0","tintindex":0},"south":{"uv":[6.5,4.25,7.5,5.25],"rotation":0,"texture":"#0","tintindex":0},"north":{"uv":[6.25,3.25,7.25,4.25],"rotation":0,"texture":"#0","tintindex":0},"west":{"uv":[0.0,6.75,1.0,7.75],"rotation":0,"texture":"#0","tintindex":0},"up":{"uv":[2.0,7.75,1.0,6.75],"rotation":0,"texture":"#0","tintindex":0},"down":{"uv":[7.25,7.0,6.25,8.0],"rotation":0,"texture":"#0","tintindex":0}}},{"from":[15.257143,9.257143,13.428572],"to":[16.400002,10.971429,13.428572],"rotation":{"angle":-22.5,"axis":"y","origin":[14.0,9.4,14.0]},"faces":{"east":{"uv":[0.0,0.0,0.0,0.75],"rotation":0,"texture":"#0","tintindex":0},"south":{"uv":[7.25,7.25,7.75,8.0],"rotation":0,"texture":"#0","tintindex":0},"north":{"uv":[6.5,5.25,7.0,6.0],"rotation":0,"texture":"#0","tintindex":0},"west":{"uv":[0.0,0.0,0.0,0.75],"rotation":0,"texture":"#0","tintindex":0},"up":{"uv":[0.5,0.0,0.0,0.0],"rotation":0,"texture":"#0","tintindex":0},"down":{"uv":[0.5,0.0,0.0,0.0],"rotation":0,"texture":"#0","tintindex":0}}},{"from":[10.285714,13.314286,10.857143],"to":[11.428572,13.885715,12.0],"rotation":{"angle":45.0,"axis":"y","origin":[10.571428,11.285714,11.428572]},"faces":{"east":{"uv":[2.0,7.0,2.5,7.25],"rotation":0,"texture":"#0","tintindex":0},"south":{"uv":[7.5,1.0,8.0,1.25],"rotation":0,"texture":"#0","tintindex":0},"north":{"uv":[2.0,6.75,2.5,7.0],"rotation":0,"texture":"#0","tintindex":0},"west":{"uv":[7.5,4.25,8.0,4.5],"rotation":0,"texture":"#0","tintindex":0},"up":{"uv":[3.0,6.0,2.5,5.5],"rotation":0,"texture":"#0","tintindex":0},"down":{"uv":[3.5,5.5,3.0,6.0],"rotation":0,"texture":"#0","tintindex":0}}},{"from":[9.428572,10.457143,10.0],"to":[12.285715,13.314286,12.857143],"rotation":{"angle":45.0,"axis":"y","origin":[10.571428,11.285714,11.428572]},"faces":{"east":{"uv":[1.25,5.5,2.5,6.75],"rotation":0,"texture":"#0","tintindex":0},"south":{"uv":[2.5,6.0,3.75,7.25],"rotation":0,"texture":"#0","tintindex":0},"north":{"uv":[0.0,5.5,1.25,6.75],"rotation":0,"texture":"#0","tintindex":0},"west":{"uv":[3.75,6.0,5.0,7.25],"rotation":0,"texture":"#0","tintindex":0},"up":{"uv":[6.25,7.25,5.0,6.0],"rotation":0,"texture":"#0","tintindex":0},"down":{"uv":[7.5,0.0,6.25,1.25],"rotation":0,"texture":"#0","tintindex":0}}},{"from":[7.142857,8.742857,11.428572],"to":[13.428572,13.885715,11.428572],"rotation":{"angle":45.0,"axis":"y","origin":[10.571428,11.285714,11.428572]},"faces":{"east":{"uv":[0.0,0.0,0.0,2.25],"rotation":0,"texture":"#0","tintindex":0},"south":{"uv":[3.5,2.25,6.25,4.5],"rotation":0,"texture":"#0","tintindex":0},"north":{"uv":[3.5,0.0,6.25,2.25],"rotation":0,"texture":"#0","tintindex":0},"west":{"uv":[0.0,0.0,0.0,2.25],"rotation":0,"texture":"#0","tintindex":0},"up":{"uv":[2.75,0.0,0.0,0.0],"rotation":0,"texture":"#0","tintindex":0},"down":{"uv":[2.75,0.0,0.0,0.0],"rotation":0,"texture":"#0","tintindex":0}}},{"from":[9.714286,8.171429,10.285714],"to":[12.0,10.457143,12.571428],"rotation":{"angle":45.0,"axis":"y","origin":[10.571428,11.285714,11.428572]},"faces":{"east":{"uv":[3.0,7.25,4.0,8.25],"rotation":0,"texture":"#0","tintindex":0},"south":{"uv":[7.25,3.25,8.25,4.25],"rotation":0,"texture":"#0","tintindex":0},"north":{"uv":[2.0,7.25,3.0,8.25],"rotation":0,"texture":"#0","tintindex":0},"west":{"uv":[4.0,7.25,5.0,8.25],"rotation":0,"texture":"#0","tintindex":0},"up":{"uv":[6.0,8.25,5.0,7.25],"rotation":0,"texture":"#0","tintindex":0},"down":{"uv":[8.25,5.25,7.25,6.25],"rotation":0,"texture":"#0","tintindex":0}}}],"display":{"head":{"translation":[0.0,-6.4,0.0],"scale":[4.0,4.0,4.0]}}}