{"textures":{"0":"modelengine:entity/toffy_crate_sweet_tooth"},"elements":[{"from":[6.285714,6.333333,7.428571],"to":[9.714286,8.047619,8.571428],"rotation":{"angle":0.0,"axis":"y","origin":[8.0,6.333333,10.571428]},"faces":{"east":{"uv":[11.0,1.0,11.25,1.375],"rotation":0,"texture":"#0","tintindex":0},"south":{"uv":[3.875,7.75,4.625,8.125],"rotation":0,"texture":"#0","tintindex":0},"north":{"uv":[7.625,4.625,8.375,5.0],"rotation":0,"texture":"#0","tintindex":0},"west":{"uv":[1.75,11.0,2.0,11.375],"rotation":0,"texture":"#0","tintindex":0},"up":{"uv":[9.375,1.75,8.625,1.5],"rotation":0,"texture":"#0","tintindex":0},"down":{"uv":[9.375,6.5,8.625,6.75],"rotation":0,"texture":"#0","tintindex":0}}}],"display":{"head":{"translation":[0.0,-6.4,0.0],"scale":[4.0,4.0,4.0]}}}