{"textures":{"0":"modelengine:entity/toffy_crate_sweet_tooth"},"elements":[{"from":[4.5714283,7.5714283,0.85714245],"to":[11.428572,9.285714,1.9999995],"rotation":{"angle":0.0,"axis":"y","origin":[8.0,4.714286,4.5714283]},"faces":{"east":{"uv":[3.0,7.875,3.25,8.25],"rotation":0,"texture":"#0","tintindex":0},"south":{"uv":[6.0,4.625,7.5,5.0],"rotation":0,"texture":"#0","tintindex":0},"north":{"uv":[3.625,2.0,5.125,2.375],"rotation":0,"texture":"#0","tintindex":0},"west":{"uv":[9.5,10.875,9.75,11.25],"rotation":0,"texture":"#0","tintindex":0},"up":{"uv":[8.25,3.375,6.75,3.125],"rotation":0,"texture":"#0","tintindex":0},"down":{"uv":[5.0,6.75,3.5,7.0],"rotation":0,"texture":"#0","tintindex":0}}},{"from":[10.285714,9.0235405,1.0323215],"to":[11.428572,11.880684,2.175179],"rotation":{"angle":22.5,"axis":"x","origin":[10.857143,9.594969,1.6037502]},"faces":{"east":{"uv":[9.625,1.5,9.875,2.125],"rotation":0,"texture":"#0","tintindex":0},"south":{"uv":[1.75,9.625,2.0,10.25],"rotation":0,"texture":"#0","tintindex":0},"north":{"uv":[1.375,9.625,1.625,10.25],"rotation":0,"texture":"#0","tintindex":0},"west":{"uv":[4.125,9.625,4.375,10.25],"rotation":0,"texture":"#0","tintindex":0},"up":{"uv":[2.75,11.875,2.5,11.625],"rotation":0,"texture":"#0","tintindex":0},"down":{"uv":[3.125,11.625,2.875,11.875],"rotation":0,"texture":"#0","tintindex":0}}},{"from":[10.3,11.283922,3.3284225],"to":[11.414286,12.42678,6.471279],"rotation":{"angle":-22.5,"axis":"x","origin":[10.8714285,8.712494,3.8998508]},"faces":{"east":{"uv":[5.75,8.5,6.5,8.75],"rotation":0,"texture":"#0","tintindex":0},"south":{"uv":[3.25,11.625,3.5,11.875],"rotation":0,"texture":"#0","tintindex":0},"north":{"uv":[11.625,2.875,11.875,3.125],"rotation":0,"texture":"#0","tintindex":0},"west":{"uv":[6.625,8.5,7.375,8.75],"rotation":0,"texture":"#0","tintindex":0},"up":{"uv":[2.625,9.25,2.375,8.5],"rotation":0,"texture":"#0","tintindex":0},"down":{"uv":[0.25,8.625,0.0,9.375],"rotation":0,"texture":"#0","tintindex":0}}},{"from":[4.5857143,11.283922,3.3284225],"to":[5.7,12.42678,6.471279],"rotation":{"angle":-22.5,"axis":"x","origin":[10.8714285,8.712494,3.8998508]},"faces":{"east":{"uv":[9.25,0.0,10.0,0.25],"rotation":0,"texture":"#0","tintindex":0},"south":{"uv":[12.0,8.125,12.25,8.375],"rotation":0,"texture":"#0","tintindex":0},"north":{"uv":[12.0,7.75,12.25,8.0],"rotation":0,"texture":"#0","tintindex":0},"west":{"uv":[9.25,0.75,10.0,1.0],"rotation":0,"texture":"#0","tintindex":0},"up":{"uv":[5.5,10.0,5.25,9.25],"rotation":0,"texture":"#0","tintindex":0},"down":{"uv":[9.5,7.625,9.25,8.375],"rotation":0,"texture":"#0","tintindex":0}}},{"from":[4.5857143,11.283922,3.2430058],"to":[5.7,12.42678,6.3858633],"rotation":{"angle":22.5,"axis":"x","origin":[10.8714285,8.712494,5.814435]},"faces":{"east":{"uv":[9.25,1.125,10.0,1.375],"rotation":0,"texture":"#0","tintindex":0},"south":{"uv":[12.0,8.875,12.25,9.125],"rotation":0,"texture":"#0","tintindex":0},"north":{"uv":[12.0,8.5,12.25,8.75],"rotation":0,"texture":"#0","tintindex":0},"west":{"uv":[9.25,8.5,10.0,8.75],"rotation":0,"texture":"#0","tintindex":0},"up":{"uv":[9.5,9.625,9.25,8.875],"rotation":0,"texture":"#0","tintindex":0},"down":{"uv":[2.5,9.375,2.25,10.125],"rotation":0,"texture":"#0","tintindex":0}}},{"from":[10.3,11.283922,3.2430058],"to":[11.414286,12.42678,6.3858633],"rotation":{"angle":22.5,"axis":"x","origin":[10.8714285,8.712494,5.814435]},"faces":{"east":{"uv":[8.75,3.75,9.5,4.0],"rotation":0,"texture":"#0","tintindex":0},"south":{"uv":[12.0,6.75,12.25,7.0],"rotation":0,"texture":"#0","tintindex":0},"north":{"uv":[6.625,12.0,6.875,12.25],"rotation":0,"texture":"#0","tintindex":0},"west":{"uv":[8.75,6.125,9.5,6.375],"rotation":0,"texture":"#0","tintindex":0},"up":{"uv":[9.5,2.625,9.25,1.875],"rotation":0,"texture":"#0","tintindex":0},"down":{"uv":[5.125,9.25,4.875,10.0],"rotation":0,"texture":"#0","tintindex":0}}},{"from":[4.5714283,9.0235405,1.0323215],"to":[5.714286,11.880684,2.175179],"rotation":{"angle":22.5,"axis":"x","origin":[5.142857,9.594969,1.6037502]},"faces":{"east":{"uv":[9.625,6.125,9.875,6.75],"rotation":0,"texture":"#0","tintindex":0},"south":{"uv":[9.625,7.125,9.875,7.75],"rotation":0,"texture":"#0","tintindex":0},"north":{"uv":[4.5,9.625,4.75,10.25],"rotation":0,"texture":"#0","tintindex":0},"west":{"uv":[9.625,8.875,9.875,9.5],"rotation":0,"texture":"#0","tintindex":0},"up":{"uv":[3.875,11.875,3.625,11.625],"rotation":0,"texture":"#0","tintindex":0},"down":{"uv":[11.875,6.0,11.625,6.25],"rotation":0,"texture":"#0","tintindex":0}}},{"from":[10.285714,9.0235405,7.539107],"to":[11.428572,11.880684,8.681964],"rotation":{"angle":-22.5,"axis":"x","origin":[10.857143,9.594969,8.110536]},"faces":{"east":{"uv":[6.375,10.125,6.625,10.75],"rotation":0,"texture":"#0","tintindex":0},"south":{"uv":[6.75,10.125,7.0,10.75],"rotation":0,"texture":"#0","tintindex":0},"north":{"uv":[6.0,10.125,6.25,10.75],"rotation":0,"texture":"#0","tintindex":0},"west":{"uv":[7.125,10.125,7.375,10.75],"rotation":0,"texture":"#0","tintindex":0},"up":{"uv":[0.625,12.25,0.375,12.0],"rotation":0,"texture":"#0","tintindex":0},"down":{"uv":[2.375,12.0,2.125,12.25],"rotation":0,"texture":"#0","tintindex":0}}},{"from":[4.5714283,7.5714283,7.714286],"to":[11.428572,9.285714,8.857143],"rotation":{"angle":0.0,"axis":"y","origin":[8.0,4.714286,5.142857]},"faces":{"east":{"uv":[9.5,11.375,9.75,11.75],"rotation":0,"texture":"#0","tintindex":0},"south":{"uv":[2.75,6.125,4.25,6.5],"rotation":0,"texture":"#0","tintindex":0},"north":{"uv":[1.125,6.125,2.625,6.5],"rotation":0,"texture":"#0","tintindex":0},"west":{"uv":[9.875,11.375,10.125,11.75],"rotation":0,"texture":"#0","tintindex":0},"up":{"uv":[8.375,0.25,6.875,0.0],"rotation":0,"texture":"#0","tintindex":0},"down":{"uv":[8.375,0.375,6.875,0.625],"rotation":0,"texture":"#0","tintindex":0}}},{"from":[4.5714283,9.0235405,7.539107],"to":[5.714286,11.880684,8.681964],"rotation":{"angle":-22.5,"axis":"x","origin":[5.142857,9.594969,8.110536]},"faces":{"east":{"uv":[10.125,0.75,10.375,1.375],"rotation":0,"texture":"#0","tintindex":0},"south":{"uv":[4.875,10.125,5.125,10.75],"rotation":0,"texture":"#0","tintindex":0},"north":{"uv":[10.0,9.625,10.25,10.25],"rotation":0,"texture":"#0","tintindex":0},"west":{"uv":[5.25,10.125,5.5,10.75],"rotation":0,"texture":"#0","tintindex":0},"up":{"uv":[12.125,12.0,11.875,11.75],"rotation":0,"texture":"#0","tintindex":0},"down":{"uv":[0.25,12.0,0.0,12.25],"rotation":0,"texture":"#0","tintindex":0}}},{"from":[5.142857,8.391181,2.2210708],"to":[10.857143,11.248324,3.3639278],"rotation":{"angle":22.5,"axis":"x","origin":[8.0,10.105467,3.3639278]},"faces":{"east":{"uv":[9.625,9.625,9.875,10.25],"rotation":0,"texture":"#0","tintindex":0},"south":{"uv":[4.625,4.625,5.875,5.25],"rotation":0,"texture":"#0","tintindex":0},"north":{"uv":[3.25,4.625,4.5,5.25],"rotation":0,"texture":"#0","tintindex":0},"west":{"uv":[9.125,9.75,9.375,10.375],"rotation":0,"texture":"#0","tintindex":0},"up":{"uv":[1.25,7.25,0.0,7.0],"rotation":0,"texture":"#0","tintindex":0},"down":{"uv":[2.625,7.0,1.375,7.25],"rotation":0,"texture":"#0","tintindex":0}}},{"from":[5.142857,10.980172,3.095776],"to":[10.857143,12.12303,5.3814898],"rotation":{"angle":-22.5,"axis":"x","origin":[8.0,10.980172,4.238633]},"faces":{"east":{"uv":[10.375,4.25,10.875,4.5],"rotation":0,"texture":"#0","tintindex":0},"south":{"uv":[2.75,7.125,4.0,7.375],"rotation":0,"texture":"#0","tintindex":0},"north":{"uv":[7.0,6.875,8.25,7.125],"rotation":0,"texture":"#0","tintindex":0},"west":{"uv":[10.625,3.125,11.125,3.375],"rotation":0,"texture":"#0","tintindex":0},"up":{"uv":[6.625,3.25,5.375,2.75],"rotation":0,"texture":"#0","tintindex":0},"down":{"uv":[6.625,3.375,5.375,3.875],"rotation":0,"texture":"#0","tintindex":0}}},{"from":[5.142857,10.980172,4.332795],"to":[10.857143,12.12303,6.61851],"rotation":{"angle":22.5,"axis":"x","origin":[8.0,10.980172,5.4756527]},"faces":{"east":{"uv":[10.875,3.875,11.375,4.125],"rotation":0,"texture":"#0","tintindex":0},"south":{"uv":[7.375,1.125,8.625,1.375],"rotation":0,"texture":"#0","tintindex":0},"north":{"uv":[7.375,0.75,8.625,1.0],"rotation":0,"texture":"#0","tintindex":0},"west":{"uv":[4.0,10.875,4.5,11.125],"rotation":0,"texture":"#0","tintindex":0},"up":{"uv":[7.25,1.25,6.0,0.75],"rotation":0,"texture":"#0","tintindex":0},"down":{"uv":[7.25,1.375,6.0,1.875],"rotation":0,"texture":"#0","tintindex":0}}},{"from":[5.142857,8.391181,6.3503575],"to":[10.857143,11.248324,7.4932146],"rotation":{"angle":-22.5,"axis":"x","origin":[8.0,10.105467,6.3503575]},"faces":{"east":{"uv":[7.5,10.125,7.75,10.75],"rotation":0,"texture":"#0","tintindex":0},"south":{"uv":[1.375,5.375,2.625,6.0],"rotation":0,"texture":"#0","tintindex":0},"north":{"uv":[0.0,5.125,1.25,5.75],"rotation":0,"texture":"#0","tintindex":0},"west":{"uv":[7.875,10.125,8.125,10.75],"rotation":0,"texture":"#0","tintindex":0},"up":{"uv":[8.5,6.75,7.25,6.5],"rotation":0,"texture":"#0","tintindex":0},"down":{"uv":[2.0,7.375,0.75,7.625],"rotation":0,"texture":"#0","tintindex":0}}},{"from":[6.857143,11.508103,2.8770995],"to":[9.142858,13.222389,5.162814],"rotation":{"angle":-45.0,"axis":"y","origin":[8.0,12.650961,4.0199566]},"faces":{"east":{"uv":[8.0,8.875,8.5,9.25],"rotation":0,"texture":"#0","tintindex":0},"south":{"uv":[8.625,8.875,9.125,9.25],"rotation":0,"texture":"#0","tintindex":0},"north":{"uv":[7.375,8.875,7.875,9.25],"rotation":0,"texture":"#0","tintindex":0},"west":{"uv":[1.0,9.0,1.5,9.375],"rotation":0,"texture":"#0","tintindex":0},"up":{"uv":[4.375,8.75,3.875,8.25],"rotation":0,"texture":"#0","tintindex":0},"down":{"uv":[8.625,8.25,8.125,8.75],"rotation":0,"texture":"#0","tintindex":0}}},{"from":[7.428571,13.222389,3.4485283],"to":[8.571428,13.7938175,4.5913854],"rotation":{"angle":-22.5,"axis":"y","origin":[8.0,13.508104,4.0199566]},"faces":{"east":{"uv":[5.25,12.125,5.5,12.25],"rotation":0,"texture":"#0","tintindex":0},"south":{"uv":[5.625,12.125,5.875,12.25],"rotation":0,"texture":"#0","tintindex":0},"north":{"uv":[4.875,12.125,5.125,12.25],"rotation":0,"texture":"#0","tintindex":0},"west":{"uv":[6.25,12.125,6.5,12.25],"rotation":0,"texture":"#0","tintindex":0},"up":{"uv":[7.375,12.125,7.125,11.875],"rotation":0,"texture":"#0","tintindex":0},"down":{"uv":[12.125,7.375,11.875,7.625],"rotation":0,"texture":"#0","tintindex":0}}},{"from":[5.4503202,11.331727,3.4485283],"to":[7.1646056,13.046013,5.162814],"rotation":{"angle":-22.5,"axis":"z","origin":[6.0217485,12.474585,4.3056707]},"faces":{"east":{"uv":[10.375,7.625,10.75,8.0],"rotation":0,"texture":"#0","tintindex":0},"south":{"uv":[10.375,8.75,10.75,9.125],"rotation":0,"texture":"#0","tintindex":0},"north":{"uv":[10.375,7.125,10.75,7.5],"rotation":0,"texture":"#0","tintindex":0},"west":{"uv":[10.375,9.25,10.75,9.625],"rotation":0,"texture":"#0","tintindex":0},"up":{"uv":[9.875,10.75,9.5,10.375],"rotation":0,"texture":"#0","tintindex":0},"down":{"uv":[10.75,9.75,10.375,10.125],"rotation":0,"texture":"#0","tintindex":0}}},{"from":[8.571428,11.222389,3.4485283],"to":[10.857143,12.936675,5.162814],"rotation":{"angle":-22.5,"axis":"y","origin":[8.0,12.650961,4.0199566]},"faces":{"east":{"uv":[10.375,6.125,10.75,6.5],"rotation":0,"texture":"#0","tintindex":0},"south":{"uv":[0.375,9.125,0.875,9.5],"rotation":0,"texture":"#0","tintindex":0},"north":{"uv":[9.0,7.125,9.5,7.5],"rotation":0,"texture":"#0","tintindex":0},"west":{"uv":[10.375,6.625,10.75,7.0],"rotation":0,"texture":"#0","tintindex":0},"up":{"uv":[2.125,9.5,1.625,9.125],"rotation":0,"texture":"#0","tintindex":0},"down":{"uv":[4.75,9.125,4.25,9.5],"rotation":0,"texture":"#0","tintindex":0}}},{"from":[6.857143,11.508103,1.7342424],"to":[8.571428,13.222389,3.4485283],"rotation":{"angle":-45.0,"axis":"x","origin":[8.0,12.650961,4.0199566]},"faces":{"east":{"uv":[1.25,10.375,1.625,10.75],"rotation":0,"texture":"#0","tintindex":0},"south":{"uv":[10.375,1.5,10.75,1.875],"rotation":0,"texture":"#0","tintindex":0},"north":{"uv":[0.0,10.375,0.375,10.75],"rotation":0,"texture":"#0","tintindex":0},"west":{"uv":[10.375,2.0,10.75,2.375],"rotation":0,"texture":"#0","tintindex":0},"up":{"uv":[10.75,4.125,10.375,3.75],"rotation":0,"texture":"#0","tintindex":0},"down":{"uv":[4.5,10.375,4.125,10.75],"rotation":0,"texture":"#0","tintindex":0}}},{"from":[3.4285712,7.2483244,2.2210708],"to":[12.571428,10.105467,2.7924995],"rotation":{"angle":22.5,"axis":"x","origin":[8.0,8.96261,3.3639278]},"faces":{"east":{"uv":[10.25,10.875,10.375,11.5],"rotation":0,"texture":"#0","tintindex":0},"south":{"uv":[3.25,3.25,5.25,3.875],"rotation":0,"texture":"#0","tintindex":0},"north":{"uv":[3.25,2.5,5.25,3.125],"rotation":0,"texture":"#0","tintindex":0},"west":{"uv":[9.0,11.0,9.125,11.625],"rotation":0,"texture":"#0","tintindex":0},"up":{"uv":[10.0,5.5,8.0,5.375],"rotation":0,"texture":"#0","tintindex":0},"down":{"uv":[10.125,5.625,8.125,5.75],"rotation":0,"texture":"#0","tintindex":0}}},{"from":[2.8571424,10.408744,3.095776],"to":[13.142858,10.980172,5.3814898],"rotation":{"angle":-22.5,"axis":"x","origin":[8.0,9.837315,4.238633]},"faces":{"east":{"uv":[9.25,4.375,9.75,4.5],"rotation":0,"texture":"#0","tintindex":0},"south":{"uv":[7.5,3.5,9.75,3.625],"rotation":0,"texture":"#0","tintindex":0},"north":{"uv":[6.875,4.375,9.125,4.5],"rotation":0,"texture":"#0","tintindex":0},"west":{"uv":[9.625,2.625,10.125,2.75],"rotation":0,"texture":"#0","tintindex":0},"up":{"uv":[5.875,1.25,3.625,0.75],"rotation":0,"texture":"#0","tintindex":0},"down":{"uv":[5.875,1.375,3.625,1.875],"rotation":0,"texture":"#0","tintindex":0}}},{"from":[2.8571424,10.408744,4.332795],"to":[13.142858,10.980172,6.61851],"rotation":{"angle":22.5,"axis":"x","origin":[8.0,9.837315,5.4756527]},"faces":{"east":{"uv":[11.625,9.875,12.125,10.0],"rotation":0,"texture":"#0","tintindex":0},"south":{"uv":[8.0,5.125,10.25,5.25],"rotation":0,"texture":"#0","tintindex":0},"north":{"uv":[7.5,4.125,9.75,4.25],"rotation":0,"texture":"#0","tintindex":0},"west":{"uv":[11.875,2.375,12.375,2.5],"rotation":0,"texture":"#0","tintindex":0},"up":{"uv":[4.375,4.5,2.125,4.0],"rotation":0,"texture":"#0","tintindex":0},"down":{"uv":[6.75,4.0,4.5,4.5],"rotation":0,"texture":"#0","tintindex":0}}},{"from":[3.4285712,7.2483244,6.9217863],"to":[12.571428,10.105467,7.4932146],"rotation":{"angle":-22.5,"axis":"x","origin":[8.0,8.96261,6.3503575]},"faces":{"east":{"uv":[1.625,11.5,1.75,12.125],"rotation":0,"texture":"#0","tintindex":0},"south":{"uv":[3.625,0.0,5.625,0.625],"rotation":0,"texture":"#0","tintindex":0},"north":{"uv":[0.0,3.625,2.0,4.25],"rotation":0,"texture":"#0","tintindex":0},"west":{"uv":[1.875,11.5,2.0,12.125],"rotation":0,"texture":"#0","tintindex":0},"up":{"uv":[10.125,6.0,8.125,5.875],"rotation":0,"texture":"#0","tintindex":0},"down":{"uv":[10.375,3.125,8.375,3.25],"rotation":0,"texture":"#0","tintindex":0}}},{"from":[12.0,9.0235405,1.8894644],"to":[13.142858,10.737826,3.032322],"rotation":{"angle":22.5,"axis":"x","origin":[12.571428,9.0235405,1.8894644]},"faces":{"east":{"uv":[9.875,10.875,10.125,11.25],"rotation":0,"texture":"#0","tintindex":0},"south":{"uv":[10.875,10.75,11.125,11.125],"rotation":0,"texture":"#0","tintindex":0},"north":{"uv":[10.875,9.75,11.125,10.125],"rotation":0,"texture":"#0","tintindex":0},"west":{"uv":[11.0,0.5,11.25,0.875],"rotation":0,"texture":"#0","tintindex":0},"up":{"uv":[11.875,7.25,11.625,7.0],"rotation":0,"texture":"#0","tintindex":0},"down":{"uv":[11.875,8.0,11.625,8.25],"rotation":0,"texture":"#0","tintindex":0}}},{"from":[12.571428,9.759274,2.8846793],"to":[13.714286,10.902131,4.884679],"rotation":{"angle":-22.5,"axis":"x","origin":[12.571428,9.902131,3.4561076]},"faces":{"east":{"uv":[10.625,8.125,11.125,8.375],"rotation":0,"texture":"#0","tintindex":0},"south":{"uv":[11.625,8.75,11.875,9.0],"rotation":0,"texture":"#0","tintindex":0},"north":{"uv":[11.625,8.375,11.875,8.625],"rotation":0,"texture":"#0","tintindex":0},"west":{"uv":[0.5,10.75,1.0,11.0],"rotation":0,"texture":"#0","tintindex":0},"up":{"uv":[5.875,10.75,5.625,10.25],"rotation":0,"texture":"#0","tintindex":0},"down":{"uv":[2.0,10.375,1.75,10.875],"rotation":0,"texture":"#0","tintindex":0}}},{"from":[2.2857141,9.759274,2.8846793],"to":[3.4285712,10.902131,4.884679],"rotation":{"angle":-22.5,"axis":"x","origin":[3.4285712,9.902131,3.4561076]},"faces":{"east":{"uv":[4.875,10.875,5.375,11.125],"rotation":0,"texture":"#0","tintindex":0},"south":{"uv":[12.0,10.625,12.25,10.875],"rotation":0,"texture":"#0","tintindex":0},"north":{"uv":[12.0,9.25,12.25,9.5],"rotation":0,"texture":"#0","tintindex":0},"west":{"uv":[5.5,10.875,6.0,11.125],"rotation":0,"texture":"#0","tintindex":0},"up":{"uv":[6.375,11.375,6.125,10.875],"rotation":0,"texture":"#0","tintindex":0},"down":{"uv":[11.125,6.125,10.875,6.625],"rotation":0,"texture":"#0","tintindex":0}}},{"from":[2.2857141,9.759274,4.829606],"to":[3.4285712,10.902131,6.8296065],"rotation":{"angle":22.5,"axis":"x","origin":[3.4285712,9.902131,6.2581778]},"faces":{"east":{"uv":[6.5,10.875,7.0,11.125],"rotation":0,"texture":"#0","tintindex":0},"south":{"uv":[12.0,11.375,12.25,11.625],"rotation":0,"texture":"#0","tintindex":0},"north":{"uv":[12.0,11.0,12.25,11.25],"rotation":0,"texture":"#0","tintindex":0},"west":{"uv":[10.875,6.75,11.375,7.0],"rotation":0,"texture":"#0","tintindex":0},"up":{"uv":[7.375,11.375,7.125,10.875],"rotation":0,"texture":"#0","tintindex":0},"down":{"uv":[11.125,7.125,10.875,7.625],"rotation":0,"texture":"#0","tintindex":0}}},{"from":[12.571428,9.759274,4.829606],"to":[13.714286,10.902131,6.8296065],"rotation":{"angle":22.5,"axis":"x","origin":[12.571428,9.902131,6.2581778]},"faces":{"east":{"uv":[7.5,10.875,8.0,11.125],"rotation":0,"texture":"#0","tintindex":0},"south":{"uv":[12.125,0.625,12.375,0.875],"rotation":0,"texture":"#0","tintindex":0},"north":{"uv":[12.125,0.25,12.375,0.5],"rotation":0,"texture":"#0","tintindex":0},"west":{"uv":[10.875,7.75,11.375,8.0],"rotation":0,"texture":"#0","tintindex":0},"up":{"uv":[11.125,9.0,10.875,8.5],"rotation":0,"texture":"#0","tintindex":0},"down":{"uv":[11.125,9.125,10.875,9.625],"rotation":0,"texture":"#0","tintindex":0}}},{"from":[10.285714,10.428572,5.285714],"to":[12.571428,13.857143,7.0],"rotation":{"angle":-45.0,"axis":"z","origin":[10.857143,12.428572,6.857143]},"faces":{"east":{"uv":[3.375,7.5,3.75,8.25],"rotation":0,"texture":"#0","tintindex":0},"south":{"uv":[5.125,6.875,5.625,7.625],"rotation":0,"texture":"#0","tintindex":0},"north":{"uv":[6.875,3.5,7.375,4.25],"rotation":0,"texture":"#0","tintindex":0},"west":{"uv":[0.75,7.75,1.125,8.5],"rotation":0,"texture":"#0","tintindex":0},"up":{"uv":[0.875,9.0,0.375,8.625],"rotation":0,"texture":"#0","tintindex":0},"down":{"uv":[5.0,8.625,4.5,9.0],"rotation":0,"texture":"#0","tintindex":0}}},{"from":[12.571428,10.571428,4.285714],"to":[14.857143,11.714286,5.428571],"rotation":{"angle":22.5,"axis":"z","origin":[13.714286,11.285714,4.8571424]},"faces":{"east":{"uv":[11.625,9.125,11.875,9.375],"rotation":0,"texture":"#0","tintindex":0},"south":{"uv":[10.75,2.5,11.25,2.75],"rotation":0,"texture":"#0","tintindex":0},"north":{"uv":[2.125,10.75,2.625,11.0],"rotation":0,"texture":"#0","tintindex":0},"west":{"uv":[11.625,9.5,11.875,9.75],"rotation":0,"texture":"#0","tintindex":0},"up":{"uv":[3.25,11.0,2.75,10.75],"rotation":0,"texture":"#0","tintindex":0},"down":{"uv":[3.875,10.75,3.375,11.0],"rotation":0,"texture":"#0","tintindex":0}}},{"from":[11.728572,7.0023947,2.2892976],"to":[12.842857,8.145252,7.432155],"rotation":{"angle":0.0,"axis":"y","origin":[8.285714,4.1452513,4.8607264]},"faces":{"east":{"uv":[7.5,3.75,8.625,4.0],"rotation":0,"texture":"#0","tintindex":0},"south":{"uv":[11.625,11.0,11.875,11.25],"rotation":0,"texture":"#0","tintindex":0},"north":{"uv":[11.625,10.625,11.875,10.875],"rotation":0,"texture":"#0","tintindex":0},"west":{"uv":[7.5,6.125,8.625,6.375],"rotation":0,"texture":"#0","tintindex":0},"up":{"uv":[1.5,8.875,1.25,7.75],"rotation":0,"texture":"#0","tintindex":0},"down":{"uv":[1.875,7.75,1.625,8.875],"rotation":0,"texture":"#0","tintindex":0}}},{"from":[3.1571426,7.0023947,2.2892976],"to":[4.271428,8.145252,7.432155],"rotation":{"angle":0.0,"axis":"y","origin":[7.714286,4.1452513,4.8607264]},"faces":{"east":{"uv":[5.75,7.75,6.875,8.0],"rotation":0,"texture":"#0","tintindex":0},"south":{"uv":[10.125,11.875,10.375,12.125],"rotation":0,"texture":"#0","tintindex":0},"north":{"uv":[9.75,11.875,10.0,12.125],"rotation":0,"texture":"#0","tintindex":0},"west":{"uv":[7.75,7.25,8.875,7.5],"rotation":0,"texture":"#0","tintindex":0},"up":{"uv":[8.0,8.75,7.75,7.625],"rotation":0,"texture":"#0","tintindex":0},"down":{"uv":[2.25,7.875,2.0,9.0],"rotation":0,"texture":"#0","tintindex":0}}},{"from":[12.0,7.5714283,2.5714283],"to":[12.571428,10.428572,7.142857],"rotation":{"angle":0.0,"axis":"y","origin":[8.0,4.142857,4.8571424]},"faces":{"east":{"uv":[5.75,0.0,6.75,0.625],"rotation":0,"texture":"#0","tintindex":0},"south":{"uv":[11.5,1.5,11.625,2.125],"rotation":0,"texture":"#0","tintindex":0},"north":{"uv":[10.5,11.375,10.625,12.0],"rotation":0,"texture":"#0","tintindex":0},"west":{"uv":[0.0,5.875,1.0,6.5],"rotation":0,"texture":"#0","tintindex":0},"up":{"uv":[0.125,11.875,0.0,10.875],"rotation":0,"texture":"#0","tintindex":0},"down":{"uv":[0.375,10.875,0.25,11.875],"rotation":0,"texture":"#0","tintindex":0}}},{"from":[3.4285712,7.5714283,2.5714283],"to":[4.0,10.428572,7.142857],"rotation":{"angle":0.0,"axis":"y","origin":[8.0,4.142857,4.8571424]},"faces":{"east":{"uv":[3.875,5.375,4.875,6.0],"rotation":0,"texture":"#0","tintindex":0},"south":{"uv":[6.875,11.25,7.0,11.875],"rotation":0,"texture":"#0","tintindex":0},"north":{"uv":[4.375,11.25,4.5,11.875],"rotation":0,"texture":"#0","tintindex":0},"west":{"uv":[5.0,5.375,6.0,6.0],"rotation":0,"texture":"#0","tintindex":0},"up":{"uv":[4.75,11.375,4.625,10.375],"rotation":0,"texture":"#0","tintindex":0},"down":{"uv":[9.375,10.5,9.25,11.5],"rotation":0,"texture":"#0","tintindex":0}}},{"from":[4.0,7.5974927,2.1799679],"to":[12.0,8.168921,7.3228254],"rotation":{"angle":0.0,"axis":"y","origin":[9.714286,4.156459,4.7511244]},"faces":{"east":{"uv":[8.5,4.875,9.625,5.0],"rotation":0,"texture":"#0","tintindex":0},"south":{"uv":[8.5,0.5,10.25,0.625],"rotation":0,"texture":"#0","tintindex":0},"north":{"uv":[8.375,6.875,10.125,7.0],"rotation":0,"texture":"#0","tintindex":0},"west":{"uv":[9.75,4.875,10.875,5.0],"rotation":0,"texture":"#0","tintindex":0},"up":{"uv":[1.75,1.125,0.0,0.0],"rotation":0,"texture":"#0","tintindex":0},"down":{"uv":[1.75,1.25,0.0,2.375],"rotation":0,"texture":"#0","tintindex":0}}},{"from":[9.930675,7.285714,0.9999995],"to":[11.073531,8.428572,0.9999995],"rotation":{"angle":-45.0,"axis":"z","origin":[10.216389,7.5714283,0.85714245]},"faces":{"east":{"uv":[5.25,2.0,5.25,2.25],"rotation":0,"texture":"#0","tintindex":0},"south":{"uv":[11.75,0.5,12.0,0.75],"rotation":0,"texture":"#0","tintindex":0},"north":{"uv":[11.625,11.375,11.875,11.625],"rotation":0,"texture":"#0","tintindex":0},"west":{"uv":[6.75,3.5,6.75,3.75],"rotation":0,"texture":"#0","tintindex":0},"up":{"uv":[3.75,6.625,3.5,6.625],"rotation":0,"texture":"#0","tintindex":0},"down":{"uv":[4.125,6.625,3.875,6.625],"rotation":0,"texture":"#0","tintindex":0}}},{"from":[5.0693254,6.285714,0.9999995],"to":[7.35504,8.571428,0.9999995],"rotation":{"angle":45.0,"axis":"z","origin":[5.7836113,7.5714283,0.85714245]},"faces":{"east":{"uv":[7.625,7.875,7.625,8.375],"rotation":0,"texture":"#0","tintindex":0},"south":{"uv":[8.125,7.625,8.625,8.125],"rotation":0,"texture":"#0","tintindex":0},"north":{"uv":[0.0,8.0,0.5,8.5],"rotation":0,"texture":"#0","tintindex":0},"west":{"uv":[0.625,8.0,0.625,8.5],"rotation":0,"texture":"#0","tintindex":0},"up":{"uv":[3.25,7.0,2.75,7.0],"rotation":0,"texture":"#0","tintindex":0},"down":{"uv":[7.875,1.875,7.375,1.875],"rotation":0,"texture":"#0","tintindex":0}}},{"from":[10.073531,7.857143,0.5714283],"to":[11.216389,8.857143,1.1428566],"rotation":{"angle":22.5,"axis":"z","origin":[10.216389,7.5714283,0.85714245]},"faces":{"east":{"uv":[4.5,8.25,4.625,8.5],"rotation":0,"texture":"#0","tintindex":0},"south":{"uv":[11.75,0.875,12.0,1.125],"rotation":0,"texture":"#0","tintindex":0},"north":{"uv":[0.875,11.75,1.125,12.0],"rotation":0,"texture":"#0","tintindex":0},"west":{"uv":[2.75,8.5,2.875,8.75],"rotation":0,"texture":"#0","tintindex":0},"up":{"uv":[12.375,2.75,12.125,2.625],"rotation":0,"texture":"#0","tintindex":0},"down":{"uv":[12.375,3.25,12.125,3.375],"rotation":0,"texture":"#0","tintindex":0}}},{"from":[11.216389,8.428572,0.5714283],"to":[11.64496,8.857143,1.1428566],"rotation":{"angle":22.5,"axis":"z","origin":[10.216389,7.5714283,0.85714245]},"faces":{"east":{"uv":[12.25,5.5,12.375,5.625],"rotation":0,"texture":"#0","tintindex":0},"south":{"uv":[6.0,12.25,6.125,12.375],"rotation":0,"texture":"#0","tintindex":0},"north":{"uv":[12.25,5.25,12.375,5.375],"rotation":0,"texture":"#0","tintindex":0},"west":{"uv":[12.25,6.25,12.375,6.375],"rotation":0,"texture":"#0","tintindex":0},"up":{"uv":[12.375,6.625,12.25,6.5],"rotation":0,"texture":"#0","tintindex":0},"down":{"uv":[7.125,12.25,7.0,12.375],"rotation":0,"texture":"#0","tintindex":0}}},{"from":[4.7836113,7.857143,0.5714283],"to":[5.926469,8.857143,1.1428566],"rotation":{"angle":-22.5,"axis":"z","origin":[5.7836113,7.5714283,0.85714245]},"faces":{"east":{"uv":[7.5,8.5,7.625,8.75],"rotation":0,"texture":"#0","tintindex":0},"south":{"uv":[9.375,11.875,9.625,12.125],"rotation":0,"texture":"#0","tintindex":0},"north":{"uv":[8.625,11.875,8.875,12.125],"rotation":0,"texture":"#0","tintindex":0},"west":{"uv":[1.0,8.625,1.125,8.875],"rotation":0,"texture":"#0","tintindex":0},"up":{"uv":[7.75,12.25,7.5,12.125],"rotation":0,"texture":"#0","tintindex":0},"down":{"uv":[8.125,12.125,7.875,12.25],"rotation":0,"texture":"#0","tintindex":0}}},{"from":[4.35504,8.428572,0.5714283],"to":[4.7836113,8.857143,1.1428566],"rotation":{"angle":-22.5,"axis":"z","origin":[5.7836113,7.5714283,0.85714245]},"faces":{"east":{"uv":[12.25,7.375,12.375,7.5],"rotation":0,"texture":"#0","tintindex":0},"south":{"uv":[8.5,12.25,8.625,12.375],"rotation":0,"texture":"#0","tintindex":0},"north":{"uv":[7.25,12.25,7.375,12.375],"rotation":0,"texture":"#0","tintindex":0},"west":{"uv":[8.75,12.25,8.875,12.375],"rotation":0,"texture":"#0","tintindex":0},"up":{"uv":[9.375,12.375,9.25,12.25],"rotation":0,"texture":"#0","tintindex":0},"down":{"uv":[9.625,12.25,9.5,12.375],"rotation":0,"texture":"#0","tintindex":0}}},{"from":[7.069326,5.142857,0.9999995],"to":[8.212183,6.857143,0.9999995],"rotation":{"angle":45.0,"axis":"z","origin":[5.7836113,7.5714283,0.85714245]},"faces":{"east":{"uv":[3.75,8.375,3.75,8.75],"rotation":0,"texture":"#0","tintindex":0},"south":{"uv":[11.125,0.0,11.375,0.375],"rotation":0,"texture":"#0","tintindex":0},"north":{"uv":[11.0,10.25,11.25,10.625],"rotation":0,"texture":"#0","tintindex":0},"west":{"uv":[6.0,9.5,6.0,9.875],"rotation":0,"texture":"#0","tintindex":0},"up":{"uv":[5.375,6.75,5.125,6.75],"rotation":0,"texture":"#0","tintindex":0},"down":{"uv":[2.375,7.375,2.125,7.375],"rotation":0,"texture":"#0","tintindex":0}}},{"from":[11.714286,7.3092546,1.8894644],"to":[12.857143,9.0235405,3.032322],"rotation":{"angle":22.5,"axis":"x","origin":[12.571428,9.0235405,1.8894644]},"faces":{"east":{"uv":[2.125,11.125,2.375,11.5],"rotation":0,"texture":"#0","tintindex":0},"south":{"uv":[2.5,11.125,2.75,11.5],"rotation":0,"texture":"#0","tintindex":0},"north":{"uv":[0.5,11.125,0.75,11.5],"rotation":0,"texture":"#0","tintindex":0},"west":{"uv":[2.875,11.125,3.125,11.5],"rotation":0,"texture":"#0","tintindex":0},"up":{"uv":[12.0,4.25,11.75,4.0],"rotation":0,"texture":"#0","tintindex":0},"down":{"uv":[12.0,4.375,11.75,4.625],"rotation":0,"texture":"#0","tintindex":0}}},{"from":[11.714286,7.3092546,6.681964],"to":[12.857143,9.0235405,7.824821],"rotation":{"angle":-22.5,"axis":"x","origin":[12.571428,9.0235405,7.824821]},"faces":{"east":{"uv":[3.625,11.125,3.875,11.5],"rotation":0,"texture":"#0","tintindex":0},"south":{"uv":[0.875,11.25,1.125,11.625],"rotation":0,"texture":"#0","tintindex":0},"north":{"uv":[3.25,11.125,3.5,11.5],"rotation":0,"texture":"#0","tintindex":0},"west":{"uv":[1.25,11.25,1.5,11.625],"rotation":0,"texture":"#0","tintindex":0},"up":{"uv":[5.125,12.0,4.875,11.75],"rotation":0,"texture":"#0","tintindex":0},"down":{"uv":[5.5,11.75,5.25,12.0],"rotation":0,"texture":"#0","tintindex":0}}},{"from":[12.0,9.0235405,6.681964],"to":[13.142858,10.737826,7.824821],"rotation":{"angle":-22.5,"axis":"x","origin":[12.571428,9.0235405,7.824821]},"faces":{"east":{"uv":[4.0,11.25,4.25,11.625],"rotation":0,"texture":"#0","tintindex":0},"south":{"uv":[4.875,11.25,5.125,11.625],"rotation":0,"texture":"#0","tintindex":0},"north":{"uv":[11.25,2.875,11.5,3.25],"rotation":0,"texture":"#0","tintindex":0},"west":{"uv":[5.25,11.25,5.5,11.625],"rotation":0,"texture":"#0","tintindex":0},"up":{"uv":[5.875,12.0,5.625,11.75],"rotation":0,"texture":"#0","tintindex":0},"down":{"uv":[6.5,11.75,6.25,12.0],"rotation":0,"texture":"#0","tintindex":0}}},{"from":[2.8571424,9.0235405,6.681964],"to":[4.0,10.737826,7.824821],"rotation":{"angle":-22.5,"axis":"x","origin":[3.4285712,9.0235405,7.824821]},"faces":{"east":{"uv":[11.25,6.125,11.5,6.5],"rotation":0,"texture":"#0","tintindex":0},"south":{"uv":[6.5,11.25,6.75,11.625],"rotation":0,"texture":"#0","tintindex":0},"north":{"uv":[5.625,11.25,5.875,11.625],"rotation":0,"texture":"#0","tintindex":0},"west":{"uv":[11.25,7.125,11.5,7.5],"rotation":0,"texture":"#0","tintindex":0},"up":{"uv":[7.75,12.0,7.5,11.75],"rotation":0,"texture":"#0","tintindex":0},"down":{"uv":[8.125,11.75,7.875,12.0],"rotation":0,"texture":"#0","tintindex":0}}},{"from":[4.285714,7.3092546,6.681964],"to":[11.714286,7.8806834,7.824821],"rotation":{"angle":-22.5,"axis":"x","origin":[3.4285712,9.0235405,7.824821]},"faces":{"east":{"uv":[12.125,3.5,12.375,3.625],"rotation":0,"texture":"#0","tintindex":0},"south":{"uv":[8.5,4.625,10.125,4.75],"rotation":0,"texture":"#0","tintindex":0},"north":{"uv":[8.5,2.875,10.125,3.0],"rotation":0,"texture":"#0","tintindex":0},"west":{"uv":[12.125,3.75,12.375,3.875],"rotation":0,"texture":"#0","tintindex":0},"up":{"uv":[3.375,6.875,1.75,6.625],"rotation":0,"texture":"#0","tintindex":0},"down":{"uv":[8.375,2.75,6.75,3.0],"rotation":0,"texture":"#0","tintindex":0}}},{"from":[3.142857,7.3092546,6.681964],"to":[4.285714,9.0235405,7.824821],"rotation":{"angle":-22.5,"axis":"x","origin":[3.4285712,9.0235405,7.824821]},"faces":{"east":{"uv":[7.875,11.25,8.125,11.625],"rotation":0,"texture":"#0","tintindex":0},"south":{"uv":[11.25,8.125,11.5,8.5],"rotation":0,"texture":"#0","tintindex":0},"north":{"uv":[7.5,11.25,7.75,11.625],"rotation":0,"texture":"#0","tintindex":0},"west":{"uv":[8.25,11.25,8.5,11.625],"rotation":0,"texture":"#0","tintindex":0},"up":{"uv":[8.5,12.0,8.25,11.75],"rotation":0,"texture":"#0","tintindex":0},"down":{"uv":[9.25,11.75,9.0,12.0],"rotation":0,"texture":"#0","tintindex":0}}},{"from":[1.1428566,10.571428,4.285714],"to":[3.4285712,11.714286,5.428571],"rotation":{"angle":-22.5,"axis":"z","origin":[2.2857141,11.285714,4.8571424]},"faces":{"east":{"uv":[10.75,11.75,11.0,12.0],"rotation":0,"texture":"#0","tintindex":0},"south":{"uv":[10.875,1.5,11.375,1.75],"rotation":0,"texture":"#0","tintindex":0},"north":{"uv":[1.125,10.875,1.625,11.125],"rotation":0,"texture":"#0","tintindex":0},"west":{"uv":[11.125,11.75,11.375,12.0],"rotation":0,"texture":"#0","tintindex":0},"up":{"uv":[11.375,2.125,10.875,1.875],"rotation":0,"texture":"#0","tintindex":0},"down":{"uv":[11.375,3.5,10.875,3.75],"rotation":0,"texture":"#0","tintindex":0}}},{"from":[3.142857,7.3092546,1.8894644],"to":[4.285714,9.0235405,3.032322],"rotation":{"angle":22.5,"axis":"x","origin":[3.4285712,9.0235405,1.8894644]},"faces":{"east":{"uv":[11.25,9.125,11.5,9.5],"rotation":0,"texture":"#0","tintindex":0},"south":{"uv":[11.25,9.625,11.5,10.0],"rotation":0,"texture":"#0","tintindex":0},"north":{"uv":[11.25,8.625,11.5,9.0],"rotation":0,"texture":"#0","tintindex":0},"west":{"uv":[11.25,10.75,11.5,11.125],"rotation":0,"texture":"#0","tintindex":0},"up":{"uv":[11.75,12.0,11.5,11.75],"rotation":0,"texture":"#0","tintindex":0},"down":{"uv":[12.125,2.0,11.875,2.25],"rotation":0,"texture":"#0","tintindex":0}}},{"from":[2.8571424,9.0235405,1.8894644],"to":[4.0,10.737826,3.032322],"rotation":{"angle":22.5,"axis":"x","origin":[3.4285712,9.0235405,1.8894644]},"faces":{"east":{"uv":[11.25,11.25,11.5,11.625],"rotation":0,"texture":"#0","tintindex":0},"south":{"uv":[11.375,0.5,11.625,0.875],"rotation":0,"texture":"#0","tintindex":0},"north":{"uv":[10.875,11.25,11.125,11.625],"rotation":0,"texture":"#0","tintindex":0},"west":{"uv":[11.375,1.0,11.625,1.375],"rotation":0,"texture":"#0","tintindex":0},"up":{"uv":[12.125,5.0,11.875,4.75],"rotation":0,"texture":"#0","tintindex":0},"down":{"uv":[12.125,5.125,11.875,5.375],"rotation":0,"texture":"#0","tintindex":0}}},{"from":[3.7142854,7.4394455,8.054669],"to":[12.285715,8.582303,9.197526],"rotation":{"angle":45.0,"axis":"x","origin":[8.0,8.582303,8.626098]},"faces":{"east":{"uv":[11.875,5.5,12.125,5.75],"rotation":0,"texture":"#0","tintindex":0},"south":{"uv":[6.125,5.75,8.0,6.0],"rotation":0,"texture":"#0","tintindex":0},"north":{"uv":[5.5,6.125,7.375,6.375],"rotation":0,"texture":"#0","tintindex":0},"west":{"uv":[11.875,6.375,12.125,6.625],"rotation":0,"texture":"#0","tintindex":0},"up":{"uv":[8.375,2.25,6.5,2.0],"rotation":0,"texture":"#0","tintindex":0},"down":{"uv":[8.375,2.375,6.5,2.625],"rotation":0,"texture":"#0","tintindex":0}}},{"from":[11.6509075,11.758655,5.9314632],"to":[13.365193,14.044369,7.645749],"rotation":{"angle":22.5,"axis":"x","origin":[11.6509075,13.758655,7.502892]},"faces":{"east":{"uv":[8.75,0.75,9.125,1.25],"rotation":0,"texture":"#0","tintindex":0},"south":{"uv":[8.75,7.625,9.125,8.125],"rotation":0,"texture":"#0","tintindex":0},"north":{"uv":[5.125,8.625,5.5,9.125],"rotation":0,"texture":"#0","tintindex":0},"west":{"uv":[8.75,8.25,9.125,8.75],"rotation":0,"texture":"#0","tintindex":0},"up":{"uv":[3.0,10.625,2.625,10.25],"rotation":0,"texture":"#0","tintindex":0},"down":{"uv":[10.625,2.625,10.25,3.0],"rotation":0,"texture":"#0","tintindex":0}}},{"from":[10.529204,14.1589,6.1604195],"to":[13.386347,15.301758,7.874705],"rotation":{"angle":-22.5,"axis":"z","origin":[11.672061,15.016043,7.731848]},"faces":{"east":{"uv":[11.0,4.25,11.375,4.5],"rotation":0,"texture":"#0","tintindex":0},"south":{"uv":[9.625,3.75,10.25,4.0],"rotation":0,"texture":"#0","tintindex":0},"north":{"uv":[9.625,2.25,10.25,2.5],"rotation":0,"texture":"#0","tintindex":0},"west":{"uv":[11.375,2.25,11.75,2.5],"rotation":0,"texture":"#0","tintindex":0},"up":{"uv":[3.625,8.75,3.0,8.375],"rotation":0,"texture":"#0","tintindex":0},"down":{"uv":[9.125,0.0,8.5,0.375],"rotation":0,"texture":"#0","tintindex":0}}},{"from":[10.154108,15.769041,6.721568],"to":[10.725537,16.34047,8.435854],"rotation":{"angle":-22.5,"axis":"x","origin":[13.011251,16.054756,8.292996]},"faces":{"east":{"uv":[1.625,4.375,2.0,4.5],"rotation":0,"texture":"#0","tintindex":0},"south":{"uv":[11.25,12.125,11.375,12.25],"rotation":0,"texture":"#0","tintindex":0},"north":{"uv":[11.0,12.125,11.125,12.25],"rotation":0,"texture":"#0","tintindex":0},"west":{"uv":[9.625,8.25,10.0,8.375],"rotation":0,"texture":"#0","tintindex":0},"up":{"uv":[1.125,12.5,1.0,12.125],"rotation":0,"texture":"#0","tintindex":0},"down":{"uv":[12.25,1.0,12.125,1.375],"rotation":0,"texture":"#0","tintindex":0}}},{"from":[5.2744627,15.769041,6.721568],"to":[5.8458915,16.34047,8.435854],"rotation":{"angle":-22.5,"axis":"x","origin":[2.9887486,16.054756,8.292996]},"faces":{"east":{"uv":[10.75,2.875,11.125,3.0],"rotation":0,"texture":"#0","tintindex":0},"south":{"uv":[11.75,12.125,11.875,12.25],"rotation":0,"texture":"#0","tintindex":0},"north":{"uv":[11.5,12.125,11.625,12.25],"rotation":0,"texture":"#0","tintindex":0},"west":{"uv":[10.875,2.25,11.25,2.375],"rotation":0,"texture":"#0","tintindex":0},"up":{"uv":[1.375,12.5,1.25,12.125],"rotation":0,"texture":"#0","tintindex":0},"down":{"uv":[12.25,1.5,12.125,1.875],"rotation":0,"texture":"#0","tintindex":0}}},{"from":[2.6136527,14.1589,6.1604195],"to":[5.4707956,15.301758,7.874705],"rotation":{"angle":22.5,"axis":"z","origin":[4.327939,15.016043,7.731848]},"faces":{"east":{"uv":[11.375,4.875,11.75,5.125],"rotation":0,"texture":"#0","tintindex":0},"south":{"uv":[9.875,3.375,10.5,3.625],"rotation":0,"texture":"#0","tintindex":0},"north":{"uv":[9.625,7.875,10.25,8.125],"rotation":0,"texture":"#0","tintindex":0},"west":{"uv":[11.375,5.25,11.75,5.5],"rotation":0,"texture":"#0","tintindex":0},"up":{"uv":[9.125,2.25,8.5,1.875],"rotation":0,"texture":"#0","tintindex":0},"down":{"uv":[9.125,2.375,8.5,2.75],"rotation":0,"texture":"#0","tintindex":0}}},{"from":[2.6348066,11.758655,5.9314632],"to":[4.349093,14.044369,7.645749],"rotation":{"angle":22.5,"axis":"x","origin":[4.349093,13.758655,7.502892]},"faces":{"east":{"uv":[3.25,8.875,3.625,9.375],"rotation":0,"texture":"#0","tintindex":0},"south":{"uv":[3.75,8.875,4.125,9.375],"rotation":0,"texture":"#0","tintindex":0},"north":{"uv":[2.75,8.875,3.125,9.375],"rotation":0,"texture":"#0","tintindex":0},"west":{"uv":[5.625,8.875,6.0,9.375],"rotation":0,"texture":"#0","tintindex":0},"up":{"uv":[3.5,10.625,3.125,10.25],"rotation":0,"texture":"#0","tintindex":0},"down":{"uv":[4.0,10.25,3.625,10.625],"rotation":0,"texture":"#0","tintindex":0}}},{"from":[3.4285712,10.428572,5.285714],"to":[5.714286,13.857143,7.0],"rotation":{"angle":45.0,"axis":"z","origin":[5.142857,12.428572,6.857143]},"faces":{"east":{"uv":[4.75,7.75,5.125,8.5],"rotation":0,"texture":"#0","tintindex":0},"south":{"uv":[6.375,6.875,6.875,7.625],"rotation":0,"texture":"#0","tintindex":0},"north":{"uv":[5.75,6.875,6.25,7.625],"rotation":0,"texture":"#0","tintindex":0},"west":{"uv":[5.25,7.75,5.625,8.5],"rotation":0,"texture":"#0","tintindex":0},"up":{"uv":[6.625,9.25,6.125,8.875],"rotation":0,"texture":"#0","tintindex":0},"down":{"uv":[7.25,8.875,6.75,9.25],"rotation":0,"texture":"#0","tintindex":0}}}],"display":{"head":{"translation":[0.0,-6.4,0.0],"scale":[4.0,4.0,4.0]}}}