{"textures":{"2":"modelengine:entity/fdefender_soulfirextension1_loop","4":"modelengine:entity/soulfire_svorden"},"elements":[{"from":[8.0,5.8,-16.0],"to":[8.0,10.2,20.0],"rotation":{"angle":0.0,"axis":"y","origin":[8.0,8.0,19.080002]},"faces":{"east":{"uv":[1.5,1.25,2.875,12.5],"rotation":90,"texture":"#2","tintindex":0},"south":{"uv":[149.0,145.0,150.0,146.0],"rotation":0,"texture":"#missing","tintindex":0},"north":{"uv":[145.0,149.0,146.0,150.0],"rotation":0,"texture":"#missing","tintindex":0},"west":{"uv":[1.5,12.5,2.875,1.25],"rotation":90,"texture":"#2","tintindex":0},"up":{"uv":[133.0,90.0,132.0,87.0],"rotation":0,"texture":"#missing","tintindex":0},"down":{"uv":[89.0,132.0,88.0,135.0],"rotation":0,"texture":"#missing","tintindex":0}}},{"from":[8.0,9.4,5.200001],"to":[8.0,11.8,20.0],"rotation":{"angle":0.0,"axis":"y","origin":[8.0,8.0,19.080002]},"faces":{"east":{"uv":[2.0,0.0,3.5,9.25],"rotation":90,"texture":"#4","tintindex":0},"south":{"uv":[149.0,145.0,150.0,146.0],"rotation":0,"texture":"#missing","tintindex":0},"north":{"uv":[145.0,149.0,146.0,150.0],"rotation":0,"texture":"#missing","tintindex":0},"west":{"uv":[2.0,9.25,3.5,0.0],"rotation":90,"texture":"#4","tintindex":0},"up":{"uv":[133.0,90.0,132.0,87.0],"rotation":0,"texture":"#missing","tintindex":0},"down":{"uv":[89.0,132.0,88.0,135.0],"rotation":0,"texture":"#missing","tintindex":0}}},{"from":[8.0,4.2,5.200001],"to":[8.0,6.6,20.0],"rotation":{"angle":0.0,"axis":"y","origin":[8.0,-3.1999998,19.080002]},"faces":{"east":{"uv":[3.5,0.0,2.0,9.25],"rotation":90,"texture":"#4","tintindex":0},"south":{"uv":[149.0,146.0,150.0,145.0],"rotation":0,"texture":"#missing","tintindex":0},"north":{"uv":[145.0,150.0,146.0,149.0],"rotation":0,"texture":"#missing","tintindex":0},"west":{"uv":[3.5,9.25,2.0,0.0],"rotation":90,"texture":"#4","tintindex":0},"up":{"uv":[89.0,135.0,88.0,132.0],"rotation":0,"texture":"#missing","tintindex":0},"down":{"uv":[133.0,87.0,132.0,90.0],"rotation":0,"texture":"#missing","tintindex":0}}}],"display":{"head":{"translation":[0.0,-6.4,-4.26667],"scale":[4.0,4.0,4.0]}}}