{"textures":{"6":"modelengine:entity/fdefender_sfe_start"},"elements":[{"from":[8.0,0.5999999,-12.0],"to":[8.0,15.4,28.0],"rotation":{"angle":0.0,"axis":"y","origin":[8.0,8.4,27.08]},"faces":{"east":{"uv":[8.09475,0.001,9.249,3.124],"rotation":90,"texture":"#6","tintindex":0},"south":{"uv":[9.3135,9.0635,9.374,9.124],"rotation":0,"texture":"#6","tintindex":0},"north":{"uv":[9.0635,9.3135,9.124,9.374],"rotation":0,"texture":"#6","tintindex":0},"west":{"uv":[8.09475,3.124,9.249,0.001],"rotation":90,"texture":"#6","tintindex":0},"up":{"uv":[8.3115,5.624,8.251,5.4385],"rotation":0,"texture":"#6","tintindex":0},"down":{"uv":[5.5615,8.251,5.501,8.4365],"rotation":0,"texture":"#6","tintindex":0}}}],"display":{"head":{"translation":[0.0,-6.4,0.0],"scale":[4.0,4.0,4.0]}}}