{"textures":{"3":"modelengine:entity/fallenreapervoid","5":"modelengine:entity/boneshadin2reeaperxd"},"elements":[{"from":[6.285714,10.571428,6.385714],"to":[9.714286,12.285715,10.2],"rotation":{"angle":0.0,"axis":"y","origin":[-8.2721615,13.692526,2.4831424]},"faces":{"east":{"uv":[7.6375,2.3875,8.4875,2.7375],"rotation":0,"texture":"#3","tintindex":0},"south":{"uv":[4.6375,8.3875,5.3625,8.7375],"rotation":0,"texture":"#3","tintindex":0},"north":{"uv":[3.7625,8.2625,4.4875,8.6125],"rotation":0,"texture":"#3","tintindex":0},"west":{"uv":[7.6375,3.3875,8.4875,3.7375],"rotation":0,"texture":"#3","tintindex":0},"up":{"uv":[4.8625,4.2375,4.1375,3.3875],"rotation":0,"texture":"#3","tintindex":0},"down":{"uv":[4.8625,4.3875,4.1375,5.2375],"rotation":0,"texture":"#3","tintindex":0}}},{"from":[5.8571424,7.714286,6.6142855],"to":[10.142858,8.857143,10.2],"rotation":{"angle":0.0,"axis":"y","origin":[-8.2721615,10.835382,2.4831424]},"faces":{"east":{"uv":[6.1375,2.1375,6.8625,2.7375],"rotation":0,"texture":"#3","tintindex":0},"south":{"uv":[5.0125,3.1375,5.9875,3.7375],"rotation":0,"texture":"#3","tintindex":0},"north":{"uv":[5.0125,2.3875,5.9875,2.9875],"rotation":0,"texture":"#3","tintindex":0},"west":{"uv":[6.1375,2.8875,6.8625,3.4875],"rotation":0,"texture":"#3","tintindex":0},"up":{"uv":[3.8625,3.4875,2.8875,2.7625],"rotation":0,"texture":"#3","tintindex":0},"down":{"uv":[3.9875,1.6375,3.0125,2.3625],"rotation":0,"texture":"#3","tintindex":0}}},{"from":[6.428571,7.142857,7.1857142],"to":[9.571428,7.714286,10.057143],"rotation":{"angle":0.0,"axis":"y","origin":[-8.2721615,10.835382,2.4831424]},"faces":{"east":{"uv":[12.6375,9.8875,13.2375,9.9875],"rotation":0,"texture":"#3","tintindex":0},"south":{"uv":[11.8875,12.2625,12.6125,12.3625],"rotation":0,"texture":"#3","tintindex":0},"north":{"uv":[12.2625,11.2625,12.9875,11.3625],"rotation":0,"texture":"#3","tintindex":0},"west":{"uv":[10.0125,12.6375,10.6125,12.7375],"rotation":0,"texture":"#3","tintindex":0},"up":{"uv":[5.3625,7.1125,4.6375,6.5125],"rotation":0,"texture":"#3","tintindex":0},"down":{"uv":[6.2375,6.5125,5.5125,7.1125],"rotation":0,"texture":"#3","tintindex":0}}},{"from":[6.1142855,8.442857,6.375594],"to":[9.8714285,12.0,7.2470226],"rotation":{"angle":0.0,"axis":"y","origin":[-8.200733,10.549668,3.0545712]},"faces":{"east":{"uv":[11.5,6.0,11.875,6.25],"rotation":0,"texture":"#5","tintindex":0},"south":{"uv":[11.5,6.0,11.875,6.25],"rotation":0,"texture":"#5","tintindex":0},"north":{"uv":[10.0,6.0,10.821875,6.778125],"rotation":0,"texture":"#5","tintindex":0},"west":{"uv":[11.5,6.0,11.875,6.25],"rotation":0,"texture":"#5","tintindex":0},"up":{"uv":[11.5,6.0,11.875,6.25],"rotation":0,"texture":"#5","tintindex":0},"down":{"uv":[11.5,6.0,11.875,6.25],"rotation":0,"texture":"#5","tintindex":0}}},{"from":[6.5714283,8.571428,7.0],"to":[9.428572,12.0,10.2],"rotation":{"angle":0.0,"axis":"y","origin":[-8.2721615,10.549668,2.4831424]},"faces":{"east":{"uv":[5.0125,3.8875,5.7375,4.6125],"rotation":0,"texture":"#3","tintindex":0},"south":{"uv":[5.8875,4.7625,6.4875,5.4875],"rotation":0,"texture":"#3","tintindex":0},"north":{"uv":[5.8875,3.8875,6.4875,4.6125],"rotation":0,"texture":"#3","tintindex":0},"west":{"uv":[5.0125,4.7625,5.7375,5.4875],"rotation":0,"texture":"#3","tintindex":0},"up":{"uv":[6.6125,0.7375,6.0125,0.0125],"rotation":0,"texture":"#3","tintindex":0},"down":{"uv":[4.4875,6.0125,3.8875,6.7375],"rotation":0,"texture":"#3","tintindex":0}}},{"from":[6.5714283,12.285715,7.0],"to":[9.428572,12.814286,10.2],"rotation":{"angle":0.0,"axis":"y","origin":[-8.2721615,14.263954,2.4831424]},"faces":{"east":{"uv":[12.0125,0.0125,12.7375,0.1125],"rotation":0,"texture":"#3","tintindex":0},"south":{"uv":[12.6375,9.6375,13.2375,9.7375],"rotation":0,"texture":"#3","tintindex":0},"north":{"uv":[9.2625,12.6375,9.8625,12.7375],"rotation":0,"texture":"#3","tintindex":0},"west":{"uv":[12.0125,3.5125,12.7375,3.6125],"rotation":0,"texture":"#3","tintindex":0},"up":{"uv":[2.2375,6.9875,1.6375,6.2625],"rotation":0,"texture":"#3","tintindex":0},"down":{"uv":[1.3625,6.3875,0.7625,7.1125],"rotation":0,"texture":"#3","tintindex":0}}},{"from":[6.0,11.714286,6.142857],"to":[6.285714,12.285715,10.285714],"rotation":{"angle":0.0,"axis":"y","origin":[5.428571,10.857143,8.285714]},"faces":{"east":{"uv":[11.7625,0.3875,12.6125,0.4875],"rotation":0,"texture":"#3","tintindex":0},"south":{"uv":[15.2625,8.3875,15.3625,8.4875],"rotation":0,"texture":"#3","tintindex":0},"north":{"uv":[15.2625,8.1375,15.3625,8.2375],"rotation":0,"texture":"#3","tintindex":0},"west":{"uv":[11.7625,0.6375,12.6125,0.7375],"rotation":0,"texture":"#3","tintindex":0},"up":{"uv":[3.6125,12.6125,3.5125,11.7625],"rotation":0,"texture":"#3","tintindex":0},"down":{"uv":[11.8625,4.8875,11.7625,5.7375],"rotation":0,"texture":"#3","tintindex":0}}},{"from":[9.714286,8.857143,6.142857],"to":[10.857143,10.014286,10.285714],"rotation":{"angle":0.0,"axis":"y","origin":[11.428572,8.571428,8.285714]},"faces":{"east":{"uv":[10.0125,6.8875,10.8625,7.1125],"rotation":0,"texture":"#3","tintindex":0},"south":{"uv":[13.7625,12.3875,13.9875,12.6125],"rotation":0,"texture":"#3","tintindex":0},"north":{"uv":[10.1375,13.7625,10.3625,13.9875],"rotation":0,"texture":"#3","tintindex":0},"west":{"uv":[7.2625,10.0125,8.1125,10.2375],"rotation":0,"texture":"#3","tintindex":0},"up":{"uv":[10.2375,8.1125,10.0125,7.2625],"rotation":0,"texture":"#3","tintindex":0},"down":{"uv":[8.4875,10.0125,8.2625,10.8625],"rotation":0,"texture":"#3","tintindex":0}}},{"from":[9.977054,8.107546,6.142857],"to":[11.119911,9.250403,10.285714],"rotation":{"angle":22.5,"axis":"z","origin":[10.834197,8.393261,8.285714]},"faces":{"east":{"uv":[10.0125,8.2625,10.8625,8.4875],"rotation":0,"texture":"#3","tintindex":0},"south":{"uv":[13.8875,1.1375,14.1125,1.3625],"rotation":0,"texture":"#3","tintindex":0},"north":{"uv":[13.8875,0.7625,14.1125,0.9875],"rotation":0,"texture":"#3","tintindex":0},"west":{"uv":[10.0125,8.6375,10.8625,8.8625],"rotation":0,"texture":"#3","tintindex":0},"up":{"uv":[1.4875,10.9875,1.2625,10.1375],"rotation":0,"texture":"#3","tintindex":0},"down":{"uv":[1.8625,10.1375,1.6375,10.9875],"rotation":0,"texture":"#3","tintindex":0}}},{"from":[10.113665,7.1060004,6.1434283],"to":[10.685093,8.691715,10.280571],"rotation":{"angle":-45.0,"axis":"z","origin":[10.399379,7.834572,8.285714]},"faces":{"east":{"uv":[7.6375,1.8875,8.4875,2.2375],"rotation":0,"texture":"#3","tintindex":0},"south":{"uv":[14.2625,2.5125,14.3625,2.8625],"rotation":0,"texture":"#3","tintindex":0},"north":{"uv":[2.3875,14.2625,2.4875,14.6125],"rotation":0,"texture":"#3","tintindex":0},"west":{"uv":[2.1375,7.6375,2.9875,7.9875],"rotation":0,"texture":"#3","tintindex":0},"up":{"uv":[6.4875,12.6125,6.3875,11.7625],"rotation":0,"texture":"#3","tintindex":0},"down":{"uv":[8.6125,11.7625,8.5125,12.6125],"rotation":0,"texture":"#3","tintindex":0}}},{"from":[9.428572,10.0,6.142857],"to":[10.571428,11.714286,10.285714],"rotation":{"angle":0.0,"axis":"y","origin":[11.142858,10.285714,8.285714]},"faces":{"east":{"uv":[7.5125,7.0125,8.3625,7.3625],"rotation":0,"texture":"#3","tintindex":0},"south":{"uv":[12.0125,3.0125,12.2375,3.3625],"rotation":0,"texture":"#3","tintindex":0},"north":{"uv":[4.6375,6.0125,4.8625,6.3625],"rotation":0,"texture":"#3","tintindex":0},"west":{"uv":[7.5125,7.5125,8.3625,7.8625],"rotation":0,"texture":"#3","tintindex":0},"up":{"uv":[7.1125,10.3625,6.8875,9.5125],"rotation":0,"texture":"#3","tintindex":0},"down":{"uv":[3.9875,10.0125,3.7625,10.8625],"rotation":0,"texture":"#3","tintindex":0}}},{"from":[5.428571,10.0,6.142857],"to":[6.5714283,11.714286,10.285714],"rotation":{"angle":0.0,"axis":"y","origin":[4.8571424,10.285714,8.285714]},"faces":{"east":{"uv":[7.6375,3.8875,8.4875,4.2375],"rotation":0,"texture":"#3","tintindex":0},"south":{"uv":[6.8875,12.0125,7.1125,12.3625],"rotation":0,"texture":"#3","tintindex":0},"north":{"uv":[5.6375,12.0125,5.8625,12.3625],"rotation":0,"texture":"#3","tintindex":0},"west":{"uv":[7.6375,4.3875,8.4875,4.7375],"rotation":0,"texture":"#3","tintindex":0},"up":{"uv":[5.1125,11.1125,4.8875,10.2625],"rotation":0,"texture":"#3","tintindex":0},"down":{"uv":[5.4875,10.2625,5.2625,11.1125],"rotation":0,"texture":"#3","tintindex":0}}},{"from":[5.142857,8.857143,6.142857],"to":[6.285714,10.014286,10.285714],"rotation":{"angle":0.0,"axis":"y","origin":[4.5714283,8.571428,8.285714]},"faces":{"east":{"uv":[9.8875,10.1375,10.7375,10.3625],"rotation":0,"texture":"#3","tintindex":0},"south":{"uv":[13.8875,2.8875,14.1125,3.1125],"rotation":0,"texture":"#3","tintindex":0},"north":{"uv":[1.8875,13.8875,2.1125,14.1125],"rotation":0,"texture":"#3","tintindex":0},"west":{"uv":[0.0125,10.2625,0.8625,10.4875],"rotation":0,"texture":"#3","tintindex":0},"up":{"uv":[6.4875,10.9875,6.2625,10.1375],"rotation":0,"texture":"#3","tintindex":0},"down":{"uv":[8.8625,10.1375,8.6375,10.9875],"rotation":0,"texture":"#3","tintindex":0}}},{"from":[4.880089,8.107546,6.142857],"to":[6.022946,9.250403,10.285714],"rotation":{"angle":-22.5,"axis":"z","origin":[5.165803,8.393261,8.285714]},"faces":{"east":{"uv":[10.0125,9.0125,10.8625,9.2375],"rotation":0,"texture":"#3","tintindex":0},"south":{"uv":[13.8875,1.5125,14.1125,1.7375],"rotation":0,"texture":"#3","tintindex":0},"north":{"uv":[1.5125,13.8875,1.7375,14.1125],"rotation":0,"texture":"#3","tintindex":0},"west":{"uv":[2.0125,10.1375,2.8625,10.3625],"rotation":0,"texture":"#3","tintindex":0},"up":{"uv":[4.3625,10.9875,4.1375,10.1375],"rotation":0,"texture":"#3","tintindex":0},"down":{"uv":[4.7375,10.1375,4.5125,10.9875],"rotation":0,"texture":"#3","tintindex":0}}},{"from":[5.314907,7.1202865,6.1434283],"to":[5.8863354,8.691715,10.280571],"rotation":{"angle":45.0,"axis":"z","origin":[5.600621,7.834572,8.285714]},"faces":{"east":{"uv":[7.6375,4.8875,8.4875,5.2375],"rotation":0,"texture":"#3","tintindex":0},"south":{"uv":[14.2625,7.0125,14.3625,7.3625],"rotation":0,"texture":"#3","tintindex":0},"north":{"uv":[5.7625,14.2625,5.8625,14.6125],"rotation":0,"texture":"#3","tintindex":0},"west":{"uv":[7.7625,5.3875,8.6125,5.7375],"rotation":0,"texture":"#3","tintindex":0},"up":{"uv":[11.8625,9.4875,11.7625,8.6375],"rotation":0,"texture":"#3","tintindex":0},"down":{"uv":[8.8625,11.7625,8.7625,12.6125],"rotation":0,"texture":"#3","tintindex":0}}},{"from":[5.8863354,7.1202865,7.286286],"to":[7.029193,8.691715,10.280571],"rotation":{"angle":45.0,"axis":"z","origin":[5.600621,7.834572,8.285714]},"faces":{"east":{"uv":[9.8875,3.1375,10.4875,3.4875],"rotation":0,"texture":"#3","tintindex":0},"south":{"uv":[12.3875,7.3875,12.6125,7.7375],"rotation":0,"texture":"#3","tintindex":0},"north":{"uv":[12.3875,4.7625,12.6125,5.1125],"rotation":0,"texture":"#3","tintindex":0},"west":{"uv":[9.8875,3.6375,10.4875,3.9875],"rotation":0,"texture":"#3","tintindex":0},"up":{"uv":[11.2375,1.3625,11.0125,0.7625],"rotation":0,"texture":"#3","tintindex":0},"down":{"uv":[3.7375,11.0125,3.5125,11.6125],"rotation":0,"texture":"#3","tintindex":0}}},{"from":[8.970807,7.1202865,7.286286],"to":[10.113665,8.691715,10.280571],"rotation":{"angle":-45.0,"axis":"z","origin":[10.399379,7.834572,8.285714]},"faces":{"east":{"uv":[9.8875,4.1375,10.4875,4.4875],"rotation":0,"texture":"#3","tintindex":0},"south":{"uv":[5.2625,12.5125,5.4875,12.8625],"rotation":0,"texture":"#3","tintindex":0},"north":{"uv":[12.3875,7.8875,12.6125,8.2375],"rotation":0,"texture":"#3","tintindex":0},"west":{"uv":[9.8875,9.6375,10.4875,9.9875],"rotation":0,"texture":"#3","tintindex":0},"up":{"uv":[11.2375,5.4875,11.0125,4.8875],"rotation":0,"texture":"#3","tintindex":0},"down":{"uv":[11.2375,5.6375,11.0125,6.2375],"rotation":0,"texture":"#3","tintindex":0}}},{"from":[9.714286,11.714286,6.142857],"to":[10.0,12.285715,10.285714],"rotation":{"angle":0.0,"axis":"y","origin":[10.571428,10.857143,8.285714]},"faces":{"east":{"uv":[11.7625,1.5125,12.6125,1.6125],"rotation":0,"texture":"#3","tintindex":0},"south":{"uv":[11.3875,15.2625,11.4875,15.3625],"rotation":0,"texture":"#3","tintindex":0},"north":{"uv":[15.2625,11.2625,15.3625,11.3625],"rotation":0,"texture":"#3","tintindex":0},"west":{"uv":[11.7625,4.0125,12.6125,4.1125],"rotation":0,"texture":"#3","tintindex":0},"up":{"uv":[11.8625,6.7375,11.7625,5.8875],"rotation":0,"texture":"#3","tintindex":0},"down":{"uv":[6.2375,11.7625,6.1375,12.6125],"rotation":0,"texture":"#3","tintindex":0}}},{"from":[6.285714,11.714286,10.285714],"to":[9.714286,12.857143,10.428572],"rotation":{"angle":0.0,"axis":"y","origin":[10.0,10.857143,8.285714]},"faces":{"east":{"uv":[14.6375,8.7625,14.7375,8.9875],"rotation":0,"texture":"#3","tintindex":0},"south":{"uv":[10.7625,2.3875,11.4875,2.6125],"rotation":0,"texture":"#3","tintindex":0},"north":{"uv":[10.5125,2.0125,11.2375,2.2375],"rotation":0,"texture":"#3","tintindex":0},"west":{"uv":[9.0125,14.6375,9.1125,14.8625],"rotation":0,"texture":"#3","tintindex":0},"up":{"uv":[12.6125,11.6125,11.8875,11.5125],"rotation":0,"texture":"#3","tintindex":0},"down":{"uv":[12.6125,11.7625,11.8875,11.8625],"rotation":0,"texture":"#3","tintindex":0}}},{"from":[6.285714,10.571428,10.285714],"to":[9.714286,11.714286,10.571428],"rotation":{"angle":0.0,"axis":"y","origin":[10.0,10.857143,8.285714]},"faces":{"east":{"uv":[14.8875,7.3875,14.9875,7.6125],"rotation":0,"texture":"#3","tintindex":0},"south":{"uv":[10.7625,10.5125,11.4875,10.7375],"rotation":0,"texture":"#3","tintindex":0},"north":{"uv":[10.7625,2.7625,11.4875,2.9875],"rotation":0,"texture":"#3","tintindex":0},"west":{"uv":[8.1375,14.8875,8.2375,15.1125],"rotation":0,"texture":"#3","tintindex":0},"up":{"uv":[1.9875,12.4875,1.2625,12.3875],"rotation":0,"texture":"#3","tintindex":0},"down":{"uv":[13.1125,3.0125,12.3875,3.1125],"rotation":0,"texture":"#3","tintindex":0}}},{"from":[6.285714,7.142857,10.285714],"to":[9.714286,10.571428,10.857143],"rotation":{"angle":0.0,"axis":"y","origin":[10.0,10.857143,8.285714]},"faces":{"east":{"uv":[3.2625,12.2625,3.3625,12.9875],"rotation":0,"texture":"#3","tintindex":0},"south":{"uv":[1.7625,5.3875,2.4875,6.1125],"rotation":0,"texture":"#3","tintindex":0},"north":{"uv":[5.1375,0.6375,5.8625,1.3625],"rotation":0,"texture":"#3","tintindex":0},"west":{"uv":[2.1375,12.3875,2.2375,13.1125],"rotation":0,"texture":"#3","tintindex":0},"up":{"uv":[13.1125,3.3625,12.3875,3.2625],"rotation":0,"texture":"#3","tintindex":0},"down":{"uv":[13.1125,4.5125,12.3875,4.6125],"rotation":0,"texture":"#3","tintindex":0}}},{"from":[6.285714,12.285715,6.142857],"to":[9.714286,12.857143,10.285714],"rotation":{"angle":0.0,"axis":"y","origin":[10.0,10.857143,8.285714]},"faces":{"east":{"uv":[11.7625,6.8875,12.6125,6.9875],"rotation":0,"texture":"#3","tintindex":0},"south":{"uv":[12.3875,1.1375,13.1125,1.2375],"rotation":0,"texture":"#3","tintindex":0},"north":{"uv":[12.3875,0.8875,13.1125,0.9875],"rotation":0,"texture":"#3","tintindex":0},"west":{"uv":[11.7625,7.1375,12.6125,7.2375],"rotation":0,"texture":"#3","tintindex":0},"up":{"uv":[1.6125,5.3625,0.8875,4.5125],"rotation":0,"texture":"#3","tintindex":0},"down":{"uv":[0.7375,4.6375,0.0125,5.4875],"rotation":0,"texture":"#3","tintindex":0}}},{"from":[9.142858,11.714286,6.142857],"to":[9.714286,12.285715,6.857143],"rotation":{"angle":0.0,"axis":"y","origin":[10.571428,10.285714,4.8571424]},"faces":{"east":{"uv":[15.2625,9.3875,15.3625,9.4875],"rotation":0,"texture":"#3","tintindex":0},"south":{"uv":[9.6375,15.2625,9.7375,15.3625],"rotation":0,"texture":"#3","tintindex":0},"north":{"uv":[9.3875,15.2625,9.4875,15.3625],"rotation":0,"texture":"#3","tintindex":0},"west":{"uv":[15.2625,9.6375,15.3625,9.7375],"rotation":0,"texture":"#3","tintindex":0},"up":{"uv":[9.9875,15.3625,9.8875,15.2625],"rotation":0,"texture":"#3","tintindex":0},"down":{"uv":[10.2375,15.2625,10.1375,15.3625],"rotation":0,"texture":"#3","tintindex":0}}},{"from":[7.428571,11.714286,6.142857],"to":[8.571428,12.285715,6.857143],"rotation":{"angle":0.0,"axis":"y","origin":[8.857143,10.285714,4.8571424]},"faces":{"east":{"uv":[15.2625,11.5125,15.3625,11.6125],"rotation":0,"texture":"#3","tintindex":0},"south":{"uv":[14.6375,9.1375,14.8625,9.2375],"rotation":0,"texture":"#3","tintindex":0},"north":{"uv":[14.6375,7.8875,14.8625,7.9875],"rotation":0,"texture":"#3","tintindex":0},"west":{"uv":[11.6375,15.2625,11.7375,15.3625],"rotation":0,"texture":"#3","tintindex":0},"up":{"uv":[14.8625,9.4875,14.6375,9.3875],"rotation":0,"texture":"#3","tintindex":0},"down":{"uv":[14.8625,9.6375,14.6375,9.7375],"rotation":0,"texture":"#3","tintindex":0}}},{"from":[7.714286,11.142858,6.142857],"to":[8.285714,11.714286,6.857143],"rotation":{"angle":0.0,"axis":"y","origin":[9.142858,9.714286,4.8571424]},"faces":{"east":{"uv":[11.8875,15.2625,11.9875,15.3625],"rotation":0,"texture":"#3","tintindex":0},"south":{"uv":[15.2625,12.0125,15.3625,12.1125],"rotation":0,"texture":"#3","tintindex":0},"north":{"uv":[15.2625,11.7625,15.3625,11.8625],"rotation":0,"texture":"#3","tintindex":0},"west":{"uv":[15.2625,12.2625,15.3625,12.3625],"rotation":0,"texture":"#3","tintindex":0},"up":{"uv":[15.3625,13.4875,15.2625,13.3875],"rotation":0,"texture":"#3","tintindex":0},"down":{"uv":[13.6125,15.2625,13.5125,15.3625],"rotation":0,"texture":"#3","tintindex":0}}},{"from":[6.285714,11.714286,6.142857],"to":[6.857143,12.285715,6.857143],"rotation":{"angle":0.0,"axis":"y","origin":[5.428571,10.285714,4.8571424]},"faces":{"east":{"uv":[10.3875,15.2625,10.4875,15.3625],"rotation":0,"texture":"#3","tintindex":0},"south":{"uv":[15.2625,10.3875,15.3625,10.4875],"rotation":0,"texture":"#3","tintindex":0},"north":{"uv":[15.2625,10.1375,15.3625,10.2375],"rotation":0,"texture":"#3","tintindex":0},"west":{"uv":[10.6375,15.2625,10.7375,15.3625],"rotation":0,"texture":"#3","tintindex":0},"up":{"uv":[10.9875,15.3625,10.8875,15.2625],"rotation":0,"texture":"#3","tintindex":0},"down":{"uv":[11.2375,15.2625,11.1375,15.3625],"rotation":0,"texture":"#3","tintindex":0}}}],"display":{"head":{"translation":[0.0,-6.4,0.0],"scale":[4.0,4.0,4.0]}}}