{"textures":{"3":"modelengine:entity/fallenreapervoid"},"elements":[{"from":[9.021961,6.9874015,7.0],"to":[9.107676,7.5588303,9.0],"rotation":{"angle":0.0,"axis":"y","origin":[8.307676,6.273116,9.857143]},"faces":{"east":{"uv":[10.6375,13.3875,11.1125,13.4875],"rotation":0,"texture":"#3","tintindex":0},"south":{"uv":[13.8875,15.0125,13.9875,15.1125],"rotation":0,"texture":"#3","tintindex":0},"north":{"uv":[15.0125,13.6375,15.1125,13.7375],"rotation":0,"texture":"#3","tintindex":0},"west":{"uv":[13.3875,11.3875,13.8625,11.4875],"rotation":0,"texture":"#3","tintindex":0},"up":{"uv":[7.3625,13.8625,7.2625,13.3875],"rotation":0,"texture":"#3","tintindex":0},"down":{"uv":[7.6125,13.3875,7.5125,13.8625],"rotation":0,"texture":"#3","tintindex":0}}},{"from":[7.0219617,6.9874015,6.9142857],"to":[9.021961,7.5588303,7.0],"rotation":{"angle":0.0,"axis":"y","origin":[13.879105,6.273116,11.714286]},"faces":{"east":{"uv":[15.0125,13.8875,15.1125,13.9875],"rotation":0,"texture":"#3","tintindex":0},"south":{"uv":[13.3875,11.8875,13.8625,11.9875],"rotation":0,"texture":"#3","tintindex":0},"north":{"uv":[13.3875,11.6375,13.8625,11.7375],"rotation":0,"texture":"#3","tintindex":0},"west":{"uv":[15.0125,14.1375,15.1125,14.2375],"rotation":0,"texture":"#3","tintindex":0},"up":{"uv":[13.8625,12.2375,13.3875,12.1375],"rotation":0,"texture":"#3","tintindex":0},"down":{"uv":[13.8625,12.7625,13.3875,12.8625],"rotation":0,"texture":"#3","tintindex":0}}},{"from":[7.0219617,5.8445444,6.9142857],"to":[9.021961,6.415973,7.0],"rotation":{"angle":0.0,"axis":"y","origin":[13.879105,5.1302586,11.714286]},"faces":{"east":{"uv":[3.8875,15.0125,3.9875,15.1125],"rotation":0,"texture":"#3","tintindex":0},"south":{"uv":[8.6375,12.7625,9.1125,12.8625],"rotation":0,"texture":"#3","tintindex":0},"north":{"uv":[12.7625,8.0125,13.2375,8.1125],"rotation":0,"texture":"#3","tintindex":0},"west":{"uv":[4.1375,15.0125,4.2375,15.1125],"rotation":0,"texture":"#3","tintindex":0},"up":{"uv":[13.2375,11.6125,12.7625,11.5125],"rotation":0,"texture":"#3","tintindex":0},"down":{"uv":[13.2375,11.7625,12.7625,11.8625],"rotation":0,"texture":"#3","tintindex":0}}},{"from":[7.0219617,5.8445444,9.0],"to":[9.021961,6.415973,9.085714],"rotation":{"angle":0.0,"axis":"y","origin":[13.879105,5.1302586,11.714286]},"faces":{"east":{"uv":[6.0125,15.0125,6.1125,15.1125],"rotation":0,"texture":"#3","tintindex":0},"south":{"uv":[12.8875,5.8875,13.3625,5.9875],"rotation":0,"texture":"#3","tintindex":0},"north":{"uv":[12.8875,3.7625,13.3625,3.8625],"rotation":0,"texture":"#3","tintindex":0},"west":{"uv":[15.0125,6.0125,15.1125,6.1125],"rotation":0,"texture":"#3","tintindex":0},"up":{"uv":[13.3625,6.2375,12.8875,6.1375],"rotation":0,"texture":"#3","tintindex":0},"down":{"uv":[13.3625,6.3875,12.8875,6.4875],"rotation":0,"texture":"#3","tintindex":0}}},{"from":[6.9362473,5.8445444,7.0],"to":[7.0219617,6.415973,9.0],"rotation":{"angle":0.0,"axis":"y","origin":[8.307676,5.1302586,9.857143]},"faces":{"east":{"uv":[12.7625,12.0125,13.2375,12.1125],"rotation":0,"texture":"#3","tintindex":0},"south":{"uv":[4.8875,15.0125,4.9875,15.1125],"rotation":0,"texture":"#3","tintindex":0},"north":{"uv":[4.6375,15.0125,4.7375,15.1125],"rotation":0,"texture":"#3","tintindex":0},"west":{"uv":[12.7625,12.2625,13.2375,12.3625],"rotation":0,"texture":"#3","tintindex":0},"up":{"uv":[0.8625,13.3625,0.7625,12.8875],"rotation":0,"texture":"#3","tintindex":0},"down":{"uv":[1.1125,12.8875,1.0125,13.3625],"rotation":0,"texture":"#3","tintindex":0}}},{"from":[9.021961,5.8445444,7.0],"to":[9.107676,6.415973,9.0],"rotation":{"angle":0.0,"axis":"y","origin":[8.307676,5.1302586,9.857143]},"faces":{"east":{"uv":[12.8875,0.0125,13.3625,0.1125],"rotation":0,"texture":"#3","tintindex":0},"south":{"uv":[5.3875,15.0125,5.4875,15.1125],"rotation":0,"texture":"#3","tintindex":0},"north":{"uv":[5.1375,15.0125,5.2375,15.1125],"rotation":0,"texture":"#3","tintindex":0},"west":{"uv":[12.8875,3.5125,13.3625,3.6125],"rotation":0,"texture":"#3","tintindex":0},"up":{"uv":[1.3625,13.3625,1.2625,12.8875],"rotation":0,"texture":"#3","tintindex":0},"down":{"uv":[12.9875,5.2625,12.8875,5.7375],"rotation":0,"texture":"#3","tintindex":0}}},{"from":[7.0219617,6.9874015,9.0],"to":[9.021961,7.5588303,9.085714],"rotation":{"angle":0.0,"axis":"y","origin":[13.879105,6.273116,11.714286]},"faces":{"east":{"uv":[15.0125,12.1375,15.1125,12.2375],"rotation":0,"texture":"#3","tintindex":0},"south":{"uv":[13.3875,7.6375,13.8625,7.7375],"rotation":0,"texture":"#3","tintindex":0},"north":{"uv":[13.3875,6.8875,13.8625,6.9875],"rotation":0,"texture":"#3","tintindex":0},"west":{"uv":[15.0125,12.3875,15.1125,12.4875],"rotation":0,"texture":"#3","tintindex":0},"up":{"uv":[13.8625,7.9875,13.3875,7.8875],"rotation":0,"texture":"#3","tintindex":0},"down":{"uv":[9.7375,13.3875,9.2625,13.4875],"rotation":0,"texture":"#3","tintindex":0}}},{"from":[6.9362473,6.9874015,7.0],"to":[7.0219617,7.5588303,9.0],"rotation":{"angle":0.0,"axis":"y","origin":[8.307676,6.273116,9.857143]},"faces":{"east":{"uv":[13.3875,9.6375,13.8625,9.7375],"rotation":0,"texture":"#3","tintindex":0},"south":{"uv":[13.6375,15.0125,13.7375,15.1125],"rotation":0,"texture":"#3","tintindex":0},"north":{"uv":[15.0125,13.3875,15.1125,13.4875],"rotation":0,"texture":"#3","tintindex":0},"west":{"uv":[13.3875,9.8875,13.8625,9.9875],"rotation":0,"texture":"#3","tintindex":0},"up":{"uv":[4.4875,13.8625,4.3875,13.3875],"rotation":0,"texture":"#3","tintindex":0},"down":{"uv":[6.4875,13.3875,6.3875,13.8625],"rotation":0,"texture":"#3","tintindex":0}}},{"from":[7.0219617,5.5588303,7.0],"to":[9.021961,7.8445444,9.0],"rotation":{"angle":0.0,"axis":"y","origin":[11.450533,-1.8697414,8.0]},"faces":{"east":{"uv":[8.6375,1.8875,9.1125,2.3625],"rotation":0,"texture":"#3","tintindex":0},"south":{"uv":[3.1375,8.6375,3.6125,9.1125],"rotation":0,"texture":"#3","tintindex":0},"north":{"uv":[8.5125,7.0125,8.9875,7.4875],"rotation":0,"texture":"#3","tintindex":0},"west":{"uv":[8.6375,3.3875,9.1125,3.8625],"rotation":0,"texture":"#3","tintindex":0},"up":{"uv":[9.1125,4.4875,8.6375,4.0125],"rotation":0,"texture":"#3","tintindex":0},"down":{"uv":[9.1125,4.6375,8.6375,5.1125],"rotation":0,"texture":"#3","tintindex":0}}},{"from":[6.736247,5.5588303,7.285714],"to":[7.0219617,7.273116,7.857143],"rotation":{"angle":0.0,"axis":"y","origin":[11.021962,-1.8697414,8.0]},"faces":{"east":{"uv":[9.1375,7.1375,9.2375,7.4875],"rotation":0,"texture":"#3","tintindex":0},"south":{"uv":[3.5125,10.5125,3.6125,10.8625],"rotation":0,"texture":"#3","tintindex":0},"north":{"uv":[2.1375,7.1375,2.2375,7.4875],"rotation":0,"texture":"#3","tintindex":0},"west":{"uv":[11.3875,1.8875,11.4875,2.2375],"rotation":0,"texture":"#3","tintindex":0},"up":{"uv":[3.7375,6.7375,3.6375,6.6375],"rotation":0,"texture":"#3","tintindex":0},"down":{"uv":[9.1125,3.1375,9.0125,3.2375],"rotation":0,"texture":"#3","tintindex":0}}},{"from":[6.73081,7.2457814,7.285714],"to":[7.0165243,8.3886385,7.857143],"rotation":{"angle":-22.5,"axis":"z","origin":[6.8022385,7.2457814,8.428572]},"faces":{"east":{"uv":[12.5125,14.3875,12.6125,14.6125],"rotation":0,"texture":"#3","tintindex":0},"south":{"uv":[14.3875,13.3875,14.4875,13.6125],"rotation":0,"texture":"#3","tintindex":0},"north":{"uv":[12.2625,14.3875,12.3625,14.6125],"rotation":0,"texture":"#3","tintindex":0},"west":{"uv":[14.3875,13.7625,14.4875,13.9875],"rotation":0,"texture":"#3","tintindex":0},"up":{"uv":[14.9875,12.7375,14.8875,12.6375],"rotation":0,"texture":"#3","tintindex":0},"down":{"uv":[12.9875,14.8875,12.8875,14.9875],"rotation":0,"texture":"#3","tintindex":0}}},{"from":[6.73081,7.2457814,8.142858],"to":[7.0165243,8.3886385,8.714286],"rotation":{"angle":-22.5,"axis":"z","origin":[6.8022385,7.2457814,8.428572]},"faces":{"east":{"uv":[8.5125,7.6375,8.6125,7.8625],"rotation":0,"texture":"#3","tintindex":0},"south":{"uv":[11.7625,14.3875,11.8625,14.6125],"rotation":0,"texture":"#3","tintindex":0},"north":{"uv":[2.3875,6.2625,2.4875,6.4875],"rotation":0,"texture":"#3","tintindex":0},"west":{"uv":[12.0125,14.3875,12.1125,14.6125],"rotation":0,"texture":"#3","tintindex":0},"up":{"uv":[14.9875,11.2375,14.8875,11.1375],"rotation":0,"texture":"#3","tintindex":0},"down":{"uv":[12.7375,14.8875,12.6375,14.9875],"rotation":0,"texture":"#3","tintindex":0}}},{"from":[6.736247,5.5588303,8.142858],"to":[7.0219617,7.273116,8.714286],"rotation":{"angle":0.0,"axis":"y","origin":[11.021962,-1.8697414,8.0]},"faces":{"east":{"uv":[14.0125,12.7625,14.1125,13.1125],"rotation":0,"texture":"#3","tintindex":0},"south":{"uv":[1.1375,14.1375,1.2375,14.4875],"rotation":0,"texture":"#3","tintindex":0},"north":{"uv":[8.2625,14.0125,8.3625,14.3625],"rotation":0,"texture":"#3","tintindex":0},"west":{"uv":[3.2625,14.1375,3.3625,14.4875],"rotation":0,"texture":"#3","tintindex":0},"up":{"uv":[9.8625,6.9875,9.7625,6.8875],"rotation":0,"texture":"#3","tintindex":0},"down":{"uv":[10.7375,4.3875,10.6375,4.4875],"rotation":0,"texture":"#3","tintindex":0}}},{"from":[6.8791046,3.2731156,6.857143],"to":[9.164819,5.5588303,9.142858],"rotation":{"angle":0.0,"axis":"y","origin":[11.450533,-1.8697414,8.0]},"faces":{"east":{"uv":[8.7625,5.2625,9.2375,5.7375],"rotation":0,"texture":"#3","tintindex":0},"south":{"uv":[7.5125,8.7625,7.9875,9.2375],"rotation":0,"texture":"#3","tintindex":0},"north":{"uv":[3.7625,8.7625,4.2375,9.2375],"rotation":0,"texture":"#3","tintindex":0},"west":{"uv":[8.7625,7.6375,9.2375,8.1125],"rotation":0,"texture":"#3","tintindex":0},"up":{"uv":[8.6125,9.2375,8.1375,8.7625],"rotation":0,"texture":"#3","tintindex":0},"down":{"uv":[9.2375,8.2625,8.7625,8.7375],"rotation":0,"texture":"#3","tintindex":0}}}],"display":{"head":{"translation":[0.0,-6.4,0.0],"scale":[4.0,4.0,4.0]}}}