{
   "providers":[
      {
         "file":"magicgestures:custom/menu/gestures.png",
         "chars":[
            "𐇕𐇖𐇗𐇘𐇙𐇚𝄗𝄘𝄙𝄚𝄛𝄜𝄝𝄵",
            "𐇛𐇜𐇝𐇞𐇟𐇠𐇡𐇣𐇤𝄞𝄟𝄠𝄡𝄢𝄣𝄤𝄶",
            "𐇥𐇦𐇧𐇨𐇩𐇪𐇫𐇬𐇭𝄥𝄦𝄩𝄪𝄫𝄬𝄭𝄷",
            "𐇮𐇯𐇰𐇱𐇲𐇳𐇴𐇵𐇶𝄮𝄯𝄰𝄱𝄲𝄳𝄴𝄸"
         ],
         "height":16,
         "ascent":-23,
         "type":"bitmap"
      }
   ]
}