{
	"credit": "Made with Blockbench",
	"texture_size": [64, 64],
	"textures": {
		"1": "custom/elitecreatures/amethyst_weapons/shovel_amethyst_effect",
		"3": "custom/elitecreatures/amethyst_weapons/shovel_amethyst"
	},
	"elements": [
		{
			"from": [7.25, -3, 7.25],
			"to": [8.75, 17, 8.75],
			"rotation": {"angle": 0, "axis": "y", "origin": [8, 8.69573, 8]},
			"faces": {
				"north": {"uv": [0, 0, 0.375, 5], "texture": "#3"},
				"east": {"uv": [0.5, 0, 0.875, 5], "texture": "#3"},
				"south": {"uv": [1, 0, 1.375, 5], "texture": "#3"},
				"west": {"uv": [1.5, 0, 1.875, 5], "texture": "#3"},
				"up": {"uv": [7.375, 2.375, 7, 2], "texture": "#3"},
				"down": {"uv": [7.375, 2.5, 7, 2.875], "texture": "#3"}
			}
		},
		{
			"from": [6.25, 16.5, 6.5],
			"to": [9.75, 20, 9.5],
			"rotation": {"angle": 0, "axis": "y", "origin": [8, 8.69573, 8]},
			"faces": {
				"north": {"uv": [3, 4, 3.875, 4.875], "texture": "#3"},
				"east": {"uv": [4.75, 0, 5.5, 0.875], "texture": "#3"},
				"south": {"uv": [4, 4, 4.875, 4.875], "texture": "#3"},
				"west": {"uv": [4.75, 1, 5.5, 1.875], "texture": "#3"},
				"up": {"uv": [0.875, 5.75, 0, 5], "texture": "#3"},
				"down": {"uv": [1.875, 5, 1, 5.75], "texture": "#3"}
			}
		},
		{
			"from": [4.75, 20, 6],
			"to": [11.25, 21, 10],
			"rotation": {"angle": 0, "axis": "z", "origin": [9.875, 19.375, 8.5]},
			"faces": {
				"north": {"uv": [5.5, 3.5, 7.125, 3.75], "texture": "#3"},
				"east": {"uv": [6.25, 4, 7.25, 4.25], "texture": "#3"},
				"south": {"uv": [5.5, 3.75, 7.125, 4], "texture": "#3"},
				"west": {"uv": [6.25, 4, 7.25, 4.25], "texture": "#3"},
				"up": {"uv": [4.625, 1, 3, 0], "texture": "#3"},
				"down": {"uv": [4.625, 1, 3, 2], "texture": "#3"}
			}
		},
		{
			"from": [9.75, 21, 7],
			"to": [10.75, 28, 8.5],
			"rotation": {"angle": 0, "axis": "z", "origin": [6.125, 19.375, 7.25]},
			"faces": {
				"north": {"uv": [0, 5.75, 0.25, 7.5], "texture": "#3"},
				"east": {"uv": [3, 5, 3.375, 6.75], "texture": "#3"},
				"south": {"uv": [5.75, 0, 6, 1.75], "texture": "#3"},
				"west": {"uv": [3.5, 5, 3.875, 6.75], "texture": "#3"},
				"up": {"uv": [0.5, 7.875, 0.25, 7.5], "texture": "#3"},
				"down": {"uv": [0.75, 7.5, 0.5, 7.875], "texture": "#3"}
			}
		},
		{
			"from": [9.25, 21, 8.5],
			"to": [10.25, 27.5, 9],
			"rotation": {"angle": 0, "axis": "z", "origin": [6.125, 19.375, 7.25]},
			"faces": {
				"north": {"uv": [0.75, 5.75, 1, 7.375], "texture": "#3"},
				"east": {"uv": [3.25, 6.75, 3.375, 8.375], "texture": "#3"},
				"south": {"uv": [1, 5.75, 1.25, 7.375], "texture": "#3"},
				"west": {"uv": [3.5, 6.75, 3.625, 8.375], "texture": "#3"},
				"up": {"uv": [7.75, 1.875, 7.5, 1.75], "texture": "#3"},
				"down": {"uv": [2.25, 7.5, 2, 7.625], "texture": "#3"}
			}
		},
		{
			"from": [5.25, 21, 7],
			"to": [6.25, 28, 8.5],
			"rotation": {"angle": 0, "axis": "z", "origin": [9.875, 19.375, 7.25]},
			"faces": {
				"north": {"uv": [0.25, 5.75, 0, 7.5], "texture": "#3"},
				"east": {"uv": [3.875, 5, 3.5, 6.75], "texture": "#3"},
				"south": {"uv": [6, 0, 5.75, 1.75], "texture": "#3"},
				"west": {"uv": [3.375, 5, 3, 6.75], "texture": "#3"},
				"up": {"uv": [0.25, 7.875, 0.5, 7.5], "texture": "#3"},
				"down": {"uv": [0.5, 7.5, 0.75, 7.875], "texture": "#3"}
			}
		},
		{
			"from": [5.75, 21, 8.5],
			"to": [6.75, 27.5, 9],
			"rotation": {"angle": 0, "axis": "z", "origin": [9.875, 19.375, 7.25]},
			"faces": {
				"north": {"uv": [1, 5.75, 0.75, 7.375], "texture": "#3"},
				"east": {"uv": [3.625, 6.75, 3.5, 8.375], "texture": "#3"},
				"south": {"uv": [1.25, 5.75, 1, 7.375], "texture": "#3"},
				"west": {"uv": [3.375, 6.75, 3.25, 8.375], "texture": "#3"},
				"up": {"uv": [7.5, 1.875, 7.75, 1.75], "texture": "#3"},
				"down": {"uv": [2, 7.5, 2.25, 7.625], "texture": "#3"}
			}
		},
		{
			"from": [8.75, 24.75, 6.75],
			"to": [9.75, 30.25, 8.75],
			"rotation": {"angle": 45, "axis": "z", "origin": [8, 28.5, 7.75]},
			"faces": {
				"north": {"uv": [2.25, 6, 2.5, 7.375], "texture": "#3"},
				"east": {"uv": [2, 4.5, 2.5, 5.875], "texture": "#3"},
				"south": {"uv": [6, 4, 6.25, 5.375], "texture": "#3"},
				"west": {"uv": [4.5, 2, 5, 3.375], "texture": "#3"},
				"up": {"uv": [7.25, 6.75, 7, 6.25], "texture": "#3"},
				"down": {"uv": [7.25, 6.75, 7, 7.25], "texture": "#3"}
			}
		},
		{
			"from": [6.25, 24.75, 6.75],
			"to": [7.25, 29.25, 8.75],
			"rotation": {"angle": -45, "axis": "z", "origin": [8, 28.5, 7.75]},
			"faces": {
				"north": {"uv": [6.25, 2.25, 6.5, 3.375], "texture": "#3"},
				"east": {"uv": [5, 3.75, 5.5, 4.875], "texture": "#3"},
				"south": {"uv": [2.5, 6.25, 2.75, 7.375], "texture": "#3"},
				"west": {"uv": [4, 5, 4.5, 6.125], "texture": "#3"},
				"up": {"uv": [7.5, 0.5, 7.25, 0], "texture": "#3"},
				"down": {"uv": [7.5, 0.5, 7.25, 1], "texture": "#3"}
			}
		},
		{
			"from": [6.25, 24.25, 8.25],
			"to": [7.25, 28.25, 9.25],
			"rotation": {"angle": -45, "axis": "z", "origin": [8, 27.5, 8.75]},
			"faces": {
				"north": {"uv": [4.25, 6.25, 4.5, 7.25], "texture": "#3"},
				"east": {"uv": [7.25, 1, 7.375, 2], "texture": "#3"},
				"south": {"uv": [6.25, 6.5, 6.5, 7.5], "texture": "#3"},
				"west": {"uv": [7.25, 3.5, 7.375, 4.5], "texture": "#3"},
				"up": {"uv": [7.75, 2.375, 7.5, 2.25], "texture": "#3"},
				"down": {"uv": [2.75, 7.5, 2.5, 7.625], "texture": "#3"}
			}
		},
		{
			"from": [8.75, 24.25, 8.25],
			"to": [9.75, 29.25, 9.25],
			"rotation": {"angle": 45, "axis": "z", "origin": [8, 27.5, 8.75]},
			"faces": {
				"north": {"uv": [6, 5.5, 6.25, 6.75], "texture": "#3"},
				"east": {"uv": [7, 0.75, 7.125, 2], "texture": "#3"},
				"south": {"uv": [6.25, 1, 6.5, 2.25], "texture": "#3"},
				"west": {"uv": [1.75, 7, 1.875, 8.25], "texture": "#3"},
				"up": {"uv": [7.75, 2.125, 7.5, 2], "texture": "#3"},
				"down": {"uv": [2.5, 7.5, 2.25, 7.625], "texture": "#3"}
			}
		},
		{
			"from": [9.75, 17.25, 7],
			"to": [11.75, 19.25, 9],
			"rotation": {"angle": -45, "axis": "x", "origin": [10.75, 18.25, 8]},
			"faces": {
				"north": {"uv": [4.5, 3.5, 5, 4], "texture": "#3"},
				"east": {"uv": [5.75, 2.75, 6.25, 3.25], "texture": "#3"},
				"south": {"uv": [6.25, 4.5, 6.75, 5], "texture": "#3"},
				"west": {"uv": [6.25, 5, 6.75, 5.5], "texture": "#3"},
				"up": {"uv": [6.75, 6, 6.25, 5.5], "texture": "#3"},
				"down": {"uv": [5, 3.5, 4.5, 4], "texture": "#3"}
			}
		},
		{
			"from": [4.25, 17.25, 7],
			"to": [6.25, 19.25, 9],
			"rotation": {"angle": -45, "axis": "x", "origin": [5.25, 18.25, 8]},
			"faces": {
				"north": {"uv": [5, 3.5, 4.5, 4], "texture": "#3"},
				"east": {"uv": [6.75, 5, 6.25, 5.5], "texture": "#3"},
				"south": {"uv": [6.75, 4.5, 6.25, 5], "texture": "#3"},
				"west": {"uv": [6.25, 2.75, 5.75, 3.25], "texture": "#3"},
				"up": {"uv": [6.25, 6, 6.75, 5.5], "texture": "#3"},
				"down": {"uv": [4.5, 3.5, 5, 4], "texture": "#3"}
			}
		},
		{
			"from": [8.1, -5.5, 7.5],
			"to": [9.1, -4, 8.5],
			"rotation": {"angle": -22.5, "axis": "y", "origin": [8.6, -5, 8]},
			"faces": {
				"north": {"uv": [4.25, 7.25, 4.5, 7.625], "texture": "#3"},
				"east": {"uv": [4.5, 7.25, 4.75, 7.625], "texture": "#3"},
				"south": {"uv": [4.75, 7.25, 5, 7.625], "texture": "#3"},
				"west": {"uv": [7.25, 6.75, 7.5, 7.125], "texture": "#3"},
				"up": {"uv": [2, 6, 1.75, 5.75], "texture": "#3"},
				"down": {"uv": [6, 3.25, 5.75, 3.5], "texture": "#3"}
			}
		},
		{
			"from": [7.1, -6, 7.25],
			"to": [8.1, -4, 8.75],
			"rotation": {"angle": -45, "axis": "y", "origin": [7.6, -5, 8]},
			"faces": {
				"north": {"uv": [2, 7, 2.25, 7.5], "texture": "#3"},
				"east": {"uv": [6.5, 3, 6.875, 3.5], "texture": "#3"},
				"south": {"uv": [5.5, 7, 5.75, 7.5], "texture": "#3"},
				"west": {"uv": [4.5, 6.75, 4.875, 7.25], "texture": "#3"},
				"up": {"uv": [7.25, 7.625, 7, 7.25], "texture": "#3"},
				"down": {"uv": [7.5, 7.25, 7.25, 7.625], "texture": "#3"}
			}
		},
		{
			"from": [6.5, -4, 6.75],
			"to": [9.5, -3, 9.25],
			"rotation": {"angle": 0, "axis": "y", "origin": [8, 8.69573, 8]},
			"faces": {
				"north": {"uv": [6.75, 4.5, 7.5, 4.75], "texture": "#3"},
				"east": {"uv": [5, 6.75, 5.625, 7], "texture": "#3"},
				"south": {"uv": [6.75, 4.75, 7.5, 5], "texture": "#3"},
				"west": {"uv": [6.75, 5, 7.375, 5.25], "texture": "#3"},
				"up": {"uv": [5.25, 5.625, 4.5, 5], "texture": "#3"},
				"down": {"uv": [6, 5, 5.25, 5.625], "texture": "#3"}
			}
		},
		{
			"from": [11.36144, 2.69922, 7.7],
			"to": [12.36144, 5.19922, 8.7],
			"rotation": {"angle": -45, "axis": "z", "origin": [7.75, 6, 8]},
			"faces": {
				"north": {"uv": [6, 1, 6.25, 1.625], "texture": "#3"},
				"east": {"uv": [3.75, 6.75, 4, 7.375], "texture": "#3"},
				"south": {"uv": [6.75, 5.25, 7, 5.875], "texture": "#3"},
				"west": {"uv": [5.75, 6.75, 6, 7.375], "texture": "#3"},
				"up": {"uv": [6.25, 3.5, 6, 3.25], "texture": "#3"},
				"down": {"uv": [1, 7.5, 0.75, 7.75], "texture": "#3"}
			}
		},
		{
			"from": [9.31519, 1.45537, 7.35],
			"to": [10.56519, 5.45537, 8.6],
			"rotation": {"angle": -22.5, "axis": "z", "origin": [7.75, 6, 8]},
			"faces": {
				"north": {"uv": [5.5, 4, 5.875, 5], "texture": "#3"},
				"east": {"uv": [1.25, 5.75, 1.625, 6.75], "texture": "#3"},
				"south": {"uv": [5.75, 1.75, 6.125, 2.75], "texture": "#3"},
				"west": {"uv": [4.5, 5.75, 4.875, 6.75], "texture": "#3"},
				"up": {"uv": [7.375, 3.375, 7, 3], "texture": "#3"},
				"down": {"uv": [5.375, 7, 5, 7.375], "texture": "#3"}
			}
		},
		{
			"from": [9.54289, 8.46825, 7.7],
			"to": [10.54289, 10.96825, 8.7],
			"rotation": {"angle": 45, "axis": "z", "origin": [8.25, 6, 8]},
			"faces": {
				"north": {"uv": [6, 6.75, 6.25, 7.375], "texture": "#3"},
				"east": {"uv": [6.75, 6, 7, 6.625], "texture": "#3"},
				"south": {"uv": [6.75, 6.75, 7, 7.375], "texture": "#3"},
				"west": {"uv": [7, 0, 7.25, 0.625], "texture": "#3"},
				"up": {"uv": [1.25, 7.75, 1, 7.5], "texture": "#3"},
				"down": {"uv": [7.75, 1, 7.5, 1.25], "texture": "#3"}
			}
		},
		{
			"from": [6.42518, 8.86924, 7.35],
			"to": [7.67518, 12.86924, 8.6],
			"rotation": {"angle": 22.5, "axis": "z", "origin": [6.80018, 10.86924, 7.975]},
			"faces": {
				"north": {"uv": [5, 5.75, 5.375, 6.75], "texture": "#3"},
				"east": {"uv": [5.5, 5.75, 5.875, 6.75], "texture": "#3"},
				"south": {"uv": [6, 0, 6.375, 1], "texture": "#3"},
				"west": {"uv": [1.75, 6, 2.125, 7], "texture": "#3"},
				"up": {"uv": [7.375, 5.625, 7, 5.25], "texture": "#3"},
				"down": {"uv": [7.375, 5.75, 7, 6.125], "texture": "#3"}
			}
		},
		{
			"from": [6.75, 21, 8.5],
			"to": [9.25, 29, 9],
			"rotation": {"angle": 0, "axis": "z", "origin": [6.125, 19.375, 7.25]},
			"faces": {
				"north": {"uv": [3, 2, 3.625, 4], "texture": "#3"},
				"east": {"uv": [6.5, 6.5, 6.625, 8.5], "texture": "#3"},
				"south": {"uv": [3.75, 2, 4.375, 4], "texture": "#3"},
				"west": {"uv": [1.25, 6.75, 1.375, 8.75], "texture": "#3"},
				"up": {"uv": [8.125, 0.625, 7.5, 0.5], "texture": "#3"},
				"down": {"uv": [8.125, 0.75, 7.5, 0.875], "texture": "#3"}
			}
		},
		{
			"from": [6.25, 21, 7.5],
			"to": [9.75, 30, 8.5],
			"rotation": {"angle": 0, "axis": "z", "origin": [6.125, 19.375, 7.25]},
			"faces": {
				"north": {"uv": [10, 0.625, 10.875, 2.875], "texture": "#3"},
				"east": {"uv": [2.75, 6.25, 2.875, 8.375], "texture": "#3"},
				"south": {"uv": [2, 2.25, 2.875, 4.375], "texture": "#3"},
				"west": {"uv": [4, 6.25, 4.125, 8.375], "texture": "#3"},
				"up": {"uv": [8.125, 6.375, 7.25, 6.25], "texture": "#3"},
				"down": {"uv": [8.125, 6.5, 7.25, 6.625], "texture": "#3"}
			}
		},
		{
			"from": [4.25, 17.5, 6.5],
			"to": [12.25, 30.5, 6.5],
			"rotation": {"angle": 0, "axis": "y", "origin": [8, 8.69573, 8]},
			"faces": {
				"north": {"uv": [0, 0, 8, 13], "texture": "#1"},
				"east": {"uv": [4, 4, 4, 8], "texture": "#1"},
				"south": {"uv": [0, 14.5, 1.5, 16], "texture": "#1"},
				"west": {"uv": [5.5, 4, 5.5, 8], "texture": "#1"},
				"up": {"uv": [10, 0, 6, 0], "texture": "#1"},
				"down": {"uv": [10, 1.5, 6, 1.5], "texture": "#1"}
			}
		},
		{
			"from": [3.75, 17.5, 9.5],
			"to": [11.75, 30.5, 9.5],
			"rotation": {"angle": 0, "axis": "y", "origin": [8, 8.69573, 8]},
			"faces": {
				"north": {"uv": [0, 14.5, 1.5, 16], "texture": "#1"},
				"east": {"uv": [5.5, 4, 5.5, 8], "texture": "#1"},
				"south": {"uv": [8, 0, 16, 13], "texture": "#1"},
				"west": {"uv": [4, 4, 4, 8], "texture": "#1"},
				"up": {"uv": [6, 0, 10, 0], "texture": "#1"},
				"down": {"uv": [6, 1.5, 10, 1.5], "texture": "#1"}
			}
		}
	],
	"display": {
		"thirdperson_righthand": {
			"rotation": [0, 90, 0],
			"translation": [0, 1.75, 1.5],
			"scale": [0.73, 0.72, 0.67]
		},
		"thirdperson_lefthand": {
			"rotation": [0, 90, 0],
			"translation": [0, 1.75, 1.5],
			"scale": [0.73, 0.72, 0.67]
		},
		"firstperson_righthand": {
			"rotation": [0, 90, 0],
			"translation": [3, 1.25, 0],
			"scale": [0.66, 0.67, 0.66]
		},
		"firstperson_lefthand": {
			"rotation": [0, -90, 0],
			"translation": [3, 1.25, 0],
			"scale": [0.66, 0.67, 0.66]
		},
		"ground": {
			"rotation": [90, 0, 0],
			"scale": [0.61, 0.6, 0.62]
		},
		"gui": {
			"rotation": [0, 0, -45],
			"translation": [-1.5, -1.5, 0],
			"scale": [0.51, 0.52, 0.52]
		},
		"fixed": {
			"translation": [0, 0, -2.5]
		}
	}
}