{ "custom.corruptedprowler.idle": { "category": "hostile", "sounds": [ { "name": "custom/mobs/corruptedprowler/idle1" }, { "name": "custom/mobs/corruptedprowler/idle2" }, { "name": "custom/mobs/corruptedprowler/idle3" } ], "subtitle": "Corrupted one growls" }, 
"custom.corruptedprowler.death": { "category": "hostile", "sounds": [ { "name": "custom/mobs/corruptedprowler/death1" }, { "name": "custom/mobs/corruptedprowler/death2" } ], "subtitle": "Corrupted being dies" }, 

"custom.corruptedprowler.efforta": { "category": "hostile", "sounds": [ { "name": "custom/mobs/corruptedprowler/efforta1" }, { "name": "custom/mobs/corruptedprowler/efforta2" }, { "name": "custom/mobs/corruptedprowler/efforta3" } ], "subtitle": "Corrupted voice efforts" },
"custom.corruptedprowler.effortb": { "category": "hostile", "sounds": [ { "name": "custom/mobs/corruptedprowler/effortb1" }, { "name": "custom/mobs/corruptedprowler/effortb2" }, { "name": "custom/mobs/corruptedprowler/effortb3" } ], "subtitle": "Corrupted voice efforts" },

"custom.corruptedprowler.rage": { "category": "hostile", "sounds": [ { "name": "custom/mobs/corruptedprowler/rage1" }, { "name": "custom/mobs/corruptedprowler/rage2" }, { "name": "custom/mobs/corruptedprowler/rage3" } ], "subtitle": "Corrupted rage screams" }, 
"custom.corruptedprowler.frenzy": { "category": "hostile", "sounds": [ { "name": "custom/mobs/corruptedprowler/frenzy1" }, { "name": "custom/mobs/corruptedprowler/frenzy2" } ], "subtitle": "Corrupted frenzy" }, 

"custom.corruptedprowler.hurt": { "category": "hostile", "sounds": [ { "name": "custom/mobs/corruptedprowler/hurt1" }, { "name": "custom/mobs/corruptedprowler/hurt2" }, { "name": "custom/mobs/corruptedprowler/hurt3" } ], "subtitle": "Corrupted being hurt" }, 
"custom.corruptedprowler.hurtedbad": { "category": "hostile", "sounds": [ { "name": "custom/mobs/corruptedprowler/hurtedbad1" }, { "name": "custom/mobs/corruptedprowler/hurtedbad2" }, { "name": "custom/mobs/corruptedprowler/hurtedbad3" } ], "subtitle": "Pain screams" }

}