{"textures":{"0":"modelengine:entity/voiddragon"},"elements":[{"from":[19.224045,8.498189,15.5634985],"to":[19.65771,9.127002,27.272425],"rotation":{"angle":-22.5,"axis":"y","origin":[19.440876,8.812595,21.417961]},"faces":{"east":{"uv":[8.46875,3.8125,9.3125,3.859375],"rotation":0,"texture":"#0","tintindex":0},"south":{"uv":[4.40625,9.0625,4.4375,9.109375],"rotation":0,"texture":"#0","tintindex":0},"north":{"uv":[4.375,9.0625,4.40625,9.109375],"rotation":0,"texture":"#0","tintindex":0},"west":{"uv":[8.46875,3.875,9.3125,3.921875],"rotation":0,"texture":"#0","tintindex":0},"up":{"uv":[5.34375,9.53125,5.3125,8.6875],"rotation":0,"texture":"#0","tintindex":0},"down":{"uv":[5.375,8.6875,5.34375,9.53125],"rotation":0,"texture":"#0","tintindex":0}}},{"from":[21.198105,8.487347,1.296669],"to":[22.065432,9.137843,16.258076],"rotation":{"angle":0.0,"axis":"y","origin":[21.631767,8.812595,8.777373]},"faces":{"east":{"uv":[8.25,8.03125,9.328125,8.078125],"rotation":0,"texture":"#0","tintindex":0},"south":{"uv":[9.03125,7.5,9.09375,7.546875],"rotation":0,"texture":"#0","tintindex":0},"north":{"uv":[9.03125,7.4375,9.09375,7.484375],"rotation":0,"texture":"#0","tintindex":0},"west":{"uv":[8.28125,1.34375,9.359375,1.390625],"rotation":0,"texture":"#0","tintindex":0},"up":{"uv":[3.71875,9.140625,3.65625,8.0625],"rotation":0,"texture":"#0","tintindex":0},"down":{"uv":[3.78125,8.0625,3.71875,9.140625],"rotation":0,"texture":"#0","tintindex":0}}},{"from":[18.914848,8.378931,-9.091942],"to":[20.21584,9.246259,1.9664898],"rotation":{"angle":22.5,"axis":"y","origin":[19.565344,8.812595,-3.562727]},"faces":{"east":{"uv":[8.3125,5.84375,9.109375,5.90625],"rotation":0,"texture":"#0","tintindex":0},"south":{"uv":[8.96875,6.25,9.0625,6.3125],"rotation":0,"texture":"#0","tintindex":0},"north":{"uv":[8.96875,6.1875,9.0625,6.25],"rotation":0,"texture":"#0","tintindex":0},"west":{"uv":[8.3125,5.90625,9.109375,5.96875],"rotation":0,"texture":"#0","tintindex":0},"up":{"uv":[0.5625,8.859375,0.46875,8.0625],"rotation":0,"texture":"#0","tintindex":0},"down":{"uv":[0.65625,8.0625,0.5625,8.859375],"rotation":0,"texture":"#0","tintindex":0}}},{"from":[15.522137,8.812595,27.66336],"to":[16.389465,8.812595,32.0],"rotation":{"angle":-22.5,"axis":"y","origin":[15.9558,8.812595,29.83168]},"faces":{"east":{"uv":[0.0,0.0,0.3125,0.0],"rotation":0,"texture":"#0","tintindex":0},"south":{"uv":[0.0,0.0,0.0625,0.0],"rotation":0,"texture":"#0","tintindex":0},"north":{"uv":[0.0,0.0,0.0625,0.0],"rotation":0,"texture":"#0","tintindex":0},"west":{"uv":[0.0,0.0,0.3125,0.0],"rotation":0,"texture":"#0","tintindex":0},"up":{"uv":[5.71875,9.15625,5.65625,8.84375],"rotation":0,"texture":"#0","tintindex":0},"down":{"uv":[5.71875,8.84375,5.65625,9.15625],"rotation":0,"texture":"#0","tintindex":0}}},{"from":[16.55936,8.379365,26.785517],"to":[17.42669,9.246693,27.869678],"rotation":{"angle":-22.5,"axis":"y","origin":[16.993027,8.813028,27.327599]},"faces":{"east":{"uv":[9.0,3.0625,9.078125,3.125],"rotation":0,"texture":"#0","tintindex":0},"south":{"uv":[2.53125,9.03125,2.59375,9.09375],"rotation":0,"texture":"#0","tintindex":0},"north":{"uv":[2.46875,9.03125,2.53125,9.09375],"rotation":0,"texture":"#0","tintindex":0},"west":{"uv":[9.0,3.125,9.078125,3.1875],"rotation":0,"texture":"#0","tintindex":0},"up":{"uv":[3.96875,9.078125,3.90625,9.0],"rotation":0,"texture":"#0","tintindex":0},"down":{"uv":[4.03125,9.0,3.96875,9.078125],"rotation":0,"texture":"#0","tintindex":0}}},{"from":[-1.7860899,8.812595,-9.761765],"to":[21.414936,8.812595,27.53334],"rotation":{"angle":0.0,"axis":"y","origin":[9.814423,8.812595,8.885789]},"faces":{"east":{"uv":[0.0,0.0,2.6875,0.0],"rotation":0,"texture":"#0","tintindex":0},"south":{"uv":[0.0,0.0,1.671875,0.0],"rotation":0,"texture":"#0","tintindex":0},"north":{"uv":[0.0,0.0,1.671875,0.0],"rotation":0,"texture":"#0","tintindex":0},"west":{"uv":[0.0,0.0,2.6875,0.0],"rotation":0,"texture":"#0","tintindex":0},"up":{"uv":[6.734375,2.6875,5.0625,0.0],"rotation":0,"texture":"#0","tintindex":0},"down":{"uv":[6.734375,0.0,5.0625,2.6875],"rotation":0,"texture":"#0","tintindex":0}}},{"from":[16.804213,8.98606,-11.694881],"to":[17.888374,9.853389,-9.092899],"rotation":{"angle":0.0,"axis":"y","origin":[17.346294,9.419724,-10.39389]},"faces":{"east":{"uv":[9.03125,7.125,8.84375,7.1875],"rotation":0,"texture":"#0","tintindex":0},"south":{"uv":[3.140625,9.0,3.0625,9.0625],"rotation":0,"texture":"#0","tintindex":0},"north":{"uv":[9.078125,2.875,9.0,2.9375],"rotation":0,"texture":"#0","tintindex":0},"west":{"uv":[8.84375,0.90625,8.65625,0.96875],"rotation":0,"texture":"#0","tintindex":0},"up":{"uv":[1.78125,9.0625,1.859375,8.875],"rotation":0,"texture":"#0","tintindex":0},"down":{"uv":[8.875,1.875,8.953125,2.0625],"rotation":0,"texture":"#0","tintindex":0}}},{"from":[16.389097,9.419724,-13.781811],"to":[17.473257,9.419724,-11.396656],"rotation":{"angle":22.5,"axis":"y","origin":[16.931177,9.419724,-12.589233]},"faces":{"east":{"uv":[0.171875,0.0,0.0,0.0],"rotation":0,"texture":"#0","tintindex":0},"south":{"uv":[0.078125,0.0,0.0,0.0],"rotation":0,"texture":"#0","tintindex":0},"north":{"uv":[0.078125,0.0,0.0,0.0],"rotation":0,"texture":"#0","tintindex":0},"west":{"uv":[0.171875,0.0,0.0,0.0],"rotation":0,"texture":"#0","tintindex":0},"up":{"uv":[4.03125,9.046875,4.109375,8.875],"rotation":0,"texture":"#0","tintindex":0},"down":{"uv":[4.03125,8.875,4.109375,9.046875],"rotation":0,"texture":"#0","tintindex":0}}},{"from":[16.153717,7.7934847,-9.743393],"to":[18.538868,11.045965,-7.358242],"rotation":{"angle":0.0,"axis":"y","origin":[17.346294,9.419724,-8.550819]},"faces":{"east":{"uv":[8.46875,8.46875,8.640625,8.703125],"rotation":0,"texture":"#0","tintindex":0},"south":{"uv":[2.21875,8.5,2.390625,8.734375],"rotation":0,"texture":"#0","tintindex":0},"north":{"uv":[8.28125,8.46875,8.453125,8.703125],"rotation":0,"texture":"#0","tintindex":0},"west":{"uv":[2.40625,8.5,2.578125,8.734375],"rotation":0,"texture":"#0","tintindex":0},"up":{"uv":[8.796875,6.421875,8.625,6.25],"rotation":0,"texture":"#0","tintindex":0},"down":{"uv":[7.203125,8.625,7.03125,8.796875],"rotation":0,"texture":"#0","tintindex":0}}},{"from":[27.7226,9.007744,-1.5364237],"to":[28.58993,9.658239,13.424985],"rotation":{"angle":22.5,"axis":"y","origin":[28.156265,9.332992,5.94428]},"faces":{"east":{"uv":[8.28125,1.40625,9.359375,1.453125],"rotation":0,"texture":"#0","tintindex":0},"south":{"uv":[7.625,9.03125,7.6875,9.078125],"rotation":0,"texture":"#0","tintindex":0},"north":{"uv":[7.5625,9.03125,7.625,9.078125],"rotation":0,"texture":"#0","tintindex":0},"west":{"uv":[8.28125,1.46875,9.359375,1.515625],"rotation":0,"texture":"#0","tintindex":0},"up":{"uv":[3.84375,9.140625,3.78125,8.0625],"rotation":0,"texture":"#0","tintindex":0},"down":{"uv":[3.90625,8.0625,3.84375,9.140625],"rotation":0,"texture":"#0","tintindex":0}}},{"from":[20.720968,8.899328,-10.565071],"to":[22.021961,9.766656,0.9270253],"rotation":{"angle":45.0,"axis":"y","origin":[21.371464,9.332992,-4.819023]},"faces":{"east":{"uv":[8.25,6.46875,9.078125,6.53125],"rotation":0,"texture":"#0","tintindex":0},"south":{"uv":[8.96875,6.375,9.0625,6.4375],"rotation":0,"texture":"#0","tintindex":0},"north":{"uv":[8.96875,6.3125,9.0625,6.375],"rotation":0,"texture":"#0","tintindex":0},"west":{"uv":[8.25,6.53125,9.078125,6.59375],"rotation":0,"texture":"#0","tintindex":0},"up":{"uv":[0.1875,8.890625,0.09375,8.0625],"rotation":0,"texture":"#0","tintindex":0},"down":{"uv":[0.28125,8.0625,0.1875,8.890625],"rotation":0,"texture":"#0","tintindex":0}}},{"from":[30.752659,9.018585,12.606615],"to":[31.186323,9.647398,24.315544],"rotation":{"angle":0.0,"axis":"y","origin":[30.96949,9.332992,18.461079]},"faces":{"east":{"uv":[8.46875,3.9375,9.3125,3.984375],"rotation":0,"texture":"#0","tintindex":0},"south":{"uv":[4.4375,9.0625,4.46875,9.109375],"rotation":0,"texture":"#0","tintindex":0},"north":{"uv":[9.0625,4.40625,9.09375,4.453125],"rotation":0,"texture":"#0","tintindex":0},"west":{"uv":[8.46875,7.6875,9.3125,7.734375],"rotation":0,"texture":"#0","tintindex":0},"up":{"uv":[5.40625,9.53125,5.375,8.6875],"rotation":0,"texture":"#0","tintindex":0},"down":{"uv":[5.4375,8.6875,5.40625,9.53125],"rotation":0,"texture":"#0","tintindex":0}}},{"from":[30.535826,8.899328,24.315544],"to":[31.403154,9.766656,25.399704],"rotation":{"angle":0.0,"axis":"y","origin":[30.96949,9.332992,24.857622]},"faces":{"east":{"uv":[9.0,3.34375,9.078125,3.40625],"rotation":0,"texture":"#0","tintindex":0},"south":{"uv":[2.65625,9.03125,2.71875,9.09375],"rotation":0,"texture":"#0","tintindex":0},"north":{"uv":[2.59375,9.03125,2.65625,9.09375],"rotation":0,"texture":"#0","tintindex":0},"west":{"uv":[4.5,9.0,4.578125,9.0625],"rotation":0,"texture":"#0","tintindex":0},"up":{"uv":[4.65625,9.078125,4.59375,9.0],"rotation":0,"texture":"#0","tintindex":0},"down":{"uv":[4.84375,9.0,4.78125,9.078125],"rotation":0,"texture":"#0","tintindex":0}}},{"from":[30.535826,9.332558,25.399704],"to":[31.403154,9.332558,29.736343],"rotation":{"angle":0.0,"axis":"y","origin":[30.96949,9.332558,27.568024]},"faces":{"east":{"uv":[0.0,0.0,0.3125,0.0],"rotation":0,"texture":"#0","tintindex":0},"south":{"uv":[0.0,0.0,0.0625,0.0],"rotation":0,"texture":"#0","tintindex":0},"north":{"uv":[0.0,0.0,0.0625,0.0],"rotation":0,"texture":"#0","tintindex":0},"west":{"uv":[0.0,0.0,0.3125,0.0],"rotation":0,"texture":"#0","tintindex":0},"up":{"uv":[6.1875,9.15625,6.125,8.84375],"rotation":0,"texture":"#0","tintindex":0},"down":{"uv":[5.71875,8.84375,5.65625,9.15625],"rotation":0,"texture":"#0","tintindex":0}}},{"from":[5.6794395,9.332558,-8.080807],"to":[28.880465,9.332558,29.214298],"rotation":{"angle":22.5,"axis":"y","origin":[17.279953,9.332558,10.566746]},"faces":{"east":{"uv":[0.0,0.0,2.6875,0.0],"rotation":0,"texture":"#0","tintindex":0},"south":{"uv":[0.0,0.0,1.671875,0.0],"rotation":0,"texture":"#0","tintindex":0},"north":{"uv":[0.0,0.0,1.671875,0.0],"rotation":0,"texture":"#0","tintindex":0},"west":{"uv":[0.0,0.0,2.6875,0.0],"rotation":0,"texture":"#0","tintindex":0},"up":{"uv":[1.671875,8.0625,0.0,5.375],"rotation":0,"texture":"#0","tintindex":0},"down":{"uv":[1.671875,5.375,0.0,8.0625],"rotation":0,"texture":"#0","tintindex":0}}},{"from":[6.0914993,8.335565,-4.668313],"to":[18.884586,10.503884,-2.7168245],"rotation":{"angle":45.0,"axis":"y","origin":[12.488043,9.419724,-3.6925688]},"faces":{"east":{"uv":[8.75,2.8125,8.890625,2.96875],"rotation":0,"texture":"#0","tintindex":0},"south":{"uv":[7.1875,4.1875,8.109375,4.34375],"rotation":0,"texture":"#0","tintindex":0},"north":{"uv":[7.1875,4.03125,8.109375,4.1875],"rotation":0,"texture":"#0","tintindex":0},"west":{"uv":[6.3125,8.75,6.453125,8.90625],"rotation":0,"texture":"#0","tintindex":0},"up":{"uv":[8.234375,6.640625,7.3125,6.5],"rotation":0,"texture":"#0","tintindex":0},"down":{"uv":[8.234375,6.65625,7.3125,6.796875],"rotation":0,"texture":"#0","tintindex":0}}}],"display":{"head":{"translation":[0.0,-6.4,29.315819],"scale":[4.0,4.0,4.0]}}}