{"textures":{"0":"modelengine:entity/voiddragon"},"elements":[{"from":[4.3921676,1.6740108,2.7486734],"to":[5.166568,2.4484115,4.297474],"rotation":{"angle":22.5,"axis":"y","origin":[4.7793674,2.061211,3.5230737]},"faces":{"east":{"uv":[1.375,8.84375,1.40625,8.90625],"rotation":270,"texture":"#0","tintindex":0},"south":{"uv":[7.96875,1.59375,7.9375,1.5625],"rotation":0,"texture":"#0","tintindex":0},"north":{"uv":[7.96875,3.84375,7.9375,3.875],"rotation":180,"texture":"#0","tintindex":0},"west":{"uv":[5.71875,8.84375,5.75,8.90625],"rotation":90,"texture":"#0","tintindex":0},"up":{"uv":[8.15625,8.8125,8.1875,8.875],"rotation":180,"texture":"#0","tintindex":0},"down":{"uv":[4.96875,8.84375,5.0,8.90625],"rotation":0,"texture":"#0","tintindex":0}}},{"from":[3.7994676,1.6740108,1.317769],"to":[4.573868,2.4484115,2.8665686],"rotation":{"angle":22.5,"axis":"y","origin":[4.1866674,2.061211,2.0921688]},"faces":{"east":{"uv":[2.5625,8.8125,2.59375,8.875],"rotation":270,"texture":"#0","tintindex":0},"south":{"uv":[7.9375,3.875,7.90625,3.84375],"rotation":0,"texture":"#0","tintindex":0},"north":{"uv":[7.9375,6.46875,7.90625,6.5],"rotation":180,"texture":"#0","tintindex":0},"west":{"uv":[7.1875,8.8125,7.21875,8.875],"rotation":90,"texture":"#0","tintindex":0},"up":{"uv":[8.78125,7.3125,8.8125,7.375],"rotation":180,"texture":"#0","tintindex":0},"down":{"uv":[8.8125,5.40625,8.84375,5.46875],"rotation":0,"texture":"#0","tintindex":0}}},{"from":[3.5939674,1.6740108,-0.11313534],"to":[3.5939674,2.4484115,1.4356642],"rotation":{"angle":22.5,"axis":"y","origin":[3.5939674,2.061211,0.6612644]},"faces":{"east":{"uv":[4.96875,8.84375,5.0,8.78125],"rotation":90,"texture":"#0","tintindex":0},"south":{"uv":[0.0,0.03125,0.0,0.0],"rotation":0,"texture":"#0","tintindex":0},"north":{"uv":[0.0,0.0,0.0,0.03125],"rotation":180,"texture":"#0","tintindex":0},"west":{"uv":[4.96875,8.78125,5.0,8.84375],"rotation":90,"texture":"#0","tintindex":0},"up":{"uv":[0.0,0.0,0.0,0.0625],"rotation":180,"texture":"#0","tintindex":0},"down":{"uv":[0.0,0.0,0.0,0.0625],"rotation":0,"texture":"#0","tintindex":0}}},{"from":[5.5083427,1.6740108,2.7192001],"to":[6.2827425,2.4484115,4.2679996],"rotation":{"angle":0.0,"axis":"y","origin":[5.8955426,2.061211,3.4936]},"faces":{"east":{"uv":[2.0,8.90625,2.03125,8.96875],"rotation":270,"texture":"#0","tintindex":0},"south":{"uv":[8.0,1.59375,7.96875,1.5625],"rotation":0,"texture":"#0","tintindex":0},"north":{"uv":[8.0,3.84375,7.96875,3.875],"rotation":180,"texture":"#0","tintindex":0},"west":{"uv":[6.4375,8.90625,6.46875,8.96875],"rotation":90,"texture":"#0","tintindex":0},"up":{"uv":[1.625,8.90625,1.65625,8.96875],"rotation":180,"texture":"#0","tintindex":0},"down":{"uv":[5.84375,8.90625,5.875,8.96875],"rotation":0,"texture":"#0","tintindex":0}}},{"from":[5.5083427,1.6740108,1.1703997],"to":[6.2827425,2.4484115,2.7192001],"rotation":{"angle":0.0,"axis":"y","origin":[5.8955426,2.061211,1.9447999]},"faces":{"east":{"uv":[0.25,8.90625,0.28125,8.96875],"rotation":270,"texture":"#0","tintindex":0},"south":{"uv":[7.96875,6.15625,7.9375,6.125],"rotation":0,"texture":"#0","tintindex":0},"north":{"uv":[7.96875,6.46875,7.9375,6.5],"rotation":180,"texture":"#0","tintindex":0},"west":{"uv":[1.375,8.90625,1.40625,8.96875],"rotation":90,"texture":"#0","tintindex":0},"up":{"uv":[8.25,8.875,8.28125,8.9375],"rotation":180,"texture":"#0","tintindex":0},"down":{"uv":[0.78125,8.90625,0.8125,8.96875],"rotation":0,"texture":"#0","tintindex":0}}},{"from":[5.8955426,1.6740108,-0.3784008],"to":[5.8955426,2.4484115,1.1703997],"rotation":{"angle":0.0,"axis":"y","origin":[5.8955426,2.061211,0.39599943]},"faces":{"east":{"uv":[4.96875,8.84375,5.0,8.78125],"rotation":90,"texture":"#0","tintindex":0},"south":{"uv":[0.0,0.03125,0.0,0.0],"rotation":0,"texture":"#0","tintindex":0},"north":{"uv":[0.0,0.0,0.0,0.03125],"rotation":180,"texture":"#0","tintindex":0},"west":{"uv":[7.1875,8.875,7.21875,8.9375],"rotation":90,"texture":"#0","tintindex":0},"up":{"uv":[0.0,0.0,0.0,0.0625],"rotation":180,"texture":"#0","tintindex":0},"down":{"uv":[0.0,0.0,0.0,0.0625],"rotation":0,"texture":"#0","tintindex":0}}},{"from":[6.624518,1.6740108,2.7486734],"to":[7.3989177,2.4484115,4.297474],"rotation":{"angle":-22.5,"axis":"y","origin":[7.011718,2.061211,3.5230737]},"faces":{"east":{"uv":[7.375,8.96875,7.40625,9.03125],"rotation":270,"texture":"#0","tintindex":0},"south":{"uv":[8.03125,1.59375,8.0,1.5625],"rotation":0,"texture":"#0","tintindex":0},"north":{"uv":[8.03125,3.84375,8.0,3.875],"rotation":180,"texture":"#0","tintindex":0},"west":{"uv":[8.25,9.0,8.28125,9.0625],"rotation":90,"texture":"#0","tintindex":0},"up":{"uv":[6.4375,8.96875,6.46875,9.03125],"rotation":180,"texture":"#0","tintindex":0},"down":{"uv":[0.90625,9.0,0.9375,9.0625],"rotation":0,"texture":"#0","tintindex":0}}},{"from":[7.217218,1.6740108,1.317769],"to":[7.991618,2.4484115,2.8665686],"rotation":{"angle":-22.5,"axis":"y","origin":[7.604418,2.061211,2.0921688]},"faces":{"east":{"uv":[1.375,8.96875,1.40625,9.03125],"rotation":270,"texture":"#0","tintindex":0},"south":{"uv":[8.0,6.15625,7.96875,6.125],"rotation":0,"texture":"#0","tintindex":0},"north":{"uv":[8.0,6.46875,7.96875,6.5],"rotation":180,"texture":"#0","tintindex":0},"west":{"uv":[6.03125,8.96875,6.0625,9.03125],"rotation":90,"texture":"#0","tintindex":0},"up":{"uv":[8.25,8.9375,8.28125,9.0],"rotation":180,"texture":"#0","tintindex":0},"down":{"uv":[1.75,8.96875,1.78125,9.03125],"rotation":0,"texture":"#0","tintindex":0}}},{"from":[8.197118,1.6740108,-0.11313534],"to":[8.197118,2.4484115,1.4356642],"rotation":{"angle":-22.5,"axis":"y","origin":[8.197118,2.061211,0.6612644]},"faces":{"east":{"uv":[4.96875,8.84375,5.0,8.78125],"rotation":90,"texture":"#0","tintindex":0},"south":{"uv":[0.0,0.03125,0.0,0.0],"rotation":0,"texture":"#0","tintindex":0},"north":{"uv":[0.0,0.0,0.0,0.03125],"rotation":180,"texture":"#0","tintindex":0},"west":{"uv":[6.6875,8.9375,6.71875,9.0],"rotation":90,"texture":"#0","tintindex":0},"up":{"uv":[0.0,0.0,0.0,0.0625],"rotation":180,"texture":"#0","tintindex":0},"down":{"uv":[0.0,0.0,0.0,0.0625],"rotation":0,"texture":"#0","tintindex":0}}},{"from":[4.733943,1.596571,3.8807998],"to":[7.0571427,2.3709712,6.204],"rotation":{"angle":0.0,"axis":"y","origin":[5.8955426,1.9837708,5.0424]},"faces":{"east":{"uv":[5.0,8.25,5.03125,8.34375],"rotation":270,"texture":"#0","tintindex":0},"south":{"uv":[7.28125,5.875,7.1875,5.84375],"rotation":0,"texture":"#0","tintindex":0},"north":{"uv":[7.3125,3.84375,7.21875,3.875],"rotation":180,"texture":"#0","tintindex":0},"west":{"uv":[6.71875,8.25,6.75,8.34375],"rotation":90,"texture":"#0","tintindex":0},"up":{"uv":[8.9375,0.21875,9.03125,0.3125],"rotation":180,"texture":"#0","tintindex":0},"down":{"uv":[8.9375,0.3125,9.03125,0.40625],"rotation":0,"texture":"#0","tintindex":0}}},{"from":[4.9275427,1.8028884,5.9411745],"to":[6.8635426,8.772489,7.877175],"rotation":{"angle":22.5,"axis":"x","origin":[5.8955426,5.2876883,6.909175]},"faces":{"east":{"uv":[6.71875,8.75,6.796875,9.03125],"rotation":0,"texture":"#0","tintindex":0},"south":{"uv":[6.8125,8.75,6.890625,9.03125],"rotation":0,"texture":"#0","tintindex":0},"north":{"uv":[6.46875,8.75,6.546875,9.03125],"rotation":0,"texture":"#0","tintindex":0},"west":{"uv":[7.625,8.75,7.703125,9.03125],"rotation":0,"texture":"#0","tintindex":0},"up":{"uv":[9.046875,5.171875,8.96875,5.09375],"rotation":0,"texture":"#0","tintindex":0},"down":{"uv":[9.046875,5.1875,8.96875,5.265625],"rotation":0,"texture":"#0","tintindex":0}}}],"display":{"head":{"translation":[0.0,-6.4,0.0],"scale":[4.0,4.0,4.0]}}}