{"textures":{"0":"modelengine:entity/voiddragon"},"elements":[{"from":[5.88976,9.449704,3.3965535],"to":[10.11024,11.227804,7.689267],"rotation":{"angle":-22.5,"axis":"x","origin":[8.0,10.338754,5.54291]},"faces":{"east":{"uv":[8.875,2.5625,9.046875,2.640625],"rotation":0,"texture":"#0","tintindex":0},"south":{"uv":[5.875,8.875,6.046875,8.953125],"rotation":0,"texture":"#0","tintindex":0},"north":{"uv":[8.03125,2.0625,8.203125,2.140625],"rotation":0,"texture":"#0","tintindex":0},"west":{"uv":[8.46875,8.875,8.640625,8.953125],"rotation":0,"texture":"#0","tintindex":0},"up":{"uv":[8.796875,0.546875,8.625,0.375],"rotation":0,"texture":"#0","tintindex":0},"down":{"uv":[8.796875,1.6875,8.625,1.859375],"rotation":0,"texture":"#0","tintindex":0}}},{"from":[6.2576,7.628354,-0.26509],"to":[9.7424,9.564354,3.2197099],"rotation":{"angle":0.0,"axis":"y","origin":[8.0,8.596354,1.4773097]},"faces":{"east":{"uv":[3.0,8.90625,3.140625,8.984375],"rotation":0,"texture":"#0","tintindex":0},"south":{"uv":[8.90625,3.40625,9.046875,3.484375],"rotation":0,"texture":"#0","tintindex":0},"north":{"uv":[8.6875,5.65625,8.828125,5.734375],"rotation":0,"texture":"#0","tintindex":0},"west":{"uv":[4.5,8.90625,4.640625,8.984375],"rotation":0,"texture":"#0","tintindex":0},"up":{"uv":[8.953125,4.703125,8.8125,4.5625],"rotation":0,"texture":"#0","tintindex":0},"down":{"uv":[8.953125,4.71875,8.8125,4.859375],"rotation":0,"texture":"#0","tintindex":0}}},{"from":[6.4512,6.0795536,-0.07149029],"to":[9.5488,7.628354,3.8005104],"rotation":{"angle":0.0,"axis":"y","origin":[8.0,6.853954,1.86451]},"faces":{"east":{"uv":[7.625,7.46875,7.78125,7.53125],"rotation":0,"texture":"#0","tintindex":0},"south":{"uv":[8.9375,4.5,9.0625,4.5625],"rotation":0,"texture":"#0","tintindex":0},"north":{"uv":[8.9375,4.4375,9.0625,4.5],"rotation":0,"texture":"#0","tintindex":0},"west":{"uv":[8.53125,5.46875,8.6875,5.53125],"rotation":0,"texture":"#0","tintindex":0},"up":{"uv":[1.125,9.0,1.0,8.84375],"rotation":0,"texture":"#0","tintindex":0},"down":{"uv":[1.25,8.84375,1.125,9.0],"rotation":0,"texture":"#0","tintindex":0}}},{"from":[5.6961603,9.947503,2.446116],"to":[6.85776,11.496303,7.866916],"rotation":{"angle":-22.5,"axis":"x","origin":[6.27696,10.721903,5.156516]},"faces":{"east":{"uv":[8.625,7.625,8.84375,7.6875],"rotation":0,"texture":"#0","tintindex":0},"south":{"uv":[9.03125,4.5625,9.078125,4.625],"rotation":0,"texture":"#0","tintindex":0},"north":{"uv":[9.03125,4.34375,9.078125,4.40625],"rotation":0,"texture":"#0","tintindex":0},"west":{"uv":[8.75,2.96875,8.96875,3.03125],"rotation":0,"texture":"#0","tintindex":0},"up":{"uv":[5.609375,9.09375,5.5625,8.875],"rotation":0,"texture":"#0","tintindex":0},"down":{"uv":[7.296875,8.875,7.25,9.09375],"rotation":0,"texture":"#0","tintindex":0}}},{"from":[5.71552,10.540203,6.979478],"to":[6.8384,12.089003,9.302678],"rotation":{"angle":22.5,"axis":"x","origin":[6.27696,11.314603,8.141078]},"faces":{"east":{"uv":[7.65625,5.53125,7.75,5.59375],"rotation":0,"texture":"#0","tintindex":0},"south":{"uv":[9.03125,4.6875,9.078125,4.75],"rotation":0,"texture":"#0","tintindex":0},"north":{"uv":[9.03125,4.625,9.078125,4.6875],"rotation":0,"texture":"#0","tintindex":0},"west":{"uv":[7.6875,7.84375,7.78125,7.90625],"rotation":0,"texture":"#0","tintindex":0},"up":{"uv":[5.234375,9.09375,5.1875,9.0],"rotation":0,"texture":"#0","tintindex":0},"down":{"uv":[9.078125,0.0,9.03125,0.09375],"rotation":0,"texture":"#0","tintindex":0}}},{"from":[6.064,8.402754,-0.65229034],"to":[7.2256,9.951554,0.8965101],"rotation":{"angle":22.5,"axis":"x","origin":[6.6448,9.177154,0.12210989]},"faces":{"east":{"uv":[8.71875,8.40625,8.78125,8.46875],"rotation":0,"texture":"#0","tintindex":0},"south":{"uv":[9.03125,4.875,9.078125,4.9375],"rotation":0,"texture":"#0","tintindex":0},"north":{"uv":[9.03125,4.75,9.078125,4.8125],"rotation":0,"texture":"#0","tintindex":0},"west":{"uv":[1.5,9.03125,1.5625,9.09375],"rotation":0,"texture":"#0","tintindex":0},"up":{"uv":[5.890625,9.09375,5.84375,9.03125],"rotation":0,"texture":"#0","tintindex":0},"down":{"uv":[5.953125,9.03125,5.90625,9.09375],"rotation":0,"texture":"#0","tintindex":0}}},{"from":[8.7744,8.402754,-0.65229034],"to":[9.936,9.951554,0.8965101],"rotation":{"angle":22.5,"axis":"x","origin":[9.3552,9.177154,0.12210989]},"faces":{"east":{"uv":[1.5625,9.03125,1.625,9.09375],"rotation":0,"texture":"#0","tintindex":0},"south":{"uv":[9.03125,6.03125,9.078125,6.09375],"rotation":0,"texture":"#0","tintindex":0},"north":{"uv":[5.96875,9.03125,6.015625,9.09375],"rotation":0,"texture":"#0","tintindex":0},"west":{"uv":[9.03125,1.65625,9.09375,1.71875],"rotation":0,"texture":"#0","tintindex":0},"up":{"uv":[6.484375,9.09375,6.4375,9.03125],"rotation":0,"texture":"#0","tintindex":0},"down":{"uv":[6.546875,9.03125,6.5,9.09375],"rotation":0,"texture":"#0","tintindex":0}}},{"from":[5.2896,6.136258,5.9066224],"to":[6.4512,8.459458,8.229823],"rotation":{"angle":-45.0,"axis":"x","origin":[5.8704,7.297858,7.0682225]},"faces":{"east":{"uv":[6.9375,7.90625,7.03125,8.0],"rotation":0,"texture":"#0","tintindex":0},"south":{"uv":[9.03125,0.09375,9.078125,0.1875],"rotation":0,"texture":"#0","tintindex":0},"north":{"uv":[0.09375,9.03125,0.140625,9.125],"rotation":0,"texture":"#0","tintindex":0},"west":{"uv":[7.46875,8.90625,7.5625,9.0],"rotation":0,"texture":"#0","tintindex":0},"up":{"uv":[0.203125,9.125,0.15625,9.03125],"rotation":0,"texture":"#0","tintindex":0},"down":{"uv":[9.078125,0.1875,9.03125,0.28125],"rotation":0,"texture":"#0","tintindex":0}}},{"from":[6.08336,11.236868,10.093023],"to":[6.47056,13.947268,11.641824],"rotation":{"angle":22.5,"axis":"x","origin":[6.27696,12.592068,10.867423]},"faces":{"east":{"uv":[3.375,8.9375,3.4375,9.046875],"rotation":0,"texture":"#0","tintindex":0},"south":{"uv":[2.96875,9.0625,2.984375,9.171875],"rotation":0,"texture":"#0","tintindex":0},"north":{"uv":[2.9375,9.0625,2.953125,9.171875],"rotation":0,"texture":"#0","tintindex":0},"west":{"uv":[4.4375,8.9375,4.5,9.046875],"rotation":0,"texture":"#0","tintindex":0},"up":{"uv":[4.515625,9.125,4.5,9.0625],"rotation":0,"texture":"#0","tintindex":0},"down":{"uv":[4.546875,9.0625,4.53125,9.125],"rotation":0,"texture":"#0","tintindex":0}}},{"from":[5.88976,10.540203,8.533134],"to":[6.66416,12.089003,10.856335],"rotation":{"angle":-22.5,"axis":"x","origin":[6.27696,11.314603,9.694735]},"faces":{"east":{"uv":[5.875,8.21875,5.96875,8.28125],"rotation":0,"texture":"#0","tintindex":0},"south":{"uv":[8.6875,8.28125,8.71875,8.34375],"rotation":0,"texture":"#0","tintindex":0},"north":{"uv":[8.59375,0.28125,8.625,0.34375],"rotation":0,"texture":"#0","tintindex":0},"west":{"uv":[8.53125,4.40625,8.625,4.46875],"rotation":0,"texture":"#0","tintindex":0},"up":{"uv":[6.75,8.15625,6.71875,8.0625],"rotation":0,"texture":"#0","tintindex":0},"down":{"uv":[6.75,8.15625,6.71875,8.25],"rotation":0,"texture":"#0","tintindex":0}}},{"from":[6.27696,13.10404,9.870761],"to":[6.27696,16.97604,11.41956],"rotation":{"angle":-22.5,"axis":"x","origin":[6.27696,15.04004,10.645161]},"faces":{"east":{"uv":[4.78125,8.90625,4.71875,9.0625],"rotation":0,"texture":"#0","tintindex":0},"south":{"uv":[0.0,0.0,0.0,0.15625],"rotation":0,"texture":"#0","tintindex":0},"north":{"uv":[0.0,0.0,0.0,0.15625],"rotation":0,"texture":"#0","tintindex":0},"west":{"uv":[4.71875,8.90625,4.78125,9.0625],"rotation":0,"texture":"#0","tintindex":0},"up":{"uv":[0.0,0.0625,0.0,0.0],"rotation":0,"texture":"#0","tintindex":0},"down":{"uv":[0.0,0.0,0.0,0.0625],"rotation":0,"texture":"#0","tintindex":0}}},{"from":[4.98135,4.5307536,6.140467],"to":[4.98135,10.338754,12.335668],"rotation":{"angle":-22.5,"axis":"y","origin":[4.98135,7.434754,9.238068]},"faces":{"east":{"uv":[8.4375,4.75,8.1875,4.984375],"rotation":0,"texture":"#0","tintindex":0},"south":{"uv":[0.0,0.0,0.0,0.234375],"rotation":0,"texture":"#0","tintindex":0},"north":{"uv":[0.0,0.0,0.0,0.234375],"rotation":0,"texture":"#0","tintindex":0},"west":{"uv":[8.1875,4.75,8.4375,4.984375],"rotation":0,"texture":"#0","tintindex":0},"up":{"uv":[0.0,0.25,0.0,0.0],"rotation":0,"texture":"#0","tintindex":0},"down":{"uv":[0.0,0.0,0.0,0.25],"rotation":0,"texture":"#0","tintindex":0}}},{"from":[5.8704,7.628354,3.2197099],"to":[10.129601,10.338754,7.8661103],"rotation":{"angle":0.0,"axis":"y","origin":[8.0,8.983554,5.54291]},"faces":{"east":{"uv":[8.78125,6.59375,8.96875,6.703125],"rotation":0,"texture":"#0","tintindex":0},"south":{"uv":[8.84375,7.0,9.015625,7.109375],"rotation":0,"texture":"#0","tintindex":0},"north":{"uv":[8.84375,3.6875,9.015625,3.796875],"rotation":0,"texture":"#0","tintindex":0},"west":{"uv":[8.78125,7.1875,8.96875,7.296875],"rotation":0,"texture":"#0","tintindex":0},"up":{"uv":[8.734375,0.1875,8.5625,0.0],"rotation":0,"texture":"#0","tintindex":0},"down":{"uv":[0.828125,8.5625,0.65625,8.75],"rotation":0,"texture":"#0","tintindex":0}}},{"from":[9.5488,6.136258,5.9066224],"to":[10.7104,8.459458,8.229823],"rotation":{"angle":-45.0,"axis":"x","origin":[10.129601,7.297858,7.0682225]},"faces":{"east":{"uv":[8.90625,8.46875,9.0,8.5625],"rotation":0,"texture":"#0","tintindex":0},"south":{"uv":[9.03125,0.375,9.078125,0.46875],"rotation":0,"texture":"#0","tintindex":0},"north":{"uv":[9.03125,0.28125,9.078125,0.375],"rotation":0,"texture":"#0","tintindex":0},"west":{"uv":[8.9375,0.125,9.03125,0.21875],"rotation":0,"texture":"#0","tintindex":0},"up":{"uv":[9.078125,0.5625,9.03125,0.46875],"rotation":0,"texture":"#0","tintindex":0},"down":{"uv":[0.609375,9.03125,0.5625,9.125],"rotation":0,"texture":"#0","tintindex":0}}},{"from":[11.01865,4.5307536,6.140467],"to":[11.01865,10.338754,12.335668],"rotation":{"angle":22.5,"axis":"y","origin":[11.01865,7.434754,9.238068]},"faces":{"east":{"uv":[8.1875,7.4375,8.4375,7.671875],"rotation":0,"texture":"#0","tintindex":0},"south":{"uv":[0.0,0.0,0.0,0.234375],"rotation":0,"texture":"#0","tintindex":0},"north":{"uv":[0.0,0.0,0.0,0.234375],"rotation":0,"texture":"#0","tintindex":0},"west":{"uv":[8.4375,7.4375,8.1875,7.671875],"rotation":0,"texture":"#0","tintindex":0},"up":{"uv":[0.0,0.25,0.0,0.0],"rotation":0,"texture":"#0","tintindex":0},"down":{"uv":[0.0,0.0,0.0,0.25],"rotation":0,"texture":"#0","tintindex":0}}},{"from":[9.14224,9.947503,2.446116],"to":[10.30384,11.496303,7.866916],"rotation":{"angle":-22.5,"axis":"x","origin":[9.72304,10.721903,5.156516]},"faces":{"east":{"uv":[8.8125,0.53125,9.03125,0.59375],"rotation":0,"texture":"#0","tintindex":0},"south":{"uv":[6.75,9.03125,6.796875,9.09375],"rotation":0,"texture":"#0","tintindex":0},"north":{"uv":[6.6875,9.03125,6.734375,9.09375],"rotation":0,"texture":"#0","tintindex":0},"west":{"uv":[8.8125,4.875,9.03125,4.9375],"rotation":0,"texture":"#0","tintindex":0},"up":{"uv":[8.828125,9.09375,8.78125,8.875],"rotation":0,"texture":"#0","tintindex":0},"down":{"uv":[4.234375,8.90625,4.1875,9.125],"rotation":0,"texture":"#0","tintindex":0}}},{"from":[9.33584,10.540203,8.533134],"to":[10.11024,12.089003,10.856335],"rotation":{"angle":-22.5,"axis":"x","origin":[9.72304,11.314603,9.694735]},"faces":{"east":{"uv":[8.96875,2.0,9.0625,2.0625],"rotation":0,"texture":"#0","tintindex":0},"south":{"uv":[2.5625,8.75,2.59375,8.8125],"rotation":0,"texture":"#0","tintindex":0},"north":{"uv":[1.0,8.75,1.03125,8.8125],"rotation":0,"texture":"#0","tintindex":0},"west":{"uv":[8.96875,4.8125,9.0625,4.875],"rotation":0,"texture":"#0","tintindex":0},"up":{"uv":[8.21875,2.65625,8.1875,2.5625],"rotation":0,"texture":"#0","tintindex":0},"down":{"uv":[7.3125,8.21875,7.28125,8.3125],"rotation":0,"texture":"#0","tintindex":0}}},{"from":[9.52944,11.236868,10.093023],"to":[9.91664,13.947268,11.641824],"rotation":{"angle":22.5,"axis":"x","origin":[9.72304,12.592068,10.867423]},"faces":{"east":{"uv":[6.5625,8.9375,6.625,9.046875],"rotation":0,"texture":"#0","tintindex":0},"south":{"uv":[3.09375,9.0625,3.109375,9.171875],"rotation":0,"texture":"#0","tintindex":0},"north":{"uv":[3.0625,9.0625,3.078125,9.171875],"rotation":0,"texture":"#0","tintindex":0},"west":{"uv":[6.625,8.9375,6.6875,9.046875],"rotation":0,"texture":"#0","tintindex":0},"up":{"uv":[4.578125,9.125,4.5625,9.0625],"rotation":0,"texture":"#0","tintindex":0},"down":{"uv":[4.671875,9.0625,4.65625,9.125],"rotation":0,"texture":"#0","tintindex":0}}},{"from":[9.72304,13.10404,9.870761],"to":[9.72304,16.97604,11.41956],"rotation":{"angle":-22.5,"axis":"x","origin":[9.72304,15.04004,10.645161]},"faces":{"east":{"uv":[8.90625,5.40625,8.96875,5.5625],"rotation":0,"texture":"#0","tintindex":0},"south":{"uv":[0.0,0.0,0.0,0.15625],"rotation":0,"texture":"#0","tintindex":0},"north":{"uv":[0.0,0.0,0.0,0.15625],"rotation":0,"texture":"#0","tintindex":0},"west":{"uv":[8.96875,5.40625,8.90625,5.5625],"rotation":0,"texture":"#0","tintindex":0},"up":{"uv":[0.0,0.0625,0.0,0.0],"rotation":0,"texture":"#0","tintindex":0},"down":{"uv":[0.0,0.0,0.0,0.0625],"rotation":0,"texture":"#0","tintindex":0}}},{"from":[9.1616,10.540203,6.979478],"to":[10.28448,12.089003,9.302678],"rotation":{"angle":22.5,"axis":"x","origin":[9.72304,11.314603,8.141078]},"faces":{"east":{"uv":[8.96875,5.46875,9.0625,5.53125],"rotation":0,"texture":"#0","tintindex":0},"south":{"uv":[9.03125,7.0,9.078125,7.0625],"rotation":0,"texture":"#0","tintindex":0},"north":{"uv":[6.8125,9.03125,6.859375,9.09375],"rotation":0,"texture":"#0","tintindex":0},"west":{"uv":[8.96875,5.53125,9.0625,5.59375],"rotation":0,"texture":"#0","tintindex":0},"up":{"uv":[0.671875,9.125,0.625,9.03125],"rotation":0,"texture":"#0","tintindex":0},"down":{"uv":[0.734375,9.03125,0.6875,9.125],"rotation":0,"texture":"#0","tintindex":0}}},{"from":[7.05136,11.302295,2.6429553],"to":[7.05136,13.238295,8.063756],"rotation":{"angle":-22.5,"axis":"x","origin":[7.05136,12.270294,5.3533554]},"faces":{"east":{"uv":[8.75,5.96875,8.96875,6.046875],"rotation":0,"texture":"#0","tintindex":0},"south":{"uv":[0.0,0.0,0.0,0.078125],"rotation":0,"texture":"#0","tintindex":0},"north":{"uv":[0.0,0.0,0.0,0.078125],"rotation":0,"texture":"#0","tintindex":0},"west":{"uv":[8.78125,2.21875,9.0,2.296875],"rotation":0,"texture":"#0","tintindex":0},"up":{"uv":[0.0,0.21875,0.0,0.0],"rotation":0,"texture":"#0","tintindex":0},"down":{"uv":[0.0,0.0,0.0,0.21875],"rotation":0,"texture":"#0","tintindex":0}}},{"from":[8.94864,11.302295,2.6429553],"to":[8.94864,13.238295,8.063756],"rotation":{"angle":-22.5,"axis":"x","origin":[8.94864,12.270294,5.3533554]},"faces":{"east":{"uv":[8.84375,0.875,9.0625,0.953125],"rotation":0,"texture":"#0","tintindex":0},"south":{"uv":[0.0,0.0,0.0,0.078125],"rotation":0,"texture":"#0","tintindex":0},"north":{"uv":[0.0,0.0,0.0,0.078125],"rotation":0,"texture":"#0","tintindex":0},"west":{"uv":[8.84375,8.71875,9.0625,8.796875],"rotation":0,"texture":"#0","tintindex":0},"up":{"uv":[0.0,0.21875,0.0,0.0],"rotation":0,"texture":"#0","tintindex":0},"down":{"uv":[0.0,0.0,0.0,0.21875],"rotation":0,"texture":"#0","tintindex":0}}},{"from":[6.838857,10.338754,6.3173103],"to":[9.162057,17.695553,17.54611],"rotation":{"angle":0.0,"axis":"y","origin":[8.000457,14.017155,11.93171]},"faces":{"east":{"uv":[7.25,1.6875,7.703125,1.984375],"rotation":0,"texture":"#0","tintindex":0},"south":{"uv":[7.46875,8.59375,7.5625,8.890625],"rotation":0,"texture":"#0","tintindex":0},"north":{"uv":[8.1875,8.5625,8.28125,8.859375],"rotation":0,"texture":"#0","tintindex":0},"west":{"uv":[7.25,2.0,7.703125,2.296875],"rotation":0,"texture":"#0","tintindex":0},"up":{"uv":[1.875,8.859375,1.78125,8.40625],"rotation":0,"texture":"#0","tintindex":0},"down":{"uv":[7.03125,8.40625,6.9375,8.859375],"rotation":0,"texture":"#0","tintindex":0}}}],"display":{"head":{"translation":[0.0,-6.4,0.0],"scale":[4.0,4.0,4.0]}}}