{"textures":{"0":"modelengine:entity/voiddragon"},"elements":[{"from":[6.904833,6.482052,0.61743736],"to":[9.095167,8.672386,11.497757],"rotation":{"angle":45.0,"axis":"z","origin":[8.0,7.577219,6.057598]},"faces":{"east":{"uv":[8.4375,3.09375,8.875,3.1875],"rotation":0,"texture":"#0","tintindex":0},"south":{"uv":[8.9375,4.09375,9.03125,4.1875],"rotation":0,"texture":"#0","tintindex":0},"north":{"uv":[8.9375,4.0,9.03125,4.09375],"rotation":0,"texture":"#0","tintindex":0},"west":{"uv":[8.4375,3.1875,8.875,3.28125],"rotation":0,"texture":"#0","tintindex":0},"up":{"uv":[4.09375,8.875,4.0,8.4375],"rotation":0,"texture":"#0","tintindex":0},"down":{"uv":[4.1875,8.4375,4.09375,8.875],"rotation":0,"texture":"#0","tintindex":0}}},{"from":[8.0,10.287619,0.63679695],"to":[8.0,16.09562,14.575998],"rotation":{"angle":0.0,"axis":"y","origin":[8.0,13.191619,7.6063976]},"faces":{"east":{"uv":[7.8125,2.3125,7.25,2.546875],"rotation":0,"texture":"#0","tintindex":0},"south":{"uv":[0.0,0.0,0.0,0.234375],"rotation":0,"texture":"#0","tintindex":0},"north":{"uv":[0.0,0.0,0.0,0.234375],"rotation":0,"texture":"#0","tintindex":0},"west":{"uv":[7.25,2.3125,7.8125,2.546875],"rotation":0,"texture":"#0","tintindex":0},"up":{"uv":[0.0,0.5625,0.0,0.0],"rotation":0,"texture":"#0","tintindex":0},"down":{"uv":[0.0,0.0,0.0,0.5625],"rotation":0,"texture":"#0","tintindex":0}}},{"from":[1.8047996,8.738819,0.63679695],"to":[14.1952,8.738819,13.801598],"rotation":{"angle":0.0,"axis":"y","origin":[8.0,8.738819,7.219198]},"faces":{"east":{"uv":[0.0,0.0,0.53125,0.0],"rotation":0,"texture":"#0","tintindex":0},"south":{"uv":[0.0,0.0,0.5,0.0],"rotation":0,"texture":"#0","tintindex":0},"north":{"uv":[0.0,0.0,0.5,0.0],"rotation":0,"texture":"#0","tintindex":0},"west":{"uv":[0.0,0.0,0.53125,0.0],"rotation":0,"texture":"#0","tintindex":0},"up":{"uv":[7.25,2.21875,6.75,1.6875],"rotation":0,"texture":"#0","tintindex":0},"down":{"uv":[7.25,1.6875,6.75,2.21875],"rotation":0,"texture":"#0","tintindex":0}}},{"from":[6.4512,7.577219,0.63679695],"to":[9.5488,10.287619,11.478397],"rotation":{"angle":0.0,"axis":"y","origin":[8.0,8.932419,6.057598]},"faces":{"east":{"uv":[8.28125,8.34375,8.71875,8.453125],"rotation":0,"texture":"#0","tintindex":0},"south":{"uv":[3.90625,8.875,4.03125,8.984375],"rotation":0,"texture":"#0","tintindex":0},"north":{"uv":[8.875,3.09375,9.0,3.203125],"rotation":0,"texture":"#0","tintindex":0},"west":{"uv":[8.375,4.03125,8.8125,4.140625],"rotation":0,"texture":"#0","tintindex":0},"up":{"uv":[6.71875,8.5,6.59375,8.0625],"rotation":0,"texture":"#0","tintindex":0},"down":{"uv":[5.875,8.21875,5.75,8.65625],"rotation":0,"texture":"#0","tintindex":0}}},{"from":[6.8384,7.770819,11.091198],"to":[9.1616,10.094019,21.932798],"rotation":{"angle":0.0,"axis":"y","origin":[8.0,8.932419,16.512]},"faces":{"east":{"uv":[8.3125,5.96875,8.75,6.0625],"rotation":0,"texture":"#0","tintindex":0},"south":{"uv":[3.28125,8.9375,3.375,9.03125],"rotation":0,"texture":"#0","tintindex":0},"north":{"uv":[8.9375,2.125,9.03125,2.21875],"rotation":0,"texture":"#0","tintindex":0},"west":{"uv":[8.4375,2.5625,8.875,2.65625],"rotation":0,"texture":"#0","tintindex":0},"up":{"uv":[8.53125,3.09375,8.4375,2.65625],"rotation":0,"texture":"#0","tintindex":0},"down":{"uv":[4.0,8.4375,3.90625,8.875],"rotation":0,"texture":"#0","tintindex":0}}},{"from":[0.64319944,8.545219,11.091198],"to":[15.3568,8.545219,32.0],"rotation":{"angle":0.0,"axis":"y","origin":[8.0,8.545219,21.545599]},"faces":{"east":{"uv":[0.0,0.0,0.84375,0.0],"rotation":0,"texture":"#0","tintindex":0},"south":{"uv":[0.0,0.0,0.59375,0.0],"rotation":0,"texture":"#0","tintindex":0},"north":{"uv":[0.0,0.0,0.59375,0.0],"rotation":0,"texture":"#0","tintindex":0},"west":{"uv":[0.0,0.0,0.84375,0.0],"rotation":0,"texture":"#0","tintindex":0},"up":{"uv":[7.34375,0.84375,6.75,0.0],"rotation":0,"texture":"#0","tintindex":0},"down":{"uv":[7.34375,0.0,6.75,0.84375],"rotation":0,"texture":"#0","tintindex":0}}},{"from":[8.0,10.094019,11.091198],"to":[8.0,17.06362,25.0304],"rotation":{"angle":0.0,"axis":"y","origin":[8.0,13.578819,18.060799]},"faces":{"east":{"uv":[7.3125,6.78125,6.75,7.0625],"rotation":0,"texture":"#0","tintindex":0},"south":{"uv":[0.0,0.0,0.0,0.28125],"rotation":0,"texture":"#0","tintindex":0},"north":{"uv":[0.0,0.0,0.0,0.28125],"rotation":0,"texture":"#0","tintindex":0},"west":{"uv":[6.75,6.78125,7.3125,7.0625],"rotation":0,"texture":"#0","tintindex":0},"up":{"uv":[0.0,0.5625,0.0,0.0],"rotation":0,"texture":"#0","tintindex":0},"down":{"uv":[0.0,0.0,0.0,0.5625],"rotation":0,"texture":"#0","tintindex":0}}},{"from":[7.1786246,6.949444,11.071838],"to":[8.821375,8.592195,21.952158],"rotation":{"angle":45.0,"axis":"z","origin":[8.0,7.770819,16.512]},"faces":{"east":{"uv":[8.5,5.75,8.9375,5.8125],"rotation":0,"texture":"#0","tintindex":0},"south":{"uv":[2.78125,9.03125,2.84375,9.09375],"rotation":0,"texture":"#0","tintindex":0},"north":{"uv":[9.03125,2.71875,9.09375,2.78125],"rotation":0,"texture":"#0","tintindex":0},"west":{"uv":[8.53125,3.03125,8.96875,3.09375],"rotation":0,"texture":"#0","tintindex":0},"up":{"uv":[7.625,9.03125,7.5625,8.59375],"rotation":0,"texture":"#0","tintindex":0},"down":{"uv":[1.46875,8.65625,1.40625,9.09375],"rotation":0,"texture":"#0","tintindex":0}}},{"from":[6.064,7.383619,-10.204803],"to":[9.936,10.481219,1.0239973],"rotation":{"angle":0.0,"axis":"y","origin":[8.0,8.932419,-4.5904026]},"faces":{"east":{"uv":[8.03125,5.71875,8.484375,5.84375],"rotation":0,"texture":"#0","tintindex":0},"south":{"uv":[8.78125,8.59375,8.9375,8.71875],"rotation":0,"texture":"#0","tintindex":0},"north":{"uv":[8.78125,8.09375,8.9375,8.21875],"rotation":0,"texture":"#0","tintindex":0},"west":{"uv":[8.0625,5.40625,8.515625,5.53125],"rotation":0,"texture":"#0","tintindex":0},"up":{"uv":[2.0625,8.515625,1.90625,8.0625],"rotation":0,"texture":"#0","tintindex":0},"down":{"uv":[2.21875,8.0625,2.0625,8.515625],"rotation":0,"texture":"#0","tintindex":0}}},{"from":[2.192,8.932419,-10.204803],"to":[13.808001,8.932419,3.3471975],"rotation":{"angle":0.0,"axis":"y","origin":[8.0,8.932419,-3.4288025]},"faces":{"east":{"uv":[0.0,0.0,0.546875,0.0],"rotation":0,"texture":"#0","tintindex":0},"south":{"uv":[0.0,0.0,0.46875,0.0],"rotation":0,"texture":"#0","tintindex":0},"north":{"uv":[0.0,0.0,0.46875,0.0],"rotation":0,"texture":"#0","tintindex":0},"west":{"uv":[0.0,0.0,0.546875,0.0],"rotation":0,"texture":"#0","tintindex":0},"up":{"uv":[7.21875,3.296875,6.75,2.75],"rotation":0,"texture":"#0","tintindex":0},"down":{"uv":[6.75,2.75,7.21875,3.296875],"rotation":0,"texture":"#0","tintindex":0}}},{"from":[8.0,10.481219,-10.204803],"to":[8.0,15.9020195,3.3471975],"rotation":{"angle":0.0,"axis":"y","origin":[8.0,13.191619,-3.4288025]},"faces":{"east":{"uv":[7.890625,1.375,7.34375,1.59375],"rotation":0,"texture":"#0","tintindex":0},"south":{"uv":[0.0,0.0,0.0,0.21875],"rotation":0,"texture":"#0","tintindex":0},"north":{"uv":[0.0,0.0,0.0,0.21875],"rotation":0,"texture":"#0","tintindex":0},"west":{"uv":[7.34375,1.375,7.890625,1.59375],"rotation":0,"texture":"#0","tintindex":0},"up":{"uv":[0.0,0.546875,0.0,0.0],"rotation":0,"texture":"#0","tintindex":0},"down":{"uv":[0.0,0.0,0.0,0.546875],"rotation":0,"texture":"#0","tintindex":0}}},{"from":[6.631041,6.0146604,-10.224163],"to":[9.368958,8.752578,1.0433578],"rotation":{"angle":45.0,"axis":"z","origin":[8.0,7.383619,-4.5904026]},"faces":{"east":{"uv":[5.875,8.28125,6.328125,8.390625],"rotation":0,"texture":"#0","tintindex":0},"south":{"uv":[2.78125,8.90625,2.890625,9.015625],"rotation":0,"texture":"#0","tintindex":0},"north":{"uv":[8.90625,2.65625,9.015625,2.765625],"rotation":0,"texture":"#0","tintindex":0},"west":{"uv":[8.3125,8.09375,8.765625,8.203125],"rotation":0,"texture":"#0","tintindex":0},"up":{"uv":[6.453125,8.734375,6.34375,8.28125],"rotation":0,"texture":"#0","tintindex":0},"down":{"uv":[6.578125,8.28125,6.46875,8.734375],"rotation":0,"texture":"#0","tintindex":0}}}],"display":{"head":{"translation":[0.0,-6.4,70.15483],"scale":[4.0,4.0,4.0]}}}