{"textures":{"0":"modelengine:entity/voiddragon"},"elements":[{"from":[-8.604343,7.5933714,6.1630855],"to":[3.0116568,12.239772,9.647886],"rotation":{"angle":0.0,"axis":"y","origin":[-2.7963438,9.916572,7.9054856]},"faces":{"east":{"uv":[5.46875,8.6875,5.609375,8.875],"rotation":0,"texture":"#0","tintindex":0},"south":{"uv":[7.6875,0.375,8.15625,0.5625],"rotation":0,"texture":"#0","tintindex":0},"north":{"uv":[7.6875,0.1875,8.15625,0.375],"rotation":0,"texture":"#0","tintindex":0},"west":{"uv":[8.6875,5.46875,8.828125,5.65625],"rotation":0,"texture":"#0","tintindex":0},"up":{"uv":[5.5,8.203125,5.03125,8.0625],"rotation":0,"texture":"#0","tintindex":0},"down":{"uv":[8.53125,5.09375,8.0625,5.234375],"rotation":0,"texture":"#0","tintindex":0}}},{"from":[3.0116568,7.2061715,5.7758856],"to":[8.432457,12.626972,10.035086],"rotation":{"angle":0.0,"axis":"y","origin":[5.7220573,9.916572,7.9054856]},"faces":{"east":{"uv":[2.6875,8.5,2.859375,8.71875],"rotation":0,"texture":"#0","tintindex":0},"south":{"uv":[7.625,8.34375,7.84375,8.5625],"rotation":0,"texture":"#0","tintindex":0},"north":{"uv":[6.71875,8.34375,6.9375,8.5625],"rotation":0,"texture":"#0","tintindex":0},"west":{"uv":[2.875,8.5,3.046875,8.71875],"rotation":0,"texture":"#0","tintindex":0},"up":{"uv":[5.21875,8.671875,5.0,8.5],"rotation":0,"texture":"#0","tintindex":0},"down":{"uv":[5.4375,8.5,5.21875,8.671875],"rotation":0,"texture":"#0","tintindex":0}}}],"display":{"head":{"translation":[0.0,-6.4,0.0],"scale":[4.0,4.0,4.0]}}}