{"textures":{"0":"modelengine:entity/voiddragon"},"elements":[{"from":[13.4912,7.5933714,6.1630855],"to":[25.1072,12.239772,9.647886],"rotation":{"angle":0.0,"axis":"y","origin":[19.2992,9.916572,7.9054856]},"faces":{"east":{"uv":[8.6875,7.0,8.828125,7.1875],"rotation":0,"texture":"#0","tintindex":0},"south":{"uv":[7.6875,7.03125,8.15625,7.21875],"rotation":0,"texture":"#0","tintindex":0},"north":{"uv":[7.6875,0.5625,8.15625,0.75],"rotation":0,"texture":"#0","tintindex":0},"west":{"uv":[8.71875,1.03125,8.859375,1.21875],"rotation":0,"texture":"#0","tintindex":0},"up":{"uv":[8.53125,5.390625,8.0625,5.25],"rotation":0,"texture":"#0","tintindex":0},"down":{"uv":[5.96875,8.0625,5.5,8.203125],"rotation":0,"texture":"#0","tintindex":0}}},{"from":[8.0704,7.2061715,5.7758856],"to":[13.4912,12.626972,10.035086],"rotation":{"angle":0.0,"axis":"y","origin":[10.7808,9.916572,7.9054856]},"faces":{"east":{"uv":[8.5,5.53125,8.671875,5.75],"rotation":0,"texture":"#0","tintindex":0},"south":{"uv":[8.0625,8.34375,8.28125,8.5625],"rotation":0,"texture":"#0","tintindex":0},"north":{"uv":[7.84375,8.34375,8.0625,8.5625],"rotation":0,"texture":"#0","tintindex":0},"west":{"uv":[8.5,7.0,8.671875,7.21875],"rotation":0,"texture":"#0","tintindex":0},"up":{"uv":[2.09375,8.703125,1.875,8.53125],"rotation":0,"texture":"#0","tintindex":0},"down":{"uv":[8.75,2.65625,8.53125,2.828125],"rotation":0,"texture":"#0","tintindex":0}}}],"display":{"head":{"translation":[0.0,-6.4,0.0],"scale":[4.0,4.0,4.0]}}}