{
	"credit": "Made with Blockbench",
	"textures": {
		"3": "must_have_props:bottle"
	},
	"elements": [
		{
			"from": [6.5, 0, 3],
			"to": [9.5, 7, 6],
			"rotation": {"angle": 0, "axis": "y", "origin": [0, 0, -3]},
			"faces": {
				"north": {"uv": [0, 0, 3, 7], "texture": "#3", "tintindex": 0},
				"east": {"uv": [3, 0, 6, 7], "texture": "#3", "tintindex": 0},
				"south": {"uv": [6, 0, 9, 7], "texture": "#3", "tintindex": 0},
				"west": {"uv": [0, 7, 3, 14], "texture": "#3", "tintindex": 0},
				"up": {"uv": [6, 10, 3, 7], "texture": "#3", "tintindex": 0},
				"down": {"uv": [9, 7, 6, 10], "texture": "#3", "tintindex": 0}
			}
		},
		{
			"from": [7, 7, 3.5],
			"to": [9, 11, 5.5],
			"rotation": {"angle": 0, "axis": "y", "origin": [0, 0, -3]},
			"faces": {
				"north": {"uv": [9, 0, 11, 4], "texture": "#3", "tintindex": 0},
				"east": {"uv": [9, 4, 11, 8], "texture": "#3", "tintindex": 0},
				"south": {"uv": [9, 8, 11, 12], "texture": "#3", "tintindex": 0},
				"west": {"uv": [3, 10, 5, 14], "texture": "#3", "tintindex": 0},
				"up": {"uv": [10, 14, 8, 12], "texture": "#3", "tintindex": 0},
				"down": {"uv": [12, 12, 10, 14], "texture": "#3", "tintindex": 0}
			}
		},
		{
			"from": [6.3, 3, 2.8],
			"to": [9.7, 5, 2.8],
			"rotation": {"angle": 0, "axis": "y", "origin": [0, 0, -3]},
			"faces": {
				"north": {"uv": [5, 10, 8, 12], "texture": "#3"},
				"east": {"uv": [0, 0, 0, 2], "texture": "#3"},
				"south": {"uv": [11, 0, 14, 2], "texture": "#3"},
				"west": {"uv": [0, 0, 0, 2], "texture": "#3"},
				"up": {"uv": [3, 0, 0, 0], "texture": "#3"},
				"down": {"uv": [3, 0, 0, 0], "texture": "#3"}
			}
		},
		{
			"from": [6.3, 3, 6.2],
			"to": [9.7, 5, 6.2],
			"rotation": {"angle": 0, "axis": "y", "origin": [0, 0, -3]},
			"faces": {
				"north": {"uv": [11, 2, 14, 4], "texture": "#3"},
				"east": {"uv": [0, 0, 0, 2], "texture": "#3"},
				"south": {"uv": [11, 4, 14, 6], "texture": "#3"},
				"west": {"uv": [0, 0, 0, 2], "texture": "#3"},
				"up": {"uv": [3, 0, 0, 0], "texture": "#3"},
				"down": {"uv": [3, 0, 0, 0], "texture": "#3"}
			}
		},
		{
			"from": [6.3, 3, 2.801],
			"to": [6.3, 5, 6.201],
			"rotation": {"angle": 0, "axis": "y", "origin": [6.3, 4, 4.501]},
			"faces": {
				"north": {"uv": [0, 0, 0, 2], "texture": "#3"},
				"east": {"uv": [11, 6, 14, 8], "texture": "#3"},
				"south": {"uv": [0, 0, 0, 2], "texture": "#3"},
				"west": {"uv": [11, 8, 14, 10], "texture": "#3"},
				"up": {"uv": [0, 3, 0, 0], "texture": "#3"},
				"down": {"uv": [0, 0, 0, 3], "texture": "#3"}
			}
		},
		{
			"from": [9.7, 3, 2.801],
			"to": [9.7, 5, 6.201],
			"rotation": {"angle": 0, "axis": "y", "origin": [6.3, 4, 4.501]},
			"faces": {
				"north": {"uv": [0, 0, 0, 2], "texture": "#3"},
				"east": {"uv": [11, 10, 14, 12], "texture": "#3"},
				"south": {"uv": [0, 0, 0, 2], "texture": "#3"},
				"west": {"uv": [5, 12, 8, 14], "texture": "#3"},
				"up": {"uv": [0, 3, 0, 0], "texture": "#3"},
				"down": {"uv": [0, 0, 0, 3], "texture": "#3"}
			}
		},
		{
			"from": [6.8, 10.5, 3.3],
			"to": [9.2, 11.5, 5.7],
			"rotation": {"angle": 0, "axis": "y", "origin": [0, 0, -3]},
			"faces": {
				"north": {"uv": [14, 0, 16, 1], "texture": "#3", "tintindex": 0},
				"east": {"uv": [14, 1, 16, 2], "texture": "#3", "tintindex": 0},
				"south": {"uv": [2, 14, 4, 15], "texture": "#3", "tintindex": 0},
				"west": {"uv": [14, 2, 16, 3], "texture": "#3", "tintindex": 0},
				"up": {"uv": [14, 14, 12, 12], "texture": "#3", "tintindex": 0},
				"down": {"uv": [2, 14, 0, 16], "texture": "#3", "tintindex": 0}
			}
		},
		{
			"from": [7.5, 11, 4],
			"to": [8.5, 12, 5],
			"rotation": {"angle": 0, "axis": "y", "origin": [0, 0, -3]},
			"faces": {
				"north": {"uv": [8, 10, 9, 11], "texture": "#3"},
				"east": {"uv": [8, 11, 9, 12], "texture": "#3"},
				"south": {"uv": [14, 3, 15, 4], "texture": "#3"},
				"west": {"uv": [4, 14, 5, 15], "texture": "#3"},
				"up": {"uv": [15, 5, 14, 4], "texture": "#3"},
				"down": {"uv": [6, 14, 5, 15], "texture": "#3"}
			}
		},
		{
			"from": [11.5, 0, 5],
			"to": [14.5, 7, 8],
			"rotation": {"angle": 45, "axis": "y", "origin": [13, 7.5, 6.5]},
			"faces": {
				"north": {"uv": [0, 0, 3, 7], "texture": "#3", "tintindex": 0},
				"east": {"uv": [3, 0, 6, 7], "texture": "#3", "tintindex": 0},
				"south": {"uv": [6, 0, 9, 7], "texture": "#3", "tintindex": 0},
				"west": {"uv": [0, 7, 3, 14], "texture": "#3", "tintindex": 0},
				"up": {"uv": [6, 10, 3, 7], "texture": "#3", "tintindex": 0},
				"down": {"uv": [9, 7, 6, 10], "texture": "#3", "tintindex": 0}
			}
		},
		{
			"from": [12, 7, 5.5],
			"to": [14, 11, 7.5],
			"rotation": {"angle": 45, "axis": "y", "origin": [13, 7.5, 6.5]},
			"faces": {
				"north": {"uv": [9, 0, 11, 4], "texture": "#3", "tintindex": 0},
				"east": {"uv": [9, 4, 11, 8], "texture": "#3", "tintindex": 0},
				"south": {"uv": [9, 8, 11, 12], "texture": "#3", "tintindex": 0},
				"west": {"uv": [3, 10, 5, 14], "texture": "#3", "tintindex": 0},
				"up": {"uv": [10, 14, 8, 12], "texture": "#3", "tintindex": 0},
				"down": {"uv": [12, 12, 10, 14], "texture": "#3", "tintindex": 0}
			}
		},
		{
			"from": [11.3, 3, 4.8],
			"to": [14.7, 5, 4.8],
			"rotation": {"angle": 45, "axis": "y", "origin": [13, 7.5, 6.5]},
			"faces": {
				"north": {"uv": [5, 10, 8, 12], "texture": "#3"},
				"east": {"uv": [0, 0, 0, 2], "texture": "#3"},
				"south": {"uv": [11, 0, 14, 2], "texture": "#3"},
				"west": {"uv": [0, 0, 0, 2], "texture": "#3"},
				"up": {"uv": [3, 0, 0, 0], "texture": "#3"},
				"down": {"uv": [3, 0, 0, 0], "texture": "#3"}
			}
		},
		{
			"from": [11.3, 3, 8.2],
			"to": [14.7, 5, 8.2],
			"rotation": {"angle": 45, "axis": "y", "origin": [13, 7.5, 6.5]},
			"faces": {
				"north": {"uv": [11, 2, 14, 4], "texture": "#3"},
				"east": {"uv": [0, 0, 0, 2], "texture": "#3"},
				"south": {"uv": [11, 4, 14, 6], "texture": "#3"},
				"west": {"uv": [0, 0, 0, 2], "texture": "#3"},
				"up": {"uv": [3, 0, 0, 0], "texture": "#3"},
				"down": {"uv": [3, 0, 0, 0], "texture": "#3"}
			}
		},
		{
			"from": [11.3, 3, 4.801],
			"to": [11.3, 5, 8.201],
			"rotation": {"angle": 45, "axis": "y", "origin": [13, 7.5, 6.5]},
			"faces": {
				"north": {"uv": [0, 0, 0, 2], "texture": "#3"},
				"east": {"uv": [11, 6, 14, 8], "texture": "#3"},
				"south": {"uv": [0, 0, 0, 2], "texture": "#3"},
				"west": {"uv": [11, 8, 14, 10], "texture": "#3"},
				"up": {"uv": [0, 3, 0, 0], "texture": "#3"},
				"down": {"uv": [0, 0, 0, 3], "texture": "#3"}
			}
		},
		{
			"from": [14.7, 3, 4.801],
			"to": [14.7, 5, 8.201],
			"rotation": {"angle": 45, "axis": "y", "origin": [13, 7.5, 6.5]},
			"faces": {
				"north": {"uv": [0, 0, 0, 2], "texture": "#3"},
				"east": {"uv": [11, 10, 14, 12], "texture": "#3"},
				"south": {"uv": [0, 0, 0, 2], "texture": "#3"},
				"west": {"uv": [5, 12, 8, 14], "texture": "#3"},
				"up": {"uv": [0, 3, 0, 0], "texture": "#3"},
				"down": {"uv": [0, 0, 0, 3], "texture": "#3"}
			}
		},
		{
			"from": [11.8, 10.5, 5.3],
			"to": [14.2, 11.5, 7.7],
			"rotation": {"angle": 45, "axis": "y", "origin": [13, 7.5, 6.5]},
			"faces": {
				"north": {"uv": [14, 0, 16, 1], "texture": "#3", "tintindex": 0},
				"east": {"uv": [14, 1, 16, 2], "texture": "#3", "tintindex": 0},
				"south": {"uv": [2, 14, 4, 15], "texture": "#3", "tintindex": 0},
				"west": {"uv": [14, 2, 16, 3], "texture": "#3", "tintindex": 0},
				"up": {"uv": [14, 14, 12, 12], "texture": "#3", "tintindex": 0},
				"down": {"uv": [2, 14, 0, 16], "texture": "#3", "tintindex": 0}
			}
		},
		{
			"from": [12.5, 11, 6],
			"to": [13.5, 12, 7],
			"rotation": {"angle": 45, "axis": "y", "origin": [13, 7.5, 6.5]},
			"faces": {
				"north": {"uv": [8, 10, 9, 11], "texture": "#3"},
				"east": {"uv": [8, 11, 9, 12], "texture": "#3"},
				"south": {"uv": [14, 3, 15, 4], "texture": "#3"},
				"west": {"uv": [4, 14, 5, 15], "texture": "#3"},
				"up": {"uv": [15, 5, 14, 4], "texture": "#3"},
				"down": {"uv": [6, 14, 5, 15], "texture": "#3"}
			}
		},
		{
			"from": [2.5, 0, 9],
			"to": [5.5, 7, 12],
			"rotation": {"angle": -22.5, "axis": "y", "origin": [4, 7.5, 10.5]},
			"faces": {
				"north": {"uv": [0, 0, 3, 7], "texture": "#3", "tintindex": 0},
				"east": {"uv": [3, 0, 6, 7], "texture": "#3", "tintindex": 0},
				"south": {"uv": [6, 0, 9, 7], "texture": "#3", "tintindex": 0},
				"west": {"uv": [0, 7, 3, 14], "texture": "#3", "tintindex": 0},
				"up": {"uv": [6, 10, 3, 7], "texture": "#3", "tintindex": 0},
				"down": {"uv": [9, 7, 6, 10], "texture": "#3", "tintindex": 0}
			}
		},
		{
			"from": [3, 7, 9.5],
			"to": [5, 11, 11.5],
			"rotation": {"angle": -22.5, "axis": "y", "origin": [4, 7.5, 10.5]},
			"faces": {
				"north": {"uv": [9, 0, 11, 4], "texture": "#3", "tintindex": 0},
				"east": {"uv": [9, 4, 11, 8], "texture": "#3", "tintindex": 0},
				"south": {"uv": [9, 8, 11, 12], "texture": "#3", "tintindex": 0},
				"west": {"uv": [3, 10, 5, 14], "texture": "#3", "tintindex": 0},
				"up": {"uv": [10, 14, 8, 12], "texture": "#3", "tintindex": 0},
				"down": {"uv": [12, 12, 10, 14], "texture": "#3", "tintindex": 0}
			}
		},
		{
			"from": [2.3, 3, 8.8],
			"to": [5.7, 5, 8.8],
			"rotation": {"angle": -22.5, "axis": "y", "origin": [4, 7.5, 10.5]},
			"faces": {
				"north": {"uv": [5, 10, 8, 12], "texture": "#3"},
				"east": {"uv": [0, 0, 0, 2], "texture": "#3"},
				"south": {"uv": [11, 0, 14, 2], "texture": "#3"},
				"west": {"uv": [0, 0, 0, 2], "texture": "#3"},
				"up": {"uv": [3, 0, 0, 0], "texture": "#3"},
				"down": {"uv": [3, 0, 0, 0], "texture": "#3"}
			}
		},
		{
			"from": [2.3, 3, 12.2],
			"to": [5.7, 5, 12.2],
			"rotation": {"angle": -22.5, "axis": "y", "origin": [4, 7.5, 10.5]},
			"faces": {
				"north": {"uv": [11, 2, 14, 4], "texture": "#3"},
				"east": {"uv": [0, 0, 0, 2], "texture": "#3"},
				"south": {"uv": [11, 4, 14, 6], "texture": "#3"},
				"west": {"uv": [0, 0, 0, 2], "texture": "#3"},
				"up": {"uv": [3, 0, 0, 0], "texture": "#3"},
				"down": {"uv": [3, 0, 0, 0], "texture": "#3"}
			}
		},
		{
			"from": [2.3, 3, 8.801],
			"to": [2.3, 5, 12.201],
			"rotation": {"angle": -22.5, "axis": "y", "origin": [4, 7.5, 10.5]},
			"faces": {
				"north": {"uv": [0, 0, 0, 2], "texture": "#3"},
				"east": {"uv": [11, 6, 14, 8], "texture": "#3"},
				"south": {"uv": [0, 0, 0, 2], "texture": "#3"},
				"west": {"uv": [11, 8, 14, 10], "texture": "#3"},
				"up": {"uv": [0, 3, 0, 0], "texture": "#3"},
				"down": {"uv": [0, 0, 0, 3], "texture": "#3"}
			}
		},
		{
			"from": [5.7, 3, 8.801],
			"to": [5.7, 5, 12.201],
			"rotation": {"angle": -22.5, "axis": "y", "origin": [4, 7.5, 10.5]},
			"faces": {
				"north": {"uv": [0, 0, 0, 2], "texture": "#3"},
				"east": {"uv": [11, 10, 14, 12], "texture": "#3"},
				"south": {"uv": [0, 0, 0, 2], "texture": "#3"},
				"west": {"uv": [5, 12, 8, 14], "texture": "#3"},
				"up": {"uv": [0, 3, 0, 0], "texture": "#3"},
				"down": {"uv": [0, 0, 0, 3], "texture": "#3"}
			}
		},
		{
			"from": [2.8, 10.5, 9.3],
			"to": [5.2, 11.5, 11.7],
			"rotation": {"angle": -22.5, "axis": "y", "origin": [4, 7.5, 10.5]},
			"faces": {
				"north": {"uv": [14, 0, 16, 1], "texture": "#3", "tintindex": 0},
				"east": {"uv": [14, 1, 16, 2], "texture": "#3", "tintindex": 0},
				"south": {"uv": [2, 14, 4, 15], "texture": "#3", "tintindex": 0},
				"west": {"uv": [14, 2, 16, 3], "texture": "#3", "tintindex": 0},
				"up": {"uv": [14, 14, 12, 12], "texture": "#3", "tintindex": 0},
				"down": {"uv": [2, 14, 0, 16], "texture": "#3", "tintindex": 0}
			}
		},
		{
			"from": [3.5, 11, 10],
			"to": [4.5, 12, 11],
			"rotation": {"angle": -22.5, "axis": "y", "origin": [4, 7.5, 10.5]},
			"faces": {
				"north": {"uv": [8, 10, 9, 11], "texture": "#3"},
				"east": {"uv": [8, 11, 9, 12], "texture": "#3"},
				"south": {"uv": [14, 3, 15, 4], "texture": "#3"},
				"west": {"uv": [4, 14, 5, 15], "texture": "#3"},
				"up": {"uv": [15, 5, 14, 4], "texture": "#3"},
				"down": {"uv": [6, 14, 5, 15], "texture": "#3"}
			}
		},
		{
			"from": [9.5, 0, 11],
			"to": [12.5, 7, 14],
			"rotation": {"angle": -22.5, "axis": "y", "origin": [11, 7.5, 12.5]},
			"faces": {
				"north": {"uv": [3, 0, 6, 7], "texture": "#3", "tintindex": 0},
				"east": {"uv": [6, 0, 9, 7], "texture": "#3", "tintindex": 0},
				"south": {"uv": [0, 7, 3, 14], "texture": "#3", "tintindex": 0},
				"west": {"uv": [0, 0, 3, 7], "texture": "#3", "tintindex": 0},
				"up": {"uv": [6, 10, 3, 7], "rotation": 270, "texture": "#3", "tintindex": 0},
				"down": {"uv": [9, 7, 6, 10], "rotation": 90, "texture": "#3", "tintindex": 0}
			}
		},
		{
			"from": [10, 7, 11.5],
			"to": [12, 11, 13.5],
			"rotation": {"angle": -22.5, "axis": "y", "origin": [11, 7.5, 12.5]},
			"faces": {
				"north": {"uv": [9, 4, 11, 8], "texture": "#3", "tintindex": 0},
				"east": {"uv": [9, 8, 11, 12], "texture": "#3", "tintindex": 0},
				"south": {"uv": [3, 10, 5, 14], "texture": "#3", "tintindex": 0},
				"west": {"uv": [9, 0, 11, 4], "texture": "#3", "tintindex": 0},
				"up": {"uv": [10, 14, 8, 12], "rotation": 270, "texture": "#3", "tintindex": 0},
				"down": {"uv": [12, 12, 10, 14], "rotation": 90, "texture": "#3", "tintindex": 0}
			}
		},
		{
			"from": [9.3, 3, 10.8],
			"to": [9.3, 5, 14.2],
			"rotation": {"angle": -22.5, "axis": "y", "origin": [11, 7.5, 12.5]},
			"faces": {
				"north": {"uv": [0, 0, 0, 2], "texture": "#3"},
				"east": {"uv": [11, 0, 14, 2], "texture": "#3"},
				"south": {"uv": [0, 0, 0, 2], "texture": "#3"},
				"west": {"uv": [5, 10, 8, 12], "texture": "#3"},
				"up": {"uv": [3, 0, 0, 0], "rotation": 270, "texture": "#3"},
				"down": {"uv": [3, 0, 0, 0], "rotation": 90, "texture": "#3"}
			}
		},
		{
			"from": [12.7, 3, 10.8],
			"to": [12.7, 5, 14.2],
			"rotation": {"angle": -22.5, "axis": "y", "origin": [11, 7.5, 12.5]},
			"faces": {
				"north": {"uv": [0, 0, 0, 2], "texture": "#3"},
				"east": {"uv": [11, 4, 14, 6], "texture": "#3"},
				"south": {"uv": [0, 0, 0, 2], "texture": "#3"},
				"west": {"uv": [11, 2, 14, 4], "texture": "#3"},
				"up": {"uv": [3, 0, 0, 0], "rotation": 270, "texture": "#3"},
				"down": {"uv": [3, 0, 0, 0], "rotation": 90, "texture": "#3"}
			}
		},
		{
			"from": [9.301, 3, 14.2],
			"to": [12.701, 5, 14.2],
			"rotation": {"angle": -22.5, "axis": "y", "origin": [11, 7.5, 12.5]},
			"faces": {
				"north": {"uv": [11, 6, 14, 8], "texture": "#3"},
				"east": {"uv": [0, 0, 0, 2], "texture": "#3"},
				"south": {"uv": [11, 8, 14, 10], "texture": "#3"},
				"west": {"uv": [0, 0, 0, 2], "texture": "#3"},
				"up": {"uv": [0, 3, 0, 0], "rotation": 270, "texture": "#3"},
				"down": {"uv": [0, 0, 0, 3], "rotation": 90, "texture": "#3"}
			}
		},
		{
			"from": [9.301, 3, 10.8],
			"to": [12.701, 5, 10.8],
			"rotation": {"angle": -22.5, "axis": "y", "origin": [11, 7.5, 12.5]},
			"faces": {
				"north": {"uv": [11, 10, 14, 12], "texture": "#3"},
				"east": {"uv": [0, 0, 0, 2], "texture": "#3"},
				"south": {"uv": [5, 12, 8, 14], "texture": "#3"},
				"west": {"uv": [0, 0, 0, 2], "texture": "#3"},
				"up": {"uv": [0, 3, 0, 0], "rotation": 270, "texture": "#3"},
				"down": {"uv": [0, 0, 0, 3], "rotation": 90, "texture": "#3"}
			}
		},
		{
			"from": [9.8, 10.5, 11.3],
			"to": [12.2, 11.5, 13.7],
			"rotation": {"angle": -22.5, "axis": "y", "origin": [11, 7.5, 12.5]},
			"faces": {
				"north": {"uv": [14, 1, 16, 2], "texture": "#3", "tintindex": 0},
				"east": {"uv": [2, 14, 4, 15], "texture": "#3", "tintindex": 0},
				"south": {"uv": [14, 2, 16, 3], "texture": "#3", "tintindex": 0},
				"west": {"uv": [14, 0, 16, 1], "texture": "#3", "tintindex": 0},
				"up": {"uv": [14, 14, 12, 12], "rotation": 270, "texture": "#3", "tintindex": 0},
				"down": {"uv": [2, 14, 0, 16], "rotation": 90, "texture": "#3", "tintindex": 0}
			}
		},
		{
			"from": [10.5, 11, 12],
			"to": [11.5, 12, 13],
			"rotation": {"angle": -22.5, "axis": "y", "origin": [11, 7.5, 12.5]},
			"faces": {
				"north": {"uv": [8, 11, 9, 12], "texture": "#3"},
				"east": {"uv": [14, 3, 15, 4], "texture": "#3"},
				"south": {"uv": [4, 14, 5, 15], "texture": "#3"},
				"west": {"uv": [8, 10, 9, 11], "texture": "#3"},
				"up": {"uv": [15, 5, 14, 4], "rotation": 270, "texture": "#3"},
				"down": {"uv": [6, 14, 5, 15], "rotation": 90, "texture": "#3"}
			}
		}
	],
	"display": {
		"thirdperson_righthand": {
			"rotation": [75, 45, 0],
			"translation": [0, 2.5, 0],
			"scale": [0.375, 0.375, 0.375]
		},
		"thirdperson_lefthand": {
			"rotation": [75, 45, 0],
			"translation": [0, 2.5, 0],
			"scale": [0.375, 0.375, 0.375]
		},
		"firstperson_righthand": {
			"rotation": [0, 45, 0],
			"scale": [0.4, 0.4, 0.4]
		},
		"firstperson_lefthand": {
			"rotation": [0, 225, 0],
			"scale": [0.4, 0.4, 0.4]
		},
		"ground": {
			"translation": [0, 3, 0],
			"scale": [0.25, 0.25, 0.25]
		},
		"gui": {
			"rotation": [30, 225, 0],
			"scale": [0.625, 0.625, 0.625]
		},
		"fixed": {
			"rotation": [-90, 0, 0],
			"translation": [0, 0, -16],
			"scale": [2, 2, 2]
		}
	},
	"groups": [
		{
			"name": "group",
			"origin": [0, 0, 0],
			"color": 0,
			"nbt": "{}",
			"armAnimationEnabled": false,
			"children": [0, 1, 2, 3, 4, 5, 6, 7]
		},
		{
			"name": "group",
			"origin": [0, 0, 0],
			"color": 0,
			"nbt": "{}",
			"armAnimationEnabled": false,
			"children": [8, 9, 10, 11, 12, 13, 14, 15]
		},
		{
			"name": "group",
			"origin": [0, 0, 0],
			"color": 0,
			"nbt": "{}",
			"armAnimationEnabled": false,
			"children": [16, 17, 18, 19, 20, 21, 22, 23]
		},
		{
			"name": "group",
			"origin": [0, 0, 0],
			"color": 0,
			"nbt": "{}",
			"armAnimationEnabled": false,
			"children": [24, 25, 26, 27, 28, 29, 30, 31]
		}
	]
}