{
	"credit": "Made with Blockbench",
	"texture_size": [64, 64],
	"textures": {
		"1": "must_have_props:coffee_tray",
		"particle": "must_have_props:coffee_tray"
	},
	"elements": [
		{
			"from": [1, 0.1, 2.5],
			"to": [15, 0.1, 13.5],
			"rotation": {"angle": 0, "axis": "y", "origin": [8, 1, 7]},
			"faces": {
				"north": {"uv": [0, 0, 3.5, 0], "texture": "#1"},
				"east": {"uv": [0, 0, 2.75, 0], "texture": "#1"},
				"south": {"uv": [0, 0, 3.5, 0], "texture": "#1"},
				"west": {"uv": [0, 0, 2.75, 0], "texture": "#1"},
				"up": {"uv": [3.5, 2.75, 0, 0], "texture": "#1"},
				"down": {"uv": [3.5, 2.75, 0, 5.5], "texture": "#1"}
			}
		},
		{
			"from": [15, 0.1, 2.5],
			"to": [15, 2.1, 13.5],
			"rotation": {"angle": 0, "axis": "y", "origin": [8, 1, 7]},
			"faces": {
				"north": {"uv": [0, 0, 0, 0.5], "texture": "#1"},
				"east": {"uv": [6.25, 1.25, 9, 1.75], "texture": "#1"},
				"south": {"uv": [0, 0, 0, 0.5], "texture": "#1"},
				"west": {"uv": [6.25, 1.75, 9, 2.25], "texture": "#1"},
				"up": {"uv": [0, 2.75, 0, 0], "texture": "#1"},
				"down": {"uv": [0, 0, 0, 2.75], "texture": "#1"}
			}
		},
		{
			"from": [1, 0.1, 2.5],
			"to": [1, 2.1, 13.5],
			"rotation": {"angle": 0, "axis": "y", "origin": [8, 1, 7]},
			"faces": {
				"north": {"uv": [0, 0, 0, 0.5], "texture": "#1"},
				"east": {"uv": [6.25, 2.25, 9, 2.75], "texture": "#1"},
				"south": {"uv": [0, 0, 0, 0.5], "texture": "#1"},
				"west": {"uv": [6.25, 2.75, 9, 3.25], "texture": "#1"},
				"up": {"uv": [0, 2.75, 0, 0], "texture": "#1"},
				"down": {"uv": [0, 0, 0, 2.75], "texture": "#1"}
			}
		},
		{
			"from": [1, 0.1, 13.5],
			"to": [15, 1.1, 13.5],
			"rotation": {"angle": 0, "axis": "y", "origin": [8, 1, 7]},
			"faces": {
				"north": {"uv": [7.25, 6.25, 10.75, 6.5], "texture": "#1"},
				"east": {"uv": [0, 0, 0, 0.25], "texture": "#1"},
				"south": {"uv": [7.25, 6.5, 10.75, 6.75], "texture": "#1"},
				"west": {"uv": [0, 0, 0, 0.25], "texture": "#1"},
				"up": {"uv": [3.5, 0, 0, 0], "texture": "#1"},
				"down": {"uv": [3.5, 0, 0, 0], "texture": "#1"}
			}
		},
		{
			"from": [1, 0.1, 2.5],
			"to": [15, 1.1, 2.5],
			"rotation": {"angle": 0, "axis": "y", "origin": [8, 1, 7]},
			"faces": {
				"north": {"uv": [7.25, 6.75, 10.75, 7], "texture": "#1"},
				"east": {"uv": [0, 0, 0, 0.25], "texture": "#1"},
				"south": {"uv": [7.25, 7, 10.75, 7.25], "texture": "#1"},
				"west": {"uv": [0, 0, 0, 0.25], "texture": "#1"},
				"up": {"uv": [3.5, 0, 0, 0], "texture": "#1"},
				"down": {"uv": [3.5, 0, 0, 0], "texture": "#1"}
			}
		},
		{
			"from": [8.7, 1.2, 7.5],
			"to": [12.7, 5.2, 11.5],
			"rotation": {"angle": -22.5, "axis": "y", "origin": [10.5, 2.45, 10.5]},
			"faces": {
				"north": {"uv": [6.25, 3.25, 7.25, 4.25], "texture": "#1"},
				"east": {"uv": [6.25, 6, 7.25, 7], "texture": "#1"},
				"south": {"uv": [6.5, 4.25, 7.5, 5.25], "texture": "#1"},
				"west": {"uv": [0, 6.75, 1, 7.75], "texture": "#1"},
				"up": {"uv": [2, 7.75, 1, 6.75], "texture": "#1"},
				"down": {"uv": [7.25, 7, 6.25, 8], "texture": "#1"}
			}
		},
		{
			"from": [12.7, 2.2, 9.5],
			"to": [14.7, 5.2, 9.5],
			"rotation": {"angle": -22.5, "axis": "y", "origin": [10.5, 2.45, 10.5]},
			"faces": {
				"north": {"uv": [6.5, 5.25, 7, 6], "texture": "#1"},
				"east": {"uv": [0, 0, 0, 0.75], "texture": "#1"},
				"south": {"uv": [7.25, 7.25, 7.75, 8], "texture": "#1"},
				"west": {"uv": [0, 0, 0, 0.75], "texture": "#1"},
				"up": {"uv": [0.5, 0, 0, 0], "texture": "#1"},
				"down": {"uv": [0.5, 0, 0, 0], "texture": "#1"}
			}
		},
		{
			"from": [8.1, 0.2, 6.5],
			"to": [14.1, 1.2, 12.5],
			"rotation": {"angle": 0, "axis": "y", "origin": [0, 0.2, 0]},
			"faces": {
				"north": {"uv": [7.5, 0, 9, 0.25], "texture": "#1"},
				"east": {"uv": [7.5, 0.25, 9, 0.5], "texture": "#1"},
				"south": {"uv": [7.5, 0.5, 9, 0.75], "texture": "#1"},
				"west": {"uv": [7.5, 0.75, 9, 1], "texture": "#1"},
				"up": {"uv": [5, 6, 3.5, 4.5], "texture": "#1"},
				"down": {"uv": [6.5, 4.5, 5, 6], "texture": "#1"}
			}
		},
		{
			"from": [4, 9.3, 5],
			"to": [6, 10.3, 7],
			"rotation": {"angle": 45, "axis": "y", "origin": [4.5, 5.75, 6]},
			"faces": {
				"north": {"uv": [2, 6.75, 2.5, 7], "texture": "#1"},
				"east": {"uv": [2, 7, 2.5, 7.25], "texture": "#1"},
				"south": {"uv": [7.5, 1, 8, 1.25], "texture": "#1"},
				"west": {"uv": [7.5, 4.25, 8, 4.5], "texture": "#1"},
				"up": {"uv": [3, 6, 2.5, 5.5], "texture": "#1"},
				"down": {"uv": [3.5, 5.5, 3, 6], "texture": "#1"}
			}
		},
		{
			"from": [2.5, 4.3, 3.5],
			"to": [7.5, 9.3, 8.5],
			"rotation": {"angle": 45, "axis": "y", "origin": [4.5, 5.75, 6]},
			"faces": {
				"north": {"uv": [0, 5.5, 1.25, 6.75], "texture": "#1"},
				"east": {"uv": [1.25, 5.5, 2.5, 6.75], "texture": "#1"},
				"south": {"uv": [2.5, 6, 3.75, 7.25], "texture": "#1"},
				"west": {"uv": [3.75, 6, 5, 7.25], "texture": "#1"},
				"up": {"uv": [6.25, 7.25, 5, 6], "texture": "#1"},
				"down": {"uv": [7.5, 0, 6.25, 1.25], "texture": "#1"}
			}
		},
		{
			"from": [-1.5, 1.3, 6],
			"to": [9.5, 10.3, 6],
			"rotation": {"angle": 45, "axis": "y", "origin": [4.5, 5.75, 6]},
			"faces": {
				"north": {"uv": [3.5, 0, 6.25, 2.25], "texture": "#1"},
				"east": {"uv": [0, 0, 0, 2.25], "texture": "#1"},
				"south": {"uv": [3.5, 2.25, 6.25, 4.5], "texture": "#1"},
				"west": {"uv": [0, 0, 0, 2.25], "texture": "#1"},
				"up": {"uv": [2.75, 0, 0, 0], "texture": "#1"},
				"down": {"uv": [2.75, 0, 0, 0], "texture": "#1"}
			}
		},
		{
			"from": [3, 0.3, 4],
			"to": [7, 4.3, 8],
			"rotation": {"angle": 45, "axis": "y", "origin": [4.5, 5.75, 6]},
			"faces": {
				"north": {"uv": [2, 7.25, 3, 8.25], "texture": "#1"},
				"east": {"uv": [3, 7.25, 4, 8.25], "texture": "#1"},
				"south": {"uv": [7.25, 3.25, 8.25, 4.25], "texture": "#1"},
				"west": {"uv": [4, 7.25, 5, 8.25], "texture": "#1"},
				"up": {"uv": [6, 8.25, 5, 7.25], "texture": "#1"},
				"down": {"uv": [8.25, 5.25, 7.25, 6.25], "texture": "#1"}
			}
		}
	],
	"display": {
		"thirdperson_righthand": {
			"rotation": [75, 45, 0],
			"translation": [0, 2.5, 0],
			"scale": [0.375, 0.375, 0.375]
		},
		"thirdperson_lefthand": {
			"rotation": [75, 45, 0],
			"translation": [0, 2.5, 0],
			"scale": [0.375, 0.375, 0.375]
		},
		"firstperson_righthand": {
			"rotation": [0, 45, 0],
			"scale": [0.4, 0.4, 0.4]
		},
		"firstperson_lefthand": {
			"rotation": [0, 225, 0],
			"scale": [0.4, 0.4, 0.4]
		},
		"ground": {
			"translation": [0, 3, 0],
			"scale": [0.25, 0.25, 0.25]
		},
		"gui": {
			"rotation": [30, 225, 0],
			"scale": [0.625, 0.625, 0.625]
		},
		"fixed": {
			"rotation": [-90, 0, 0],
			"translation": [0, 0, -16],
			"scale": [2, 2, 2]
		}
	},
	"groups": [
		0,
		1,
		2,
		3,
		4,
		{
			"name": "group",
			"origin": [0, 0, 0],
			"color": 0,
			"nbt": "{}",
			"armAnimationEnabled": false,
			"children": [5, 6]
		},
		7,
		{
			"name": "group",
			"origin": [0, 0, 0],
			"color": 0,
			"nbt": "{}",
			"armAnimationEnabled": false,
			"children": [8, 9, 10, 11]
		}
	]
}