{
	"credit": "Made with Blockbench",
	"textures": {
		"1": "must_have_props:glass_cup"
	},
	"elements": [
		{
			"from": [8.5, 0, 9.5],
			"to": [11.5, 1, 12.5],
			"rotation": {"angle": 22.5, "axis": "y", "origin": [10, 3.25, 11]},
			"faces": {
				"north": {"uv": [8, 7, 11, 8], "texture": "#1"},
				"east": {"uv": [7, 9, 10, 10], "texture": "#1"},
				"south": {"uv": [7, 10, 10, 11], "texture": "#1"},
				"west": {"uv": [7, 8, 10, 9], "texture": "#1"},
				"up": {"uv": [7, 11, 4, 8], "rotation": 270, "texture": "#1"},
				"down": {"uv": [11, 4, 8, 7], "rotation": 90, "texture": "#1"}
			}
		},
		{
			"from": [9.5, 1, 10.5],
			"to": [10.5, 4, 11.5],
			"rotation": {"angle": 22.5, "axis": "y", "origin": [10, 3.25, 11]},
			"faces": {
				"north": {"uv": [4, 11, 5, 14], "texture": "#1"},
				"east": {"uv": [11, 4, 12, 7], "texture": "#1"},
				"south": {"uv": [5, 11, 6, 14], "texture": "#1"},
				"west": {"uv": [10, 8, 11, 11], "texture": "#1"},
				"up": {"uv": [9, 14, 8, 13], "rotation": 270, "texture": "#1"},
				"down": {"uv": [11, 12, 10, 13], "rotation": 90, "texture": "#1"}
			}
		},
		{
			"from": [8, 4, 9],
			"to": [12, 8, 13],
			"rotation": {"angle": 22.5, "axis": "y", "origin": [10, 3.25, 11]},
			"faces": {
				"north": {"uv": [0, 4, 4, 8], "texture": "#1"},
				"east": {"uv": [4, 0, 8, 4], "texture": "#1"},
				"south": {"uv": [4, 4, 8, 8], "texture": "#1"},
				"west": {"uv": [0, 0, 4, 4], "texture": "#1"},
				"up": {"uv": [4, 12, 0, 8], "rotation": 270, "texture": "#1"},
				"down": {"uv": [12, 0, 8, 4], "rotation": 90, "texture": "#1"}
			}
		},
		{
			"from": [3.5, 0, 6.5],
			"to": [6.5, 1, 9.5],
			"rotation": {"angle": -22.5, "axis": "y", "origin": [5, 3.25, 8]},
			"faces": {
				"north": {"uv": [7, 8, 10, 9], "texture": "#1"},
				"east": {"uv": [8, 7, 11, 8], "texture": "#1"},
				"south": {"uv": [7, 9, 10, 10], "texture": "#1"},
				"west": {"uv": [7, 10, 10, 11], "texture": "#1"},
				"up": {"uv": [7, 11, 4, 8], "texture": "#1"},
				"down": {"uv": [11, 4, 8, 7], "texture": "#1"}
			}
		},
		{
			"from": [4.5, 1, 7.5],
			"to": [5.5, 4, 8.5],
			"rotation": {"angle": -22.5, "axis": "y", "origin": [5, 3.25, 8]},
			"faces": {
				"north": {"uv": [10, 8, 11, 11], "texture": "#1"},
				"east": {"uv": [4, 11, 5, 14], "texture": "#1"},
				"south": {"uv": [11, 4, 12, 7], "texture": "#1"},
				"west": {"uv": [5, 11, 6, 14], "texture": "#1"},
				"up": {"uv": [9, 14, 8, 13], "texture": "#1"},
				"down": {"uv": [11, 12, 10, 13], "texture": "#1"}
			}
		},
		{
			"from": [3, 4, 6],
			"to": [7, 8, 10],
			"rotation": {"angle": -22.5, "axis": "y", "origin": [5, 3.25, 8]},
			"faces": {
				"north": {"uv": [0, 0, 4, 4], "texture": "#1"},
				"east": {"uv": [0, 4, 4, 8], "texture": "#1"},
				"south": {"uv": [4, 0, 8, 4], "texture": "#1"},
				"west": {"uv": [4, 4, 8, 8], "texture": "#1"},
				"up": {"uv": [4, 12, 0, 8], "texture": "#1"},
				"down": {"uv": [12, 0, 8, 4], "texture": "#1"}
			}
		},
		{
			"from": [10, 4, 2],
			"to": [14, 8, 6],
			"rotation": {"angle": 0, "axis": "y", "origin": [5, 3.25, 8]},
			"faces": {
				"north": {"uv": [0, 0, 4, 4], "texture": "#1"},
				"east": {"uv": [0, 4, 4, 8], "texture": "#1"},
				"south": {"uv": [4, 0, 8, 4], "texture": "#1"},
				"west": {"uv": [4, 4, 8, 8], "texture": "#1"},
				"up": {"uv": [4, 12, 0, 8], "texture": "#1"},
				"down": {"uv": [12, 0, 8, 4], "texture": "#1"}
			}
		},
		{
			"from": [10.5, 0, 2.5],
			"to": [13.5, 1, 5.5],
			"rotation": {"angle": 0, "axis": "y", "origin": [5, 3.25, 8]},
			"faces": {
				"north": {"uv": [7, 8, 10, 9], "texture": "#1"},
				"east": {"uv": [8, 7, 11, 8], "texture": "#1"},
				"south": {"uv": [7, 9, 10, 10], "texture": "#1"},
				"west": {"uv": [7, 10, 10, 11], "texture": "#1"},
				"up": {"uv": [7, 11, 4, 8], "texture": "#1"},
				"down": {"uv": [11, 4, 8, 7], "texture": "#1"}
			}
		},
		{
			"from": [11.5, 1, 3.5],
			"to": [12.5, 4, 4.5],
			"rotation": {"angle": 0, "axis": "y", "origin": [5, 3.25, 8]},
			"faces": {
				"north": {"uv": [10, 8, 11, 11], "texture": "#1"},
				"east": {"uv": [4, 11, 5, 14], "texture": "#1"},
				"south": {"uv": [11, 4, 12, 7], "texture": "#1"},
				"west": {"uv": [5, 11, 6, 14], "texture": "#1"},
				"up": {"uv": [9, 14, 8, 13], "texture": "#1"},
				"down": {"uv": [11, 12, 10, 13], "texture": "#1"}
			}
		}
	],
	"display": {
		"thirdperson_righthand": {
			"rotation": [75, 45, 0],
			"translation": [0, 2.5, 0],
			"scale": [0.375, 0.375, 0.375]
		},
		"thirdperson_lefthand": {
			"rotation": [75, 45, 0],
			"translation": [0, 2.5, 0],
			"scale": [0.375, 0.375, 0.375]
		},
		"firstperson_righthand": {
			"rotation": [0, 45, 0],
			"scale": [0.4, 0.4, 0.4]
		},
		"firstperson_lefthand": {
			"rotation": [0, 225, 0],
			"scale": [0.4, 0.4, 0.4]
		},
		"ground": {
			"translation": [0, 3, 0],
			"scale": [0.25, 0.25, 0.25]
		},
		"gui": {
			"rotation": [30, 225, 0],
			"scale": [0.625, 0.625, 0.625]
		},
		"fixed": {
			"rotation": [-90, 0, 0],
			"translation": [0, 0, -16],
			"scale": [2, 2, 2]
		}
	}
}