{
	"credit": "Made with Blockbench",
	"textures": {
		"1": "must_have_props:money"
	},
	"elements": [
		{
			"from": [4, 0, 3],
			"to": [7, 1, 9],
			"faces": {
				"north": {"uv": [12, 12, 15, 13], "texture": "#1"},
				"east": {"uv": [9, 6, 15, 7], "texture": "#1"},
				"south": {"uv": [0, 13, 3, 14], "texture": "#1"},
				"west": {"uv": [9, 7, 15, 8], "texture": "#1"},
				"up": {"uv": [3, 6, 0, 0], "texture": "#1"},
				"down": {"uv": [6, 0, 3, 6], "texture": "#1"}
			}
		},
		{
			"from": [4, 1, 3],
			"to": [7, 2, 9],
			"faces": {
				"north": {"uv": [3, 13, 6, 14], "texture": "#1"},
				"east": {"uv": [9, 8, 15, 9], "texture": "#1"},
				"south": {"uv": [6, 13, 9, 14], "texture": "#1"},
				"west": {"uv": [9, 9, 15, 10], "texture": "#1"},
				"up": {"uv": [3, 12, 0, 6], "texture": "#1"},
				"down": {"uv": [9, 0, 6, 6], "texture": "#1"}
			}
		},
		{
			"from": [5.5, 0, 9.5],
			"to": [11.5, 1, 12.5],
			"rotation": {"angle": 22.5, "axis": "y", "origin": [8.5, 1, 13]},
			"faces": {
				"north": {"uv": [0, 12, 6, 13], "texture": "#1"},
				"east": {"uv": [0, 14, 3, 15], "texture": "#1"},
				"south": {"uv": [6, 12, 12, 13], "texture": "#1"},
				"west": {"uv": [3, 14, 6, 15], "texture": "#1"},
				"up": {"uv": [9, 12, 3, 9], "texture": "#1"},
				"down": {"uv": [15, 3, 9, 6], "texture": "#1"}
			}
		},
		{
			"from": [6.5, 1, 4.5],
			"to": [12.5, 2, 7.5],
			"rotation": {"angle": -22.5, "axis": "z", "origin": [9.5, 1.5, 6]},
			"faces": {
				"north": {"uv": [9, 10, 15, 11], "texture": "#1"},
				"east": {"uv": [9, 13, 12, 14], "texture": "#1"},
				"south": {"uv": [9, 11, 15, 12], "texture": "#1"},
				"west": {"uv": [12, 13, 15, 14], "texture": "#1"},
				"up": {"uv": [9, 9, 3, 6], "texture": "#1"},
				"down": {"uv": [15, 0, 9, 3], "texture": "#1"}
			}
		}
	],
	"display": {
		"thirdperson_righthand": {
			"rotation": [75, 45, 0],
			"translation": [0, 2.5, 0],
			"scale": [0.375, 0.375, 0.375]
		},
		"thirdperson_lefthand": {
			"rotation": [75, 45, 0],
			"translation": [0, 2.5, 0],
			"scale": [0.375, 0.375, 0.375]
		},
		"firstperson_righthand": {
			"rotation": [0, 45, 0],
			"scale": [0.4, 0.4, 0.4]
		},
		"firstperson_lefthand": {
			"rotation": [0, 225, 0],
			"scale": [0.4, 0.4, 0.4]
		},
		"ground": {
			"translation": [0, 3, 0],
			"scale": [0.25, 0.25, 0.25]
		},
		"gui": {
			"rotation": [30, 225, 0],
			"scale": [0.625, 0.625, 0.625]
		},
		"fixed": {
			"rotation": [-90, 0, 0],
			"translation": [0, 0, -16],
			"scale": [2, 2, 2]
		}
	}
}