{
	"credit": "Made with Blockbench",
	"texture_size": [64, 64],
	"textures": {
		"1": "must_have_props:organized_log_pile"
	},
	"elements": [
		{
			"from": [11, 0, 0],
			"to": [15, 4, 16],
			"rotation": {"angle": 0, "axis": "y", "origin": [8, 6, 8]},
			"faces": {
				"north": {"uv": [8, 7, 9, 8], "texture": "#1"},
				"east": {"uv": [0, 0, 4, 1], "texture": "#1"},
				"south": {"uv": [8, 6, 9, 7], "texture": "#1"},
				"west": {"uv": [0, 1, 4, 2], "texture": "#1"},
				"up": {"uv": [4, 3, 0, 2], "rotation": 90, "texture": "#1"},
				"down": {"uv": [4, 3, 0, 4], "rotation": 270, "texture": "#1"}
			}
		},
		{
			"from": [6, 0, -1],
			"to": [10, 4, 15],
			"rotation": {"angle": 0, "axis": "y", "origin": [8, 6, 8]},
			"faces": {
				"north": {"uv": [0, 9, 1, 10], "texture": "#1"},
				"east": {"uv": [0, 4, 4, 5], "texture": "#1"},
				"south": {"uv": [8, 8, 9, 9], "texture": "#1"},
				"west": {"uv": [4, 0, 8, 1], "texture": "#1"},
				"up": {"uv": [8, 2, 4, 1], "rotation": 90, "texture": "#1"},
				"down": {"uv": [8, 2, 4, 3], "rotation": 270, "texture": "#1"}
			}
		},
		{
			"from": [6, 8, 0],
			"to": [10, 12, 16],
			"rotation": {"angle": 0, "axis": "y", "origin": [8, 6, 8]},
			"faces": {
				"north": {"uv": [7, 9, 8, 10], "texture": "#1"},
				"east": {"uv": [8, 3, 12, 4], "texture": "#1"},
				"south": {"uv": [9, 6, 10, 7], "texture": "#1"},
				"west": {"uv": [4, 8, 8, 9], "texture": "#1"},
				"up": {"uv": [12, 5, 8, 4], "rotation": 90, "texture": "#1"},
				"down": {"uv": [12, 5, 8, 6], "rotation": 270, "texture": "#1"}
			}
		},
		{
			"from": [1, 0, 0],
			"to": [5, 4, 16],
			"rotation": {"angle": 0, "axis": "y", "origin": [8, 6, 8]},
			"faces": {
				"north": {"uv": [2, 9, 3, 10], "texture": "#1"},
				"east": {"uv": [4, 3, 8, 4], "texture": "#1"},
				"south": {"uv": [1, 9, 2, 10], "texture": "#1"},
				"west": {"uv": [4, 4, 8, 5], "texture": "#1"},
				"up": {"uv": [4, 6, 0, 5], "rotation": 90, "texture": "#1"},
				"down": {"uv": [8, 5, 4, 6], "rotation": 270, "texture": "#1"}
			}
		},
		{
			"from": [3.5, 4, 1],
			"to": [7.5, 8, 17],
			"rotation": {"angle": 0, "axis": "y", "origin": [8, 6, 8]},
			"faces": {
				"north": {"uv": [4, 9, 5, 10], "texture": "#1"},
				"east": {"uv": [0, 6, 4, 7], "texture": "#1"},
				"south": {"uv": [3, 9, 4, 10], "texture": "#1"},
				"west": {"uv": [4, 6, 8, 7], "texture": "#1"},
				"up": {"uv": [4, 8, 0, 7], "rotation": 90, "texture": "#1"},
				"down": {"uv": [8, 7, 4, 8], "rotation": 270, "texture": "#1"}
			}
		},
		{
			"from": [8.5, 4, 0],
			"to": [12.5, 8, 16],
			"rotation": {"angle": 0, "axis": "y", "origin": [8, 6, 8]},
			"faces": {
				"north": {"uv": [6, 9, 7, 10], "texture": "#1"},
				"east": {"uv": [0, 8, 4, 9], "texture": "#1"},
				"south": {"uv": [5, 9, 6, 10], "texture": "#1"},
				"west": {"uv": [8, 0, 12, 1], "texture": "#1"},
				"up": {"uv": [12, 2, 8, 1], "rotation": 90, "texture": "#1"},
				"down": {"uv": [12, 2, 8, 3], "rotation": 270, "texture": "#1"}
			}
		}
	],
	"display": {
		"thirdperson_righthand": {
			"rotation": [75, 45, 0],
			"translation": [0, 2.5, 0],
			"scale": [0.375, 0.375, 0.375]
		},
		"thirdperson_lefthand": {
			"rotation": [75, 45, 0],
			"translation": [0, 2.5, 0],
			"scale": [0.375, 0.375, 0.375]
		},
		"firstperson_righthand": {
			"rotation": [0, 45, 0],
			"scale": [0.4, 0.4, 0.4]
		},
		"firstperson_lefthand": {
			"rotation": [0, 225, 0],
			"scale": [0.4, 0.4, 0.4]
		},
		"ground": {
			"translation": [0, 3, 0],
			"scale": [0.25, 0.25, 0.25]
		},
		"gui": {
			"rotation": [30, 225, 0],
			"scale": [0.625, 0.625, 0.625]
		},
		"fixed": {
			"rotation": [-90, 0, 0],
			"translation": [0, 0, -16],
			"scale": [2, 2, 2]
		}
	}
}