{
	"credit": "Made with Blockbench",
	"texture_size": [64, 64],
	"textures": {
		"1": "must_have_props:organized_books"
	},
	"elements": [
		{
			"from": [8.35, 0, 4.25],
			"to": [8.35, 8, 11.25],
			"rotation": {"angle": 0, "axis": "y", "origin": [15.75, 0.7, 6]},
			"faces": {
				"north": {"uv": [0, 0, 0, 2], "texture": "#1"},
				"east": {"uv": [0, 0, 1.75, 2], "texture": "#1"},
				"south": {"uv": [0, 0, 0, 2], "texture": "#1"},
				"west": {"uv": [1.75, 0, 3.5, 2], "texture": "#1"},
				"up": {"uv": [0, 1.75, 0, 0], "texture": "#1"},
				"down": {"uv": [0, 0, 0, 1.75], "texture": "#1"}
			}
		},
		{
			"from": [7.249, 0.5, 4.35],
			"to": [8.249, 7.5, 10.75],
			"rotation": {"angle": 0, "axis": "y", "origin": [15.75, 0.7, 6]},
			"faces": {
				"north": {"uv": [10.5, 0, 10.75, 1.75], "texture": "#1"},
				"east": {"uv": [7, 8, 8.5, 9.75], "texture": "#1"},
				"south": {"uv": [10.5, 1.75, 10.75, 3.5], "texture": "#1"},
				"west": {"uv": [8.5, 8, 10, 9.75], "texture": "#1"},
				"up": {"uv": [11, 10.25, 10.75, 8.75], "texture": "#1"},
				"down": {"uv": [11, 10.25, 10.75, 11.75], "texture": "#1"}
			}
		},
		{
			"from": [7.149, 0, 4.25],
			"to": [8.349, 8, 4.25],
			"rotation": {"angle": 0, "axis": "y", "origin": [15.75, 0.7, 6]},
			"faces": {
				"north": {"uv": [6, 10, 6.25, 12], "texture": "#1"},
				"east": {"uv": [0, 0, 0, 2], "texture": "#1"},
				"south": {"uv": [6.25, 10, 6.5, 12], "texture": "#1"},
				"west": {"uv": [0, 0, 0, 2], "texture": "#1"},
				"up": {"uv": [0.25, 0, 0, 0], "texture": "#1"},
				"down": {"uv": [0.25, 0, 0, 0], "texture": "#1"}
			}
		},
		{
			"from": [7.15, 0, 4.25],
			"to": [7.15, 8, 11.25],
			"rotation": {"angle": 0, "axis": "y", "origin": [15.75, 0.7, 6]},
			"faces": {
				"north": {"uv": [0, 0, 0, 2], "texture": "#1"},
				"east": {"uv": [0, 2, 1.75, 4], "texture": "#1"},
				"south": {"uv": [0, 0, 0, 2], "texture": "#1"},
				"west": {"uv": [1.75, 2, 3.5, 4], "texture": "#1"},
				"up": {"uv": [0, 1.75, 0, 0], "texture": "#1"},
				"down": {"uv": [0, 0, 0, 1.75], "texture": "#1"}
			}
		},
		{
			"from": [9.65, 0, 4.25],
			"to": [9.65, 8, 11.25],
			"rotation": {"angle": 0, "axis": "y", "origin": [15.75, 2, 6]},
			"faces": {
				"north": {"uv": [0, 0, 0, 2], "texture": "#1"},
				"east": {"uv": [3.5, 0, 5.25, 2], "texture": "#1"},
				"south": {"uv": [0, 0, 0, 2], "texture": "#1"},
				"west": {"uv": [3.5, 2, 5.25, 4], "texture": "#1"},
				"up": {"uv": [0, 1.75, 0, 0], "texture": "#1"},
				"down": {"uv": [0, 0, 0, 1.75], "texture": "#1"}
			}
		},
		{
			"from": [8.549, 0.5, 4.35],
			"to": [9.549, 7.5, 10.75],
			"rotation": {"angle": 0, "axis": "y", "origin": [15.75, 2, 6]},
			"faces": {
				"north": {"uv": [10.5, 3.5, 10.75, 5.25], "texture": "#1"},
				"east": {"uv": [8.75, 0, 10.25, 1.75], "texture": "#1"},
				"south": {"uv": [10.5, 5.25, 10.75, 7], "texture": "#1"},
				"west": {"uv": [8.75, 1.75, 10.25, 3.5], "texture": "#1"},
				"up": {"uv": [11.25, 1.5, 11, 0], "texture": "#1"},
				"down": {"uv": [11.25, 1.5, 11, 3], "texture": "#1"}
			}
		},
		{
			"from": [8.449, 0, 4.25],
			"to": [9.649, 8, 4.25],
			"rotation": {"angle": 0, "axis": "y", "origin": [15.75, 2, 6]},
			"faces": {
				"north": {"uv": [6.5, 10, 6.75, 12], "texture": "#1"},
				"east": {"uv": [0, 0, 0, 2], "texture": "#1"},
				"south": {"uv": [6.75, 10, 7, 12], "texture": "#1"},
				"west": {"uv": [0, 0, 0, 2], "texture": "#1"},
				"up": {"uv": [0.25, 0, 0, 0], "texture": "#1"},
				"down": {"uv": [0.25, 0, 0, 0], "texture": "#1"}
			}
		},
		{
			"from": [8.45, 0, 4.25],
			"to": [8.45, 8, 11.25],
			"rotation": {"angle": 0, "axis": "y", "origin": [15.75, 2, 6]},
			"faces": {
				"north": {"uv": [0, 0, 0, 2], "texture": "#1"},
				"east": {"uv": [0, 4, 1.75, 6], "texture": "#1"},
				"south": {"uv": [0, 0, 0, 2], "texture": "#1"},
				"west": {"uv": [1.75, 4, 3.5, 6], "texture": "#1"},
				"up": {"uv": [0, 1.75, 0, 0], "texture": "#1"},
				"down": {"uv": [0, 0, 0, 1.75], "texture": "#1"}
			}
		},
		{
			"from": [10.95, 0, 4.25],
			"to": [10.95, 8, 11.25],
			"rotation": {"angle": 0, "axis": "y", "origin": [15.75, 3.3, 6]},
			"faces": {
				"north": {"uv": [0, 0, 0, 2], "texture": "#1"},
				"east": {"uv": [3.5, 4, 5.25, 6], "texture": "#1"},
				"south": {"uv": [0, 0, 0, 2], "texture": "#1"},
				"west": {"uv": [5.25, 0, 7, 2], "texture": "#1"},
				"up": {"uv": [0, 1.75, 0, 0], "texture": "#1"},
				"down": {"uv": [0, 0, 0, 1.75], "texture": "#1"}
			}
		},
		{
			"from": [9.849, 0.5, 4.35],
			"to": [10.849, 7.5, 10.75],
			"rotation": {"angle": 0, "axis": "y", "origin": [15.75, 3.3, 6]},
			"faces": {
				"north": {"uv": [10.5, 7, 10.75, 8.75], "texture": "#1"},
				"east": {"uv": [8.75, 3.5, 10.25, 5.25], "texture": "#1"},
				"south": {"uv": [10.5, 8.75, 10.75, 10.5], "texture": "#1"},
				"west": {"uv": [8.75, 5.25, 10.25, 7], "texture": "#1"},
				"up": {"uv": [11.25, 4.5, 11, 3], "texture": "#1"},
				"down": {"uv": [11.25, 4.5, 11, 6], "texture": "#1"}
			}
		},
		{
			"from": [9.749, 0, 4.25],
			"to": [10.949, 8, 4.25],
			"rotation": {"angle": 0, "axis": "y", "origin": [15.75, 3.3, 6]},
			"faces": {
				"north": {"uv": [10, 7, 10.25, 9], "texture": "#1"},
				"east": {"uv": [0, 0, 0, 2], "texture": "#1"},
				"south": {"uv": [10, 9, 10.25, 11], "texture": "#1"},
				"west": {"uv": [0, 0, 0, 2], "texture": "#1"},
				"up": {"uv": [0.25, 0, 0, 0], "texture": "#1"},
				"down": {"uv": [0.25, 0, 0, 0], "texture": "#1"}
			}
		},
		{
			"from": [9.75, 0, 4.25],
			"to": [9.75, 8, 11.25],
			"rotation": {"angle": 0, "axis": "y", "origin": [15.75, 3.3, 6]},
			"faces": {
				"north": {"uv": [0, 0, 0, 2], "texture": "#1"},
				"east": {"uv": [5.25, 2, 7, 4], "texture": "#1"},
				"south": {"uv": [0, 0, 0, 2], "texture": "#1"},
				"west": {"uv": [5.25, 4, 7, 6], "texture": "#1"},
				"up": {"uv": [0, 1.75, 0, 0], "texture": "#1"},
				"down": {"uv": [0, 0, 0, 1.75], "texture": "#1"}
			}
		},
		{
			"from": [13.63268, -0.2, 4.17388],
			"to": [13.63268, 7.8, 11.17388],
			"rotation": {"angle": 22.5, "axis": "z", "origin": [12.63268, 4, 5.92388]},
			"faces": {
				"north": {"uv": [0, 0, 0, 2], "texture": "#1"},
				"east": {"uv": [0, 6, 1.75, 8], "texture": "#1"},
				"south": {"uv": [0, 0, 0, 2], "texture": "#1"},
				"west": {"uv": [1.75, 6, 3.5, 8], "texture": "#1"},
				"up": {"uv": [0, 1.75, 0, 0], "texture": "#1"},
				"down": {"uv": [0, 0, 0, 1.75], "texture": "#1"}
			}
		},
		{
			"from": [12.53168, 0.3, 4.27388],
			"to": [13.53168, 7.3, 10.67388],
			"rotation": {"angle": 22.5, "axis": "z", "origin": [12.63268, 4, 5.92388]},
			"faces": {
				"north": {"uv": [10.5, 10.5, 10.75, 12.25], "texture": "#1"},
				"east": {"uv": [7, 9.75, 8.5, 11.5], "texture": "#1"},
				"south": {"uv": [10.75, 0, 11, 1.75], "texture": "#1"},
				"west": {"uv": [8.5, 9.75, 10, 11.5], "texture": "#1"},
				"up": {"uv": [11.25, 7.5, 11, 6], "texture": "#1"},
				"down": {"uv": [11.25, 7.5, 11, 9], "texture": "#1"}
			}
		},
		{
			"from": [12.43168, -0.2, 4.17388],
			"to": [13.63168, 7.8, 4.17388],
			"rotation": {"angle": 22.5, "axis": "z", "origin": [12.63268, 4, 5.92388]},
			"faces": {
				"north": {"uv": [10.25, 0, 10.5, 2], "texture": "#1"},
				"east": {"uv": [0, 0, 0, 2], "texture": "#1"},
				"south": {"uv": [10.25, 2, 10.5, 4], "texture": "#1"},
				"west": {"uv": [0, 0, 0, 2], "texture": "#1"},
				"up": {"uv": [0.25, 0, 0, 0], "texture": "#1"},
				"down": {"uv": [0.25, 0, 0, 0], "texture": "#1"}
			}
		},
		{
			"from": [12.43268, -0.2, 4.17388],
			"to": [12.43268, 7.8, 11.17388],
			"rotation": {"angle": 22.5, "axis": "z", "origin": [12.63268, 4, 5.92388]},
			"faces": {
				"north": {"uv": [0, 0, 0, 2], "texture": "#1"},
				"east": {"uv": [3.5, 6, 5.25, 8], "texture": "#1"},
				"south": {"uv": [0, 0, 0, 2], "texture": "#1"},
				"west": {"uv": [5.25, 6, 7, 8], "texture": "#1"},
				"up": {"uv": [0, 1.75, 0, 0], "texture": "#1"},
				"down": {"uv": [0, 0, 0, 1.75], "texture": "#1"}
			}
		},
		{
			"from": [7.05, 0, 4.25],
			"to": [7.05, 8, 11.25],
			"rotation": {"angle": 0, "axis": "y", "origin": [15.75, 3.3, 6]},
			"faces": {
				"north": {"uv": [0, 0, 0, 2], "texture": "#1"},
				"east": {"uv": [7, 0, 8.75, 2], "texture": "#1"},
				"south": {"uv": [0, 0, 0, 2], "texture": "#1"},
				"west": {"uv": [7, 2, 8.75, 4], "texture": "#1"},
				"up": {"uv": [0, 1.75, 0, 0], "texture": "#1"},
				"down": {"uv": [0, 0, 0, 1.75], "texture": "#1"}
			}
		},
		{
			"from": [5.949, 0.5, 4.35],
			"to": [6.949, 7.5, 10.75],
			"rotation": {"angle": 0, "axis": "y", "origin": [15.75, 3.3, 6]},
			"faces": {
				"north": {"uv": [10.75, 1.75, 11, 3.5], "texture": "#1"},
				"east": {"uv": [0, 10, 1.5, 11.75], "texture": "#1"},
				"south": {"uv": [10.75, 3.5, 11, 5.25], "texture": "#1"},
				"west": {"uv": [1.5, 10, 3, 11.75], "texture": "#1"},
				"up": {"uv": [11.25, 10.5, 11, 9], "texture": "#1"},
				"down": {"uv": [10.25, 11, 10, 12.5], "texture": "#1"}
			}
		},
		{
			"from": [5.849, 0, 4.25],
			"to": [7.049, 8, 4.25],
			"rotation": {"angle": 0, "axis": "y", "origin": [15.75, 3.3, 6]},
			"faces": {
				"north": {"uv": [10.25, 4, 10.5, 6], "texture": "#1"},
				"east": {"uv": [0, 0, 0, 2], "texture": "#1"},
				"south": {"uv": [10.25, 6, 10.5, 8], "texture": "#1"},
				"west": {"uv": [0, 0, 0, 2], "texture": "#1"},
				"up": {"uv": [0.25, 0, 0, 0], "texture": "#1"},
				"down": {"uv": [0.25, 0, 0, 0], "texture": "#1"}
			}
		},
		{
			"from": [5.85, 0, 4.25],
			"to": [5.85, 8, 11.25],
			"rotation": {"angle": 0, "axis": "y", "origin": [15.75, 3.3, 6]},
			"faces": {
				"north": {"uv": [0, 0, 0, 2], "texture": "#1"},
				"east": {"uv": [7, 4, 8.75, 6], "texture": "#1"},
				"south": {"uv": [0, 0, 0, 2], "texture": "#1"},
				"west": {"uv": [7, 6, 8.75, 8], "texture": "#1"},
				"up": {"uv": [0, 1.75, 0, 0], "texture": "#1"},
				"down": {"uv": [0, 0, 0, 1.75], "texture": "#1"}
			}
		},
		{
			"from": [5.75, 0, 4.25],
			"to": [5.75, 8, 11.25],
			"rotation": {"angle": 0, "axis": "y", "origin": [15.75, 3.3, 6]},
			"faces": {
				"north": {"uv": [0, 0, 0, 2], "texture": "#1"},
				"east": {"uv": [0, 8, 1.75, 10], "texture": "#1"},
				"south": {"uv": [0, 0, 0, 2], "texture": "#1"},
				"west": {"uv": [1.75, 8, 3.5, 10], "texture": "#1"},
				"up": {"uv": [0, 1.75, 0, 0], "texture": "#1"},
				"down": {"uv": [0, 0, 0, 1.75], "texture": "#1"}
			}
		},
		{
			"from": [4.649, 0.5, 4.35],
			"to": [5.649, 7.5, 10.75],
			"rotation": {"angle": 0, "axis": "y", "origin": [15.75, 3.3, 6]},
			"faces": {
				"north": {"uv": [10.75, 5.25, 11, 7], "texture": "#1"},
				"east": {"uv": [3, 10, 4.5, 11.75], "texture": "#1"},
				"south": {"uv": [10.75, 7, 11, 8.75], "texture": "#1"},
				"west": {"uv": [4.5, 10, 6, 11.75], "texture": "#1"},
				"up": {"uv": [11.25, 12, 11, 10.5], "texture": "#1"},
				"down": {"uv": [11.5, 0, 11.25, 1.5], "texture": "#1"}
			}
		},
		{
			"from": [4.549, 0, 4.25],
			"to": [5.749, 8, 4.25],
			"rotation": {"angle": 0, "axis": "y", "origin": [15.75, 3.3, 6]},
			"faces": {
				"north": {"uv": [10.25, 8, 10.5, 10], "texture": "#1"},
				"east": {"uv": [0, 0, 0, 2], "texture": "#1"},
				"south": {"uv": [10.25, 10, 10.5, 12], "texture": "#1"},
				"west": {"uv": [0, 0, 0, 2], "texture": "#1"},
				"up": {"uv": [0.25, 0, 0, 0], "texture": "#1"},
				"down": {"uv": [0.25, 0, 0, 0], "texture": "#1"}
			}
		},
		{
			"from": [4.55, 0, 4.25],
			"to": [4.55, 8, 11.25],
			"rotation": {"angle": 0, "axis": "y", "origin": [15.75, 3.3, 6]},
			"faces": {
				"north": {"uv": [0, 0, 0, 2], "texture": "#1"},
				"east": {"uv": [3.5, 8, 5.25, 10], "texture": "#1"},
				"south": {"uv": [0, 0, 0, 2], "texture": "#1"},
				"west": {"uv": [5.25, 8, 7, 10], "texture": "#1"},
				"up": {"uv": [0, 1.75, 0, 0], "texture": "#1"},
				"down": {"uv": [0, 0, 0, 1.75], "texture": "#1"}
			}
		}
	],
	"display": {
		"thirdperson_righthand": {
			"rotation": [75, 45, 0],
			"translation": [0, 2.5, 0],
			"scale": [0.375, 0.375, 0.375]
		},
		"thirdperson_lefthand": {
			"rotation": [75, 45, 0],
			"translation": [0, 2.5, 0],
			"scale": [0.375, 0.375, 0.375]
		},
		"firstperson_righthand": {
			"rotation": [0, 45, 0],
			"scale": [0.4, 0.4, 0.4]
		},
		"firstperson_lefthand": {
			"rotation": [0, 225, 0],
			"scale": [0.4, 0.4, 0.4]
		},
		"ground": {
			"translation": [0, 3, 0],
			"scale": [0.25, 0.25, 0.25]
		},
		"gui": {
			"rotation": [30, 225, 0],
			"scale": [0.625, 0.625, 0.625]
		},
		"fixed": {
			"rotation": [-90, 0, 0],
			"translation": [0, 0, -16],
			"scale": [2, 2, 2]
		}
	},
	"groups": [
		{
			"name": "group",
			"origin": [0, 1.1, 0],
			"color": 0,
			"nbt": "{}",
			"armAnimationEnabled": false,
			"children": [0, 1, 2, 3]
		},
		{
			"name": "group",
			"origin": [0, 1.1, 0],
			"color": 0,
			"nbt": "{}",
			"armAnimationEnabled": false,
			"children": [4, 5, 6, 7]
		},
		{
			"name": "group",
			"origin": [0, 1.1, 0],
			"color": 0,
			"nbt": "{}",
			"armAnimationEnabled": false,
			"children": [8, 9, 10, 11]
		},
		{
			"name": "group",
			"origin": [0, 1.1, 0],
			"color": 0,
			"nbt": "{}",
			"armAnimationEnabled": false,
			"children": [12, 13, 14, 15]
		},
		{
			"name": "group",
			"origin": [0, 1.1, 0],
			"color": 0,
			"nbt": "{}",
			"armAnimationEnabled": false,
			"children": [16, 17, 18, 19]
		},
		{
			"name": "group",
			"origin": [0, 1.1, 0],
			"color": 0,
			"nbt": "{}",
			"armAnimationEnabled": false,
			"children": [20, 21, 22, 23]
		}
	]
}