{
	"credit": "Made with Blockbench",
	"texture_size": [32, 32],
	"textures": {
		"4": "must_have_props:spilled_bottle"
	},
	"elements": [
		{
			"from": [1, 0.1, 1],
			"to": [12, 0.1, 13],
			"faces": {
				"north": {"uv": [0, 0, 5.5, 0], "texture": "#4"},
				"east": {"uv": [0, 0, 6, 0], "texture": "#4"},
				"south": {"uv": [0, 0, 5.5, 0], "texture": "#4"},
				"west": {"uv": [0, 0, 6, 0], "texture": "#4"},
				"up": {"uv": [5.5, 6, 0, 0], "texture": "#4"},
				"down": {"uv": [11, 0, 5.5, 6], "texture": "#4"}
			}
		},
		{
			"from": [6.3, 3.2, 12],
			"to": [9.7, 3.2, 14],
			"rotation": {"angle": 45, "axis": "y", "origin": [8, 1.5, 7.5]},
			"faces": {
				"north": {"uv": [0, 0, 1.5, 0], "texture": "#4"},
				"east": {"uv": [0, 0, 1, 0], "texture": "#4"},
				"south": {"uv": [0, 0, 1.5, 0], "texture": "#4"},
				"west": {"uv": [0, 0, 1, 0], "texture": "#4"},
				"up": {"uv": [6, 10.5, 4.5, 9.5], "texture": "#4"},
				"down": {"uv": [7.5, 9.5, 6, 10.5], "texture": "#4"}
			}
		},
		{
			"from": [9.7, -0.199, 12],
			"to": [9.7, 3.201, 14],
			"rotation": {"angle": 45, "axis": "y", "origin": [8, 1.5, 7.5]},
			"faces": {
				"north": {"uv": [0, 0, 0, 1.5], "texture": "#4"},
				"east": {"uv": [9.5, 7.5, 10.5, 9], "texture": "#4"},
				"south": {"uv": [0, 0, 0, 1.5], "texture": "#4"},
				"west": {"uv": [9.5, 9, 10.5, 10.5], "texture": "#4"},
				"up": {"uv": [0, 1, 0, 0], "texture": "#4"},
				"down": {"uv": [0, 0, 0, 1], "texture": "#4"}
			}
		},
		{
			"from": [6.3, -0.199, 12],
			"to": [6.3, 3.201, 14],
			"rotation": {"angle": 45, "axis": "y", "origin": [8, 1.5, 7.5]},
			"faces": {
				"north": {"uv": [0, 0, 0, 1.5], "texture": "#4"},
				"east": {"uv": [9.5, 6, 10.5, 7.5], "texture": "#4"},
				"south": {"uv": [0, 0, 0, 1.5], "texture": "#4"},
				"west": {"uv": [7.5, 9.5, 8.5, 11], "texture": "#4"},
				"up": {"uv": [0, 1, 0, 0], "texture": "#4"},
				"down": {"uv": [0, 0, 0, 1], "texture": "#4"}
			}
		},
		{
			"from": [6.3, -0.2, 12],
			"to": [9.7, -0.2, 14],
			"rotation": {"angle": 45, "axis": "y", "origin": [8, 1.5, 7.5]},
			"faces": {
				"north": {"uv": [0, 0, 1.5, 0], "texture": "#4"},
				"east": {"uv": [0, 0, 1, 0], "texture": "#4"},
				"south": {"uv": [0, 0, 1.5, 0], "texture": "#4"},
				"west": {"uv": [0, 0, 1, 0], "texture": "#4"},
				"up": {"uv": [3, 10, 1.5, 9], "texture": "#4"},
				"down": {"uv": [4.5, 9, 3, 10], "texture": "#4"}
			}
		},
		{
			"from": [6.8, 0.3, 5.5],
			"to": [9.2, 2.7, 6.5],
			"rotation": {"angle": 45, "axis": "y", "origin": [8, 1.5, 7.5]},
			"faces": {
				"north": {"uv": [3.5, 10, 4.5, 11], "texture": "#4", "tintindex": 0},
				"east": {"uv": [6.5, 7.5, 7, 8.5], "texture": "#4", "tintindex": 0},
				"south": {"uv": [8.5, 10, 9.5, 11], "texture": "#4", "tintindex": 0},
				"west": {"uv": [6.5, 8.5, 7, 9.5], "texture": "#4", "tintindex": 0},
				"up": {"uv": [5.5, 11, 4.5, 10.5], "texture": "#4", "tintindex": 0},
				"down": {"uv": [6.5, 10.5, 5.5, 11], "texture": "#4", "tintindex": 0}
			}
		},
		{
			"from": [7, 0.5, 6],
			"to": [9, 2.5, 10],
			"rotation": {"angle": 45, "axis": "y", "origin": [8, 1.5, 7.5]},
			"faces": {
				"north": {"uv": [1.5, 10, 2.5, 11], "texture": "#4", "tintindex": 0},
				"east": {"uv": [4.5, 7.5, 6.5, 8.5], "texture": "#4", "tintindex": 0},
				"south": {"uv": [2.5, 10, 3.5, 11], "texture": "#4", "tintindex": 0},
				"west": {"uv": [4.5, 8.5, 6.5, 9.5], "texture": "#4", "tintindex": 0},
				"up": {"uv": [9.5, 8, 8.5, 6], "texture": "#4", "tintindex": 0},
				"down": {"uv": [9.5, 8, 8.5, 10], "texture": "#4", "tintindex": 0}
			}
		},
		{
			"from": [6.5, 0, 10],
			"to": [9.5, 3, 17],
			"rotation": {"angle": 45, "axis": "y", "origin": [8, 1.5, 7.5]},
			"faces": {
				"north": {"uv": [1.5, 7.5, 3, 9], "texture": "#4", "tintindex": 0},
				"east": {"uv": [0, 6, 3.5, 7.5], "texture": "#4", "tintindex": 0},
				"south": {"uv": [3, 7.5, 4.5, 9], "texture": "#4", "tintindex": 0},
				"west": {"uv": [3.5, 6, 7, 7.5], "texture": "#4", "tintindex": 0},
				"up": {"uv": [8.5, 9.5, 7, 6], "texture": "#4", "tintindex": 0},
				"down": {"uv": [1.5, 7.5, 0, 11], "texture": "#4", "tintindex": 0}
			}
		}
	],
	"display": {
		"thirdperson_righthand": {
			"rotation": [75, 45, 0],
			"translation": [0, 2.5, 0],
			"scale": [0.375, 0.375, 0.375]
		},
		"thirdperson_lefthand": {
			"rotation": [75, 45, 0],
			"translation": [0, 2.5, 0],
			"scale": [0.375, 0.375, 0.375]
		},
		"firstperson_righthand": {
			"rotation": [0, 45, 0],
			"scale": [0.4, 0.4, 0.4]
		},
		"firstperson_lefthand": {
			"rotation": [0, 225, 0],
			"scale": [0.4, 0.4, 0.4]
		},
		"ground": {
			"translation": [0, 3, 0],
			"scale": [0.25, 0.25, 0.25]
		},
		"gui": {
			"rotation": [30, 225, 0],
			"scale": [0.625, 0.625, 0.625]
		},
		"fixed": {
			"rotation": [-90, 0, 0],
			"translation": [0, 0, -16],
			"scale": [2, 2, 2]
		}
	},
	"groups": [
		0,
		{
			"name": "group",
			"origin": [0, 0, 0],
			"color": 0,
			"nbt": "{}",
			"armAnimationEnabled": false,
			"children": [1, 2, 3, 4, 5, 6, 7]
		}
	]
}