{
	"credit": "Made with Blockbench",
	"texture_size": [64, 64],
	"textures": {
		"1": "must_have_props:vase_2"
	},
	"elements": [
		{
			"from": [4, 0, 4],
			"to": [12, 5, 12],
			"faces": {
				"north": {"uv": [8.75, 4, 10.75, 5.25], "texture": "#1", "tintindex": 0},
				"east": {"uv": [8.75, 5.25, 10.75, 6.5], "texture": "#1", "tintindex": 0},
				"south": {"uv": [8.75, 6.5, 10.75, 7.75], "texture": "#1", "tintindex": 0},
				"west": {"uv": [8.75, 7.75, 10.75, 9], "texture": "#1", "tintindex": 0},
				"up": {"uv": [9.5, 2, 7.5, 0], "texture": "#1", "tintindex": 0},
				"down": {"uv": [9.55, 2, 7.55, 4], "texture": "#1", "tintindex": 0}
			}
		},
		{
			"from": [4, 13, 4],
			"to": [12, 15, 12],
			"faces": {
				"north": {"uv": [8.75, 9, 10.75, 9.5], "texture": "#1", "tintindex": 0},
				"east": {"uv": [9.5, 0, 11.5, 0.5], "texture": "#1", "tintindex": 0},
				"south": {"uv": [9.5, 0.5, 11.5, 1], "texture": "#1", "tintindex": 0},
				"west": {"uv": [9.5, 1, 11.5, 1.5], "texture": "#1", "tintindex": 0},
				"up": {"uv": [2, 9.75, 0, 7.75], "texture": "#1", "tintindex": 0},
				"down": {"uv": [8.8, 8.25, 6.8, 10.25], "texture": "#1", "tintindex": 0}
			}
		},
		{
			"from": [3.5, 15, 3.5],
			"to": [12.5, 16, 12.5],
			"faces": {
				"north": {"uv": [9.5, 1.5, 11.75, 1.75], "texture": "#1", "tintindex": 0},
				"east": {"uv": [9.5, 1.75, 11.75, 2], "texture": "#1", "tintindex": 0},
				"south": {"uv": [9.5, 2, 11.75, 2.25], "texture": "#1", "tintindex": 0},
				"west": {"uv": [9.5, 2.25, 11.75, 2.5], "texture": "#1", "tintindex": 0},
				"up": {"uv": [7.25, 7.25, 5, 5], "texture": "#1", "tintindex": 0},
				"down": {"uv": [2.3, 5.5, 0.05, 7.75], "texture": "#1", "tintindex": 0}
			}
		},
		{
			"from": [3, 2, 3],
			"to": [13, 13, 13],
			"faces": {
				"north": {"uv": [0, 0, 2.5, 2.75], "texture": "#1", "tintindex": 0},
				"east": {"uv": [2.5, 0, 5, 2.75], "texture": "#1", "tintindex": 0},
				"south": {"uv": [0, 2.75, 2.5, 5.5], "texture": "#1", "tintindex": 0},
				"west": {"uv": [2.5, 2.75, 5, 5.5], "texture": "#1", "tintindex": 0},
				"up": {"uv": [7.5, 2.5, 5, 0], "texture": "#1", "tintindex": 0},
				"down": {"uv": [7.55, 2.5, 5.05, 5], "texture": "#1", "tintindex": 0}
			}
		},
		{
			"from": [-2, 2, 8],
			"to": [4, 15, 8],
			"faces": {
				"north": {"uv": [2.25, 5.5, 3.75, 8.75], "texture": "#1", "tintindex": 0},
				"east": {"uv": [0, 0, 0, 3.25], "texture": "#1", "tintindex": 0},
				"south": {"uv": [7.25, 5, 8.75, 8.25], "texture": "#1", "tintindex": 0},
				"west": {"uv": [0, 0, 0, 3.25], "texture": "#1", "tintindex": 0},
				"up": {"uv": [1.5, 0, 0, 0], "texture": "#1", "tintindex": 0},
				"down": {"uv": [1.55, 0, 0.05, 0], "texture": "#1", "tintindex": 0}
			}
		},
		{
			"from": [12, 2, 8],
			"to": [18, 15, 8],
			"rotation": {"angle": 0, "axis": "y", "origin": [16, 0, 0]},
			"faces": {
				"north": {"uv": [7.25, 5, 8.75, 8.25], "texture": "#1", "tintindex": 0},
				"east": {"uv": [0, 0, 0, 3.25], "texture": "#1", "tintindex": 0},
				"south": {"uv": [2.25, 5.5, 3.75, 8.75], "texture": "#1", "tintindex": 0},
				"west": {"uv": [0, 0, 0, 3.25], "texture": "#1", "tintindex": 0},
				"up": {"uv": [1.5, 0, 0, 0], "texture": "#1", "tintindex": 0},
				"down": {"uv": [1.55, 0, 0.05, 0], "texture": "#1", "tintindex": 0}
			}
		}
	],
	"display": {
		"thirdperson_righthand": {
			"rotation": [75, 45, 0],
			"translation": [0, 2.5, 0],
			"scale": [0.375, 0.375, 0.375]
		},
		"thirdperson_lefthand": {
			"rotation": [75, 45, 0],
			"translation": [0, 2.5, 0],
			"scale": [0.375, 0.375, 0.375]
		},
		"firstperson_righthand": {
			"rotation": [0, 45, 0],
			"scale": [0.4, 0.4, 0.4]
		},
		"firstperson_lefthand": {
			"rotation": [0, 225, 0],
			"scale": [0.4, 0.4, 0.4]
		},
		"ground": {
			"translation": [0, 3, 0],
			"scale": [0.25, 0.25, 0.25]
		},
		"gui": {
			"rotation": [30, 225, 0],
			"scale": [0.625, 0.625, 0.625]
		},
		"fixed": {
			"rotation": [-90, 0, 0],
			"translation": [0, 0, -16],
			"scale": [2, 2, 2]
		}
	}
}