{
	"credit": "Made with Blockbench",
	"texture_size": [128, 128],
	"textures": {
		"0": "custom/elitecreatures/demons/blackflames",
		"particle": "custom/elitecreatures/demons/blackflames"
	},
	"elements": [
		{
			"from": [-16, -16, 8],
			"to": [32, 32, 8],
			"rotation": {"angle": 0, "axis": "y", "origin": [8, 8, 8]},
			"faces": {
				"north": {"uv": [0, 0, 16, 15.625], "texture": "#0"},
				"east": {"uv": [0, 0, 16, 15.625], "texture": "#0"},
				"south": {"uv": [16, 0, 0, 15.625], "texture": "#0"},
				"west": {"uv": [0, 0, 16, 15.625], "texture": "#0"},
				"up": {"uv": [0, 0, 16, 15.625], "texture": "#0"},
				"down": {"uv": [0, 0, 6, 0.125], "texture": "#0"}
			}
		},
		{
			"from": [8, -16, -16],
			"to": [8, 32, 32],
			"rotation": {"angle": 0, "axis": "y", "origin": [8, 8, 8]},
			"faces": {
				"north": {"uv": [0, 0, 16, 15.625], "texture": "#0"},
				"east": {"uv": [0, 0, 16, 15.625], "texture": "#0"},
				"south": {"uv": [0, 0, 16, 15.625], "texture": "#0"},
				"west": {"uv": [16, 0, 0, 15.625], "texture": "#0"},
				"up": {"uv": [0, 0, 16, 15.625], "rotation": 90, "texture": "#0"},
				"down": {"uv": [0, 0, 6, 0.125], "rotation": 270, "texture": "#0"}
			}
		}
	],
	"gui_light": "front",
	"display": {
		"thirdperson_righthand": {
			"rotation": [90, 0, 0],
			"translation": [-6, -2, 9]
		},
		"thirdperson_lefthand": {
			"rotation": [90, 0, 0],
			"translation": [-6, -2, 2],
			"scale": [0.65, 0.65, 0.65]
		},
		"gui": {
			"scale": [0.33008, 0.33008, 0.33008]
		},
		"head": {
			"rotation": [0, 90, 0],
			"translation": [0, -5.5, 0],
			"scale": [2, 2, 2]
		},
		"fixed": {
			"translation": [0, 0.5, -0.5],
			"scale": [0.44336, 0.44336, 0.44336]
		}
	}
}