{
	"credit": "Made with Blockbench",
	"texture_size": [256, 256],
	"textures": {
		"16": "custom/elitecreatures/demons/bossdemon"
	},
	"elements": [
		{
			"from": [5.5118, 0.36299, 5.45503],
			"to": [10.4882, 5.42987, 9.97903],
			"rotation": {"angle": 0, "axis": "y", "origin": [8, 2.89643, 7.71703]},
			"faces": {
				"north": {"uv": [7.0625, 6.4375, 7.40625, 6.78125], "texture": "#16"},
				"east": {"uv": [6.8125, 7.4375, 7.125, 7.78125], "texture": "#16"},
				"south": {"uv": [2.1875, 7.125, 2.53125, 7.46875], "texture": "#16"},
				"west": {"uv": [1.9375, 7.5, 2.25, 7.84375], "texture": "#16"},
				"up": {"uv": [2.59375, 7.8125, 2.25, 7.5], "texture": "#16"},
				"down": {"uv": [2.96875, 7.5, 2.625, 7.8125], "texture": "#16"}
			}
		},
		{
			"from": [3.7022, 4.15661, 10.89687],
			"to": [12.2978, 11.03309, 10.89687],
			"rotation": {"angle": 22.5, "axis": "x", "origin": [8, 7.59485, 10.89687]},
			"faces": {
				"north": {"uv": [3.9375, 5.25, 4.53125, 5.71875], "texture": "#16"},
				"east": {"uv": [0, 0, 0, 0.46875], "texture": "#16"},
				"south": {"uv": [4.53125, 5.25, 3.9375, 5.71875], "texture": "#16"},
				"west": {"uv": [0, 0, 0, 0.46875], "texture": "#16"},
				"up": {"uv": [0.59375, 0, 0, 0], "texture": "#16"},
				"down": {"uv": [0.59375, 0, 0, 0], "texture": "#16"}
			}
		},
		{
			"from": [15.726, 15.13633, 6.45031],
			"to": [16.1784, 17.12689, 7.71703],
			"rotation": {"angle": 0, "axis": "y", "origin": [15.9522, 16.13161, 7.08367]},
			"faces": {
				"north": {"uv": [3.3125, 7.125, 3.34375, 7.26563], "texture": "#16"},
				"east": {"uv": [1.9375, 8.5, 2.03125, 8.64063], "texture": "#16"},
				"south": {"uv": [0.3125, 7.4375, 0.34375, 7.57813], "texture": "#16"},
				"west": {"uv": [2.9375, 8.5, 3.03125, 8.64063], "texture": "#16"},
				"up": {"uv": [7.59375, 5.03125, 7.5625, 4.9375], "texture": "#16"},
				"down": {"uv": [7.09375, 7.8125, 7.0625, 7.90625], "texture": "#16"}
			}
		},
		{
			"from": [16.21377, 12.1737, 6.35983],
			"to": [16.84713, 15.3405, 7.80751],
			"rotation": {"angle": 22.5, "axis": "z", "origin": [16.53045, 13.7571, 7.08367]},
			"faces": {
				"north": {"uv": [5, 3.875, 5.04688, 4.09375], "texture": "#16"},
				"east": {"uv": [2.375, 8.4375, 2.46875, 8.65625], "texture": "#16"},
				"south": {"uv": [5.0625, 4.5625, 5.10938, 4.78125], "texture": "#16"},
				"west": {"uv": [2.5, 8.4375, 2.59375, 8.65625], "texture": "#16"},
				"up": {"uv": [7.17188, 7.53125, 7.125, 7.4375], "texture": "#16"},
				"down": {"uv": [7.60938, 2.625, 7.5625, 2.71875], "texture": "#16"}
			}
		},
		{
			"from": [16.5251, 9.69874, 6.26935],
			"to": [17.61086, 12.86554, 7.89799],
			"rotation": {"angle": 0, "axis": "y", "origin": [17.06798, 11.28214, 7.08367]},
			"faces": {
				"north": {"uv": [8.4375, 5.125, 8.51563, 5.34375], "texture": "#16"},
				"east": {"uv": [8, 8.3125, 8.10938, 8.53125], "texture": "#16"},
				"south": {"uv": [5.5625, 8.4375, 5.64063, 8.65625], "texture": "#16"},
				"west": {"uv": [8.3125, 8, 8.42188, 8.21875], "texture": "#16"},
				"up": {"uv": [8.57813, 8.54688, 8.5, 8.4375], "texture": "#16"},
				"down": {"uv": [0.32813, 8.5625, 0.25, 8.67188], "texture": "#16"}
			}
		},
		{
			"from": [15.8484, 7.20648, 6.17887],
			"to": [17.29608, 10.37328, 7.98847],
			"rotation": {"angle": -22.5, "axis": "z", "origin": [16.57224, 8.78988, 7.08367]},
			"faces": {
				"north": {"uv": [2.8125, 8.4375, 2.90625, 8.65625], "texture": "#16"},
				"east": {"uv": [3.75, 3.25, 3.875, 3.46875], "texture": "#16"},
				"south": {"uv": [3.3125, 8.4375, 3.40625, 8.65625], "texture": "#16"},
				"west": {"uv": [6.0625, 3.6875, 6.1875, 3.90625], "texture": "#16"},
				"up": {"uv": [4.15625, 8.625, 4.0625, 8.5], "texture": "#16"},
				"down": {"uv": [4.28125, 8.5, 4.1875, 8.625], "texture": "#16"}
			}
		},
		{
			"from": [14.24243, 5.06164, 6.08839],
			"to": [16.14251, 8.22844, 8.07895],
			"rotation": {"angle": -45, "axis": "z", "origin": [15.19247, 6.64504, 7.08367]},
			"faces": {
				"north": {"uv": [6.4375, 6.125, 6.5625, 6.34375], "texture": "#16"},
				"east": {"uv": [2.4375, 5, 2.57813, 5.21875], "texture": "#16"},
				"south": {"uv": [6.75, 0.75, 6.875, 0.96875], "texture": "#16"},
				"west": {"uv": [2.6875, 6.625, 2.82813, 6.84375], "texture": "#16"},
				"up": {"uv": [2.3125, 7.07813, 2.1875, 6.9375], "texture": "#16"},
				"down": {"uv": [7.75, 0, 7.625, 0.14063], "texture": "#16"}
			}
		},
		{
			"from": [11.53349, 3.83137, 5.90743],
			"to": [14.70029, 6.36481, 8.35039],
			"rotation": {"angle": 22.5, "axis": "z", "origin": [13.11689, 5.09809, 7.12891]},
			"faces": {
				"north": {"uv": [2.875, 6.1875, 3.09375, 6.35938], "texture": "#16"},
				"east": {"uv": [5.8125, 1, 5.98438, 1.17188], "texture": "#16"},
				"south": {"uv": [6.8125, 5.9375, 7.03125, 6.10938], "texture": "#16"},
				"west": {"uv": [7.125, 4.0625, 7.29688, 4.23438], "texture": "#16"},
				"up": {"uv": [7.28125, 1.98438, 7.0625, 1.8125], "texture": "#16"},
				"down": {"uv": [2.15625, 8.1875, 1.9375, 8.35938], "texture": "#16"}
			}
		},
		{
			"from": [8.77452, 3.83741, 5.99791],
			"to": [11.94132, 5.64701, 8.25991],
			"rotation": {"angle": 0, "axis": "y", "origin": [10.35792, 4.74221, 7.12891]},
			"faces": {
				"north": {"uv": [1.9375, 7.375, 2.15625, 7.5], "texture": "#16"},
				"east": {"uv": [8.4375, 3.125, 8.59375, 3.25], "texture": "#16"},
				"south": {"uv": [8.3125, 3.5, 8.53125, 3.625], "texture": "#16"},
				"west": {"uv": [4.3125, 8.4375, 4.46875, 8.5625], "texture": "#16"},
				"up": {"uv": [2.65625, 8.40625, 2.4375, 8.25], "texture": "#16"},
				"down": {"uv": [4.53125, 8.25, 4.3125, 8.40625], "texture": "#16"}
			}
		},
		{
			"from": [8.4319, 3.92454, 6.08839],
			"to": [9.24622, 5.55318, 8.16943],
			"rotation": {"angle": -22.5, "axis": "z", "origin": [8.83906, 4.73886, 7.12891]},
			"faces": {
				"north": {"uv": [5.5625, 3.75, 5.625, 3.85938], "texture": "#16"},
				"east": {"uv": [8.4375, 7.25, 8.57813, 7.35938], "texture": "#16"},
				"south": {"uv": [6, 3.125, 6.0625, 3.23438], "texture": "#16"},
				"west": {"uv": [8.4375, 7.375, 8.57813, 7.48438], "texture": "#16"},
				"up": {"uv": [5.6875, 4.51563, 5.625, 4.375], "texture": "#16"},
				"down": {"uv": [3.1875, 6.1875, 3.125, 6.32813], "texture": "#16"}
			}
		},
		{
			"from": [4.05868, 3.83741, 5.99791],
			"to": [7.22548, 5.64701, 8.25991],
			"rotation": {"angle": 0, "axis": "y", "origin": [5.64208, 4.74221, 7.12891]},
			"faces": {
				"north": {"uv": [8.3125, 3.625, 8.53125, 3.75], "texture": "#16"},
				"east": {"uv": [4.5, 8.4375, 4.65625, 8.5625], "texture": "#16"},
				"south": {"uv": [8.3125, 3.75, 8.53125, 3.875], "texture": "#16"},
				"west": {"uv": [4.6875, 8.4375, 4.84375, 8.5625], "texture": "#16"},
				"up": {"uv": [4.78125, 8.40625, 4.5625, 8.25], "texture": "#16"},
				"down": {"uv": [5.03125, 8.25, 4.8125, 8.40625], "texture": "#16"}
			}
		},
		{
			"from": [6.75378, 3.92454, 6.08839],
			"to": [7.5681, 5.55318, 8.16943],
			"rotation": {"angle": 22.5, "axis": "z", "origin": [7.16094, 4.73886, 7.12891]},
			"faces": {
				"north": {"uv": [6.4375, 2.9375, 6.5, 3.04688], "texture": "#16"},
				"east": {"uv": [8.4375, 7.5, 8.57813, 7.60938], "texture": "#16"},
				"south": {"uv": [6.5625, 5.125, 6.625, 5.23438], "texture": "#16"},
				"west": {"uv": [7.5625, 8.4375, 7.70313, 8.54688], "texture": "#16"},
				"up": {"uv": [6.25, 4.26563, 6.1875, 4.125], "texture": "#16"},
				"down": {"uv": [6.4375, 5.6875, 6.375, 5.82813], "texture": "#16"}
			}
		},
		{
			"from": [1.29971, 3.83137, 5.90743],
			"to": [4.46651, 6.36481, 8.35039],
			"rotation": {"angle": -22.5, "axis": "z", "origin": [2.88311, 5.09809, 7.12891]},
			"faces": {
				"north": {"uv": [8.1875, 5.1875, 8.40625, 5.35938], "texture": "#16"},
				"east": {"uv": [5.5625, 8.25, 5.73438, 8.42188], "texture": "#16"},
				"south": {"uv": [5.75, 8.1875, 5.96875, 8.35938], "texture": "#16"},
				"west": {"uv": [7.5625, 8.25, 7.73438, 8.42188], "texture": "#16"},
				"up": {"uv": [7.28125, 8.35938, 7.0625, 8.1875], "texture": "#16"},
				"down": {"uv": [8.40625, 7.25, 8.1875, 7.42188], "texture": "#16"}
			}
		},
		{
			"from": [-0.14251, 5.06164, 6.08839],
			"to": [1.75757, 8.22844, 8.07895],
			"rotation": {"angle": 45, "axis": "z", "origin": [0.80753, 6.64504, 7.08367]},
			"faces": {
				"north": {"uv": [7.0625, 0.5, 7.1875, 0.71875], "texture": "#16"},
				"east": {"uv": [3, 8.25, 3.14063, 8.46875], "texture": "#16"},
				"south": {"uv": [1.8125, 8.3125, 1.9375, 8.53125], "texture": "#16"},
				"west": {"uv": [8.25, 4.9375, 8.39063, 5.15625], "texture": "#16"},
				"up": {"uv": [5, 8.57813, 4.875, 8.4375], "texture": "#16"},
				"down": {"uv": [8.5625, 4.9375, 8.4375, 5.07813], "texture": "#16"}
			}
		},
		{
			"from": [-1.29608, 7.20648, 6.17887],
			"to": [0.1516, 10.37328, 7.98847],
			"rotation": {"angle": 22.5, "axis": "z", "origin": [-0.57224, 8.78988, 7.08367]},
			"faces": {
				"north": {"uv": [3.4375, 8.4375, 3.53125, 8.65625], "texture": "#16"},
				"east": {"uv": [8.3125, 5.625, 8.4375, 5.84375], "texture": "#16"},
				"south": {"uv": [3.5625, 8.4375, 3.65625, 8.65625], "texture": "#16"},
				"west": {"uv": [8.3125, 5.875, 8.4375, 6.09375], "texture": "#16"},
				"up": {"uv": [8.59375, 4.625, 8.5, 4.5], "texture": "#16"},
				"down": {"uv": [8.59375, 5.375, 8.5, 5.5], "texture": "#16"}
			}
		},
		{
			"from": [-1.61086, 9.69874, 6.26935],
			"to": [-0.5251, 12.86554, 7.89799],
			"rotation": {"angle": 0, "axis": "y", "origin": [-1.06798, 11.28214, 7.08367]},
			"faces": {
				"north": {"uv": [8.4375, 5.625, 8.51563, 5.84375], "texture": "#16"},
				"east": {"uv": [8.125, 8.3125, 8.23438, 8.53125], "texture": "#16"},
				"south": {"uv": [8.4375, 5.875, 8.51563, 6.09375], "texture": "#16"},
				"west": {"uv": [8.25, 8.3125, 8.35938, 8.53125], "texture": "#16"},
				"up": {"uv": [0.45313, 8.67188, 0.375, 8.5625], "texture": "#16"},
				"down": {"uv": [0.57813, 8.5625, 0.5, 8.67188], "texture": "#16"}
			}
		},
		{
			"from": [-0.84713, 12.1737, 6.35983],
			"to": [-0.21377, 15.3405, 7.80751],
			"rotation": {"angle": -22.5, "axis": "z", "origin": [-0.53045, 13.7571, 7.08367]},
			"faces": {
				"north": {"uv": [5.5625, 3.25, 5.60938, 3.46875], "texture": "#16"},
				"east": {"uv": [3.6875, 8.4375, 3.78125, 8.65625], "texture": "#16"},
				"south": {"uv": [5.5625, 3.5, 5.60938, 3.71875], "texture": "#16"},
				"west": {"uv": [3.8125, 8.4375, 3.90625, 8.65625], "texture": "#16"},
				"up": {"uv": [7.60938, 2.84375, 7.5625, 2.75], "texture": "#16"},
				"down": {"uv": [7.60938, 4.8125, 7.5625, 4.90625], "texture": "#16"}
			}
		},
		{
			"from": [-0.1784, 15.13633, 6.45031],
			"to": [0.274, 17.12689, 7.71703],
			"rotation": {"angle": 0, "axis": "y", "origin": [0.0478, 16.13161, 7.08367]},
			"faces": {
				"north": {"uv": [1.1875, 7.8125, 1.21875, 7.95313], "texture": "#16"},
				"east": {"uv": [3.0625, 8.5, 3.15625, 8.64063], "texture": "#16"},
				"south": {"uv": [5.3125, 7.8125, 5.34375, 7.95313], "texture": "#16"},
				"west": {"uv": [3.9375, 8.5, 4.03125, 8.64063], "texture": "#16"},
				"up": {"uv": [2.21875, 7.96875, 2.1875, 7.875], "texture": "#16"},
				"down": {"uv": [1.21875, 8, 1.1875, 8.09375], "texture": "#16"}
			}
		}
	],
	"gui_light": "front",
	"display": {
		"thirdperson_righthand": {
			"translation": [0, 4.75, 0]
		},
		"thirdperson_lefthand": {
			"translation": [0, 4.75, 0]
		},
		"firstperson_righthand": {
			"translation": [0, 3.75, 0]
		},
		"firstperson_lefthand": {
			"translation": [0, 3.75, 0]
		},
		"ground": {
			"translation": [0, 3.75, 0]
		},
		"gui": {
			"rotation": [0, -180, 0],
			"translation": [0, -0.25, 0],
			"scale": [0.8, 0.8, 0.8]
		},
		"head": {
			"translation": [0, 16.5, 1],
			"scale": [3.3, 3.3, 3.3]
		},
		"fixed": {
			"translation": [0, 0, -1]
		}
	},
	"groups": [
		{
			"name": "head",
			"origin": [0.0725, -8.64124, -1.4795],
			"color": 0,
			"boneType": "",
			"children": [0, 1, 2, 3, 4, 5, 6, 7, 8, 9, 10, 11, 12, 13, 14, 15, 16, 17]
		}
	]
}