{
	"credit": "Made with Blockbench",
	"texture_size": [32, 32],
	"textures": {
		"1": "custom/elitecreatures/demons/demonball"
	},
	"elements": [
		{
			"from": [5, 0, 4],
			"to": [10, 5, 9],
			"faces": {
				"north": {"uv": [0, 0, 2.5, 2.5], "texture": "#1"},
				"east": {"uv": [0, 2.5, 2.5, 5], "texture": "#1"},
				"south": {"uv": [2.5, 0, 5, 2.5], "texture": "#1"},
				"west": {"uv": [2.5, 2.5, 5, 5], "texture": "#1"},
				"up": {"uv": [2.5, 7.5, 0, 5], "texture": "#1"},
				"down": {"uv": [7.5, 0, 5, 2.5], "texture": "#1"}
			}
		},
		{
			"from": [5.5, -0.5, 4.5],
			"to": [9.5, 5.5, 8.5],
			"rotation": {"angle": 0, "axis": "y", "origin": [7.5, 2.5, 6.5]},
			"faces": {
				"north": {"uv": [8.5, 5, 10.5, 8], "texture": "#1"},
				"east": {"uv": [5.5, 8.5, 7.5, 11.5], "texture": "#1"},
				"south": {"uv": [7.5, 8.5, 9.5, 11.5], "texture": "#1"},
				"west": {"uv": [2, 9, 4, 12], "texture": "#1"},
				"up": {"uv": [12.5, 4, 10.5, 2], "texture": "#1"},
				"down": {"uv": [12.5, 4, 10.5, 6], "texture": "#1"}
			}
		},
		{
			"from": [5.5, 0.5, 3.5],
			"to": [9.5, 4.5, 9.5],
			"rotation": {"angle": 0, "axis": "x", "origin": [7.5, 2.5, 6.5]},
			"faces": {
				"north": {"uv": [0, 10.5, 2, 12.5], "texture": "#1"},
				"east": {"uv": [2.5, 7, 5.5, 9], "texture": "#1"},
				"south": {"uv": [10.5, 0, 12.5, 2], "texture": "#1"},
				"west": {"uv": [7.5, 0, 10.5, 2], "texture": "#1"},
				"up": {"uv": [2, 10.5, 0, 7.5], "texture": "#1"},
				"down": {"uv": [10.5, 2, 8.5, 5], "texture": "#1"}
			}
		},
		{
			"from": [4.5, 0.5, 4.5],
			"to": [10.5, 4.5, 8.5],
			"rotation": {"angle": 0, "axis": "y", "origin": [7.5, 2.5, 6.5]},
			"faces": {
				"north": {"uv": [2.5, 5, 5.5, 7], "texture": "#1"},
				"east": {"uv": [9.5, 8, 11.5, 10], "texture": "#1"},
				"south": {"uv": [5, 2.5, 8, 4.5], "texture": "#1"},
				"west": {"uv": [9.5, 10, 11.5, 12], "texture": "#1"},
				"up": {"uv": [8.5, 6.5, 5.5, 4.5], "texture": "#1"},
				"down": {"uv": [8.5, 6.5, 5.5, 8.5], "texture": "#1"}
			}
		}
	],
	"display": {
		"thirdperson_righthand": {
			"translation": [0, 3.25, 0]
		},
		"ground": {
			"translation": [0, 11.75, 2.5],
			"scale": [1.8, 1.8, 1.8]
		},
		"gui": {
			"translation": [0.5, 2.75, 0]
		},
		"head": {
			"translation": [1.75, -5.75, 2.25],
			"scale": [1.8, 1.8, 1.8]
		},
		"fixed": {
			"translation": [0, 5.25, 0]
		}
	}
}