{
	"credit": "Made with Blockbench",
	"texture_size": [128, 128],
	"textures": {
		"18": "custom/elitecreatures/demons/sucubus"
	},
	"elements": [
		{
			"from": [10, 0.762, 8.6],
			"to": [14.6, 5.086, 8.6],
			"rotation": {"angle": 0, "axis": "y", "origin": [12.3, 2.924, 8.6]},
			"faces": {
				"north": {"uv": [5, 0, 6.25, 1.1875], "texture": "#18"},
				"east": {"uv": [0, 0, 0, 1.1875], "texture": "#18"},
				"south": {"uv": [5, 1.25, 6.25, 2.4375], "texture": "#18"},
				"west": {"uv": [0, 0, 0, 1.1875], "texture": "#18"},
				"up": {"uv": [1.25, 0, 0, 0], "texture": "#18"},
				"down": {"uv": [1.25, 0, 0, 0], "texture": "#18"}
			}
		},
		{
			"from": [7.332, 0.762, 8.6],
			"to": [10, 9.134, 8.6],
			"rotation": {"angle": 0, "axis": "y", "origin": [8.666, 4.948, 8.6]},
			"faces": {
				"north": {"uv": [4.25, 0, 4.96875, 2.28125], "texture": "#18"},
				"east": {"uv": [0, 0, 0, 2.28125], "texture": "#18"},
				"south": {"uv": [4.25, 2.375, 4.96875, 4.65625], "texture": "#18"},
				"west": {"uv": [0, 0, 0, 2.28125], "texture": "#18"},
				"up": {"uv": [0.71875, 0, 0, 0], "texture": "#18"},
				"down": {"uv": [0.71875, 0, 0, 0], "texture": "#18"}
			}
		},
		{
			"from": [7.02156, 6.31971, 8.416],
			"to": [10.70156, 6.77971, 8.784],
			"rotation": {"angle": -45, "axis": "z", "origin": [8.86156, 6.54971, 8.6]},
			"faces": {
				"north": {"uv": [9.625, 6.25, 10.625, 6.375], "texture": "#18"},
				"east": {"uv": [8.375, 10.875, 8.46875, 11], "texture": "#18"},
				"south": {"uv": [9.625, 6.375, 10.625, 6.5], "texture": "#18"},
				"west": {"uv": [10.875, 8.375, 10.96875, 8.5], "texture": "#18"},
				"up": {"uv": [11, 0.84375, 10, 0.75], "texture": "#18"},
				"down": {"uv": [11, 0.875, 10, 0.96875], "texture": "#18"}
			}
		},
		{
			"from": [10, 5.086, 8.324],
			"to": [14.6, 5.73, 8.876],
			"rotation": {"angle": 0, "axis": "y", "origin": [12.3, 5.408, 8.6]},
			"faces": {
				"north": {"uv": [8.5, 2.875, 9.75, 3.0625], "texture": "#18"},
				"east": {"uv": [2.375, 10.875, 2.53125, 11.0625], "texture": "#18"},
				"south": {"uv": [8.625, 4.75, 9.875, 4.9375], "texture": "#18"},
				"west": {"uv": [2.625, 10.875, 2.78125, 11.0625], "texture": "#18"},
				"up": {"uv": [10, 4.03125, 8.75, 3.875], "texture": "#18"},
				"down": {"uv": [10, 4.125, 8.75, 4.28125], "texture": "#18"}
			}
		},
		{
			"from": [5.9271, 0.46423, 8.416],
			"to": [6.2951, 5.06423, 8.784],
			"rotation": {"angle": 0, "axis": "y", "origin": [6.1111, 2.76423, 8.6]},
			"faces": {
				"north": {"uv": [5.625, 9.75, 5.71875, 11], "texture": "#18"},
				"east": {"uv": [0.875, 9.875, 0.96875, 11.125], "texture": "#18"},
				"south": {"uv": [3.75, 9.875, 3.84375, 11.125], "texture": "#18"},
				"west": {"uv": [3.875, 9.875, 3.96875, 11.125], "texture": "#18"},
				"up": {"uv": [10.96875, 9.09375, 10.875, 9], "texture": "#18"},
				"down": {"uv": [9.21875, 10.875, 9.125, 10.96875], "texture": "#18"}
			}
		},
		{
			"from": [0.892, 0.762, 8.6],
			"to": [7.332, 12.998, 8.6],
			"rotation": {"angle": 0, "axis": "y", "origin": [4.112, 6.88, 8.6]},
			"faces": {
				"north": {"uv": [0, 3.375, 1.75, 6.6875], "texture": "#18"},
				"east": {"uv": [0, 0, 0, 3.3125], "texture": "#18"},
				"south": {"uv": [1.75, 3.375, 3.5, 6.6875], "texture": "#18"},
				"west": {"uv": [0, 0, 0, 3.3125], "texture": "#18"},
				"up": {"uv": [1.75, 0, 0, 0], "texture": "#18"},
				"down": {"uv": [1.75, 0, 0, 0], "texture": "#18"}
			}
		},
		{
			"from": [4.51424, 9.3704, 8.462],
			"to": [7.91824, 9.8304, 8.738],
			"rotation": {"angle": -45, "axis": "z", "origin": [6.21624, 9.6004, 8.6]},
			"faces": {
				"north": {"uv": [9.75, 7.5, 10.6875, 7.625], "texture": "#18"},
				"east": {"uv": [10, 10.875, 10.0625, 11], "texture": "#18"},
				"south": {"uv": [9.75, 7.625, 10.6875, 7.75], "texture": "#18"},
				"west": {"uv": [10.75, 10.875, 10.8125, 11], "texture": "#18"},
				"up": {"uv": [11.3125, 5.6875, 10.375, 5.625], "texture": "#18"},
				"down": {"uv": [11.4375, 2.125, 10.5, 2.1875], "texture": "#18"}
			}
		},
		{
			"from": [1.56502, 11.31668, 8.508],
			"to": [5.24502, 11.68468, 8.692],
			"rotation": {"angle": -22.5, "axis": "z", "origin": [3.40502, 11.50068, 8.6]},
			"faces": {
				"north": {"uv": [9.5, 9.875, 10.5, 9.96875], "texture": "#18"},
				"east": {"uv": [11, 2.5, 11.0625, 2.59375], "texture": "#18"},
				"south": {"uv": [10, 0.375, 11, 0.46875], "texture": "#18"},
				"west": {"uv": [11, 2.625, 11.0625, 2.71875], "texture": "#18"},
				"up": {"uv": [11.375, 0.0625, 10.375, 0], "texture": "#18"},
				"down": {"uv": [11.375, 0.125, 10.375, 0.1875], "texture": "#18"}
			}
		},
		{
			"from": [4.10757, 7.89012, 8.416],
			"to": [7.32757, 8.35012, 8.784],
			"rotation": {"angle": 0, "axis": "y", "origin": [5.71757, 8.12012, 8.6]},
			"faces": {
				"north": {"uv": [9.875, 1.75, 10.75, 1.875], "texture": "#18"},
				"east": {"uv": [10.875, 8.125, 10.96875, 8.25], "texture": "#18"},
				"south": {"uv": [9.875, 1.875, 10.75, 2], "texture": "#18"},
				"west": {"uv": [10.875, 8.25, 10.96875, 8.375], "texture": "#18"},
				"up": {"uv": [10.875, 3.46875, 10, 3.375], "texture": "#18"},
				"down": {"uv": [10.875, 3.5, 10, 3.59375], "texture": "#18"}
			}
		},
		{
			"from": [0.63804, 7.29199, 8.508],
			"to": [4.31804, 7.65999, 8.692],
			"rotation": {"angle": 22.5, "axis": "z", "origin": [2.47804, 7.47599, 8.6]},
			"faces": {
				"north": {"uv": [10, 0.5, 11, 0.59375], "texture": "#18"},
				"east": {"uv": [11, 3.125, 11.0625, 3.21875], "texture": "#18"},
				"south": {"uv": [10, 0.625, 11, 0.71875], "texture": "#18"},
				"west": {"uv": [11, 3.25, 11.0625, 3.34375], "texture": "#18"},
				"up": {"uv": [11.375, 0.3125, 10.375, 0.25], "texture": "#18"},
				"down": {"uv": [11.375, 2.875, 10.375, 2.9375], "texture": "#18"}
			}
		},
		{
			"from": [6.55741, 4.82905, 8.37],
			"to": [7.10941, 8.23305, 8.83],
			"rotation": {"angle": -22.5, "axis": "z", "origin": [6.83341, 6.53105, 8.6]},
			"faces": {
				"north": {"uv": [5.75, 9.5, 5.90625, 10.4375], "texture": "#18"},
				"east": {"uv": [6.375, 9.875, 6.5, 10.8125], "texture": "#18"},
				"south": {"uv": [7.125, 9.5, 7.28125, 10.4375], "texture": "#18"},
				"west": {"uv": [6.5, 9.875, 6.625, 10.8125], "texture": "#18"},
				"up": {"uv": [11.03125, 5, 10.875, 4.875], "texture": "#18"},
				"down": {"uv": [11.03125, 5, 10.875, 5.125], "texture": "#18"}
			}
		}
	],
	"display": {
		"thirdperson_righthand": {
			"translation": [0, 3, 0]
		},
		"thirdperson_lefthand": {
			"translation": [0, 3, 0]
		},
		"firstperson_righthand": {
			"translation": [0, 3.5, 0]
		},
		"firstperson_lefthand": {
			"rotation": [0, 142, 0],
			"translation": [0, 3.5, 0]
		},
		"ground": {
			"rotation": [90, 0, 0],
			"translation": [0, -1.25, 0],
			"scale": [1.2, 1.2, 1.2]
		},
		"gui": {
			"translation": [0, 1.5, 0]
		},
		"fixed": {
			"translation": [0, 1.5, -2],
			"scale": [1.2, 1.2, 1.2]
		}
	},
	"groups": [
		{
			"name": "leftwings4",
			"origin": [6.6, 5.5, 2.6],
			"color": 0,
			"boneType": "",
			"children": [
				0,
				1,
				2,
				3,
				{
					"name": "leftwings6",
					"origin": [-8.552, -6.82, 1.196],
					"color": 0,
					"boneType": "",
					"children": [4, 5, 6, 7, 8, 9, 10]
				}
			]
		}
	]
}