{
  "textures": {
    "0": "modelengine:entity/crate4"
  },
  "elements": [
    {
      "from": [
        5.702923,
        5.3556843,
        4.734633
      ],
      "to": [
        9.702923,
        7.3556843,
        8.734633
      ],
      "faces": {
        "east": {
          "uv": [
            5.625,
            13,
            5.125,
            13.25
          ],
          "tintindex": 0,
          "rotation": 0,
          "texture": "#0"
        },
        "south": {
          "uv": [
            5.125,
            13,
            5.625,
            13.25
          ],
          "tintindex": 0,
          "rotation": 0,
          "texture": "#0"
        },
        "north": {
          "uv": [
            5.125,
            13,
            5.625,
            13.25
          ],
          "tintindex": 0,
          "rotation": 0,
          "texture": "#0"
        },
        "west": {
          "uv": [
            5.625,
            13,
            5.125,
            13.25
          ],
          "tintindex": 0,
          "rotation": 0,
          "texture": "#0"
        },
        "up": {
          "uv": [
            11.5,
            14.75,
            11,
            14.25
          ],
          "tintindex": 0,
          "rotation": 0,
          "texture": "#0"
        },
        "down": {
          "uv": [
            2.125,
            11.375,
            2.625,
            10.875
          ],
          "tintindex": 0,
          "rotation": 0,
          "texture": "#0"
        }
      },
      "rotation": {
        "origin": [
          8.881636,
          6.5745525,
          -10
        ],
        "angle": 22.5,
        "axis": "z"
      }
    },
    {
      "from": [
        5.702923,
        7.3556843,
        3.734633
      ],
      "to": [
        10.702923,
        11.355684,
        8.734633
      ],
      "faces": {
        "east": {
          "uv": [
            13.625,
            6.625,
            14.25,
            7.125
          ],
          "tintindex": 0,
          "rotation": 0,
          "texture": "#0"
        },
        "south": {
          "uv": [
            14.25,
            6.625,
            13.625,
            7.125
          ],
          "tintindex": 0,
          "rotation": 0,
          "texture": "#0"
        },
        "north": {
          "uv": [
            14.25,
            6.625,
            13.625,
            7.125
          ],
          "tintindex": 0,
          "rotation": 0,
          "texture": "#0"
        },
        "west": {
          "uv": [
            13.625,
            6.625,
            14.25,
            7.125
          ],
          "tintindex": 0,
          "rotation": 0,
          "texture": "#0"
        },
        "up": {
          "uv": [
            12.875,
            9,
            13.5,
            9.625
          ],
          "tintindex": 0,
          "rotation": 0,
          "texture": "#0"
        },
        "down": {
          "uv": [
            13.625,
            2.375,
            13,
            3
          ],
          "tintindex": 0,
          "rotation": 0,
          "texture": "#0"
        }
      },
      "rotation": {
        "origin": [
          8.881636,
          6.5745525,
          -10
        ],
        "angle": 22.5,
        "axis": "z"
      }
    },
    {
      "from": [
        6.702923,
        13.355684,
        5.734633
      ],
      "to": [
        8.702923,
        15.355684,
        7.7346334
      ],
      "faces": {
        "east": {
          "uv": [
            6.375,
            13.25,
            6.625,
            13.5
          ],
          "tintindex": 0,
          "rotation": 0,
          "texture": "#0"
        },
        "south": {
          "uv": [
            6.625,
            13.25,
            6.375,
            13.5
          ],
          "tintindex": 0,
          "rotation": 0,
          "texture": "#0"
        },
        "north": {
          "uv": [
            6.625,
            13.25,
            6.375,
            13.5
          ],
          "tintindex": 0,
          "rotation": 0,
          "texture": "#0"
        },
        "west": {
          "uv": [
            6.375,
            13.25,
            6.625,
            13.5
          ],
          "tintindex": 0,
          "rotation": 0,
          "texture": "#0"
        },
        "up": {
          "uv": [
            15.25,
            15,
            15.5,
            15.25
          ],
          "tintindex": 0,
          "rotation": 0,
          "texture": "#0"
        },
        "down": {
          "uv": [
            6.5,
            15.375,
            6.25,
            15.625
          ],
          "tintindex": 0,
          "rotation": 0,
          "texture": "#0"
        }
      },
      "rotation": {
        "origin": [
          8.881636,
          6.5745525,
          -10
        ],
        "angle": 22.5,
        "axis": "z"
      }
    },
    {
      "from": [
        6.702923,
        11.355684,
        4.734633
      ],
      "to": [
        9.702923,
        13.355684,
        7.7346334
      ],
      "faces": {
        "east": {
          "uv": [
            14.25,
            7.25,
            14.625,
            7.5
          ],
          "tintindex": 0,
          "rotation": 0,
          "texture": "#0"
        },
        "south": {
          "uv": [
            14.625,
            7.25,
            14.25,
            7.5
          ],
          "tintindex": 0,
          "rotation": 0,
          "texture": "#0"
        },
        "north": {
          "uv": [
            14.625,
            7.25,
            14.25,
            7.5
          ],
          "tintindex": 0,
          "rotation": 0,
          "texture": "#0"
        },
        "west": {
          "uv": [
            14.25,
            7.25,
            14.625,
            7.5
          ],
          "tintindex": 0,
          "rotation": 0,
          "texture": "#0"
        },
        "up": {
          "uv": [
            2.25,
            14.875,
            2.625,
            15.25
          ],
          "tintindex": 0,
          "rotation": 0,
          "texture": "#0"
        },
        "down": {
          "uv": [
            3.75,
            14.875,
            3.375,
            15.25
          ],
          "tintindex": 0,
          "rotation": 0,
          "texture": "#0"
        }
      },
      "rotation": {
        "origin": [
          8.881636,
          6.5745525,
          -10
        ],
        "angle": 22.5,
        "axis": "z"
      }
    }
  ],
  "display": {
    "gui": {
      "rotation": [
        30,
        225,
        0
      ]
    }
  }
}