{
  "textures": {
    "0": "modelengine:entity/crate4"
  },
  "elements": [
    {
      "from": [
        7.1448364,
        5.3556843,
        6.2653666
      ],
      "to": [
        11.144836,
        7.3556843,
        10.2653675
      ],
      "faces": {
        "east": {
          "uv": [
            13,
            8.75,
            13.5,
            9
          ],
          "tintindex": 0,
          "rotation": 0,
          "texture": "#0"
        },
        "south": {
          "uv": [
            5.125,
            13,
            5.625,
            13.25
          ],
          "tintindex": 0,
          "rotation": 0,
          "texture": "#0"
        },
        "north": {
          "uv": [
            5.125,
            13,
            5.625,
            13.25
          ],
          "tintindex": 0,
          "rotation": 0,
          "texture": "#0"
        },
        "west": {
          "uv": [
            5.625,
            13,
            5.125,
            13.25
          ],
          "tintindex": 0,
          "rotation": 0,
          "texture": "#0"
        },
        "up": {
          "uv": [
            5.75,
            9,
            5.25,
            8.5
          ],
          "tintindex": 0,
          "rotation": 0,
          "texture": "#0"
        },
        "down": {
          "uv": [
            2.625,
            10.875,
            2.125,
            11.375
          ],
          "tintindex": 0,
          "rotation": 0,
          "texture": "#0"
        }
      },
      "rotation": {
        "origin": [
          8.042244,
          6.191869,
          7
        ],
        "angle": -22.5,
        "axis": "z"
      }
    },
    {
      "from": [
        6.144836,
        7.3556843,
        6.2653666
      ],
      "to": [
        11.144836,
        11.355684,
        11.2653675
      ],
      "faces": {
        "east": {
          "uv": [
            13.625,
            6.625,
            14.25,
            7.125
          ],
          "tintindex": 0,
          "rotation": 0,
          "texture": "#0"
        },
        "south": {
          "uv": [
            2.625,
            11.75,
            3.25,
            12.25
          ],
          "tintindex": 0,
          "rotation": 0,
          "texture": "#0"
        },
        "north": {
          "uv": [
            2.625,
            11.75,
            3.25,
            12.25
          ],
          "tintindex": 0,
          "rotation": 0,
          "texture": "#0"
        },
        "west": {
          "uv": [
            3.25,
            11.75,
            2.625,
            12.25
          ],
          "tintindex": 0,
          "rotation": 0,
          "texture": "#0"
        },
        "up": {
          "uv": [
            13.5,
            9.625,
            12.875,
            9
          ],
          "tintindex": 0,
          "rotation": 0,
          "texture": "#0"
        },
        "down": {
          "uv": [
            13.5,
            9.625,
            12.875,
            10.25
          ],
          "tintindex": 0,
          "rotation": 0,
          "texture": "#0"
        }
      },
      "rotation": {
        "origin": [
          8.042244,
          6.191869,
          7
        ],
        "angle": -22.5,
        "axis": "z"
      }
    },
    {
      "from": [
        8.144836,
        13.355684,
        7.2653666
      ],
      "to": [
        10.144836,
        15.355684,
        9.2653675
      ],
      "faces": {
        "east": {
          "uv": [
            6.375,
            13.25,
            6.625,
            13.5
          ],
          "tintindex": 0,
          "rotation": 0,
          "texture": "#0"
        },
        "south": {
          "uv": [
            6.625,
            13.25,
            6.375,
            13.5
          ],
          "tintindex": 0,
          "rotation": 0,
          "texture": "#0"
        },
        "north": {
          "uv": [
            4,
            11.375,
            4.25,
            11.625
          ],
          "tintindex": 0,
          "rotation": 0,
          "texture": "#0"
        },
        "west": {
          "uv": [
            6.375,
            13.25,
            6.625,
            13.5
          ],
          "tintindex": 0,
          "rotation": 0,
          "texture": "#0"
        },
        "up": {
          "uv": [
            15.5,
            15.25,
            15.25,
            15
          ],
          "tintindex": 0,
          "rotation": 0,
          "texture": "#0"
        },
        "down": {
          "uv": [
            15.5,
            15.25,
            15.25,
            15.5
          ],
          "tintindex": 0,
          "rotation": 0,
          "texture": "#0"
        }
      },
      "rotation": {
        "origin": [
          8.042244,
          6.191869,
          7
        ],
        "angle": -22.5,
        "axis": "z"
      }
    },
    {
      "from": [
        7.1448364,
        11.355684,
        7.2653666
      ],
      "to": [
        10.144836,
        13.355684,
        10.2653675
      ],
      "faces": {
        "east": {
          "uv": [
            14.25,
            7.25,
            14.625,
            7.5
          ],
          "tintindex": 0,
          "rotation": 0,
          "texture": "#0"
        },
        "south": {
          "uv": [
            14.625,
            7.25,
            14.25,
            7.5
          ],
          "tintindex": 0,
          "rotation": 0,
          "texture": "#0"
        },
        "north": {
          "uv": [
            0.75,
            12.25,
            1.125,
            12.5
          ],
          "tintindex": 0,
          "rotation": 0,
          "texture": "#0"
        },
        "west": {
          "uv": [
            14.25,
            7.25,
            14.625,
            7.5
          ],
          "tintindex": 0,
          "rotation": 0,
          "texture": "#0"
        },
        "up": {
          "uv": [
            2.625,
            15.25,
            2.25,
            14.875
          ],
          "tintindex": 0,
          "rotation": 0,
          "texture": "#0"
        },
        "down": {
          "uv": [
            15.25,
            2.25,
            14.875,
            2.625
          ],
          "tintindex": 0,
          "rotation": 0,
          "texture": "#0"
        }
      },
      "rotation": {
        "origin": [
          8.042244,
          6.191869,
          7
        ],
        "angle": -22.5,
        "axis": "z"
      }
    }
  ],
  "display": {
    "gui": {
      "rotation": [
        30,
        225,
        0
      ]
    }
  }
}