{
  "textures": {
    "0": "modelengine:entity/crate4"
  },
  "elements": [
    {
      "from": [
        7.1448364,
        11.355684,
        4.734633
      ],
      "to": [
        10.144836,
        13.355684,
        7.7346334
      ],
      "faces": {
        "east": {
          "uv": [
            14.625,
            7.25,
            14.25,
            7.5
          ],
          "tintindex": 0,
          "rotation": 0,
          "texture": "#0"
        },
        "south": {
          "uv": [
            14.25,
            7.25,
            14.625,
            7.5
          ],
          "tintindex": 0,
          "rotation": 0,
          "texture": "#0"
        },
        "north": {
          "uv": [
            14.25,
            7.25,
            14.625,
            7.5
          ],
          "tintindex": 0,
          "rotation": 0,
          "texture": "#0"
        },
        "west": {
          "uv": [
            14.625,
            7.25,
            14.25,
            7.5
          ],
          "tintindex": 0,
          "rotation": 0,
          "texture": "#0"
        },
        "up": {
          "uv": [
            2.625,
            14.875,
            2.25,
            15.25
          ],
          "tintindex": 0,
          "rotation": 0,
          "texture": "#0"
        },
        "down": {
          "uv": [
            3.375,
            14.875,
            3,
            15.25
          ],
          "tintindex": 0,
          "rotation": 0,
          "texture": "#0"
        }
      },
      "rotation": {
        "origin": [
          8.042244,
          6.191869,
          -10
        ],
        "angle": -22.5,
        "axis": "z"
      }
    },
    {
      "from": [
        7.1448364,
        5.3556843,
        4.734633
      ],
      "to": [
        11.144836,
        7.3556843,
        8.734633
      ],
      "faces": {
        "east": {
          "uv": [
            5.125,
            13,
            5.625,
            13.25
          ],
          "tintindex": 0,
          "rotation": 0,
          "texture": "#0"
        },
        "south": {
          "uv": [
            5.625,
            13,
            5.125,
            13.25
          ],
          "tintindex": 0,
          "rotation": 0,
          "texture": "#0"
        },
        "north": {
          "uv": [
            5.625,
            13,
            5.125,
            13.25
          ],
          "tintindex": 0,
          "rotation": 0,
          "texture": "#0"
        },
        "west": {
          "uv": [
            5.125,
            13,
            5.625,
            13.25
          ],
          "tintindex": 0,
          "rotation": 0,
          "texture": "#0"
        },
        "up": {
          "uv": [
            14.75,
            8.75,
            14.25,
            8.25
          ],
          "tintindex": 0,
          "rotation": 0,
          "texture": "#0"
        },
        "down": {
          "uv": [
            2.625,
            11.375,
            2.125,
            10.875
          ],
          "tintindex": 0,
          "rotation": 0,
          "texture": "#0"
        }
      },
      "rotation": {
        "origin": [
          8.042244,
          6.191869,
          -10
        ],
        "angle": -22.5,
        "axis": "z"
      }
    },
    {
      "from": [
        6.144836,
        7.3556843,
        3.734633
      ],
      "to": [
        11.144836,
        11.355684,
        8.734633
      ],
      "faces": {
        "east": {
          "uv": [
            14.25,
            6.625,
            13.625,
            7.125
          ],
          "tintindex": 0,
          "rotation": 0,
          "texture": "#0"
        },
        "south": {
          "uv": [
            13.625,
            6.625,
            14.25,
            7.125
          ],
          "tintindex": 0,
          "rotation": 0,
          "texture": "#0"
        },
        "north": {
          "uv": [
            13.625,
            6.625,
            14.25,
            7.125
          ],
          "tintindex": 0,
          "rotation": 0,
          "texture": "#0"
        },
        "west": {
          "uv": [
            14.25,
            6.625,
            13.625,
            7.125
          ],
          "tintindex": 0,
          "rotation": 0,
          "texture": "#0"
        },
        "up": {
          "uv": [
            13.5,
            9,
            12.875,
            9.625
          ],
          "tintindex": 0,
          "rotation": 0,
          "texture": "#0"
        },
        "down": {
          "uv": [
            13.625,
            1.125,
            13,
            1.75
          ],
          "tintindex": 0,
          "rotation": 0,
          "texture": "#0"
        }
      },
      "rotation": {
        "origin": [
          8.042244,
          6.191869,
          -10
        ],
        "angle": -22.5,
        "axis": "z"
      }
    },
    {
      "from": [
        8.144836,
        13.355684,
        5.734633
      ],
      "to": [
        10.144836,
        15.355684,
        7.7346334
      ],
      "faces": {
        "east": {
          "uv": [
            6.625,
            13.25,
            6.375,
            13.5
          ],
          "tintindex": 0,
          "rotation": 0,
          "texture": "#0"
        },
        "south": {
          "uv": [
            6.375,
            13.25,
            6.625,
            13.5
          ],
          "tintindex": 0,
          "rotation": 0,
          "texture": "#0"
        },
        "north": {
          "uv": [
            6.375,
            13.25,
            6.625,
            13.5
          ],
          "tintindex": 0,
          "rotation": 0,
          "texture": "#0"
        },
        "west": {
          "uv": [
            6.625,
            13.25,
            6.375,
            13.5
          ],
          "tintindex": 0,
          "rotation": 0,
          "texture": "#0"
        },
        "up": {
          "uv": [
            15.5,
            15,
            15.25,
            15.25
          ],
          "tintindex": 0,
          "rotation": 0,
          "texture": "#0"
        },
        "down": {
          "uv": [
            15.625,
            2,
            15.375,
            2.25
          ],
          "tintindex": 0,
          "rotation": 0,
          "texture": "#0"
        }
      },
      "rotation": {
        "origin": [
          8.042244,
          6.191869,
          -10
        ],
        "angle": -22.5,
        "axis": "z"
      }
    }
  ],
  "display": {
    "gui": {
      "rotation": [
        30,
        225,
        0
      ]
    }
  }
}