{
  "textures": {
    "0": "modelengine:entity/crate4"
  },
  "elements": [
    {
      "from": [
        15,
        19,
        11.5
      ],
      "to": [
        21,
        22,
        17.5
      ],
      "faces": {
        "east": {
          "uv": [
            14.125,
            1.125,
            14.875,
            1.5
          ],
          "tintindex": 0,
          "rotation": 0,
          "texture": "#0"
        },
        "south": {
          "uv": [
            14.125,
            1.125,
            14.875,
            1.5
          ],
          "tintindex": 0,
          "rotation": 0,
          "texture": "#0"
        },
        "north": {
          "uv": [
            14.125,
            1.125,
            14.875,
            1.5
          ],
          "tintindex": 0,
          "rotation": 0,
          "texture": "#0"
        },
        "west": {
          "uv": [
            14.125,
            1.125,
            14.875,
            1.5
          ],
          "tintindex": 0,
          "rotation": 0,
          "texture": "#0"
        },
        "up": {
          "uv": [
            9.625,
            5.25,
            8.875,
            4.5
          ],
          "tintindex": 0,
          "rotation": 0,
          "texture": "#0"
        },
        "down": {
          "uv": [
            0,
            13,
            0.75,
            12.25
          ],
          "tintindex": 0,
          "rotation": 0,
          "texture": "#0"
        }
      }
    },
    {
      "from": [
        -5,
        19,
        -1.5
      ],
      "to": [
        1,
        22,
        4.5
      ],
      "faces": {
        "east": {
          "uv": [
            14.125,
            1.125,
            14.875,
            1.5
          ],
          "tintindex": 0,
          "rotation": 0,
          "texture": "#0"
        },
        "south": {
          "uv": [
            14.125,
            1.125,
            14.875,
            1.5
          ],
          "tintindex": 0,
          "rotation": 0,
          "texture": "#0"
        },
        "north": {
          "uv": [
            14.125,
            1.125,
            14.875,
            1.5
          ],
          "tintindex": 0,
          "rotation": 0,
          "texture": "#0"
        },
        "west": {
          "uv": [
            14.125,
            1.125,
            14.875,
            1.5
          ],
          "tintindex": 0,
          "rotation": 0,
          "texture": "#0"
        },
        "up": {
          "uv": [
            12.875,
            10.5,
            12.125,
            9.75
          ],
          "tintindex": 0,
          "rotation": 0,
          "texture": "#0"
        },
        "down": {
          "uv": [
            0.75,
            12.25,
            0,
            13
          ],
          "tintindex": 0,
          "rotation": 0,
          "texture": "#0"
        }
      }
    },
    {
      "from": [
        16,
        17,
        12.5
      ],
      "to": [
        20,
        19,
        16.5
      ],
      "faces": {
        "east": {
          "uv": [
            15.375,
            13.875,
            14.875,
            14.125
          ],
          "tintindex": 0,
          "rotation": 0,
          "texture": "#0"
        },
        "south": {
          "uv": [
            14.875,
            13.875,
            15.375,
            14.125
          ],
          "tintindex": 0,
          "rotation": 0,
          "texture": "#0"
        },
        "north": {
          "uv": [
            15.375,
            14.125,
            14.875,
            14.375
          ],
          "tintindex": 0,
          "rotation": 0,
          "texture": "#0"
        },
        "west": {
          "uv": [
            14.875,
            14.125,
            15.375,
            14.375
          ],
          "tintindex": 0,
          "rotation": 0,
          "texture": "#0"
        },
        "up": {
          "uv": [
            2,
            14.875,
            1.5,
            14.375
          ],
          "tintindex": 0,
          "rotation": 0,
          "texture": "#0"
        },
        "down": {
          "uv": [
            2.5,
            14.375,
            2,
            14.875
          ],
          "tintindex": 0,
          "rotation": 0,
          "texture": "#0"
        }
      }
    },
    {
      "from": [
        -4,
        17,
        12.5
      ],
      "to": [
        0,
        19,
        16.5
      ],
      "faces": {
        "east": {
          "uv": [
            15.375,
            14.125,
            14.875,
            14.375
          ],
          "tintindex": 0,
          "rotation": 0,
          "texture": "#0"
        },
        "south": {
          "uv": [
            15.375,
            13.875,
            14.875,
            14.125
          ],
          "tintindex": 0,
          "rotation": 0,
          "texture": "#0"
        },
        "north": {
          "uv": [
            14.875,
            14.125,
            15.375,
            14.375
          ],
          "tintindex": 0,
          "rotation": 0,
          "texture": "#0"
        },
        "west": {
          "uv": [
            14.875,
            13.875,
            15.375,
            14.125
          ],
          "tintindex": 0,
          "rotation": 0,
          "texture": "#0"
        },
        "up": {
          "uv": [
            1,
            14.875,
            0.5,
            14.375
          ],
          "tintindex": 0,
          "rotation": 0,
          "texture": "#0"
        },
        "down": {
          "uv": [
            1.5,
            14.375,
            1,
            14.875
          ],
          "tintindex": 0,
          "rotation": 0,
          "texture": "#0"
        }
      }
    },
    {
      "from": [
        15,
        19,
        -1.5
      ],
      "to": [
        21,
        22,
        4.5
      ],
      "faces": {
        "east": {
          "uv": [
            14.125,
            1.125,
            14.875,
            1.5
          ],
          "tintindex": 0,
          "rotation": 0,
          "texture": "#0"
        },
        "south": {
          "uv": [
            14.125,
            1.125,
            14.875,
            1.5
          ],
          "tintindex": 0,
          "rotation": 0,
          "texture": "#0"
        },
        "north": {
          "uv": [
            14.125,
            1.125,
            14.875,
            1.5
          ],
          "tintindex": 0,
          "rotation": 0,
          "texture": "#0"
        },
        "west": {
          "uv": [
            14.125,
            1.125,
            14.875,
            1.5
          ],
          "tintindex": 0,
          "rotation": 0,
          "texture": "#0"
        },
        "up": {
          "uv": [
            2.625,
            12.5,
            1.875,
            11.75
          ],
          "tintindex": 0,
          "rotation": 0,
          "texture": "#0"
        },
        "down": {
          "uv": [
            0,
            12.25,
            0.75,
            13
          ],
          "tintindex": 0,
          "rotation": 0,
          "texture": "#0"
        }
      }
    },
    {
      "from": [
        -7,
        22,
        -2.5
      ],
      "to": [
        23,
        24,
        18.5
      ],
      "faces": {
        "east": {
          "uv": [
            12.125,
            0,
            14.75,
            0.25
          ],
          "tintindex": 0,
          "rotation": 0,
          "texture": "#0"
        },
        "south": {
          "uv": [
            10.375,
            4.25,
            14.125,
            4.5
          ],
          "tintindex": 0,
          "rotation": 0,
          "texture": "#0"
        },
        "north": {
          "uv": [
            10.375,
            4.25,
            14.125,
            4.5
          ],
          "tintindex": 0,
          "rotation": 0,
          "texture": "#0"
        },
        "west": {
          "uv": [
            12.125,
            0,
            14.75,
            0.25
          ],
          "tintindex": 0,
          "rotation": 0,
          "texture": "#0"
        },
        "up": {
          "uv": [
            7.75,
            2.625,
            4,
            0
          ],
          "tintindex": 0,
          "rotation": 0,
          "texture": "#0"
        },
        "down": {
          "uv": [
            4,
            2.875,
            0,
            0
          ],
          "tintindex": 0,
          "rotation": 0,
          "texture": "#0"
        }
      }
    },
    {
      "from": [
        -5,
        11,
        12.5
      ],
      "to": [
        0,
        17,
        17.5
      ],
      "faces": {
        "east": {
          "uv": [
            2.625,
            12.5,
            2,
            13.25
          ],
          "tintindex": 0,
          "rotation": 0,
          "texture": "#0"
        },
        "south": {
          "uv": [
            2,
            12.5,
            1.375,
            13.25
          ],
          "tintindex": 0,
          "rotation": 0,
          "texture": "#0"
        },
        "north": {
          "uv": [
            2,
            12.5,
            2.625,
            13.25
          ],
          "tintindex": 0,
          "rotation": 0,
          "texture": "#0"
        },
        "west": {
          "uv": [
            1.375,
            12.5,
            2,
            13.25
          ],
          "tintindex": 0,
          "rotation": 0,
          "texture": "#0"
        },
        "up": {
          "uv": [
            13.625,
            4.5,
            13,
            5.125
          ],
          "tintindex": 0,
          "rotation": 0,
          "texture": "#0"
        },
        "down": {
          "uv": [
            13.75,
            0.25,
            13.125,
            0.875
          ],
          "tintindex": 0,
          "rotation": 0,
          "texture": "#0"
        }
      }
    },
    {
      "from": [
        -5,
        11,
        -1.5
      ],
      "to": [
        0,
        17,
        3.5
      ],
      "faces": {
        "east": {
          "uv": [
            2,
            12.5,
            2.625,
            13.25
          ],
          "tintindex": 0,
          "rotation": 0,
          "texture": "#0"
        },
        "south": {
          "uv": [
            2.625,
            12.5,
            2,
            13.25
          ],
          "tintindex": 0,
          "rotation": 0,
          "texture": "#0"
        },
        "north": {
          "uv": [
            1.375,
            12.5,
            2,
            13.25
          ],
          "tintindex": 0,
          "rotation": 0,
          "texture": "#0"
        },
        "west": {
          "uv": [
            2,
            12.5,
            1.375,
            13.25
          ],
          "tintindex": 0,
          "rotation": 0,
          "texture": "#0"
        },
        "up": {
          "uv": [
            13.625,
            5.125,
            13,
            4.5
          ],
          "tintindex": 0,
          "rotation": 0,
          "texture": "#0"
        },
        "down": {
          "uv": [
            13.625,
            7.5,
            13,
            8.125
          ],
          "tintindex": 0,
          "rotation": 0,
          "texture": "#0"
        }
      }
    },
    {
      "from": [
        -3,
        13,
        0.5
      ],
      "to": [
        19,
        22,
        15.5
      ],
      "faces": {
        "east": {
          "uv": [
            9.75,
            6.5,
            11.625,
            7.625
          ],
          "tintindex": 0,
          "rotation": 0,
          "texture": "#0"
        },
        "south": {
          "uv": [
            3,
            7.375,
            5.75,
            8.5
          ],
          "tintindex": 0,
          "rotation": 0,
          "texture": "#0"
        },
        "north": {
          "uv": [
            3,
            7.375,
            5.75,
            8.5
          ],
          "tintindex": 0,
          "rotation": 0,
          "texture": "#0"
        },
        "west": {
          "uv": [
            9.75,
            6.5,
            11.625,
            7.625
          ],
          "tintindex": 0,
          "rotation": 0,
          "texture": "#0"
        },
        "up": {
          "uv": [
            9.75,
            7.125,
            7,
            5.25
          ],
          "tintindex": 0,
          "rotation": 0,
          "texture": "#0"
        },
        "down": {
          "uv": [
            9.75,
            7.125,
            7,
            9
          ],
          "tintindex": 0,
          "rotation": 0,
          "texture": "#0"
        }
      }
    },
    {
      "from": [
        -4,
        17,
        -0.5
      ],
      "to": [
        0,
        19,
        3.5
      ],
      "faces": {
        "east": {
          "uv": [
            14.875,
            14.125,
            15.375,
            14.375
          ],
          "tintindex": 0,
          "rotation": 0,
          "texture": "#0"
        },
        "south": {
          "uv": [
            15.375,
            14.125,
            14.875,
            14.375
          ],
          "tintindex": 0,
          "rotation": 0,
          "texture": "#0"
        },
        "north": {
          "uv": [
            14.875,
            13.875,
            15.375,
            14.125
          ],
          "tintindex": 0,
          "rotation": 0,
          "texture": "#0"
        },
        "west": {
          "uv": [
            15.375,
            13.875,
            14.875,
            14.125
          ],
          "tintindex": 0,
          "rotation": 0,
          "texture": "#0"
        },
        "up": {
          "uv": [
            0.5,
            14.875,
            0,
            14.375
          ],
          "tintindex": 0,
          "rotation": 0,
          "texture": "#0"
        },
        "down": {
          "uv": [
            14.875,
            0.25,
            14.375,
            0.75
          ],
          "tintindex": 0,
          "rotation": 0,
          "texture": "#0"
        }
      }
    },
    {
      "from": [
        -4,
        10,
        -0.5
      ],
      "to": [
        20,
        13,
        16.5
      ],
      "faces": {
        "east": {
          "uv": [
            10,
            11.25,
            12.125,
            11.625
          ],
          "tintindex": 0,
          "rotation": 0,
          "texture": "#0"
        },
        "south": {
          "uv": [
            4.25,
            10.875,
            7.25,
            11.25
          ],
          "tintindex": 0,
          "rotation": 0,
          "texture": "#0"
        },
        "north": {
          "uv": [
            4.25,
            10.875,
            7.25,
            11.25
          ],
          "tintindex": 0,
          "rotation": 0,
          "texture": "#0"
        },
        "west": {
          "uv": [
            10,
            11.25,
            12.125,
            11.625
          ],
          "tintindex": 0,
          "rotation": 0,
          "texture": "#0"
        },
        "up": {
          "uv": [
            7,
            7.375,
            4,
            5.25
          ],
          "tintindex": 0,
          "rotation": 0,
          "texture": "#0"
        },
        "down": {
          "uv": [
            3,
            5.75,
            0,
            7.875
          ],
          "tintindex": 0,
          "rotation": 0,
          "texture": "#0"
        }
      }
    },
    {
      "from": [
        16,
        11,
        12.5
      ],
      "to": [
        21,
        17,
        17.5
      ],
      "faces": {
        "east": {
          "uv": [
            2,
            12.5,
            1.375,
            13.25
          ],
          "tintindex": 0,
          "rotation": 0,
          "texture": "#0"
        },
        "south": {
          "uv": [
            1.375,
            12.5,
            2,
            13.25
          ],
          "tintindex": 0,
          "rotation": 0,
          "texture": "#0"
        },
        "north": {
          "uv": [
            2.625,
            12.5,
            2,
            13.25
          ],
          "tintindex": 0,
          "rotation": 0,
          "texture": "#0"
        },
        "west": {
          "uv": [
            2,
            12.5,
            2.625,
            13.25
          ],
          "tintindex": 0,
          "rotation": 0,
          "texture": "#0"
        },
        "up": {
          "uv": [
            13,
            4.5,
            13.625,
            5.125
          ],
          "tintindex": 0,
          "rotation": 0,
          "texture": "#0"
        },
        "down": {
          "uv": [
            1.25,
            13.25,
            0.625,
            13.875
          ],
          "tintindex": 0,
          "rotation": 0,
          "texture": "#0"
        }
      }
    },
    {
      "from": [
        -5,
        19,
        11.5
      ],
      "to": [
        1,
        22,
        17.5
      ],
      "faces": {
        "east": {
          "uv": [
            14.125,
            1.125,
            14.875,
            1.5
          ],
          "tintindex": 0,
          "rotation": 0,
          "texture": "#0"
        },
        "south": {
          "uv": [
            14.125,
            1.125,
            14.875,
            1.5
          ],
          "tintindex": 0,
          "rotation": 0,
          "texture": "#0"
        },
        "north": {
          "uv": [
            14.125,
            1.125,
            14.875,
            1.5
          ],
          "tintindex": 0,
          "rotation": 0,
          "texture": "#0"
        },
        "west": {
          "uv": [
            14.125,
            1.125,
            14.875,
            1.5
          ],
          "tintindex": 0,
          "rotation": 0,
          "texture": "#0"
        },
        "up": {
          "uv": [
            3.375,
            13,
            2.625,
            12.25
          ],
          "tintindex": 0,
          "rotation": 0,
          "texture": "#0"
        },
        "down": {
          "uv": [
            0.75,
            13,
            0,
            12.25
          ],
          "tintindex": 0,
          "rotation": 0,
          "texture": "#0"
        }
      }
    },
    {
      "from": [
        16,
        17,
        -0.5
      ],
      "to": [
        20,
        19,
        3.5
      ],
      "faces": {
        "east": {
          "uv": [
            14.875,
            13.875,
            15.375,
            14.125
          ],
          "tintindex": 0,
          "rotation": 0,
          "texture": "#0"
        },
        "south": {
          "uv": [
            14.875,
            14.125,
            15.375,
            14.375
          ],
          "tintindex": 0,
          "rotation": 0,
          "texture": "#0"
        },
        "north": {
          "uv": [
            15.375,
            13.875,
            14.875,
            14.125
          ],
          "tintindex": 0,
          "rotation": 0,
          "texture": "#0"
        },
        "west": {
          "uv": [
            15.375,
            14.125,
            14.875,
            14.375
          ],
          "tintindex": 0,
          "rotation": 0,
          "texture": "#0"
        },
        "up": {
          "uv": [
            3,
            14.875,
            2.5,
            14.375
          ],
          "tintindex": 0,
          "rotation": 0,
          "texture": "#0"
        },
        "down": {
          "uv": [
            3.5,
            14.375,
            3,
            14.875
          ],
          "tintindex": 0,
          "rotation": 0,
          "texture": "#0"
        }
      }
    },
    {
      "from": [
        16,
        11,
        -1.5
      ],
      "to": [
        21,
        17,
        3.5
      ],
      "faces": {
        "east": {
          "uv": [
            1.375,
            12.5,
            2,
            13.25
          ],
          "tintindex": 0,
          "rotation": 0,
          "texture": "#0"
        },
        "south": {
          "uv": [
            2,
            12.5,
            2.625,
            13.25
          ],
          "tintindex": 0,
          "rotation": 0,
          "texture": "#0"
        },
        "north": {
          "uv": [
            2,
            12.5,
            1.375,
            13.25
          ],
          "tintindex": 0,
          "rotation": 0,
          "texture": "#0"
        },
        "west": {
          "uv": [
            2.625,
            12.5,
            2,
            13.25
          ],
          "tintindex": 0,
          "rotation": 0,
          "texture": "#0"
        },
        "up": {
          "uv": [
            13,
            5.125,
            13.625,
            4.5
          ],
          "tintindex": 0,
          "rotation": 0,
          "texture": "#0"
        },
        "down": {
          "uv": [
            5.125,
            13,
            4.5,
            13.625
          ],
          "tintindex": 0,
          "rotation": 0,
          "texture": "#0"
        }
      }
    }
  ],
  "display": {
    "gui": {
      "rotation": [
        30,
        225,
        0
      ]
    }
  }
}