{"textures":{"0":"modelengine:entity/crate4"},"elements":[{"from":[15.0,19.0,11.5],"to":[21.0,22.0,17.5],"faces":{"east":{"uv":[14.125,1.125,14.875,1.5],"tintindex":0,"rotation":0,"texture":"#0"},"south":{"uv":[14.125,1.125,14.875,1.5],"tintindex":0,"rotation":0,"texture":"#0"},"north":{"uv":[14.125,1.125,14.875,1.5],"tintindex":0,"rotation":0,"texture":"#0"},"west":{"uv":[14.125,1.125,14.875,1.5],"tintindex":0,"rotation":0,"texture":"#0"},"up":{"uv":[9.625,5.25,8.875,4.5],"tintindex":0,"rotation":0,"texture":"#0"},"down":{"uv":[0.0,13.0,0.75,12.25],"tintindex":0,"rotation":0,"texture":"#0"}}},{"from":[-5.0,19.0,-1.5],"to":[1.0,22.0,4.5],"faces":{"east":{"uv":[14.125,1.125,14.875,1.5],"tintindex":0,"rotation":0,"texture":"#0"},"south":{"uv":[14.125,1.125,14.875,1.5],"tintindex":0,"rotation":0,"texture":"#0"},"north":{"uv":[14.125,1.125,14.875,1.5],"tintindex":0,"rotation":0,"texture":"#0"},"west":{"uv":[14.125,1.125,14.875,1.5],"tintindex":0,"rotation":0,"texture":"#0"},"up":{"uv":[12.875,10.5,12.125,9.75],"tintindex":0,"rotation":0,"texture":"#0"},"down":{"uv":[0.75,12.25,0.0,13.0],"tintindex":0,"rotation":0,"texture":"#0"}}},{"from":[16.0,17.0,12.5],"to":[20.0,19.0,16.5],"faces":{"east":{"uv":[15.375,13.875,14.875,14.125],"tintindex":0,"rotation":0,"texture":"#0"},"south":{"uv":[14.875,13.875,15.375,14.125],"tintindex":0,"rotation":0,"texture":"#0"},"north":{"uv":[15.375,14.125,14.875,14.375],"tintindex":0,"rotation":0,"texture":"#0"},"west":{"uv":[14.875,14.125,15.375,14.375],"tintindex":0,"rotation":0,"texture":"#0"},"up":{"uv":[2.0,14.875,1.5,14.375],"tintindex":0,"rotation":0,"texture":"#0"},"down":{"uv":[2.5,14.375,2.0,14.875],"tintindex":0,"rotation":0,"texture":"#0"}}},{"from":[-4.0,17.0,12.5],"to":[0.0,19.0,16.5],"faces":{"east":{"uv":[15.375,14.125,14.875,14.375],"tintindex":0,"rotation":0,"texture":"#0"},"south":{"uv":[15.375,13.875,14.875,14.125],"tintindex":0,"rotation":0,"texture":"#0"},"north":{"uv":[14.875,14.125,15.375,14.375],"tintindex":0,"rotation":0,"texture":"#0"},"west":{"uv":[14.875,13.875,15.375,14.125],"tintindex":0,"rotation":0,"texture":"#0"},"up":{"uv":[1.0,14.875,0.5,14.375],"tintindex":0,"rotation":0,"texture":"#0"},"down":{"uv":[1.5,14.375,1.0,14.875],"tintindex":0,"rotation":0,"texture":"#0"}}},{"from":[15.0,19.0,-1.5],"to":[21.0,22.0,4.5],"faces":{"east":{"uv":[14.125,1.125,14.875,1.5],"tintindex":0,"rotation":0,"texture":"#0"},"south":{"uv":[14.125,1.125,14.875,1.5],"tintindex":0,"rotation":0,"texture":"#0"},"north":{"uv":[14.125,1.125,14.875,1.5],"tintindex":0,"rotation":0,"texture":"#0"},"west":{"uv":[14.125,1.125,14.875,1.5],"tintindex":0,"rotation":0,"texture":"#0"},"up":{"uv":[2.625,12.5,1.875,11.75],"tintindex":0,"rotation":0,"texture":"#0"},"down":{"uv":[0.0,12.25,0.75,13.0],"tintindex":0,"rotation":0,"texture":"#0"}}},{"from":[-7.0,22.0,-2.5],"to":[23.0,24.0,18.5],"faces":{"east":{"uv":[12.125,0.0,14.75,0.25],"tintindex":0,"rotation":0,"texture":"#0"},"south":{"uv":[10.375,4.25,14.125,4.5],"tintindex":0,"rotation":0,"texture":"#0"},"north":{"uv":[10.375,4.25,14.125,4.5],"tintindex":0,"rotation":0,"texture":"#0"},"west":{"uv":[12.125,0.0,14.75,0.25],"tintindex":0,"rotation":0,"texture":"#0"},"up":{"uv":[7.75,2.625,4.0,0.0],"tintindex":0,"rotation":0,"texture":"#0"},"down":{"uv":[4.0,2.875,0.0,0.0],"tintindex":0,"rotation":0,"texture":"#0"}}},{"from":[-5.0,11.0,12.5],"to":[0.0,17.0,17.5],"faces":{"east":{"uv":[2.625,12.5,2.0,13.25],"tintindex":0,"rotation":0,"texture":"#0"},"south":{"uv":[2.0,12.5,1.375,13.25],"tintindex":0,"rotation":0,"texture":"#0"},"north":{"uv":[2.0,12.5,2.625,13.25],"tintindex":0,"rotation":0,"texture":"#0"},"west":{"uv":[1.375,12.5,2.0,13.25],"tintindex":0,"rotation":0,"texture":"#0"},"up":{"uv":[13.625,4.5,13.0,5.125],"tintindex":0,"rotation":0,"texture":"#0"},"down":{"uv":[13.75,0.25,13.125,0.875],"tintindex":0,"rotation":0,"texture":"#0"}}},{"from":[-5.0,11.0,-1.5],"to":[0.0,17.0,3.5],"faces":{"east":{"uv":[2.0,12.5,2.625,13.25],"tintindex":0,"rotation":0,"texture":"#0"},"south":{"uv":[2.625,12.5,2.0,13.25],"tintindex":0,"rotation":0,"texture":"#0"},"north":{"uv":[1.375,12.5,2.0,13.25],"tintindex":0,"rotation":0,"texture":"#0"},"west":{"uv":[2.0,12.5,1.375,13.25],"tintindex":0,"rotation":0,"texture":"#0"},"up":{"uv":[13.625,5.125,13.0,4.5],"tintindex":0,"rotation":0,"texture":"#0"},"down":{"uv":[13.625,7.5,13.0,8.125],"tintindex":0,"rotation":0,"texture":"#0"}}},{"from":[-3.0,13.0,0.5],"to":[19.0,22.0,15.5],"faces":{"east":{"uv":[9.75,6.5,11.625,7.625],"tintindex":0,"rotation":0,"texture":"#0"},"south":{"uv":[3.0,7.375,5.75,8.5],"tintindex":0,"rotation":0,"texture":"#0"},"north":{"uv":[3.0,7.375,5.75,8.5],"tintindex":0,"rotation":0,"texture":"#0"},"west":{"uv":[9.75,6.5,11.625,7.625],"tintindex":0,"rotation":0,"texture":"#0"},"up":{"uv":[9.75,7.125,7.0,5.25],"tintindex":0,"rotation":0,"texture":"#0"},"down":{"uv":[9.75,7.125,7.0,9.0],"tintindex":0,"rotation":0,"texture":"#0"}}},{"from":[-4.0,17.0,-0.5],"to":[0.0,19.0,3.5],"faces":{"east":{"uv":[14.875,14.125,15.375,14.375],"tintindex":0,"rotation":0,"texture":"#0"},"south":{"uv":[15.375,14.125,14.875,14.375],"tintindex":0,"rotation":0,"texture":"#0"},"north":{"uv":[14.875,13.875,15.375,14.125],"tintindex":0,"rotation":0,"texture":"#0"},"west":{"uv":[15.375,13.875,14.875,14.125],"tintindex":0,"rotation":0,"texture":"#0"},"up":{"uv":[0.5,14.875,0.0,14.375],"tintindex":0,"rotation":0,"texture":"#0"},"down":{"uv":[14.875,0.25,14.375,0.75],"tintindex":0,"rotation":0,"texture":"#0"}}},{"from":[-4.0,10.0,-0.5],"to":[20.0,13.0,16.5],"faces":{"east":{"uv":[10.0,11.25,12.125,11.625],"tintindex":0,"rotation":0,"texture":"#0"},"south":{"uv":[4.25,10.875,7.25,11.25],"tintindex":0,"rotation":0,"texture":"#0"},"north":{"uv":[4.25,10.875,7.25,11.25],"tintindex":0,"rotation":0,"texture":"#0"},"west":{"uv":[10.0,11.25,12.125,11.625],"tintindex":0,"rotation":0,"texture":"#0"},"up":{"uv":[7.0,7.375,4.0,5.25],"tintindex":0,"rotation":0,"texture":"#0"},"down":{"uv":[3.0,5.75,0.0,7.875],"tintindex":0,"rotation":0,"texture":"#0"}}},{"from":[16.0,11.0,12.5],"to":[21.0,17.0,17.5],"faces":{"east":{"uv":[2.0,12.5,1.375,13.25],"tintindex":0,"rotation":0,"texture":"#0"},"south":{"uv":[1.375,12.5,2.0,13.25],"tintindex":0,"rotation":0,"texture":"#0"},"north":{"uv":[2.625,12.5,2.0,13.25],"tintindex":0,"rotation":0,"texture":"#0"},"west":{"uv":[2.0,12.5,2.625,13.25],"tintindex":0,"rotation":0,"texture":"#0"},"up":{"uv":[13.0,4.5,13.625,5.125],"tintindex":0,"rotation":0,"texture":"#0"},"down":{"uv":[1.25,13.25,0.625,13.875],"tintindex":0,"rotation":0,"texture":"#0"}}},{"from":[-5.0,19.0,11.5],"to":[1.0,22.0,17.5],"faces":{"east":{"uv":[14.125,1.125,14.875,1.5],"tintindex":0,"rotation":0,"texture":"#0"},"south":{"uv":[14.125,1.125,14.875,1.5],"tintindex":0,"rotation":0,"texture":"#0"},"north":{"uv":[14.125,1.125,14.875,1.5],"tintindex":0,"rotation":0,"texture":"#0"},"west":{"uv":[14.125,1.125,14.875,1.5],"tintindex":0,"rotation":0,"texture":"#0"},"up":{"uv":[3.375,13.0,2.625,12.25],"tintindex":0,"rotation":0,"texture":"#0"},"down":{"uv":[0.75,13.0,0.0,12.25],"tintindex":0,"rotation":0,"texture":"#0"}}},{"from":[16.0,17.0,-0.5],"to":[20.0,19.0,3.5],"faces":{"east":{"uv":[14.875,13.875,15.375,14.125],"tintindex":0,"rotation":0,"texture":"#0"},"south":{"uv":[14.875,14.125,15.375,14.375],"tintindex":0,"rotation":0,"texture":"#0"},"north":{"uv":[15.375,13.875,14.875,14.125],"tintindex":0,"rotation":0,"texture":"#0"},"west":{"uv":[15.375,14.125,14.875,14.375],"tintindex":0,"rotation":0,"texture":"#0"},"up":{"uv":[3.0,14.875,2.5,14.375],"tintindex":0,"rotation":0,"texture":"#0"},"down":{"uv":[3.5,14.375,3.0,14.875],"tintindex":0,"rotation":0,"texture":"#0"}}},{"from":[16.0,11.0,-1.5],"to":[21.0,17.0,3.5],"faces":{"east":{"uv":[1.375,12.5,2.0,13.25],"tintindex":0,"rotation":0,"texture":"#0"},"south":{"uv":[2.0,12.5,2.625,13.25],"tintindex":0,"rotation":0,"texture":"#0"},"north":{"uv":[2.0,12.5,1.375,13.25],"tintindex":0,"rotation":0,"texture":"#0"},"west":{"uv":[2.625,12.5,2.0,13.25],"tintindex":0,"rotation":0,"texture":"#0"},"up":{"uv":[13.0,5.125,13.625,4.5],"tintindex":0,"rotation":0,"texture":"#0"},"down":{"uv":[5.125,13.0,4.5,13.625],"tintindex":0,"rotation":0,"texture":"#0"}}}],"display":{"gui":{"rotation":[30,225,0]}}}