{"textures":{"0":"modelengine:entity/crate4"},"elements":[{"from":[7.428,3.7789788,11.762735],"to":[8.5720005,8.808694,12.906736],"rotation":{"angle":45.0,"axis":"x","origin":[8.0,8.808122,8.334735]},"faces":{"east":{"uv":[13.25,14.0,13.5,15.125],"rotation":0,"texture":"#0","tintindex":0},"south":{"uv":[13.0,14.0,13.25,15.125],"rotation":0,"texture":"#0","tintindex":0},"north":{"uv":[9.0,14.0,9.25,15.125],"rotation":0,"texture":"#0","tintindex":0},"west":{"uv":[13.25,14.0,13.5,15.125],"rotation":0,"texture":"#0","tintindex":0},"up":{"uv":[9.75,15.625,9.5,15.375],"rotation":0,"texture":"#0","tintindex":0},"down":{"uv":[10.0,15.375,9.75,15.625],"rotation":0,"texture":"#0","tintindex":0}}},{"from":[7.428571,3.7795506,3.0938358],"to":[8.571428,8.808122,4.2366934],"rotation":{"angle":-45.0,"axis":"x","origin":[8.0,8.808122,7.665265]},"faces":{"east":{"uv":[7.0,14.25,7.25,15.375],"rotation":0,"texture":"#0","tintindex":0},"south":{"uv":[6.75,14.25,7.0,15.375],"rotation":0,"texture":"#0","tintindex":0},"north":{"uv":[6.25,14.25,6.5,15.375],"rotation":0,"texture":"#0","tintindex":0},"west":{"uv":[7.0,14.25,7.25,15.375],"rotation":0,"texture":"#0","tintindex":0},"up":{"uv":[10.25,15.625,10.0,15.375],"rotation":0,"texture":"#0","tintindex":0},"down":{"uv":[10.5,15.375,10.25,15.625],"rotation":0,"texture":"#0","tintindex":0}}},{"from":[7.428571,7.665265,4.2366934],"to":[8.571428,8.808122,6.5224075],"rotation":{"angle":-45.0,"axis":"x","origin":[8.0,8.808122,7.665265]},"faces":{"east":{"uv":[15.125,7.25,15.625,7.5],"rotation":0,"texture":"#0","tintindex":0},"south":{"uv":[15.375,8.0,15.625,8.25],"rotation":0,"texture":"#0","tintindex":0},"north":{"uv":[8.0,15.375,8.25,15.625],"rotation":0,"texture":"#0","tintindex":0},"west":{"uv":[15.125,7.25,15.625,7.5],"rotation":0,"texture":"#0","tintindex":0},"up":{"uv":[9.25,15.625,9.0,15.125],"rotation":0,"texture":"#0","tintindex":0},"down":{"uv":[9.5,15.125,9.25,15.625],"rotation":0,"texture":"#0","tintindex":0}}},{"from":[7.428571,7.665265,9.477592],"to":[8.571428,8.808122,11.763307],"rotation":{"angle":45.0,"axis":"x","origin":[8.0,8.808122,8.334735]},"faces":{"east":{"uv":[5.125,15.125,5.625,15.375],"rotation":0,"texture":"#0","tintindex":0},"south":{"uv":[15.375,7.75,15.625,8.0],"rotation":0,"texture":"#0","tintindex":0},"north":{"uv":[7.75,15.375,8.0,15.625],"rotation":0,"texture":"#0","tintindex":0},"west":{"uv":[5.125,15.125,5.625,15.375],"rotation":0,"texture":"#0","tintindex":0},"up":{"uv":[5.875,15.625,5.625,15.125],"rotation":0,"texture":"#0","tintindex":0},"down":{"uv":[15.375,6.5,15.125,7.0],"rotation":0,"texture":"#0","tintindex":0}}},{"from":[7.428,6.856571,6.856571],"to":[8.5720005,8.000571,9.143429],"rotation":{"angle":0.0,"axis":"y","origin":[8.0,8.0,8.0]},"faces":{"east":{"uv":[15.625,1.5,15.125,1.75],"rotation":0,"texture":"#0","tintindex":0},"south":{"uv":[15.375,7.5,15.625,7.75],"rotation":0,"texture":"#0","tintindex":0},"north":{"uv":[7.5,15.375,7.75,15.625],"rotation":0,"texture":"#0","tintindex":0},"west":{"uv":[15.125,1.5,15.625,1.75],"rotation":0,"texture":"#0","tintindex":0},"up":{"uv":[15.375,2.25,15.125,1.75],"rotation":0,"texture":"#0","tintindex":0},"down":{"uv":[5.125,15.125,4.875,15.625],"rotation":0,"texture":"#0","tintindex":0}}}],"display":{"head":{"translation":[0.0,-6.4,0.0],"scale":[4.0,4.0,4.0]}}}