{
  "textures": {
    "0": "modelengine:entity/crate4"
  },
  "elements": [
    {
      "from": [
        6.5,
        -0.5000019,
        7.5
      ],
      "to": [
        15.5,
        4.499998,
        12.5
      ],
      "faces": {
        "east": {
          "uv": [
            6.375,
            13.25,
            5.75,
            13.875
          ],
          "tintindex": 0,
          "rotation": 0,
          "texture": "#0"
        },
        "south": {
          "uv": [
            7.75,
            11.625,
            8.875,
            12.25
          ],
          "tintindex": 0,
          "rotation": 0,
          "texture": "#0"
        },
        "north": {
          "uv": [
            8.875,
            11.625,
            7.75,
            12.25
          ],
          "tintindex": 0,
          "rotation": 0,
          "texture": "#0"
        },
        "west": {
          "uv": [
            1.875,
            13.25,
            2.5,
            13.875
          ],
          "tintindex": 0,
          "rotation": 0,
          "texture": "#0"
        },
        "up": {
          "uv": [
            7.75,
            11.625,
            8.875,
            12.25
          ],
          "tintindex": 0,
          "rotation": 0,
          "texture": "#0"
        },
        "down": {
          "uv": [
            7.75,
            11.625,
            8.875,
            12.25
          ],
          "tintindex": 0,
          "rotation": 0,
          "texture": "#0"
        }
      },
      "rotation": {
        "origin": [
          9.5,
          3.999998,
          8
        ],
        "angle": 45,
        "axis": "x"
      }
    }
  ],
  "display": {
    "gui": {
      "rotation": [
        30,
        225,
        0
      ]
    }
  }
}