{"textures":{"0":"modelengine:entity/crate4"},"elements":[{"from":[6.999,5.999,5.999],"to":[9.000999,8.001,10.001],"faces":{"east":{"uv":[15.625,1.5,15.125,1.75],"tintindex":0,"rotation":0,"texture":"#0"},"south":{"uv":[15.375,7.5,15.625,7.75],"tintindex":0,"rotation":0,"texture":"#0"},"north":{"uv":[7.5,15.375,7.75,15.625],"tintindex":0,"rotation":0,"texture":"#0"},"west":{"uv":[15.125,1.5,15.625,1.75],"tintindex":0,"rotation":0,"texture":"#0"},"up":{"uv":[15.375,2.25,15.125,1.75],"tintindex":0,"rotation":0,"texture":"#0"},"down":{"uv":[5.125,15.125,4.875,15.625],"tintindex":0,"rotation":0,"texture":"#0"}}},{"from":[6.999,0.613213,14.584786],"to":[9.000999,9.415214,16.586786],"faces":{"east":{"uv":[13.25,14.0,13.5,15.125],"tintindex":0,"rotation":0,"texture":"#0"},"south":{"uv":[13.0,14.0,13.25,15.125],"tintindex":0,"rotation":0,"texture":"#0"},"north":{"uv":[9.0,14.0,9.25,15.125],"tintindex":0,"rotation":0,"texture":"#0"},"west":{"uv":[13.25,14.0,13.5,15.125],"tintindex":0,"rotation":0,"texture":"#0"},"up":{"uv":[9.75,15.625,9.5,15.375],"tintindex":0,"rotation":0,"texture":"#0"},"down":{"uv":[10.0,15.375,9.75,15.625],"tintindex":0,"rotation":0,"texture":"#0"}},"rotation":{"origin":[8.0,9.414213,8.585787],"angle":45.0,"axis":"x"}},{"from":[7.0,7.414213,1.4142137],"to":[8.999999,9.414213,5.4142137],"faces":{"east":{"uv":[15.125,7.25,15.625,7.5],"tintindex":0,"rotation":0,"texture":"#0"},"south":{"uv":[15.375,8.0,15.625,8.25],"tintindex":0,"rotation":0,"texture":"#0"},"north":{"uv":[8.0,15.375,8.25,15.625],"tintindex":0,"rotation":0,"texture":"#0"},"west":{"uv":[15.125,7.25,15.625,7.5],"tintindex":0,"rotation":0,"texture":"#0"},"up":{"uv":[9.25,15.625,9.0,15.125],"tintindex":0,"rotation":0,"texture":"#0"},"down":{"uv":[9.5,15.125,9.25,15.625],"tintindex":0,"rotation":0,"texture":"#0"}},"rotation":{"origin":[8.0,9.414213,7.4142137],"angle":-45.0,"axis":"x"}},{"from":[7.0,7.414213,10.585787],"to":[8.999999,9.414213,14.585787],"faces":{"east":{"uv":[5.125,15.125,5.625,15.375],"tintindex":0,"rotation":0,"texture":"#0"},"south":{"uv":[15.375,7.75,15.625,8.0],"tintindex":0,"rotation":0,"texture":"#0"},"north":{"uv":[7.75,15.375,8.0,15.625],"tintindex":0,"rotation":0,"texture":"#0"},"west":{"uv":[5.125,15.125,5.625,15.375],"tintindex":0,"rotation":0,"texture":"#0"},"up":{"uv":[5.875,15.625,5.625,15.125],"tintindex":0,"rotation":0,"texture":"#0"},"down":{"uv":[15.375,6.5,15.125,7.0],"tintindex":0,"rotation":0,"texture":"#0"}},"rotation":{"origin":[8.0,9.414213,8.585787],"angle":45.0,"axis":"x"}},{"from":[7.0,0.614213,-0.5857868],"to":[8.999999,9.414213,1.4142137],"faces":{"east":{"uv":[7.0,14.25,7.25,15.375],"tintindex":0,"rotation":0,"texture":"#0"},"south":{"uv":[6.75,14.25,7.0,15.375],"tintindex":0,"rotation":0,"texture":"#0"},"north":{"uv":[6.25,14.25,6.5,15.375],"tintindex":0,"rotation":0,"texture":"#0"},"west":{"uv":[7.0,14.25,7.25,15.375],"tintindex":0,"rotation":0,"texture":"#0"},"up":{"uv":[10.25,15.625,10.0,15.375],"tintindex":0,"rotation":0,"texture":"#0"},"down":{"uv":[10.5,15.375,10.25,15.625],"tintindex":0,"rotation":0,"texture":"#0"}},"rotation":{"origin":[8.0,9.414213,7.4142137],"angle":-45.0,"axis":"x"}}],"display":{"gui":{"rotation":[30,225,0]}}}