{"textures":{"0":"modelengine:entity/crate4"},"elements":[{"from":[4.242217,3.2974844,7.559658],"to":[9.385075,6.1546273,10.416801],"rotation":{"angle":45.0,"axis":"x","origin":[-5.4285717,5.714286,8.0]},"faces":{"east":{"uv":[5.125,13.25,5.75,13.875],"rotation":0,"texture":"#0","tintindex":0},"south":{"uv":[8.875,11.625,7.75,12.25],"rotation":0,"texture":"#0","tintindex":0},"north":{"uv":[7.75,11.625,8.875,12.25],"rotation":0,"texture":"#0","tintindex":0},"west":{"uv":[5.75,13.25,6.375,13.875],"rotation":0,"texture":"#0","tintindex":0},"up":{"uv":[8.875,11.625,7.75,12.25],"rotation":0,"texture":"#0","tintindex":0},"down":{"uv":[8.875,11.625,7.75,12.25],"rotation":0,"texture":"#0","tintindex":0}}}],"display":{"head":{"translation":[0.0,-6.4,0.0],"scale":[4.0,4.0,4.0]}}}