{"textures":{"0":"modelengine:entity/skrilldragonbaby"},"elements":[{"from":[16.012583,6.26,-14.382874],"to":[19.972582,9.139999,-10.422873],"faces":{"east":{"uv":[6.625,4.75,6.875,4.9375],"tintindex":0,"rotation":0,"texture":"#0"},"south":{"uv":[4.875,6.625,5.125,6.8125],"tintindex":0,"rotation":0,"texture":"#0"},"north":{"uv":[4.625,6.625,4.875,6.8125],"tintindex":0,"rotation":0,"texture":"#0"},"west":{"uv":[5.125,6.625,5.375,6.8125],"tintindex":0,"rotation":0,"texture":"#0"},"up":{"uv":[6.625,4.75,6.375,4.5],"tintindex":0,"rotation":0,"texture":"#0"},"down":{"uv":[5.0,6.375,4.75,6.625],"tintindex":0,"rotation":0,"texture":"#0"}},"rotation":{"origin":[24.92,-19.720001,13.88],"angle":45.0,"axis":"y"}},{"from":[-0.12238026,6.5699997,19.696165],"to":[8.957621,8.429999,21.856165],"faces":{"east":{"uv":[4.75,6.25,4.875,6.375],"tintindex":0,"rotation":0,"texture":"#0"},"south":{"uv":[5.375,6.25,5.9375,6.375],"tintindex":0,"rotation":0,"texture":"#0"},"north":{"uv":[6.125,2.25,6.6875,2.375],"tintindex":0,"rotation":0,"texture":"#0"},"west":{"uv":[2.625,6.4375,2.75,6.5625],"tintindex":0,"rotation":0,"texture":"#0"},"up":{"uv":[0.5625,6.4375,0.0,6.3125],"tintindex":0,"rotation":0,"texture":"#0"},"down":{"uv":[0.5625,6.3125,0.0,6.4375],"tintindex":0,"rotation":0,"texture":"#0"}},"rotation":{"origin":[24.92,-19.720001,13.88],"angle":-45.0,"axis":"y"}},{"from":[-6.723487,7.6099997,0.5691414],"to":[-0.3634882,7.79,11.729141],"faces":{"east":{"uv":[5.75,5.625,6.4375,5.65625],"tintindex":0,"rotation":0,"texture":"#0"},"south":{"uv":[7.0625,4.375,7.46875,4.40625],"tintindex":0,"rotation":0,"texture":"#0"},"north":{"uv":[4.25,7.0625,4.65625,7.09375],"tintindex":0,"rotation":0,"texture":"#0"},"west":{"uv":[6.875,3.4375,7.5625,3.46875],"tintindex":0,"rotation":0,"texture":"#0"},"up":{"uv":[3.53125,5.4375,3.125,4.75],"tintindex":0,"rotation":0,"texture":"#0"},"down":{"uv":[3.96875,4.75,3.5625,5.4375],"tintindex":0,"rotation":0,"texture":"#0"}},"rotation":{"origin":[24.92,-19.720001,13.88],"angle":-22.5,"axis":"y"}},{"from":[0.4800005,7.4299994,2.2999992],"to":[8.0,7.9700003,15.8],"faces":{"east":{"uv":[6.875,0.6875,7.71875,0.71875],"tintindex":0,"rotation":0,"texture":"#0"},"south":{"uv":[7.0,2.3125,7.46875,2.34375],"tintindex":0,"rotation":0,"texture":"#0"},"north":{"uv":[4.25,5.75,4.71875,5.78125],"tintindex":0,"rotation":0,"texture":"#0"},"west":{"uv":[6.875,2.625,7.71875,2.65625],"tintindex":0,"rotation":0,"texture":"#0"},"up":{"uv":[0.46875,5.59375,0.0,4.75],"tintindex":0,"rotation":0,"texture":"#0"},"down":{"uv":[0.46875,4.75,0.0,5.59375],"tintindex":0,"rotation":0,"texture":"#0"}}}],"display":{"gui":{"rotation":[30,225,0]}}}