{"textures":{"0":"modelengine:entity/skrilldragonbaby"},"elements":[{"from":[5.5599995,4.9889402,4.254239],"to":[10.36,8.02894,12.054239],"faces":{"east":{"uv":[7.125,5.125,6.875,5.21875],"tintindex":0,"rotation":0,"texture":"#0"},"south":{"uv":[7.15625,3.5,7.0,3.59375],"tintindex":0,"rotation":0,"texture":"#0"},"north":{"uv":[2.46875,7.0,2.3125,7.09375],"tintindex":0,"rotation":0,"texture":"#0"},"west":{"uv":[5.25,6.875,5.0,6.96875],"tintindex":0,"rotation":0,"texture":"#0"},"up":{"uv":[5.75,6.9375,5.90625,6.6875],"tintindex":0,"rotation":0,"texture":"#0"},"down":{"uv":[0.25,6.75,0.40625,7.0],"tintindex":0,"rotation":0,"texture":"#0"}}},{"from":[5.68,4.0586147,-7.499012],"to":[10.24,6.2186146,-2.6590128],"faces":{"east":{"uv":[6.09375,1.3125,5.9375,1.375],"tintindex":0,"rotation":0,"texture":"#0"},"south":{"uv":[5.96875,3.25,5.8125,3.3125],"tintindex":0,"rotation":0,"texture":"#0"},"north":{"uv":[5.71875,5.125,5.5625,5.1875],"tintindex":0,"rotation":0,"texture":"#0"},"west":{"uv":[5.78125,3.25,5.625,3.3125],"tintindex":0,"rotation":0,"texture":"#0"},"up":{"uv":[5.4375,6.96875,5.59375,6.8125],"tintindex":0,"rotation":0,"texture":"#0"},"down":{"uv":[4.25,6.875,4.40625,7.03125],"tintindex":0,"rotation":0,"texture":"#0"}},"rotation":{"origin":[6.96,-23.69106,7.8542385],"angle":22.5,"axis":"x"}},{"from":[8.9398985,4.9489403,8.419924],"to":[12.334011,7.9889402,11.814035],"faces":{"east":{"uv":[7.15625,5.9375,7.0625,6.03125],"tintindex":0,"rotation":0,"texture":"#0"},"south":{"uv":[5.96875,7.0625,5.875,7.15625],"tintindex":0,"rotation":0,"texture":"#0"},"north":{"uv":[5.34375,7.0625,5.25,7.15625],"tintindex":0,"rotation":0,"texture":"#0"},"west":{"uv":[7.15625,5.8125,7.0625,5.90625],"tintindex":0,"rotation":0,"texture":"#0"},"up":{"uv":[6.0,7.15625,6.09375,7.0625],"tintindex":0,"rotation":0,"texture":"#0"},"down":{"uv":[7.0625,6.0625,7.15625,6.15625],"tintindex":0,"rotation":0,"texture":"#0"}},"rotation":{"origin":[6.96,-23.69106,7.8542385],"angle":-45.0,"axis":"y"}}],"display":{"gui":{"rotation":[30,225,0]}}}