{"textures":{"0":"modelengine:entity/skrilldragonbaby"},"elements":[{"from":[9.561261,6.5699997,13.6150465],"to":[18.641262,8.429999,15.775046],"faces":{"east":{"uv":[2.75,6.4375,2.625,6.5625],"tintindex":0,"rotation":0,"texture":"#0"},"south":{"uv":[5.9375,6.25,5.375,6.375],"tintindex":0,"rotation":0,"texture":"#0"},"north":{"uv":[6.6875,2.25,6.125,2.375],"tintindex":0,"rotation":0,"texture":"#0"},"west":{"uv":[4.875,6.25,4.75,6.375],"tintindex":0,"rotation":0,"texture":"#0"},"up":{"uv":[0.0,6.4375,0.5625,6.3125],"tintindex":0,"rotation":0,"texture":"#0"},"down":{"uv":[0.0,6.3125,0.5625,6.4375],"tintindex":0,"rotation":0,"texture":"#0"}},"rotation":{"origin":[-0.3199997,-19.720001,13.88],"angle":45.0,"axis":"y"}},{"from":[17.018124,7.6099997,-2.7219353],"to":[23.378124,7.79,8.438065],"faces":{"east":{"uv":[7.5625,3.4375,6.875,3.46875],"tintindex":0,"rotation":0,"texture":"#0"},"south":{"uv":[7.46875,4.375,7.0625,4.40625],"tintindex":0,"rotation":0,"texture":"#0"},"north":{"uv":[4.65625,7.0625,4.25,7.09375],"tintindex":0,"rotation":0,"texture":"#0"},"west":{"uv":[6.4375,5.625,5.75,5.65625],"tintindex":0,"rotation":0,"texture":"#0"},"up":{"uv":[3.125,5.4375,3.53125,4.75],"tintindex":0,"rotation":0,"texture":"#0"},"down":{"uv":[3.5625,4.75,3.96875,5.4375],"tintindex":0,"rotation":0,"texture":"#0"}},"rotation":{"origin":[-0.3199997,-19.720001,13.88],"angle":22.5,"axis":"y"}},{"from":[8.0,7.4299994,2.2999992],"to":[15.5199995,7.9700003,15.8],"faces":{"east":{"uv":[7.71875,2.625,6.875,2.65625],"tintindex":0,"rotation":0,"texture":"#0"},"south":{"uv":[7.46875,2.3125,7.0,2.34375],"tintindex":0,"rotation":0,"texture":"#0"},"north":{"uv":[4.71875,5.75,4.25,5.78125],"tintindex":0,"rotation":0,"texture":"#0"},"west":{"uv":[7.71875,0.6875,6.875,0.71875],"tintindex":0,"rotation":0,"texture":"#0"},"up":{"uv":[0.0,5.59375,0.46875,4.75],"tintindex":0,"rotation":0,"texture":"#0"},"down":{"uv":[0.0,4.75,0.46875,5.59375],"tintindex":0,"rotation":0,"texture":"#0"}}},{"from":[-1.4537001,6.26,-8.301754],"to":[2.5062995,9.139999,-4.341755],"faces":{"east":{"uv":[5.375,6.625,5.125,6.8125],"tintindex":0,"rotation":0,"texture":"#0"},"south":{"uv":[5.125,6.625,4.875,6.8125],"tintindex":0,"rotation":0,"texture":"#0"},"north":{"uv":[4.875,6.625,4.625,6.8125],"tintindex":0,"rotation":0,"texture":"#0"},"west":{"uv":[6.875,4.75,6.625,4.9375],"tintindex":0,"rotation":0,"texture":"#0"},"up":{"uv":[6.375,4.75,6.625,4.5],"tintindex":0,"rotation":0,"texture":"#0"},"down":{"uv":[4.75,6.375,5.0,6.625],"tintindex":0,"rotation":0,"texture":"#0"}},"rotation":{"origin":[-0.3199997,-19.720001,13.88],"angle":-45.0,"axis":"y"}}],"display":{"gui":{"rotation":[30,225,0]}}}