{"textures":{"0":"modelengine:entity/fallendefender"},"elements":[{"from":[12.284472,0.66441584,7.167989],"to":[12.855901,3.5215592,7.739417],"rotation":{"angle":0.0,"axis":"y","origin":[12.570187,8.003727,7.4522743]},"faces":{"east":{"uv":[0.875,6.875,0.8125,7.1875],"rotation":180,"texture":"#0","tintindex":0},"south":{"uv":[6.8125,3.375,7.125,3.4375],"rotation":270,"texture":"#0","tintindex":0},"north":{"uv":[6.8125,3.625,7.125,3.6875],"rotation":90,"texture":"#0","tintindex":0},"west":{"uv":[6.875,6.5625,6.8125,6.25],"rotation":0,"texture":"#0","tintindex":0},"up":{"uv":[9.25,8.25,9.3125,8.3125],"rotation":270,"texture":"#0","tintindex":0},"down":{"uv":[9.25,8.375,9.3125,8.4375],"rotation":270,"texture":"#0","tintindex":0}}},{"from":[12.198758,3.435845,7.0822744],"to":[12.941614,4.1787024,7.8251314],"rotation":{"angle":0.0,"axis":"y","origin":[12.570187,8.003727,7.4522743]},"faces":{"east":{"uv":[2.6875,9.3125,2.625,9.375],"rotation":180,"texture":"#0","tintindex":0},"south":{"uv":[2.375,9.3125,2.4375,9.375],"rotation":270,"texture":"#0","tintindex":0},"north":{"uv":[2.5,9.3125,2.5625,9.375],"rotation":90,"texture":"#0","tintindex":0},"west":{"uv":[9.375,2.5625,9.3125,2.5],"rotation":0,"texture":"#0","tintindex":0},"up":{"uv":[2.25,9.3125,2.3125,9.375],"rotation":270,"texture":"#0","tintindex":0},"down":{"uv":[9.3125,2.375,9.375,2.4375],"rotation":270,"texture":"#0","tintindex":0}}},{"from":[11.7090435,4.088988,7.1639886],"to":[13.43133,5.239845,7.7434173],"rotation":{"angle":0.0,"axis":"y","origin":[12.570187,8.003727,7.4522743]},"faces":{"east":{"uv":[1.4375,8.875,1.375,9.0],"rotation":180,"texture":"#0","tintindex":0},"south":{"uv":[6.625,4.75,6.75,4.9375],"rotation":270,"texture":"#0","tintindex":0},"north":{"uv":[6.625,5.375,6.75,5.5625],"rotation":90,"texture":"#0","tintindex":0},"west":{"uv":[1.3125,9.0,1.25,8.875],"rotation":0,"texture":"#0","tintindex":0},"up":{"uv":[8.1875,6.0,8.25,6.1875],"rotation":270,"texture":"#0","tintindex":0},"down":{"uv":[8.1875,6.5,8.25,6.6875],"rotation":270,"texture":"#0","tintindex":0}}},{"from":[10.129314,5.562855,7.053703],"to":[11.500743,6.9342837,7.853703],"rotation":{"angle":45.0,"axis":"z","origin":[12.570187,8.003727,7.4522743]},"faces":{"east":{"uv":[2.0625,8.875,2.0,9.0],"rotation":180,"texture":"#0","tintindex":0},"south":{"uv":[7.5,6.1875,7.625,6.3125],"rotation":270,"texture":"#0","tintindex":0},"north":{"uv":[6.8125,7.5,6.9375,7.625],"rotation":90,"texture":"#0","tintindex":0},"west":{"uv":[8.9375,2.0625,8.875,1.9375],"rotation":0,"texture":"#0","tintindex":0},"up":{"uv":[1.75,8.875,1.8125,9.0],"rotation":270,"texture":"#0","tintindex":0},"down":{"uv":[8.875,1.75,8.9375,1.875],"rotation":270,"texture":"#0","tintindex":0}}},{"from":[10.329315,5.7628546,6.967989],"to":[11.300743,6.7342834,7.9394174],"rotation":{"angle":45.0,"axis":"z","origin":[12.570187,8.003727,7.4522743]},"faces":{"east":{"uv":[0.5,7.5625,0.375,7.6875],"rotation":180,"texture":"#0","tintindex":0},"south":{"uv":[7.5,7.3125,7.625,7.4375],"rotation":270,"texture":"#0","tintindex":0},"north":{"uv":[0.0,7.5625,0.125,7.6875],"rotation":90,"texture":"#0","tintindex":0},"west":{"uv":[0.3125,7.6875,0.1875,7.5625],"rotation":0,"texture":"#0","tintindex":0},"up":{"uv":[7.25,7.5,7.375,7.625],"rotation":270,"texture":"#0","tintindex":0},"down":{"uv":[7.4375,7.5,7.5625,7.625],"rotation":270,"texture":"#0","tintindex":0}}},{"from":[17.082035,12.515576,7.3251314],"to":[17.882038,13.315577,7.5822744],"rotation":{"angle":45.0,"axis":"z","origin":[12.570187,8.003727,7.4522743]},"faces":{"east":{"uv":[9.0625,1.1875,9.0,1.3125],"rotation":180,"texture":"#0","tintindex":0},"south":{"uv":[3.6875,7.9375,3.8125,8.0625],"rotation":270,"texture":"#0","tintindex":0},"north":{"uv":[7.9375,7.125,8.0625,7.25],"rotation":90,"texture":"#0","tintindex":0},"west":{"uv":[1.125,9.125,1.0625,9.0],"rotation":0,"texture":"#0","tintindex":0},"up":{"uv":[9.0,0.8125,9.065625,0.9375],"rotation":270,"texture":"#0","tintindex":0},"down":{"uv":[9.0,1.0,9.0625,1.125],"rotation":270,"texture":"#0","tintindex":0}}},{"from":[12.132008,4.0626607,7.167989],"to":[13.274865,5.205518,7.739417],"rotation":{"angle":-22.5,"axis":"z","origin":[12.570187,8.003727,7.4522743]},"faces":{"east":{"uv":[8.9375,1.1875,8.875,1.3125],"rotation":180,"texture":"#0","tintindex":0},"south":{"uv":[4.4375,7.5,4.5625,7.625],"rotation":270,"texture":"#0","tintindex":0},"north":{"uv":[5.0,7.5,5.125,7.625],"rotation":90,"texture":"#0","tintindex":0},"west":{"uv":[8.9375,1.125,8.875,1.0],"rotation":0,"texture":"#0","tintindex":0},"up":{"uv":[8.875,0.8125,8.9375,0.9375],"rotation":270,"texture":"#0","tintindex":0},"down":{"uv":[0.9375,8.875,1.0,9.0],"rotation":270,"texture":"#0","tintindex":0}}},{"from":[9.709045,6.4593253,7.1702743],"to":[10.84733,7.597611,7.7371316],"rotation":{"angle":45.0,"axis":"z","origin":[12.570187,8.003727,7.4522743]},"faces":{"east":{"uv":[2.875,8.875,2.8125,9.0],"rotation":180,"texture":"#0","tintindex":0},"south":{"uv":[0.5625,7.5625,0.6875,7.6875],"rotation":270,"texture":"#0","tintindex":0},"north":{"uv":[7.5625,1.25,7.6875,1.375],"rotation":90,"texture":"#0","tintindex":0},"west":{"uv":[2.75,9.0,2.6875,8.875],"rotation":0,"texture":"#0","tintindex":0},"up":{"uv":[2.125,8.875,2.1875,9.0],"rotation":270,"texture":"#0","tintindex":0},"down":{"uv":[2.5625,8.875,2.625,9.0],"rotation":270,"texture":"#0","tintindex":0}}},{"from":[11.025785,5.1425853,7.1702743],"to":[12.16407,6.280871,7.7371316],"rotation":{"angle":45.0,"axis":"z","origin":[12.570187,8.003727,7.4522743]},"faces":{"east":{"uv":[8.875,2.9375,8.9375,3.0625],"rotation":0,"texture":"#0","tintindex":0},"south":{"uv":[7.5625,1.4375,7.6875,1.5625],"rotation":0,"texture":"#0","tintindex":0},"north":{"uv":[7.5625,2.0,7.6875,2.125],"rotation":0,"texture":"#0","tintindex":0},"west":{"uv":[3.4375,8.875,3.5,9.0],"rotation":0,"texture":"#0","tintindex":0},"up":{"uv":[8.9375,3.5625,8.875,3.4375],"rotation":90,"texture":"#0","tintindex":0},"down":{"uv":[3.625,8.875,3.5625,9.0],"rotation":270,"texture":"#0","tintindex":0}}},{"from":[10.417722,4.6340895,7.167989],"to":[12.132008,5.205518,7.739417],"rotation":{"angle":-22.5,"axis":"z","origin":[12.570187,8.003727,7.4522743]},"faces":{"east":{"uv":[4.75,9.3125,4.6875,9.375],"rotation":180,"texture":"#0","tintindex":0},"south":{"uv":[7.3125,8.1875,7.375,8.375],"rotation":270,"texture":"#0","tintindex":0},"north":{"uv":[8.1875,8.1875,8.25,8.375],"rotation":90,"texture":"#0","tintindex":0},"west":{"uv":[4.625,9.375,4.5625,9.3125],"rotation":0,"texture":"#0","tintindex":0},"up":{"uv":[8.1875,6.75,8.25,6.9375],"rotation":270,"texture":"#0","tintindex":0},"down":{"uv":[8.1875,7.9375,8.25,8.125],"rotation":270,"texture":"#0","tintindex":0}}},{"from":[8.763718,6.902656,7.1702743],"to":[9.330575,8.440942,7.7371316],"rotation":{"angle":45.0,"axis":"z","origin":[12.570187,8.003727,7.4522743]},"faces":{"east":{"uv":[8.25,0.375,8.3125,0.54375],"rotation":0,"texture":"#0","tintindex":0},"south":{"uv":[0.625,8.25,0.6875,8.4375],"rotation":0,"texture":"#0","tintindex":0},"north":{"uv":[0.75,8.25,0.8125,8.4375],"rotation":0,"texture":"#0","tintindex":0},"west":{"uv":[8.25,0.625,8.3125,0.8125],"rotation":0,"texture":"#0","tintindex":0},"up":{"uv":[9.375,5.25,9.3125,5.1875],"rotation":90,"texture":"#0","tintindex":0},"down":{"uv":[5.4375,9.3125,5.375,9.375],"rotation":270,"texture":"#0","tintindex":0}}},{"from":[9.672913,4.187892,7.171417],"to":[11.380342,4.7524633,7.7359886],"rotation":{"angle":0.0,"axis":"y","origin":[12.570187,8.003727,7.4522743]},"faces":{"east":{"uv":[9.4375,3.25,9.375,3.3125],"rotation":180,"texture":"#0","tintindex":0},"south":{"uv":[0.0,8.3125,0.0625,8.5],"rotation":270,"texture":"#0","tintindex":0},"north":{"uv":[0.25,8.3125,0.3125,8.5],"rotation":90,"texture":"#0","tintindex":0},"west":{"uv":[9.4375,3.1875,9.375,3.125],"rotation":0,"texture":"#0","tintindex":0},"up":{"uv":[8.0625,8.25,8.125,8.4375],"rotation":270,"texture":"#0","tintindex":0},"down":{"uv":[0.125,8.3125,0.1875,8.5],"rotation":270,"texture":"#0","tintindex":0}}},{"from":[11.705357,3.5549216,7.1731315],"to":[13.295072,4.116065,7.7342744],"rotation":{"angle":22.5,"axis":"z","origin":[12.570187,8.003727,7.4522743]},"faces":{"east":{"uv":[9.4375,4.0625,9.375,4.125],"rotation":180,"texture":"#0","tintindex":0},"south":{"uv":[2.5625,8.3125,2.625,8.5],"rotation":270,"texture":"#0","tintindex":0},"north":{"uv":[3.5,8.3125,3.5625,8.5],"rotation":90,"texture":"#0","tintindex":0},"west":{"uv":[9.4375,3.8125,9.375,3.75],"rotation":0,"texture":"#0","tintindex":0},"up":{"uv":[2.4375,8.3125,2.5,8.4875],"rotation":270,"texture":"#0","tintindex":0},"down":{"uv":[2.6875,8.3125,2.75,8.5],"rotation":270,"texture":"#0","tintindex":0}}},{"from":[11.845302,3.5549216,7.1731315],"to":[13.435017,4.116065,7.7342744],"rotation":{"angle":-22.5,"axis":"z","origin":[12.570187,8.003727,7.4522743]},"faces":{"east":{"uv":[9.4375,4.3125,9.375,4.375],"rotation":180,"texture":"#0","tintindex":0},"south":{"uv":[8.3125,3.9375,8.375,4.125],"rotation":270,"texture":"#0","tintindex":0},"north":{"uv":[8.3125,4.4375,8.375,4.625],"rotation":90,"texture":"#0","tintindex":0},"west":{"uv":[9.4375,4.25,9.375,4.1875],"rotation":0,"texture":"#0","tintindex":0},"up":{"uv":[3.8125,8.3125,3.875,8.4875],"rotation":270,"texture":"#0","tintindex":0},"down":{"uv":[8.3125,4.1875,8.375,4.375],"rotation":270,"texture":"#0","tintindex":0}}},{"from":[13.760031,4.187892,7.171417],"to":[15.467461,4.7524633,7.7359886],"rotation":{"angle":0.0,"axis":"y","origin":[12.570187,8.003727,7.4522743]},"faces":{"east":{"uv":[9.4375,3.625,9.375,3.6875],"rotation":180,"texture":"#0","tintindex":0},"south":{"uv":[0.5,8.3125,0.5625,8.5],"rotation":270,"texture":"#0","tintindex":0},"north":{"uv":[8.3125,1.8125,8.375,2.0],"rotation":90,"texture":"#0","tintindex":0},"west":{"uv":[9.4375,3.5625,9.375,3.5],"rotation":0,"texture":"#0","tintindex":0},"up":{"uv":[0.375,8.3125,0.4375,8.5],"rotation":270,"texture":"#0","tintindex":0},"down":{"uv":[1.375,8.3125,1.4375,8.5],"rotation":270,"texture":"#0","tintindex":0}}},{"from":[11.469116,4.1972585,7.1702743],"to":[13.007402,4.7641153,7.7371316],"rotation":{"angle":45.0,"axis":"z","origin":[12.570187,8.003727,7.4522743]},"faces":{"east":{"uv":[9.375,6.0625,9.3125,6.125],"rotation":180,"texture":"#0","tintindex":0},"south":{"uv":[1.5,8.25,1.5625,8.4375],"rotation":270,"texture":"#0","tintindex":0},"north":{"uv":[1.75,8.25,1.8125,8.4375],"rotation":90,"texture":"#0","tintindex":0},"west":{"uv":[6.0,9.375,5.9375,9.3125],"rotation":0,"texture":"#0","tintindex":0},"up":{"uv":[1.25,8.25,1.3125,8.41875],"rotation":270,"texture":"#0","tintindex":0},"down":{"uv":[1.625,8.25,1.6875,8.4375],"rotation":270,"texture":"#0","tintindex":0}}},{"from":[11.865508,4.0626607,7.167989],"to":[13.008366,5.205518,7.739417],"rotation":{"angle":22.5,"axis":"z","origin":[12.570187,8.003727,7.4522743]},"faces":{"east":{"uv":[1.6875,8.875,1.625,9.0],"rotation":180,"texture":"#0","tintindex":0},"south":{"uv":[7.5,6.0,7.625,6.125],"rotation":270,"texture":"#0","tintindex":0},"north":{"uv":[6.0625,7.5,6.1875,7.625],"rotation":90,"texture":"#0","tintindex":0},"west":{"uv":[8.9375,1.6875,8.875,1.5625],"rotation":0,"texture":"#0","tintindex":0},"up":{"uv":[8.875,1.375,8.9375,1.5],"rotation":270,"texture":"#0","tintindex":0},"down":{"uv":[1.5,8.875,1.5625,9.0],"rotation":270,"texture":"#0","tintindex":0}}},{"from":[13.008366,4.6340895,7.167989],"to":[14.722651,5.205518,7.739417],"rotation":{"angle":22.5,"axis":"z","origin":[12.570187,8.003727,7.4522743]},"faces":{"east":{"uv":[5.875,9.3125,5.8125,9.375],"rotation":180,"texture":"#0","tintindex":0},"south":{"uv":[1.0,8.25,1.0625,8.4375],"rotation":270,"texture":"#0","tintindex":0},"north":{"uv":[8.25,1.125,8.3125,1.3125],"rotation":90,"texture":"#0","tintindex":0},"west":{"uv":[5.75,9.375,5.6875,9.3125],"rotation":0,"texture":"#0","tintindex":0},"up":{"uv":[8.25,0.875,8.3125,1.0625],"rotation":270,"texture":"#0","tintindex":0},"down":{"uv":[1.125,8.25,1.1875,8.4375],"rotation":270,"texture":"#0","tintindex":0}}},{"from":[19.081429,14.514969,7.343703],"to":[19.670784,15.104325,7.5579886],"rotation":{"angle":45.0,"axis":"z","origin":[12.570187,8.003727,7.4522743]},"faces":{"east":{"uv":[4.5,9.3125,4.4375,9.375],"rotation":180,"texture":"#0","tintindex":0},"south":{"uv":[9.3125,3.9375,9.375,4.0],"rotation":270,"texture":"#0","tintindex":0},"north":{"uv":[4.1875,9.3125,4.25,9.375],"rotation":90,"texture":"#0","tintindex":0},"west":{"uv":[4.375,9.375,4.3125,9.3125],"rotation":0,"texture":"#0","tintindex":0},"up":{"uv":[3.9375,9.3125,3.9609375,9.376961],"rotation":270,"texture":"#0","tintindex":0},"down":{"uv":[4.0625,9.3125,4.125,9.375],"rotation":270,"texture":"#0","tintindex":0}}},{"from":[11.419357,6.981072,7.349417],"to":[11.985071,8.575357,7.5579886],"rotation":{"angle":22.5,"axis":"z","origin":[12.570187,8.003727,7.4522743]},"faces":{"east":{"uv":[8.25,5.75,8.1875,5.9375],"rotation":180,"texture":"#0","tintindex":0},"south":{"uv":[8.1875,3.3125,8.375,3.375],"rotation":270,"texture":"#0","tintindex":0},"north":{"uv":[8.1875,5.625,8.375,5.6875],"rotation":90,"texture":"#0","tintindex":0},"west":{"uv":[5.6875,8.375,5.625,8.1875],"rotation":0,"texture":"#0","tintindex":0},"up":{"uv":[3.6875,9.3125,3.7109375,9.375],"rotation":270,"texture":"#0","tintindex":0},"down":{"uv":[3.8125,9.3125,3.875,9.375],"rotation":270,"texture":"#0","tintindex":0}}},{"from":[11.284472,8.092988,7.34656],"to":[11.855901,15.521559,7.560846],"rotation":{"angle":0.0,"axis":"y","origin":[12.570187,8.003727,7.4522743]},"faces":{"east":{"uv":[4.0625,4.25,4.0,5.0625],"rotation":180,"texture":"#0","tintindex":0},"south":{"uv":[4.0,1.25,4.8125,1.3125],"rotation":270,"texture":"#0","tintindex":0},"north":{"uv":[4.125,3.0,4.9375,3.0625],"rotation":90,"texture":"#0","tintindex":0},"west":{"uv":[3.9375,5.0625,3.875,4.25],"rotation":0,"texture":"#0","tintindex":0},"up":{"uv":[3.4375,9.3125,3.4609375,9.375],"rotation":270,"texture":"#0","tintindex":0},"down":{"uv":[3.5625,9.3125,3.625,9.375],"rotation":270,"texture":"#0","tintindex":0}}},{"from":[12.284472,6.2072735,7.253703],"to":[12.855901,7.9215593,7.653703],"rotation":{"angle":0.0,"axis":"y","origin":[12.570187,8.003727,7.4522743]},"faces":{"east":{"uv":[6.4375,8.25,6.375,8.4375],"rotation":180,"texture":"#0","tintindex":0},"south":{"uv":[8.25,5.25,8.4375,5.3125],"rotation":270,"texture":"#0","tintindex":0},"north":{"uv":[6.0,8.25,6.1875,8.3125],"rotation":90,"texture":"#0","tintindex":0},"west":{"uv":[6.3125,8.4375,6.25,8.25],"rotation":0,"texture":"#0","tintindex":0},"up":{"uv":[9.3125,8.75,9.35625,8.8125],"rotation":270,"texture":"#0","tintindex":0},"down":{"uv":[8.9375,9.3125,9.0,9.375],"rotation":270,"texture":"#0","tintindex":0}}},{"from":[12.3117695,7.7453094,7.2554173],"to":[12.712401,8.145942,7.6519885],"rotation":{"angle":45.0,"axis":"z","origin":[12.570187,8.003727,7.4522743]},"faces":{"east":{"uv":[9.4375,0.125,9.375,0.1875],"rotation":180,"texture":"#0","tintindex":0},"south":{"uv":[9.0625,9.3125,9.125,9.375],"rotation":270,"texture":"#0","tintindex":0},"north":{"uv":[9.3125,9.25,9.375,9.3125],"rotation":90,"texture":"#0","tintindex":0},"west":{"uv":[0.0625,9.4375,0.0,9.375],"rotation":0,"texture":"#0","tintindex":0},"up":{"uv":[9.3125,9.0,9.35625,9.044194],"rotation":270,"texture":"#0","tintindex":0},"down":{"uv":[9.3125,9.125,9.375,9.1875],"rotation":270,"texture":"#0","tintindex":0}}},{"from":[11.284472,5.721559,7.253703],"to":[11.855901,7.435845,7.653703],"rotation":{"angle":0.0,"axis":"y","origin":[12.570187,8.003727,7.4522743]},"faces":{"east":{"uv":[7.5,8.25,7.4375,8.4375],"rotation":180,"texture":"#0","tintindex":0},"south":{"uv":[6.5,8.25,6.6875,8.3125],"rotation":270,"texture":"#0","tintindex":0},"north":{"uv":[6.75,8.25,6.9375,8.3125],"rotation":90,"texture":"#0","tintindex":0},"west":{"uv":[7.25,8.4375,7.1875,8.25],"rotation":0,"texture":"#0","tintindex":0},"up":{"uv":[9.375,1.125,9.41875,1.1875],"rotation":270,"texture":"#0","tintindex":0},"down":{"uv":[9.375,1.25,9.4375,1.3125],"rotation":270,"texture":"#0","tintindex":0}}},{"from":[11.26121,8.108964,7.2554173],"to":[11.661843,8.509597,7.6519885],"rotation":{"angle":45.0,"axis":"z","origin":[12.570187,8.003727,7.4522743]},"faces":{"east":{"uv":[9.4375,1.0,9.375,1.0625],"rotation":180,"texture":"#0","tintindex":0},"south":{"uv":[9.375,0.625,9.4375,0.6875],"rotation":270,"texture":"#0","tintindex":0},"north":{"uv":[9.375,0.75,9.4375,0.8125],"rotation":90,"texture":"#0","tintindex":0},"west":{"uv":[9.4375,0.9375,9.375,0.875],"rotation":0,"texture":"#0","tintindex":0},"up":{"uv":[0.625,9.375,0.66875,9.419194],"rotation":270,"texture":"#0","tintindex":0},"down":{"uv":[0.75,9.375,0.8125,9.4375],"rotation":270,"texture":"#0","tintindex":0}}},{"from":[13.2844715,5.721559,7.253703],"to":[13.855901,7.435845,7.653703],"rotation":{"angle":0.0,"axis":"y","origin":[12.570187,8.003727,7.4522743]},"faces":{"east":{"uv":[8.0,8.25,7.9375,8.4375],"rotation":180,"texture":"#0","tintindex":0},"south":{"uv":[7.5625,8.25,7.75,8.3125],"rotation":270,"texture":"#0","tintindex":0},"north":{"uv":[8.25,7.5625,8.4375,7.625],"rotation":90,"texture":"#0","tintindex":0},"west":{"uv":[7.875,8.4375,7.8125,8.25],"rotation":0,"texture":"#0","tintindex":0},"up":{"uv":[9.375,3.0,9.41875,3.0625],"rotation":270,"texture":"#0","tintindex":0},"down":{"uv":[3.125,9.375,3.1875,9.4375],"rotation":270,"texture":"#0","tintindex":0}}},{"from":[12.675425,6.694751,7.2554173],"to":[13.0760565,7.095383,7.6519885],"rotation":{"angle":45.0,"axis":"z","origin":[12.570187,8.003727,7.4522743]},"faces":{"east":{"uv":[9.375,1.625,9.41875,1.6691942],"rotation":0,"texture":"#0","tintindex":0},"south":{"uv":[9.375,1.75,9.4375,1.8125],"rotation":0,"texture":"#0","tintindex":0},"north":{"uv":[9.375,2.25,9.4375,2.3125],"rotation":0,"texture":"#0","tintindex":0},"west":{"uv":[9.375,1.875,9.4375,1.9375],"rotation":0,"texture":"#0","tintindex":0},"up":{"uv":[9.4375,2.8125,9.375,2.75],"rotation":90,"texture":"#0","tintindex":0},"down":{"uv":[9.4375,2.875,9.375,2.9375],"rotation":270,"texture":"#0","tintindex":0}}},{"from":[11.855901,7.5215592,7.34656],"to":[12.284472,13.235846,7.560846],"rotation":{"angle":0.0,"axis":"y","origin":[12.570187,8.003727,7.4522743]},"faces":{"east":{"uv":[1.75,5.0,1.6875,5.625],"rotation":180,"texture":"#0","tintindex":0},"south":{"uv":[4.9375,3.75,5.5625,3.8125],"rotation":270,"texture":"#0","tintindex":0},"north":{"uv":[5.0,1.0,5.625,1.0625],"rotation":90,"texture":"#0","tintindex":0},"west":{"uv":[4.8125,5.5625,4.75,4.9375],"rotation":0,"texture":"#0","tintindex":0},"up":{"uv":[3.3125,9.3125,3.3359375,9.359375],"rotation":270,"texture":"#0","tintindex":0},"down":{"uv":[9.3125,3.375,9.375,3.4375],"rotation":270,"texture":"#0","tintindex":0}}},{"from":[11.855901,5.8072734,7.34656],"to":[12.42733,7.5215592,7.560846],"rotation":{"angle":0.0,"axis":"y","origin":[12.570187,8.003727,7.4522743]},"faces":{"east":{"uv":[8.3125,2.25,8.25,2.4375],"rotation":180,"texture":"#0","tintindex":0},"south":{"uv":[8.1875,6.25,8.375,6.3125],"rotation":270,"texture":"#0","tintindex":0},"north":{"uv":[8.1875,7.0,8.375,7.0625],"rotation":90,"texture":"#0","tintindex":0},"west":{"uv":[2.0625,8.4375,2.0,8.25],"rotation":0,"texture":"#0","tintindex":0},"up":{"uv":[9.3125,6.3125,9.3359375,6.375],"rotation":270,"texture":"#0","tintindex":0},"down":{"uv":[9.3125,6.8125,9.375,6.875],"rotation":270,"texture":"#0","tintindex":0}}},{"from":[13.871305,12.894529,7.3488455],"to":[14.295305,14.461386,7.55856],"rotation":{"angle":22.5,"axis":"z","origin":[12.570187,8.003727,7.4522743]},"faces":{"east":{"uv":[5.5625,8.1875,5.5,8.375],"rotation":180,"texture":"#0","tintindex":0},"south":{"uv":[8.125,7.8125,8.3125,7.875],"rotation":270,"texture":"#0","tintindex":0},"north":{"uv":[8.1875,0.25,8.375,0.3125],"rotation":90,"texture":"#0","tintindex":0},"west":{"uv":[4.9375,8.375,4.875,8.1875],"rotation":0,"texture":"#0","tintindex":0},"up":{"uv":[2.875,9.3125,2.8984375,9.359375],"rotation":270,"texture":"#0","tintindex":0},"down":{"uv":[3.0,9.3125,3.0625,9.375],"rotation":270,"texture":"#0","tintindex":0}}},{"from":[8.50482,14.456705,7.3459883],"to":[9.071677,16.73785,7.5557027],"rotation":{"angle":-22.5,"axis":"z","origin":[12.570187,8.003727,7.4522743]},"faces":{"east":{"uv":[4.375,7.5,4.3125,7.75],"rotation":180,"texture":"#0","tintindex":0},"south":{"uv":[7.4375,7.0625,7.6875,7.125],"rotation":270,"texture":"#0","tintindex":0},"north":{"uv":[7.5,0.1875,7.75,0.25],"rotation":90,"texture":"#0","tintindex":0},"west":{"uv":[4.25,7.75,4.1875,7.5],"rotation":0,"texture":"#0","tintindex":0},"up":{"uv":[9.3125,2.625,9.3359375,2.6875],"rotation":270,"texture":"#0","tintindex":0},"down":{"uv":[2.75,9.3125,2.8125,9.375],"rotation":270,"texture":"#0","tintindex":0}}},{"from":[13.155302,6.981072,7.349417],"to":[13.721016,8.575357,7.5579886],"rotation":{"angle":-22.5,"axis":"z","origin":[12.570187,8.003727,7.4522743]},"faces":{"east":{"uv":[8.3125,5.0,8.25,5.1875],"rotation":180,"texture":"#0","tintindex":0},"south":{"uv":[8.25,3.4375,8.4375,3.5],"rotation":270,"texture":"#0","tintindex":0},"north":{"uv":[4.0,8.25,4.1875,8.3125],"rotation":90,"texture":"#0","tintindex":0},"west":{"uv":[4.3125,8.4375,4.25,8.25],"rotation":0,"texture":"#0","tintindex":0},"up":{"uv":[8.5625,9.3125,8.5859375,9.375],"rotation":270,"texture":"#0","tintindex":0},"down":{"uv":[8.6875,9.3125,8.75,9.375],"rotation":270,"texture":"#0","tintindex":0}}},{"from":[13.2844715,8.092988,7.34656],"to":[13.855901,15.521559,7.560846],"rotation":{"angle":0.0,"axis":"y","origin":[12.570187,8.003727,7.4522743]},"faces":{"east":{"uv":[2.3125,4.3125,2.25,5.125],"rotation":180,"texture":"#0","tintindex":0},"south":{"uv":[4.3125,1.9375,5.125,2.0],"rotation":270,"texture":"#0","tintindex":0},"north":{"uv":[4.3125,2.3125,5.125,2.375],"rotation":90,"texture":"#0","tintindex":0},"west":{"uv":[2.1875,5.125,2.125,4.3125],"rotation":0,"texture":"#0","tintindex":0},"up":{"uv":[8.3125,9.3125,8.3359375,9.375],"rotation":270,"texture":"#0","tintindex":0},"down":{"uv":[8.4375,9.3125,8.5,9.375],"rotation":270,"texture":"#0","tintindex":0}}},{"from":[12.855901,7.5215592,7.34656],"to":[13.2844715,13.235846,7.560846],"rotation":{"angle":0.0,"axis":"y","origin":[12.570187,8.003727,7.4522743]},"faces":{"east":{"uv":[2.4375,5.0,2.375,5.625],"rotation":180,"texture":"#0","tintindex":0},"south":{"uv":[5.0,3.0,5.625,3.0625],"rotation":270,"texture":"#0","tintindex":0},"north":{"uv":[5.0,3.3125,5.625,3.375],"rotation":90,"texture":"#0","tintindex":0},"west":{"uv":[1.875,5.625,1.8125,5.0],"rotation":0,"texture":"#0","tintindex":0},"up":{"uv":[8.0,9.3125,8.0234375,9.359375],"rotation":270,"texture":"#0","tintindex":0},"down":{"uv":[9.3125,8.125,9.375,8.1875],"rotation":270,"texture":"#0","tintindex":0}}},{"from":[12.713043,5.8072734,7.34656],"to":[13.2844715,7.5215592,7.560846],"rotation":{"angle":0.0,"axis":"y","origin":[12.570187,8.003727,7.4522743]},"faces":{"east":{"uv":[8.3125,3.6875,8.25,3.875],"rotation":180,"texture":"#0","tintindex":0},"south":{"uv":[8.25,1.375,8.4375,1.4375],"rotation":270,"texture":"#0","tintindex":0},"north":{"uv":[8.25,1.6875,8.4375,1.75],"rotation":90,"texture":"#0","tintindex":0},"west":{"uv":[8.3125,3.1875,8.25,3.0],"rotation":0,"texture":"#0","tintindex":0},"up":{"uv":[7.75,9.3125,7.7734375,9.375],"rotation":270,"texture":"#0","tintindex":0},"down":{"uv":[7.875,9.3125,7.9375,9.375],"rotation":270,"texture":"#0","tintindex":0}}},{"from":[10.845067,12.894529,7.3488455],"to":[11.269067,14.461386,7.55856],"rotation":{"angle":-22.5,"axis":"z","origin":[12.570187,8.003727,7.4522743]},"faces":{"east":{"uv":[8.3125,2.75,8.25,2.9375],"rotation":180,"texture":"#0","tintindex":0},"south":{"uv":[8.1875,7.25,8.375,7.3125],"rotation":270,"texture":"#0","tintindex":0},"north":{"uv":[8.25,0.0,8.4375,0.0625],"rotation":90,"texture":"#0","tintindex":0},"west":{"uv":[8.3125,2.6875,8.25,2.5],"rotation":0,"texture":"#0","tintindex":0},"up":{"uv":[7.5,9.3125,7.5234375,9.359375],"rotation":270,"texture":"#0","tintindex":0},"down":{"uv":[7.625,9.3125,7.6875,9.375],"rotation":270,"texture":"#0","tintindex":0}}},{"from":[16.06984,14.457849,7.3471313],"to":[16.63441,16.736706,7.5545597],"rotation":{"angle":22.5,"axis":"z","origin":[12.570187,8.003727,7.4522743]},"faces":{"east":{"uv":[1.0,7.5625,0.9375,7.8125],"rotation":180,"texture":"#0","tintindex":0},"south":{"uv":[7.5,1.625,7.75,1.6875],"rotation":270,"texture":"#0","tintindex":0},"north":{"uv":[7.5,3.625,7.75,3.6875],"rotation":90,"texture":"#0","tintindex":0},"west":{"uv":[4.6875,7.75,4.625,7.5],"rotation":0,"texture":"#0","tintindex":0},"up":{"uv":[6.9375,9.3125,6.9609375,9.375],"rotation":270,"texture":"#0","tintindex":0},"down":{"uv":[7.375,9.3125,7.4375,9.375],"rotation":270,"texture":"#0","tintindex":0}}},{"from":[12.250187,1.0587015,7.133703],"to":[12.890186,1.5558448,7.773703],"rotation":{"angle":0.0,"axis":"y","origin":[12.570187,8.003727,7.4522743]},"faces":{"east":{"uv":[9.375,2.125,9.3125,2.1875],"rotation":180,"texture":"#0","tintindex":0},"south":{"uv":[1.875,9.3125,1.9375,9.375],"rotation":270,"texture":"#0","tintindex":0},"north":{"uv":[9.3125,2.0,9.375,2.0625],"rotation":90,"texture":"#0","tintindex":0},"west":{"uv":[2.1875,9.375,2.125,9.3125],"rotation":0,"texture":"#0","tintindex":0},"up":{"uv":[1.75,9.3125,1.8125,9.375],"rotation":270,"texture":"#0","tintindex":0},"down":{"uv":[2.0,9.3125,2.0625,9.375],"rotation":270,"texture":"#0","tintindex":0}}},{"from":[6.8185883,2.252129,7.0822744],"to":[7.84716,3.2806997,7.8251314],"rotation":{"angle":45.0,"axis":"z","origin":[12.570187,8.003727,7.4522743]},"faces":{"east":{"uv":[3.375,7.5,3.25,7.625],"rotation":180,"texture":"#0","tintindex":0},"south":{"uv":[1.9375,7.5,2.0625,7.625],"rotation":270,"texture":"#0","tintindex":0},"north":{"uv":[2.875,7.5,3.0,7.625],"rotation":90,"texture":"#0","tintindex":0},"west":{"uv":[3.1875,7.625,3.0625,7.5],"rotation":0,"texture":"#0","tintindex":0},"up":{"uv":[7.5,0.5,7.59375,0.625],"rotation":270,"texture":"#0","tintindex":0},"down":{"uv":[2.125,7.5,2.25,7.625],"rotation":270,"texture":"#0","tintindex":0}}},{"from":[12.369043,-2.1081543,7.25256],"to":[12.77133,-1.1344414,7.6548457],"rotation":{"angle":0.0,"axis":"y","origin":[12.570187,8.003727,7.4522743]},"faces":{"east":{"uv":[8.875,7.6875,8.8125,7.8125],"rotation":180,"texture":"#0","tintindex":0},"south":{"uv":[8.8125,7.0,8.9375,7.0625],"rotation":270,"texture":"#0","tintindex":0},"north":{"uv":[7.25,8.8125,7.375,8.875],"rotation":90,"texture":"#0","tintindex":0},"west":{"uv":[8.875,7.625,8.8125,7.5],"rotation":0,"texture":"#0","tintindex":0},"up":{"uv":[9.25,8.5,9.3125,8.5625],"rotation":270,"texture":"#0","tintindex":0},"down":{"uv":[9.25,8.625,9.3125,8.6875],"rotation":270,"texture":"#0","tintindex":0}}},{"from":[9.708677,0.034381866,7.253703],"to":[10.108678,1.0058112,7.653703],"rotation":{"angle":22.5,"axis":"z","origin":[12.570187,8.003727,7.4522743]},"faces":{"east":{"uv":[8.875,8.3125,8.8125,8.4375],"rotation":180,"texture":"#0","tintindex":0},"south":{"uv":[8.8125,7.25,8.9375,7.3125],"rotation":270,"texture":"#0","tintindex":0},"north":{"uv":[8.8125,7.875,8.9375,7.9375],"rotation":90,"texture":"#0","tintindex":0},"west":{"uv":[8.25,8.9375,8.1875,8.8125],"rotation":0,"texture":"#0","tintindex":0},"up":{"uv":[8.8125,9.25,8.875,9.3125],"rotation":270,"texture":"#0","tintindex":0},"down":{"uv":[9.25,8.875,9.3125,8.9375],"rotation":270,"texture":"#0","tintindex":0}}},{"from":[16.095062,-0.7150955,7.253703],"to":[16.495062,0.25633383,7.653703],"rotation":{"angle":-22.5,"axis":"z","origin":[12.570187,8.003727,7.4522743]},"faces":{"east":{"uv":[8.875,8.8125,8.8125,8.9375],"rotation":180,"texture":"#0","tintindex":0},"south":{"uv":[8.8125,8.0,8.9375,8.0625],"rotation":270,"texture":"#0","tintindex":0},"north":{"uv":[8.8125,8.5,8.9375,8.5625],"rotation":90,"texture":"#0","tintindex":0},"west":{"uv":[8.875,8.75,8.8125,8.625],"rotation":0,"texture":"#0","tintindex":0},"up":{"uv":[9.3125,0.375,9.375,0.4375],"rotation":270,"texture":"#0","tintindex":0},"down":{"uv":[0.5,9.3125,0.5625,9.375],"rotation":270,"texture":"#0","tintindex":0}}},{"from":[16.005596,0.07831955,7.167989],"to":[16.577024,0.6497483,7.739417],"rotation":{"angle":-22.5,"axis":"z","origin":[12.570187,8.003727,7.4522743]},"faces":{"east":{"uv":[0.4375,9.3125,0.375,9.375],"rotation":180,"texture":"#0","tintindex":0},"south":{"uv":[9.3125,0.0,9.375,0.0625],"rotation":270,"texture":"#0","tintindex":0},"north":{"uv":[0.25,9.3125,0.3125,9.375],"rotation":90,"texture":"#0","tintindex":0},"west":{"uv":[9.375,0.3125,9.3125,0.25],"rotation":0,"texture":"#0","tintindex":0},"up":{"uv":[9.1875,9.25,9.25,9.3125],"rotation":270,"texture":"#0","tintindex":0},"down":{"uv":[0.125,9.3125,0.1875,9.375],"rotation":270,"texture":"#0","tintindex":0}}},{"from":[8.698105,-0.7369633,7.253703],"to":[9.0981045,0.2344656,7.653703],"rotation":{"angle":22.5,"axis":"z","origin":[12.570187,8.003727,7.4522743]},"faces":{"east":{"uv":[8.9375,0.625,8.875,0.75],"rotation":180,"texture":"#0","tintindex":0},"south":{"uv":[8.875,0.375,9.0,0.4375],"rotation":270,"texture":"#0","tintindex":0},"north":{"uv":[8.875,0.5,9.0,0.5625],"rotation":90,"texture":"#0","tintindex":0},"west":{"uv":[0.6875,9.0,0.625,8.875],"rotation":0,"texture":"#0","tintindex":0},"up":{"uv":[9.3125,1.5,9.375,1.5625],"rotation":270,"texture":"#0","tintindex":0},"down":{"uv":[1.625,9.3125,1.6875,9.375],"rotation":270,"texture":"#0","tintindex":0}}},{"from":[8.616142,0.056452274,7.167989],"to":[9.187571,0.62788105,7.739417],"rotation":{"angle":22.5,"axis":"z","origin":[12.570187,8.003727,7.4522743]},"faces":{"east":{"uv":[1.5625,9.3125,1.5,9.375],"rotation":180,"texture":"#0","tintindex":0},"south":{"uv":[1.125,9.3125,1.1875,9.375],"rotation":270,"texture":"#0","tintindex":0},"north":{"uv":[1.375,9.3125,1.4375,9.375],"rotation":90,"texture":"#0","tintindex":0},"west":{"uv":[9.375,1.4375,9.3125,1.375],"rotation":0,"texture":"#0","tintindex":0},"up":{"uv":[1.0,9.3125,1.0625,9.375],"rotation":270,"texture":"#0","tintindex":0},"down":{"uv":[1.25,9.3125,1.3125,9.375],"rotation":270,"texture":"#0","tintindex":0}}},{"from":[15.084488,0.056250095,7.253703],"to":[15.4844885,1.027679,7.653703],"rotation":{"angle":-22.5,"axis":"z","origin":[12.570187,8.003727,7.4522743]},"faces":{"east":{"uv":[0.375,8.875,0.3125,9.0],"rotation":180,"texture":"#0","tintindex":0},"south":{"uv":[0.0,8.875,0.125,8.9375],"rotation":270,"texture":"#0","tintindex":0},"north":{"uv":[8.875,0.0,9.0,0.0625],"rotation":90,"texture":"#0","tintindex":0},"west":{"uv":[0.25,9.0,0.1875,8.875],"rotation":0,"texture":"#0","tintindex":0},"up":{"uv":[9.3125,0.5,9.375,0.5625],"rotation":270,"texture":"#0","tintindex":0},"down":{"uv":[0.875,9.3125,0.9375,9.375],"rotation":270,"texture":"#0","tintindex":0}}}],"display":{"head":{"translation":[0.0,-6.4,0.0],"scale":[4.0,4.0,4.0]}}}