{
  "textures": {
    "0": "modelengine:entity/fallendefender"
  },
  "elements": [
    {
      "from": [
        17.247826,
        4.0127296,
        6.69398
      ],
      "to": [
        18.247826,
        7.0127296,
        7.39398
      ],
      "faces": {
        "east": {
          "uv": [
            8,
            8.25,
            7.9375,
            8.4375
          ],
          "tintindex": 0,
          "rotation": 180,
          "texture": "#0"
        },
        "south": {
          "uv": [
            7.5625,
            8.25,
            7.75,
            8.3125
          ],
          "tintindex": 0,
          "rotation": 270,
          "texture": "#0"
        },
        "north": {
          "uv": [
            8.25,
            7.5625,
            8.4375,
            7.625
          ],
          "tintindex": 0,
          "rotation": 90,
          "texture": "#0"
        },
        "west": {
          "uv": [
            7.875,
            8.4375,
            7.8125,
            8.25
          ],
          "tintindex": 0,
          "rotation": 0,
          "texture": "#0"
        },
        "up": {
          "uv": [
            9.375,
            3,
            9.41875,
            3.0625
          ],
          "tintindex": 0,
          "rotation": 270,
          "texture": "#0"
        },
        "down": {
          "uv": [
            3.125,
            9.375,
            3.1875,
            9.4375
          ],
          "tintindex": 0,
          "rotation": 270,
          "texture": "#0"
        }
      }
    },
    {
      "from": [
        15.497826,
        4.862729,
        6.69398
      ],
      "to": [
        16.497826,
        7.862729,
        7.39398
      ],
      "faces": {
        "east": {
          "uv": [
            6.4375,
            8.25,
            6.375,
            8.4375
          ],
          "tintindex": 0,
          "rotation": 180,
          "texture": "#0"
        },
        "south": {
          "uv": [
            8.25,
            5.25,
            8.4375,
            5.3125
          ],
          "tintindex": 0,
          "rotation": 270,
          "texture": "#0"
        },
        "north": {
          "uv": [
            6,
            8.25,
            6.1875,
            8.3125
          ],
          "tintindex": 0,
          "rotation": 90,
          "texture": "#0"
        },
        "west": {
          "uv": [
            6.3125,
            8.4375,
            6.25,
            8.25
          ],
          "tintindex": 0,
          "rotation": 0,
          "texture": "#0"
        },
        "up": {
          "uv": [
            9.3125,
            8.75,
            9.35625,
            8.8125
          ],
          "tintindex": 0,
          "rotation": 270,
          "texture": "#0"
        },
        "down": {
          "uv": [
            8.9375,
            9.3125,
            9,
            9.375
          ],
          "tintindex": 0,
          "rotation": 270,
          "texture": "#0"
        }
      }
    },
    {
      "from": [
        15.497826,
        -4.8372707,
        6.54398
      ],
      "to": [
        16.497826,
        0.16272926,
        7.5439806
      ],
      "faces": {
        "east": {
          "uv": [
            0.875,
            6.875,
            0.8125,
            7.1875
          ],
          "tintindex": 0,
          "rotation": 180,
          "texture": "#0"
        },
        "south": {
          "uv": [
            6.8125,
            3.375,
            7.125,
            3.4375
          ],
          "tintindex": 0,
          "rotation": 270,
          "texture": "#0"
        },
        "north": {
          "uv": [
            6.8125,
            3.625,
            7.125,
            3.6875
          ],
          "tintindex": 0,
          "rotation": 90,
          "texture": "#0"
        },
        "west": {
          "uv": [
            6.875,
            6.5625,
            6.8125,
            6.25
          ],
          "tintindex": 0,
          "rotation": 0,
          "texture": "#0"
        },
        "up": {
          "uv": [
            9.25,
            8.25,
            9.3125,
            8.3125
          ],
          "tintindex": 0,
          "rotation": 270,
          "texture": "#0"
        },
        "down": {
          "uv": [
            9.25,
            8.375,
            9.3125,
            8.4375
          ],
          "tintindex": 0,
          "rotation": 270,
          "texture": "#0"
        }
      }
    },
    {
      "from": [
        15.347826,
        0.012729257,
        6.39398
      ],
      "to": [
        16.647825,
        1.3127292,
        7.6939807
      ],
      "faces": {
        "east": {
          "uv": [
            2.6875,
            9.3125,
            2.625,
            9.375
          ],
          "tintindex": 0,
          "rotation": 180,
          "texture": "#0"
        },
        "south": {
          "uv": [
            2.375,
            9.3125,
            2.4375,
            9.375
          ],
          "tintindex": 0,
          "rotation": 270,
          "texture": "#0"
        },
        "north": {
          "uv": [
            2.5,
            9.3125,
            2.5625,
            9.375
          ],
          "tintindex": 0,
          "rotation": 90,
          "texture": "#0"
        },
        "west": {
          "uv": [
            9.375,
            2.5625,
            9.3125,
            2.5
          ],
          "tintindex": 0,
          "rotation": 0,
          "texture": "#0"
        },
        "up": {
          "uv": [
            2.25,
            9.3125,
            2.3125,
            9.375
          ],
          "tintindex": 0,
          "rotation": 270,
          "texture": "#0"
        },
        "down": {
          "uv": [
            9.3125,
            2.375,
            9.375,
            2.4375
          ],
          "tintindex": 0,
          "rotation": 270,
          "texture": "#0"
        }
      }
    },
    {
      "from": [
        16.764639,
        2.1096563,
        6.54398
      ],
      "to": [
        19.764639,
        3.1096563,
        7.5439806
      ],
      "faces": {
        "east": {
          "uv": [
            5.875,
            9.3125,
            5.8125,
            9.375
          ],
          "tintindex": 0,
          "rotation": 180,
          "texture": "#0"
        },
        "south": {
          "uv": [
            1,
            8.25,
            1.0625,
            8.4375
          ],
          "tintindex": 0,
          "rotation": 270,
          "texture": "#0"
        },
        "north": {
          "uv": [
            8.25,
            1.125,
            8.3125,
            1.3125
          ],
          "tintindex": 0,
          "rotation": 90,
          "texture": "#0"
        },
        "west": {
          "uv": [
            5.75,
            9.375,
            5.6875,
            9.3125
          ],
          "tintindex": 0,
          "rotation": 0,
          "texture": "#0"
        },
        "up": {
          "uv": [
            8.25,
            0.875,
            8.3125,
            1.0625
          ],
          "tintindex": 0,
          "rotation": 270,
          "texture": "#0"
        },
        "down": {
          "uv": [
            1.125,
            8.25,
            1.1875,
            8.4375
          ],
          "tintindex": 0,
          "rotation": 270,
          "texture": "#0"
        }
      },
      "rotation": {
        "origin": [
          15.997826,
          8.006522,
          7.04148
        ],
        "angle": 22.5,
        "axis": "z"
      }
    },
    {
      "from": [
        14.764639,
        1.1096568,
        6.54398
      ],
      "to": [
        16.764639,
        3.1096563,
        7.5439806
      ],
      "faces": {
        "east": {
          "uv": [
            1.6875,
            8.875,
            1.625,
            9
          ],
          "tintindex": 0,
          "rotation": 180,
          "texture": "#0"
        },
        "south": {
          "uv": [
            7.5,
            6,
            7.625,
            6.125
          ],
          "tintindex": 0,
          "rotation": 270,
          "texture": "#0"
        },
        "north": {
          "uv": [
            6.0625,
            7.5,
            6.1875,
            7.625
          ],
          "tintindex": 0,
          "rotation": 90,
          "texture": "#0"
        },
        "west": {
          "uv": [
            8.9375,
            1.6875,
            8.875,
            1.5625
          ],
          "tintindex": 0,
          "rotation": 0,
          "texture": "#0"
        },
        "up": {
          "uv": [
            8.875,
            1.375,
            8.9375,
            1.5
          ],
          "tintindex": 0,
          "rotation": 270,
          "texture": "#0"
        },
        "down": {
          "uv": [
            1.5,
            8.875,
            1.5625,
            9
          ],
          "tintindex": 0,
          "rotation": 270,
          "texture": "#0"
        }
      },
      "rotation": {
        "origin": [
          15.997826,
          8.006522,
          7.04148
        ],
        "angle": 22.5,
        "axis": "z"
      }
    },
    {
      "from": [
        14.484374,
        0.22111386,
        6.55298
      ],
      "to": [
        17.266373,
        1.2031139,
        7.534981
      ],
      "faces": {
        "east": {
          "uv": [
            9.4375,
            4.0625,
            9.375,
            4.125
          ],
          "tintindex": 0,
          "rotation": 180,
          "texture": "#0"
        },
        "south": {
          "uv": [
            2.5625,
            8.3125,
            2.625,
            8.5
          ],
          "tintindex": 0,
          "rotation": 270,
          "texture": "#0"
        },
        "north": {
          "uv": [
            3.5,
            8.3125,
            3.5625,
            8.5
          ],
          "tintindex": 0,
          "rotation": 90,
          "texture": "#0"
        },
        "west": {
          "uv": [
            9.4375,
            3.8125,
            9.375,
            3.75
          ],
          "tintindex": 0,
          "rotation": 0,
          "texture": "#0"
        },
        "up": {
          "uv": [
            2.4375,
            8.3125,
            2.5,
            8.4875
          ],
          "tintindex": 0,
          "rotation": 270,
          "texture": "#0"
        },
        "down": {
          "uv": [
            2.6875,
            8.3125,
            2.75,
            8.5
          ],
          "tintindex": 0,
          "rotation": 270,
          "texture": "#0"
        }
      },
      "rotation": {
        "origin": [
          15.997826,
          8.006522,
          7.04148
        ],
        "angle": 22.5,
        "axis": "z"
      }
    },
    {
      "from": [
        17.247826,
        8.162729,
        6.85648
      ],
      "to": [
        18.247826,
        21.162727,
        7.2314806
      ],
      "faces": {
        "east": {
          "uv": [
            2.3125,
            4.3125,
            2.25,
            5.125
          ],
          "tintindex": 0,
          "rotation": 180,
          "texture": "#0"
        },
        "south": {
          "uv": [
            4.3125,
            1.9375,
            5.125,
            2
          ],
          "tintindex": 0,
          "rotation": 270,
          "texture": "#0"
        },
        "north": {
          "uv": [
            4.3125,
            2.3125,
            5.125,
            2.375
          ],
          "tintindex": 0,
          "rotation": 90,
          "texture": "#0"
        },
        "west": {
          "uv": [
            2.1875,
            5.125,
            2.125,
            4.3125
          ],
          "tintindex": 0,
          "rotation": 0,
          "texture": "#0"
        },
        "up": {
          "uv": [
            8.3125,
            9.3125,
            8.3359375,
            9.375
          ],
          "tintindex": 0,
          "rotation": 270,
          "texture": "#0"
        },
        "down": {
          "uv": [
            8.4375,
            9.3125,
            8.5,
            9.375
          ],
          "tintindex": 0,
          "rotation": 270,
          "texture": "#0"
        }
      }
    },
    {
      "from": [
        15.545596,
        7.5542912,
        6.69698
      ],
      "to": [
        16.246702,
        8.255399,
        7.3909802
      ],
      "faces": {
        "east": {
          "uv": [
            9.4375,
            0.125,
            9.375,
            0.1875
          ],
          "tintindex": 0,
          "rotation": 180,
          "texture": "#0"
        },
        "south": {
          "uv": [
            9.0625,
            9.3125,
            9.125,
            9.375
          ],
          "tintindex": 0,
          "rotation": 270,
          "texture": "#0"
        },
        "north": {
          "uv": [
            9.3125,
            9.25,
            9.375,
            9.3125
          ],
          "tintindex": 0,
          "rotation": 90,
          "texture": "#0"
        },
        "west": {
          "uv": [
            0.0625,
            9.4375,
            0,
            9.375
          ],
          "tintindex": 0,
          "rotation": 0,
          "texture": "#0"
        },
        "up": {
          "uv": [
            9.3125,
            9,
            9.35625,
            9.044194
          ],
          "tintindex": 0,
          "rotation": 270,
          "texture": "#0"
        },
        "down": {
          "uv": [
            9.3125,
            9.125,
            9.375,
            9.1875
          ],
          "tintindex": 0,
          "rotation": 270,
          "texture": "#0"
        }
      },
      "rotation": {
        "origin": [
          15.997826,
          8.006522,
          7.04148
        ],
        "angle": 45,
        "axis": "z"
      }
    },
    {
      "from": [
        9.336506,
        6.0796494,
        6.5479803
      ],
      "to": [
        10.328506,
        8.771649,
        7.5399804
      ],
      "faces": {
        "east": {
          "uv": [
            8.25,
            0.375,
            8.3125,
            0.54375
          ],
          "tintindex": 0,
          "rotation": 0,
          "texture": "#0"
        },
        "south": {
          "uv": [
            0.625,
            8.25,
            0.6875,
            8.4375
          ],
          "tintindex": 0,
          "rotation": 0,
          "texture": "#0"
        },
        "north": {
          "uv": [
            0.75,
            8.25,
            0.8125,
            8.4375
          ],
          "tintindex": 0,
          "rotation": 0,
          "texture": "#0"
        },
        "west": {
          "uv": [
            8.25,
            0.625,
            8.3125,
            0.8125
          ],
          "tintindex": 0,
          "rotation": 0,
          "texture": "#0"
        },
        "up": {
          "uv": [
            9.375,
            5.25,
            9.3125,
            5.1875
          ],
          "tintindex": 0,
          "rotation": 90,
          "texture": "#0"
        },
        "down": {
          "uv": [
            5.4375,
            9.3125,
            5.375,
            9.375
          ],
          "tintindex": 0,
          "rotation": 270,
          "texture": "#0"
        }
      },
      "rotation": {
        "origin": [
          15.997826,
          8.006522,
          7.04148
        ],
        "angle": 45,
        "axis": "z"
      }
    },
    {
      "from": [
        10.990185,
        -5.9398293,
        6.69398
      ],
      "to": [
        11.690186,
        -4.2398295,
        7.3939805
      ],
      "faces": {
        "east": {
          "uv": [
            8.875,
            8.3125,
            8.8125,
            8.4375
          ],
          "tintindex": 0,
          "rotation": 180,
          "texture": "#0"
        },
        "south": {
          "uv": [
            8.8125,
            7.25,
            8.9375,
            7.3125
          ],
          "tintindex": 0,
          "rotation": 270,
          "texture": "#0"
        },
        "north": {
          "uv": [
            8.8125,
            7.875,
            8.9375,
            7.9375
          ],
          "tintindex": 0,
          "rotation": 90,
          "texture": "#0"
        },
        "west": {
          "uv": [
            8.25,
            8.9375,
            8.1875,
            8.8125
          ],
          "tintindex": 0,
          "rotation": 0,
          "texture": "#0"
        },
        "up": {
          "uv": [
            8.8125,
            9.25,
            8.875,
            9.3125
          ],
          "tintindex": 0,
          "rotation": 270,
          "texture": "#0"
        },
        "down": {
          "uv": [
            9.25,
            8.875,
            9.3125,
            8.9375
          ],
          "tintindex": 0,
          "rotation": 270,
          "texture": "#0"
        }
      },
      "rotation": {
        "origin": [
          15.997826,
          8.006522,
          7.04148
        ],
        "angle": 22.5,
        "axis": "z"
      }
    },
    {
      "from": [
        15.231012,
        1.1096568,
        6.54398
      ],
      "to": [
        17.231012,
        3.1096563,
        7.5439806
      ],
      "faces": {
        "east": {
          "uv": [
            8.9375,
            1.1875,
            8.875,
            1.3125
          ],
          "tintindex": 0,
          "rotation": 180,
          "texture": "#0"
        },
        "south": {
          "uv": [
            4.4375,
            7.5,
            4.5625,
            7.625
          ],
          "tintindex": 0,
          "rotation": 270,
          "texture": "#0"
        },
        "north": {
          "uv": [
            5,
            7.5,
            5.125,
            7.625
          ],
          "tintindex": 0,
          "rotation": 90,
          "texture": "#0"
        },
        "west": {
          "uv": [
            8.9375,
            1.125,
            8.875,
            1
          ],
          "tintindex": 0,
          "rotation": 0,
          "texture": "#0"
        },
        "up": {
          "uv": [
            8.875,
            0.8125,
            8.9375,
            0.9375
          ],
          "tintindex": 0,
          "rotation": 270,
          "texture": "#0"
        },
        "down": {
          "uv": [
            0.9375,
            8.875,
            1,
            9
          ],
          "tintindex": 0,
          "rotation": 270,
          "texture": "#0"
        }
      },
      "rotation": {
        "origin": [
          15.997826,
          8.006522,
          7.04148
        ],
        "angle": -22.5,
        "axis": "z"
      }
    },
    {
      "from": [
        17.021776,
        6.216876,
        6.8614798
      ],
      "to": [
        18.011778,
        9.006876,
        7.2264795
      ],
      "faces": {
        "east": {
          "uv": [
            8.3125,
            5,
            8.25,
            5.1875
          ],
          "tintindex": 0,
          "rotation": 180,
          "texture": "#0"
        },
        "south": {
          "uv": [
            8.25,
            3.4375,
            8.4375,
            3.5
          ],
          "tintindex": 0,
          "rotation": 270,
          "texture": "#0"
        },
        "north": {
          "uv": [
            4,
            8.25,
            4.1875,
            8.3125
          ],
          "tintindex": 0,
          "rotation": 90,
          "texture": "#0"
        },
        "west": {
          "uv": [
            4.3125,
            8.4375,
            4.25,
            8.25
          ],
          "tintindex": 0,
          "rotation": 0,
          "texture": "#0"
        },
        "up": {
          "uv": [
            8.5625,
            9.3125,
            8.5859375,
            9.375
          ],
          "tintindex": 0,
          "rotation": 270,
          "texture": "#0"
        },
        "down": {
          "uv": [
            8.6875,
            9.3125,
            8.75,
            9.375
          ],
          "tintindex": 0,
          "rotation": 270,
          "texture": "#0"
        }
      },
      "rotation": {
        "origin": [
          15.997826,
          8.006522,
          7.04148
        ],
        "angle": -22.5,
        "axis": "z"
      }
    },
    {
      "from": [
        22.00979,
        -5.862939,
        6.54398
      ],
      "to": [
        23.00979,
        -4.862939,
        7.5439806
      ],
      "faces": {
        "east": {
          "uv": [
            0.4375,
            9.3125,
            0.375,
            9.375
          ],
          "tintindex": 0,
          "rotation": 180,
          "texture": "#0"
        },
        "south": {
          "uv": [
            9.3125,
            0,
            9.375,
            0.0625
          ],
          "tintindex": 0,
          "rotation": 270,
          "texture": "#0"
        },
        "north": {
          "uv": [
            0.25,
            9.3125,
            0.3125,
            9.375
          ],
          "tintindex": 0,
          "rotation": 90,
          "texture": "#0"
        },
        "west": {
          "uv": [
            9.375,
            0.3125,
            9.3125,
            0.25
          ],
          "tintindex": 0,
          "rotation": 0,
          "texture": "#0"
        },
        "up": {
          "uv": [
            9.1875,
            9.25,
            9.25,
            9.3125
          ],
          "tintindex": 0,
          "rotation": 270,
          "texture": "#0"
        },
        "down": {
          "uv": [
            0.125,
            9.3125,
            0.1875,
            9.375
          ],
          "tintindex": 0,
          "rotation": 270,
          "texture": "#0"
        }
      },
      "rotation": {
        "origin": [
          15.997826,
          8.006522,
          7.04148
        ],
        "angle": -22.5,
        "axis": "z"
      }
    },
    {
      "from": [
        18.274784,
        16.565424,
        6.86048
      ],
      "to": [
        19.016785,
        19.307425,
        7.2274795
      ],
      "faces": {
        "east": {
          "uv": [
            5.5625,
            8.1875,
            5.5,
            8.375
          ],
          "tintindex": 0,
          "rotation": 180,
          "texture": "#0"
        },
        "south": {
          "uv": [
            8.125,
            7.8125,
            8.3125,
            7.875
          ],
          "tintindex": 0,
          "rotation": 270,
          "texture": "#0"
        },
        "north": {
          "uv": [
            8.1875,
            0.25,
            8.375,
            0.3125
          ],
          "tintindex": 0,
          "rotation": 90,
          "texture": "#0"
        },
        "west": {
          "uv": [
            4.9375,
            8.375,
            4.875,
            8.1875
          ],
          "tintindex": 0,
          "rotation": 0,
          "texture": "#0"
        },
        "up": {
          "uv": [
            2.875,
            9.3125,
            2.8984375,
            9.359375
          ],
          "tintindex": 0,
          "rotation": 270,
          "texture": "#0"
        },
        "down": {
          "uv": [
            3,
            9.3125,
            3.0625,
            9.375
          ],
          "tintindex": 0,
          "rotation": 270,
          "texture": "#0"
        }
      },
      "rotation": {
        "origin": [
          15.997826,
          8.006522,
          7.04148
        ],
        "angle": 22.5,
        "axis": "z"
      }
    },
    {
      "from": [
        13.295124,
        2.9995244,
        6.5479803
      ],
      "to": [
        15.287125,
        4.991524,
        7.5399804
      ],
      "faces": {
        "east": {
          "uv": [
            8.875,
            2.9375,
            8.9375,
            3.0625
          ],
          "tintindex": 0,
          "rotation": 0,
          "texture": "#0"
        },
        "south": {
          "uv": [
            7.5625,
            1.4375,
            7.6875,
            1.5625
          ],
          "tintindex": 0,
          "rotation": 0,
          "texture": "#0"
        },
        "north": {
          "uv": [
            7.5625,
            2,
            7.6875,
            2.125
          ],
          "tintindex": 0,
          "rotation": 0,
          "texture": "#0"
        },
        "west": {
          "uv": [
            3.4375,
            8.875,
            3.5,
            9
          ],
          "tintindex": 0,
          "rotation": 0,
          "texture": "#0"
        },
        "up": {
          "uv": [
            8.9375,
            3.5625,
            8.875,
            3.4375
          ],
          "tintindex": 0,
          "rotation": 90,
          "texture": "#0"
        },
        "down": {
          "uv": [
            3.625,
            8.875,
            3.5625,
            9
          ],
          "tintindex": 0,
          "rotation": 270,
          "texture": "#0"
        }
      },
      "rotation": {
        "origin": [
          15.997826,
          8.006522,
          7.04148
        ],
        "angle": 45,
        "axis": "z"
      }
    },
    {
      "from": [
        27.3925,
        19.401196,
        6.85148
      ],
      "to": [
        28.423872,
        20.432568,
        7.2264795
      ],
      "faces": {
        "east": {
          "uv": [
            4.5,
            9.3125,
            4.4375,
            9.375
          ],
          "tintindex": 0,
          "rotation": 180,
          "texture": "#0"
        },
        "south": {
          "uv": [
            9.3125,
            3.9375,
            9.375,
            4
          ],
          "tintindex": 0,
          "rotation": 270,
          "texture": "#0"
        },
        "north": {
          "uv": [
            4.1875,
            9.3125,
            4.25,
            9.375
          ],
          "tintindex": 0,
          "rotation": 90,
          "texture": "#0"
        },
        "west": {
          "uv": [
            4.375,
            9.375,
            4.3125,
            9.3125
          ],
          "tintindex": 0,
          "rotation": 0,
          "texture": "#0"
        },
        "up": {
          "uv": [
            3.9375,
            9.3125,
            3.9609375,
            9.376961
          ],
          "tintindex": 0,
          "rotation": 270,
          "texture": "#0"
        },
        "down": {
          "uv": [
            4.0625,
            9.3125,
            4.125,
            9.375
          ],
          "tintindex": 0,
          "rotation": 270,
          "texture": "#0"
        }
      },
      "rotation": {
        "origin": [
          15.997826,
          8.006522,
          7.04148
        ],
        "angle": 45,
        "axis": "z"
      }
    },
    {
      "from": [
        9.221683,
        -7.289684,
        6.69398
      ],
      "to": [
        9.921683,
        -5.589684,
        7.3939805
      ],
      "faces": {
        "east": {
          "uv": [
            8.9375,
            0.625,
            8.875,
            0.75
          ],
          "tintindex": 0,
          "rotation": 180,
          "texture": "#0"
        },
        "south": {
          "uv": [
            8.875,
            0.375,
            9,
            0.4375
          ],
          "tintindex": 0,
          "rotation": 270,
          "texture": "#0"
        },
        "north": {
          "uv": [
            8.875,
            0.5,
            9,
            0.5625
          ],
          "tintindex": 0,
          "rotation": 90,
          "texture": "#0"
        },
        "west": {
          "uv": [
            0.6875,
            9,
            0.625,
            8.875
          ],
          "tintindex": 0,
          "rotation": 0,
          "texture": "#0"
        },
        "up": {
          "uv": [
            9.3125,
            1.5,
            9.375,
            1.5625
          ],
          "tintindex": 0,
          "rotation": 270,
          "texture": "#0"
        },
        "down": {
          "uv": [
            1.625,
            9.3125,
            1.6875,
            9.375
          ],
          "tintindex": 0,
          "rotation": 270,
          "texture": "#0"
        }
      },
      "rotation": {
        "origin": [
          15.997826,
          8.006522,
          7.04148
        ],
        "angle": 22.5,
        "axis": "z"
      }
    },
    {
      "from": [
        13.747826,
        8.162729,
        6.85648
      ],
      "to": [
        14.747826,
        21.162727,
        7.2314806
      ],
      "faces": {
        "east": {
          "uv": [
            4.0625,
            4.25,
            4,
            5.0625
          ],
          "tintindex": 0,
          "rotation": 180,
          "texture": "#0"
        },
        "south": {
          "uv": [
            4,
            1.25,
            4.8125,
            1.3125
          ],
          "tintindex": 0,
          "rotation": 270,
          "texture": "#0"
        },
        "north": {
          "uv": [
            4.125,
            3,
            4.9375,
            3.0625
          ],
          "tintindex": 0,
          "rotation": 90,
          "texture": "#0"
        },
        "west": {
          "uv": [
            3.9375,
            5.0625,
            3.875,
            4.25
          ],
          "tintindex": 0,
          "rotation": 0,
          "texture": "#0"
        },
        "up": {
          "uv": [
            3.4375,
            9.3125,
            3.4609375,
            9.375
          ],
          "tintindex": 0,
          "rotation": 270,
          "texture": "#0"
        },
        "down": {
          "uv": [
            3.5625,
            9.3125,
            3.625,
            9.375
          ],
          "tintindex": 0,
          "rotation": 270,
          "texture": "#0"
        }
      }
    },
    {
      "from": [
        13.707119,
        8.190688,
        6.69698
      ],
      "to": [
        14.408224,
        8.891794,
        7.3909802
      ],
      "faces": {
        "east": {
          "uv": [
            9.4375,
            1,
            9.375,
            1.0625
          ],
          "tintindex": 0,
          "rotation": 180,
          "texture": "#0"
        },
        "south": {
          "uv": [
            9.375,
            0.625,
            9.4375,
            0.6875
          ],
          "tintindex": 0,
          "rotation": 270,
          "texture": "#0"
        },
        "north": {
          "uv": [
            9.375,
            0.75,
            9.4375,
            0.8125
          ],
          "tintindex": 0,
          "rotation": 90,
          "texture": "#0"
        },
        "west": {
          "uv": [
            9.4375,
            0.9375,
            9.375,
            0.875
          ],
          "tintindex": 0,
          "rotation": 0,
          "texture": "#0"
        },
        "up": {
          "uv": [
            0.625,
            9.375,
            0.66875,
            9.419194
          ],
          "tintindex": 0,
          "rotation": 270,
          "texture": "#0"
        },
        "down": {
          "uv": [
            0.75,
            9.375,
            0.8125,
            9.4375
          ],
          "tintindex": 0,
          "rotation": 270,
          "texture": "#0"
        }
      },
      "rotation": {
        "origin": [
          15.997826,
          8.006522,
          7.04148
        ],
        "angle": 45,
        "axis": "z"
      }
    },
    {
      "from": [
        10.927597,
        1.3288107,
        6.54998
      ],
      "to": [
        13.915598,
        2.316811,
        7.5379806
      ],
      "faces": {
        "east": {
          "uv": [
            9.4375,
            3.25,
            9.375,
            3.3125
          ],
          "tintindex": 0,
          "rotation": 180,
          "texture": "#0"
        },
        "south": {
          "uv": [
            0,
            8.3125,
            0.0625,
            8.5
          ],
          "tintindex": 0,
          "rotation": 270,
          "texture": "#0"
        },
        "north": {
          "uv": [
            0.25,
            8.3125,
            0.3125,
            8.5
          ],
          "tintindex": 0,
          "rotation": 90,
          "texture": "#0"
        },
        "west": {
          "uv": [
            9.4375,
            3.1875,
            9.375,
            3.125
          ],
          "tintindex": 0,
          "rotation": 0,
          "texture": "#0"
        },
        "up": {
          "uv": [
            8.0625,
            8.25,
            8.125,
            8.4375
          ],
          "tintindex": 0,
          "rotation": 270,
          "texture": "#0"
        },
        "down": {
          "uv": [
            0.125,
            8.3125,
            0.1875,
            8.5
          ],
          "tintindex": 0,
          "rotation": 270,
          "texture": "#0"
        }
      }
    },
    {
      "from": [
        15.437825,
        -4.1472707,
        6.48398
      ],
      "to": [
        16.557825,
        -3.2772708,
        7.6039805
      ],
      "faces": {
        "east": {
          "uv": [
            9.375,
            2.125,
            9.3125,
            2.1875
          ],
          "tintindex": 0,
          "rotation": 180,
          "texture": "#0"
        },
        "south": {
          "uv": [
            1.875,
            9.3125,
            1.9375,
            9.375
          ],
          "tintindex": 0,
          "rotation": 270,
          "texture": "#0"
        },
        "north": {
          "uv": [
            9.3125,
            2,
            9.375,
            2.0625
          ],
          "tintindex": 0,
          "rotation": 90,
          "texture": "#0"
        },
        "west": {
          "uv": [
            2.1875,
            9.375,
            2.125,
            9.3125
          ],
          "tintindex": 0,
          "rotation": 0,
          "texture": "#0"
        },
        "up": {
          "uv": [
            1.75,
            9.3125,
            1.8125,
            9.375
          ],
          "tintindex": 0,
          "rotation": 270,
          "texture": "#0"
        },
        "down": {
          "uv": [
            2,
            9.3125,
            2.0625,
            9.375
          ],
          "tintindex": 0,
          "rotation": 270,
          "texture": "#0"
        }
      }
    },
    {
      "from": [
        14.729278,
        0.22111386,
        6.55298
      ],
      "to": [
        17.511278,
        1.2031139,
        7.534981
      ],
      "faces": {
        "east": {
          "uv": [
            9.4375,
            4.3125,
            9.375,
            4.375
          ],
          "tintindex": 0,
          "rotation": 180,
          "texture": "#0"
        },
        "south": {
          "uv": [
            8.3125,
            3.9375,
            8.375,
            4.125
          ],
          "tintindex": 0,
          "rotation": 270,
          "texture": "#0"
        },
        "north": {
          "uv": [
            8.3125,
            4.4375,
            8.375,
            4.625
          ],
          "tintindex": 0,
          "rotation": 90,
          "texture": "#0"
        },
        "west": {
          "uv": [
            9.4375,
            4.25,
            9.375,
            4.1875
          ],
          "tintindex": 0,
          "rotation": 0,
          "texture": "#0"
        },
        "up": {
          "uv": [
            3.8125,
            8.3125,
            3.875,
            8.4875
          ],
          "tintindex": 0,
          "rotation": 270,
          "texture": "#0"
        },
        "down": {
          "uv": [
            8.3125,
            4.1875,
            8.375,
            4.375
          ],
          "tintindex": 0,
          "rotation": 270,
          "texture": "#0"
        }
      },
      "rotation": {
        "origin": [
          15.997826,
          8.006522,
          7.04148
        ],
        "angle": -22.5,
        "axis": "z"
      }
    },
    {
      "from": [
        10.990828,
        5.30382,
        6.5479803
      ],
      "to": [
        12.982829,
        7.2958198,
        7.5399804
      ],
      "faces": {
        "east": {
          "uv": [
            2.875,
            8.875,
            2.8125,
            9
          ],
          "tintindex": 0,
          "rotation": 180,
          "texture": "#0"
        },
        "south": {
          "uv": [
            0.5625,
            7.5625,
            0.6875,
            7.6875
          ],
          "tintindex": 0,
          "rotation": 270,
          "texture": "#0"
        },
        "north": {
          "uv": [
            7.5625,
            1.25,
            7.6875,
            1.375
          ],
          "tintindex": 0,
          "rotation": 90,
          "texture": "#0"
        },
        "west": {
          "uv": [
            2.75,
            9,
            2.6875,
            8.875
          ],
          "tintindex": 0,
          "rotation": 0,
          "texture": "#0"
        },
        "up": {
          "uv": [
            2.125,
            8.875,
            2.1875,
            9
          ],
          "tintindex": 0,
          "rotation": 270,
          "texture": "#0"
        },
        "down": {
          "uv": [
            2.5625,
            8.875,
            2.625,
            9
          ],
          "tintindex": 0,
          "rotation": 270,
          "texture": "#0"
        }
      },
      "rotation": {
        "origin": [
          15.997826,
          8.006522,
          7.04148
        ],
        "angle": 45,
        "axis": "z"
      }
    },
    {
      "from": [
        16.181992,
        5.715814,
        6.69698
      ],
      "to": [
        16.883097,
        6.416921,
        7.3909802
      ],
      "faces": {
        "east": {
          "uv": [
            9.375,
            1.625,
            9.41875,
            1.6691942
          ],
          "tintindex": 0,
          "rotation": 0,
          "texture": "#0"
        },
        "south": {
          "uv": [
            9.375,
            1.75,
            9.4375,
            1.8125
          ],
          "tintindex": 0,
          "rotation": 0,
          "texture": "#0"
        },
        "north": {
          "uv": [
            9.375,
            2.25,
            9.4375,
            2.3125
          ],
          "tintindex": 0,
          "rotation": 0,
          "texture": "#0"
        },
        "west": {
          "uv": [
            9.375,
            1.875,
            9.4375,
            1.9375
          ],
          "tintindex": 0,
          "rotation": 0,
          "texture": "#0"
        },
        "up": {
          "uv": [
            9.4375,
            2.8125,
            9.375,
            2.75
          ],
          "tintindex": 0,
          "rotation": 90,
          "texture": "#0"
        },
        "down": {
          "uv": [
            9.4375,
            2.875,
            9.375,
            2.9375
          ],
          "tintindex": 0,
          "rotation": 270,
          "texture": "#0"
        }
      },
      "rotation": {
        "origin": [
          15.997826,
          8.006522,
          7.04148
        ],
        "angle": 45,
        "axis": "z"
      }
    },
    {
      "from": [
        11.7263,
        3.7349966,
        6.3439803
      ],
      "to": [
        14.1263,
        6.1349964,
        7.7439804
      ],
      "faces": {
        "east": {
          "uv": [
            2.0625,
            8.875,
            2,
            9
          ],
          "tintindex": 0,
          "rotation": 180,
          "texture": "#0"
        },
        "south": {
          "uv": [
            7.5,
            6.1875,
            7.625,
            6.3125
          ],
          "tintindex": 0,
          "rotation": 270,
          "texture": "#0"
        },
        "north": {
          "uv": [
            6.8125,
            7.5,
            6.9375,
            7.625
          ],
          "tintindex": 0,
          "rotation": 90,
          "texture": "#0"
        },
        "west": {
          "uv": [
            8.9375,
            2.0625,
            8.875,
            1.9375
          ],
          "tintindex": 0,
          "rotation": 0,
          "texture": "#0"
        },
        "up": {
          "uv": [
            1.75,
            8.875,
            1.8125,
            9
          ],
          "tintindex": 0,
          "rotation": 270,
          "texture": "#0"
        },
        "down": {
          "uv": [
            8.875,
            1.75,
            8.9375,
            1.875
          ],
          "tintindex": 0,
          "rotation": 270,
          "texture": "#0"
        }
      },
      "rotation": {
        "origin": [
          15.997826,
          8.006522,
          7.04148
        ],
        "angle": 45,
        "axis": "z"
      }
    },
    {
      "from": [
        20.397854,
        -5.9015613,
        6.69398
      ],
      "to": [
        21.097855,
        -4.2015615,
        7.3939805
      ],
      "faces": {
        "east": {
          "uv": [
            0.375,
            8.875,
            0.3125,
            9
          ],
          "tintindex": 0,
          "rotation": 180,
          "texture": "#0"
        },
        "south": {
          "uv": [
            0,
            8.875,
            0.125,
            8.9375
          ],
          "tintindex": 0,
          "rotation": 270,
          "texture": "#0"
        },
        "north": {
          "uv": [
            8.875,
            0,
            9,
            0.0625
          ],
          "tintindex": 0,
          "rotation": 90,
          "texture": "#0"
        },
        "west": {
          "uv": [
            0.25,
            9,
            0.1875,
            8.875
          ],
          "tintindex": 0,
          "rotation": 0,
          "texture": "#0"
        },
        "up": {
          "uv": [
            9.3125,
            0.5,
            9.375,
            0.5625
          ],
          "tintindex": 0,
          "rotation": 270,
          "texture": "#0"
        },
        "down": {
          "uv": [
            0.875,
            9.3125,
            0.9375,
            9.375
          ],
          "tintindex": 0,
          "rotation": 270,
          "texture": "#0"
        }
      },
      "rotation": {
        "origin": [
          15.997826,
          8.006522,
          7.04148
        ],
        "angle": -22.5,
        "axis": "z"
      }
    },
    {
      "from": [
        13.747826,
        4.0127296,
        6.69398
      ],
      "to": [
        14.747826,
        7.0127296,
        7.39398
      ],
      "faces": {
        "east": {
          "uv": [
            7.5,
            8.25,
            7.4375,
            8.4375
          ],
          "tintindex": 0,
          "rotation": 180,
          "texture": "#0"
        },
        "south": {
          "uv": [
            6.5,
            8.25,
            6.6875,
            8.3125
          ],
          "tintindex": 0,
          "rotation": 270,
          "texture": "#0"
        },
        "north": {
          "uv": [
            6.75,
            8.25,
            6.9375,
            8.3125
          ],
          "tintindex": 0,
          "rotation": 90,
          "texture": "#0"
        },
        "west": {
          "uv": [
            7.25,
            8.4375,
            7.1875,
            8.25
          ],
          "tintindex": 0,
          "rotation": 0,
          "texture": "#0"
        },
        "up": {
          "uv": [
            9.375,
            1.125,
            9.41875,
            1.1875
          ],
          "tintindex": 0,
          "rotation": 270,
          "texture": "#0"
        },
        "down": {
          "uv": [
            9.375,
            1.25,
            9.4375,
            1.3125
          ],
          "tintindex": 0,
          "rotation": 270,
          "texture": "#0"
        }
      }
    },
    {
      "from": [
        22.122217,
        19.301235,
        6.85748
      ],
      "to": [
        23.110216,
        23.289234,
        7.2204795
      ],
      "faces": {
        "east": {
          "uv": [
            1,
            7.5625,
            0.9375,
            7.8125
          ],
          "tintindex": 0,
          "rotation": 180,
          "texture": "#0"
        },
        "south": {
          "uv": [
            7.5,
            1.625,
            7.75,
            1.6875
          ],
          "tintindex": 0,
          "rotation": 270,
          "texture": "#0"
        },
        "north": {
          "uv": [
            7.5,
            3.625,
            7.75,
            3.6875
          ],
          "tintindex": 0,
          "rotation": 90,
          "texture": "#0"
        },
        "west": {
          "uv": [
            4.6875,
            7.75,
            4.625,
            7.5
          ],
          "tintindex": 0,
          "rotation": 0,
          "texture": "#0"
        },
        "up": {
          "uv": [
            6.9375,
            9.3125,
            6.9609375,
            9.375
          ],
          "tintindex": 0,
          "rotation": 270,
          "texture": "#0"
        },
        "down": {
          "uv": [
            7.375,
            9.3125,
            7.4375,
            9.375
          ],
          "tintindex": 0,
          "rotation": 270,
          "texture": "#0"
        }
      },
      "rotation": {
        "origin": [
          15.997826,
          8.006522,
          7.04148
        ],
        "angle": 22.5,
        "axis": "z"
      }
    },
    {
      "from": [
        9.078249,
        -5.901208,
        6.54398
      ],
      "to": [
        10.078249,
        -4.901208,
        7.5439806
      ],
      "faces": {
        "east": {
          "uv": [
            1.5625,
            9.3125,
            1.5,
            9.375
          ],
          "tintindex": 0,
          "rotation": 180,
          "texture": "#0"
        },
        "south": {
          "uv": [
            1.125,
            9.3125,
            1.1875,
            9.375
          ],
          "tintindex": 0,
          "rotation": 270,
          "texture": "#0"
        },
        "north": {
          "uv": [
            1.375,
            9.3125,
            1.4375,
            9.375
          ],
          "tintindex": 0,
          "rotation": 90,
          "texture": "#0"
        },
        "west": {
          "uv": [
            9.375,
            1.4375,
            9.3125,
            1.375
          ],
          "tintindex": 0,
          "rotation": 0,
          "texture": "#0"
        },
        "up": {
          "uv": [
            1,
            9.3125,
            1.0625,
            9.375
          ],
          "tintindex": 0,
          "rotation": 270,
          "texture": "#0"
        },
        "down": {
          "uv": [
            1.25,
            9.3125,
            1.3125,
            9.375
          ],
          "tintindex": 0,
          "rotation": 270,
          "texture": "#0"
        }
      },
      "rotation": {
        "origin": [
          15.997826,
          8.006522,
          7.04148
        ],
        "angle": 22.5,
        "axis": "z"
      }
    },
    {
      "from": [
        15.645825,
        -9.689271,
        6.6919804
      ],
      "to": [
        16.349825,
        -7.9852705,
        7.395981
      ],
      "faces": {
        "east": {
          "uv": [
            8.875,
            7.6875,
            8.8125,
            7.8125
          ],
          "tintindex": 0,
          "rotation": 180,
          "texture": "#0"
        },
        "south": {
          "uv": [
            8.8125,
            7,
            8.9375,
            7.0625
          ],
          "tintindex": 0,
          "rotation": 270,
          "texture": "#0"
        },
        "north": {
          "uv": [
            7.25,
            8.8125,
            7.375,
            8.875
          ],
          "tintindex": 0,
          "rotation": 90,
          "texture": "#0"
        },
        "west": {
          "uv": [
            8.875,
            7.625,
            8.8125,
            7.5
          ],
          "tintindex": 0,
          "rotation": 0,
          "texture": "#0"
        },
        "up": {
          "uv": [
            9.25,
            8.5,
            9.3125,
            8.5625
          ],
          "tintindex": 0,
          "rotation": 270,
          "texture": "#0"
        },
        "down": {
          "uv": [
            9.25,
            8.625,
            9.3125,
            8.6875
          ],
          "tintindex": 0,
          "rotation": 270,
          "texture": "#0"
        }
      }
    },
    {
      "from": [
        14.747826,
        4.1627293,
        6.85648
      ],
      "to": [
        15.747826,
        7.1627293,
        7.2314806
      ],
      "faces": {
        "east": {
          "uv": [
            8.3125,
            2.25,
            8.25,
            2.4375
          ],
          "tintindex": 0,
          "rotation": 180,
          "texture": "#0"
        },
        "south": {
          "uv": [
            8.1875,
            6.25,
            8.375,
            6.3125
          ],
          "tintindex": 0,
          "rotation": 270,
          "texture": "#0"
        },
        "north": {
          "uv": [
            8.1875,
            7,
            8.375,
            7.0625
          ],
          "tintindex": 0,
          "rotation": 90,
          "texture": "#0"
        },
        "west": {
          "uv": [
            2.0625,
            8.4375,
            2,
            8.25
          ],
          "tintindex": 0,
          "rotation": 0,
          "texture": "#0"
        },
        "up": {
          "uv": [
            9.3125,
            6.3125,
            9.3359375,
            6.375
          ],
          "tintindex": 0,
          "rotation": 270,
          "texture": "#0"
        },
        "down": {
          "uv": [
            9.3125,
            6.8125,
            9.375,
            6.875
          ],
          "tintindex": 0,
          "rotation": 270,
          "texture": "#0"
        }
      }
    },
    {
      "from": [
        12.0763,
        4.0849967,
        6.19398
      ],
      "to": [
        13.7763,
        5.7849965,
        7.8939805
      ],
      "faces": {
        "east": {
          "uv": [
            0.5,
            7.5625,
            0.375,
            7.6875
          ],
          "tintindex": 0,
          "rotation": 180,
          "texture": "#0"
        },
        "south": {
          "uv": [
            7.5,
            7.3125,
            7.625,
            7.4375
          ],
          "tintindex": 0,
          "rotation": 270,
          "texture": "#0"
        },
        "north": {
          "uv": [
            0,
            7.5625,
            0.125,
            7.6875
          ],
          "tintindex": 0,
          "rotation": 90,
          "texture": "#0"
        },
        "west": {
          "uv": [
            0.3125,
            7.6875,
            0.1875,
            7.5625
          ],
          "tintindex": 0,
          "rotation": 0,
          "texture": "#0"
        },
        "up": {
          "uv": [
            7.25,
            7.5,
            7.375,
            7.625
          ],
          "tintindex": 0,
          "rotation": 270,
          "texture": "#0"
        },
        "down": {
          "uv": [
            7.4375,
            7.5,
            7.5625,
            7.625
          ],
          "tintindex": 0,
          "rotation": 270,
          "texture": "#0"
        }
      },
      "rotation": {
        "origin": [
          15.997826,
          8.006522,
          7.04148
        ],
        "angle": 45,
        "axis": "z"
      }
    },
    {
      "from": [
        14.747826,
        7.1627293,
        6.85648
      ],
      "to": [
        15.497826,
        17.162727,
        7.2314806
      ],
      "faces": {
        "east": {
          "uv": [
            1.75,
            5,
            1.6875,
            5.625
          ],
          "tintindex": 0,
          "rotation": 180,
          "texture": "#0"
        },
        "south": {
          "uv": [
            4.9375,
            3.75,
            5.5625,
            3.8125
          ],
          "tintindex": 0,
          "rotation": 270,
          "texture": "#0"
        },
        "north": {
          "uv": [
            5,
            1,
            5.625,
            1.0625
          ],
          "tintindex": 0,
          "rotation": 90,
          "texture": "#0"
        },
        "west": {
          "uv": [
            4.8125,
            5.5625,
            4.75,
            4.9375
          ],
          "tintindex": 0,
          "rotation": 0,
          "texture": "#0"
        },
        "up": {
          "uv": [
            3.3125,
            9.3125,
            3.3359375,
            9.359375
          ],
          "tintindex": 0,
          "rotation": 270,
          "texture": "#0"
        },
        "down": {
          "uv": [
            9.3125,
            3.375,
            9.375,
            3.4375
          ],
          "tintindex": 0,
          "rotation": 270,
          "texture": "#0"
        }
      }
    },
    {
      "from": [
        22.166357,
        -7.2514157,
        6.69398
      ],
      "to": [
        22.866358,
        -5.551416,
        7.3939805
      ],
      "faces": {
        "east": {
          "uv": [
            8.875,
            8.8125,
            8.8125,
            8.9375
          ],
          "tintindex": 0,
          "rotation": 180,
          "texture": "#0"
        },
        "south": {
          "uv": [
            8.8125,
            8,
            8.9375,
            8.0625
          ],
          "tintindex": 0,
          "rotation": 270,
          "texture": "#0"
        },
        "north": {
          "uv": [
            8.8125,
            8.5,
            8.9375,
            8.5625
          ],
          "tintindex": 0,
          "rotation": 90,
          "texture": "#0"
        },
        "west": {
          "uv": [
            8.875,
            8.75,
            8.8125,
            8.625
          ],
          "tintindex": 0,
          "rotation": 0,
          "texture": "#0"
        },
        "up": {
          "uv": [
            9.3125,
            0.375,
            9.375,
            0.4375
          ],
          "tintindex": 0,
          "rotation": 270,
          "texture": "#0"
        },
        "down": {
          "uv": [
            0.5,
            9.3125,
            0.5625,
            9.375
          ],
          "tintindex": 0,
          "rotation": 270,
          "texture": "#0"
        }
      },
      "rotation": {
        "origin": [
          15.997826,
          8.006522,
          7.04148
        ],
        "angle": -22.5,
        "axis": "z"
      }
    },
    {
      "from": [
        23.893562,
        15.902258,
        6.81898
      ],
      "to": [
        25.293562,
        17.302258,
        7.26898
      ],
      "faces": {
        "east": {
          "uv": [
            9.0625,
            1.1875,
            9,
            1.3125
          ],
          "tintindex": 0,
          "rotation": 180,
          "texture": "#0"
        },
        "south": {
          "uv": [
            3.6875,
            7.9375,
            3.8125,
            8.0625
          ],
          "tintindex": 0,
          "rotation": 270,
          "texture": "#0"
        },
        "north": {
          "uv": [
            7.9375,
            7.125,
            8.0625,
            7.25
          ],
          "tintindex": 0,
          "rotation": 90,
          "texture": "#0"
        },
        "west": {
          "uv": [
            1.125,
            9.125,
            1.0625,
            9
          ],
          "tintindex": 0,
          "rotation": 0,
          "texture": "#0"
        },
        "up": {
          "uv": [
            9,
            0.8125,
            9.065625,
            0.9375
          ],
          "tintindex": 0,
          "rotation": 270,
          "texture": "#0"
        },
        "down": {
          "uv": [
            9,
            1,
            9.0625,
            1.125
          ],
          "tintindex": 0,
          "rotation": 270,
          "texture": "#0"
        }
      },
      "rotation": {
        "origin": [
          15.997826,
          8.006522,
          7.04148
        ],
        "angle": 45,
        "axis": "z"
      }
    },
    {
      "from": [
        12.978867,
        16.565424,
        6.86048
      ],
      "to": [
        13.720867,
        19.307425,
        7.2274795
      ],
      "faces": {
        "east": {
          "uv": [
            8.3125,
            2.75,
            8.25,
            2.9375
          ],
          "tintindex": 0,
          "rotation": 180,
          "texture": "#0"
        },
        "south": {
          "uv": [
            8.1875,
            7.25,
            8.375,
            7.3125
          ],
          "tintindex": 0,
          "rotation": 270,
          "texture": "#0"
        },
        "north": {
          "uv": [
            8.25,
            0,
            8.4375,
            0.0625
          ],
          "tintindex": 0,
          "rotation": 90,
          "texture": "#0"
        },
        "west": {
          "uv": [
            8.3125,
            2.6875,
            8.25,
            2.5
          ],
          "tintindex": 0,
          "rotation": 0,
          "texture": "#0"
        },
        "up": {
          "uv": [
            7.5,
            9.3125,
            7.5234375,
            9.359375
          ],
          "tintindex": 0,
          "rotation": 270,
          "texture": "#0"
        },
        "down": {
          "uv": [
            7.625,
            9.3125,
            7.6875,
            9.375
          ],
          "tintindex": 0,
          "rotation": 270,
          "texture": "#0"
        }
      },
      "rotation": {
        "origin": [
          15.997826,
          8.006522,
          7.04148
        ],
        "angle": -22.5,
        "axis": "z"
      }
    },
    {
      "from": [
        12.231012,
        2.1096563,
        6.54398
      ],
      "to": [
        15.231012,
        3.1096563,
        7.5439806
      ],
      "faces": {
        "east": {
          "uv": [
            4.75,
            9.3125,
            4.6875,
            9.375
          ],
          "tintindex": 0,
          "rotation": 180,
          "texture": "#0"
        },
        "south": {
          "uv": [
            7.3125,
            8.1875,
            7.375,
            8.375
          ],
          "tintindex": 0,
          "rotation": 270,
          "texture": "#0"
        },
        "north": {
          "uv": [
            8.1875,
            8.1875,
            8.25,
            8.375
          ],
          "tintindex": 0,
          "rotation": 90,
          "texture": "#0"
        },
        "west": {
          "uv": [
            4.625,
            9.375,
            4.5625,
            9.3125
          ],
          "tintindex": 0,
          "rotation": 0,
          "texture": "#0"
        },
        "up": {
          "uv": [
            8.1875,
            6.75,
            8.25,
            6.9375
          ],
          "tintindex": 0,
          "rotation": 270,
          "texture": "#0"
        },
        "down": {
          "uv": [
            8.1875,
            7.9375,
            8.25,
            8.125
          ],
          "tintindex": 0,
          "rotation": 270,
          "texture": "#0"
        }
      },
      "rotation": {
        "origin": [
          15.997826,
          8.006522,
          7.04148
        ],
        "angle": -22.5,
        "axis": "z"
      }
    },
    {
      "from": [
        13.983875,
        6.216876,
        6.8614798
      ],
      "to": [
        14.973875,
        9.006876,
        7.2264795
      ],
      "faces": {
        "east": {
          "uv": [
            8.25,
            5.75,
            8.1875,
            5.9375
          ],
          "tintindex": 0,
          "rotation": 180,
          "texture": "#0"
        },
        "south": {
          "uv": [
            8.1875,
            3.3125,
            8.375,
            3.375
          ],
          "tintindex": 0,
          "rotation": 270,
          "texture": "#0"
        },
        "north": {
          "uv": [
            8.1875,
            5.625,
            8.375,
            5.6875
          ],
          "tintindex": 0,
          "rotation": 90,
          "texture": "#0"
        },
        "west": {
          "uv": [
            5.6875,
            8.375,
            5.625,
            8.1875
          ],
          "tintindex": 0,
          "rotation": 0,
          "texture": "#0"
        },
        "up": {
          "uv": [
            3.6875,
            9.3125,
            3.7109375,
            9.375
          ],
          "tintindex": 0,
          "rotation": 270,
          "texture": "#0"
        },
        "down": {
          "uv": [
            3.8125,
            9.3125,
            3.875,
            9.375
          ],
          "tintindex": 0,
          "rotation": 270,
          "texture": "#0"
        }
      },
      "rotation": {
        "origin": [
          15.997826,
          8.006522,
          7.04148
        ],
        "angle": 22.5,
        "axis": "z"
      }
    },
    {
      "from": [
        5.9325294,
        -2.0587745,
        6.39398
      ],
      "to": [
        7.7325296,
        -0.25877342,
        7.6939807
      ],
      "faces": {
        "east": {
          "uv": [
            3.375,
            7.5,
            3.25,
            7.625
          ],
          "tintindex": 0,
          "rotation": 180,
          "texture": "#0"
        },
        "south": {
          "uv": [
            1.9375,
            7.5,
            2.0625,
            7.625
          ],
          "tintindex": 0,
          "rotation": 270,
          "texture": "#0"
        },
        "north": {
          "uv": [
            2.875,
            7.5,
            3,
            7.625
          ],
          "tintindex": 0,
          "rotation": 90,
          "texture": "#0"
        },
        "west": {
          "uv": [
            3.1875,
            7.625,
            3.0625,
            7.5
          ],
          "tintindex": 0,
          "rotation": 0,
          "texture": "#0"
        },
        "up": {
          "uv": [
            7.5,
            0.5,
            7.59375,
            0.625
          ],
          "tintindex": 0,
          "rotation": 270,
          "texture": "#0"
        },
        "down": {
          "uv": [
            2.125,
            7.5,
            2.25,
            7.625
          ],
          "tintindex": 0,
          "rotation": 270,
          "texture": "#0"
        }
      },
      "rotation": {
        "origin": [
          15.997826,
          8.006522,
          7.04148
        ],
        "angle": 45,
        "axis": "z"
      }
    },
    {
      "from": [
        18.080055,
        1.3288107,
        6.54998
      ],
      "to": [
        21.068054,
        2.316811,
        7.5379806
      ],
      "faces": {
        "east": {
          "uv": [
            9.4375,
            3.625,
            9.375,
            3.6875
          ],
          "tintindex": 0,
          "rotation": 180,
          "texture": "#0"
        },
        "south": {
          "uv": [
            0.5,
            8.3125,
            0.5625,
            8.5
          ],
          "tintindex": 0,
          "rotation": 270,
          "texture": "#0"
        },
        "north": {
          "uv": [
            8.3125,
            1.8125,
            8.375,
            2
          ],
          "tintindex": 0,
          "rotation": 90,
          "texture": "#0"
        },
        "west": {
          "uv": [
            9.4375,
            3.5625,
            9.375,
            3.5
          ],
          "tintindex": 0,
          "rotation": 0,
          "texture": "#0"
        },
        "up": {
          "uv": [
            0.375,
            8.3125,
            0.4375,
            8.5
          ],
          "tintindex": 0,
          "rotation": 270,
          "texture": "#0"
        },
        "down": {
          "uv": [
            1.375,
            8.3125,
            1.4375,
            8.5
          ],
          "tintindex": 0,
          "rotation": 270,
          "texture": "#0"
        }
      }
    },
    {
      "from": [
        8.883434,
        19.299234,
        6.85548
      ],
      "to": [
        9.875435,
        23.291235,
        7.2224793
      ],
      "faces": {
        "east": {
          "uv": [
            4.375,
            7.5,
            4.3125,
            7.75
          ],
          "tintindex": 0,
          "rotation": 180,
          "texture": "#0"
        },
        "south": {
          "uv": [
            7.4375,
            7.0625,
            7.6875,
            7.125
          ],
          "tintindex": 0,
          "rotation": 270,
          "texture": "#0"
        },
        "north": {
          "uv": [
            7.5,
            0.1875,
            7.75,
            0.25
          ],
          "tintindex": 0,
          "rotation": 90,
          "texture": "#0"
        },
        "west": {
          "uv": [
            4.25,
            7.75,
            4.1875,
            7.5
          ],
          "tintindex": 0,
          "rotation": 0,
          "texture": "#0"
        },
        "up": {
          "uv": [
            9.3125,
            2.625,
            9.3359375,
            2.6875
          ],
          "tintindex": 0,
          "rotation": 270,
          "texture": "#0"
        },
        "down": {
          "uv": [
            2.75,
            9.3125,
            2.8125,
            9.375
          ],
          "tintindex": 0,
          "rotation": 270,
          "texture": "#0"
        }
      },
      "rotation": {
        "origin": [
          15.997826,
          8.006522,
          7.04148
        ],
        "angle": -22.5,
        "axis": "z"
      }
    },
    {
      "from": [
        16.497826,
        7.1627293,
        6.85648
      ],
      "to": [
        17.247826,
        17.162727,
        7.2314806
      ],
      "faces": {
        "east": {
          "uv": [
            2.4375,
            5,
            2.375,
            5.625
          ],
          "tintindex": 0,
          "rotation": 180,
          "texture": "#0"
        },
        "south": {
          "uv": [
            5,
            3,
            5.625,
            3.0625
          ],
          "tintindex": 0,
          "rotation": 270,
          "texture": "#0"
        },
        "north": {
          "uv": [
            5,
            3.3125,
            5.625,
            3.375
          ],
          "tintindex": 0,
          "rotation": 90,
          "texture": "#0"
        },
        "west": {
          "uv": [
            1.875,
            5.625,
            1.8125,
            5
          ],
          "tintindex": 0,
          "rotation": 0,
          "texture": "#0"
        },
        "up": {
          "uv": [
            8,
            9.3125,
            8.0234375,
            9.359375
          ],
          "tintindex": 0,
          "rotation": 270,
          "texture": "#0"
        },
        "down": {
          "uv": [
            9.3125,
            8.125,
            9.375,
            8.1875
          ],
          "tintindex": 0,
          "rotation": 270,
          "texture": "#0"
        }
      }
    },
    {
      "from": [
        16.247826,
        4.1627293,
        6.85648
      ],
      "to": [
        17.247826,
        7.1627293,
        7.2314806
      ],
      "faces": {
        "east": {
          "uv": [
            8.3125,
            3.6875,
            8.25,
            3.875
          ],
          "tintindex": 0,
          "rotation": 180,
          "texture": "#0"
        },
        "south": {
          "uv": [
            8.25,
            1.375,
            8.4375,
            1.4375
          ],
          "tintindex": 0,
          "rotation": 270,
          "texture": "#0"
        },
        "north": {
          "uv": [
            8.25,
            1.6875,
            8.4375,
            1.75
          ],
          "tintindex": 0,
          "rotation": 90,
          "texture": "#0"
        },
        "west": {
          "uv": [
            8.3125,
            3.1875,
            8.25,
            3
          ],
          "tintindex": 0,
          "rotation": 0,
          "texture": "#0"
        },
        "up": {
          "uv": [
            7.75,
            9.3125,
            7.7734375,
            9.375
          ],
          "tintindex": 0,
          "rotation": 270,
          "texture": "#0"
        },
        "down": {
          "uv": [
            7.875,
            9.3125,
            7.9375,
            9.375
          ],
          "tintindex": 0,
          "rotation": 270,
          "texture": "#0"
        }
      }
    },
    {
      "from": [
        14.490826,
        1.1557293,
        6.53698
      ],
      "to": [
        17.504826,
        3.1697292,
        7.5509806
      ],
      "faces": {
        "east": {
          "uv": [
            1.4375,
            8.875,
            1.375,
            9
          ],
          "tintindex": 0,
          "rotation": 180,
          "texture": "#0"
        },
        "south": {
          "uv": [
            6.625,
            4.75,
            6.75,
            4.9375
          ],
          "tintindex": 0,
          "rotation": 270,
          "texture": "#0"
        },
        "north": {
          "uv": [
            6.625,
            5.375,
            6.75,
            5.5625
          ],
          "tintindex": 0,
          "rotation": 90,
          "texture": "#0"
        },
        "west": {
          "uv": [
            1.3125,
            9,
            1.25,
            8.875
          ],
          "tintindex": 0,
          "rotation": 0,
          "texture": "#0"
        },
        "up": {
          "uv": [
            8.1875,
            6,
            8.25,
            6.1875
          ],
          "tintindex": 0,
          "rotation": 270,
          "texture": "#0"
        },
        "down": {
          "uv": [
            8.1875,
            6.5,
            8.25,
            6.6875
          ],
          "tintindex": 0,
          "rotation": 270,
          "texture": "#0"
        }
      }
    },
    {
      "from": [
        14.070952,
        1.3452027,
        6.5479803
      ],
      "to": [
        16.762953,
        2.3372028,
        7.5399804
      ],
      "faces": {
        "east": {
          "uv": [
            9.375,
            6.0625,
            9.3125,
            6.125
          ],
          "tintindex": 0,
          "rotation": 180,
          "texture": "#0"
        },
        "south": {
          "uv": [
            1.5,
            8.25,
            1.5625,
            8.4375
          ],
          "tintindex": 0,
          "rotation": 270,
          "texture": "#0"
        },
        "north": {
          "uv": [
            1.75,
            8.25,
            1.8125,
            8.4375
          ],
          "tintindex": 0,
          "rotation": 90,
          "texture": "#0"
        },
        "west": {
          "uv": [
            6,
            9.375,
            5.9375,
            9.3125
          ],
          "tintindex": 0,
          "rotation": 0,
          "texture": "#0"
        },
        "up": {
          "uv": [
            1.25,
            8.25,
            1.3125,
            8.41875
          ],
          "tintindex": 0,
          "rotation": 270,
          "texture": "#0"
        },
        "down": {
          "uv": [
            1.625,
            8.25,
            1.6875,
            8.4375
          ],
          "tintindex": 0,
          "rotation": 270,
          "texture": "#0"
        }
      },
      "rotation": {
        "origin": [
          15.997826,
          8.006522,
          7.04148
        ],
        "angle": 45,
        "axis": "z"
      }
    }
  ],
  "display": {
    "gui": {
      "rotation": [
        30,
        225,
        0
      ]
    }
  }
}