{
	"credit": "Made with Blockbench",
	"textures": {
		"1": "custom/elitecreatures/amethyst_weapons/staff_amethyst_effect",
		"3": "custom/elitecreatures/amethyst_weapons/staff_amethyst",
		"particle": "custom/elitecreatures/amethyst_weapons/staff_amethyst_effect"
	},
	"elements": [
		{
			"from": [7, -4, 7.25],
			"to": [9, 14, 8.75],
			"rotation": {"angle": 0, "axis": "y", "origin": [8, 13.69573, 8]},
			"faces": {
				"north": {"uv": [0, 0, 1, 9], "texture": "#3"},
				"east": {"uv": [5, 0, 5.75, 9], "texture": "#3"},
				"south": {"uv": [1, 0, 2, 9], "texture": "#3"},
				"west": {"uv": [6, 0, 6.75, 9], "texture": "#3"},
				"up": {"uv": [6, 12.75, 5, 12], "texture": "#3"},
				"down": {"uv": [13, 5, 12, 5.75], "texture": "#3"}
			}
		},
		{
			"from": [7, 16, 7],
			"to": [9.5, 24, 9.5],
			"rotation": {"angle": 0, "axis": "y", "origin": [8, 20, 8]},
			"faces": {
				"north": {"uv": [2, 6, 3.25, 10], "texture": "#3"},
				"east": {"uv": [3.5, 6, 4.75, 10], "texture": "#3"},
				"south": {"uv": [7, 0, 8.25, 4], "texture": "#3"},
				"west": {"uv": [7, 4, 8.25, 8], "texture": "#3"},
				"up": {"uv": [4.75, 11.25, 3.5, 10], "texture": "#3"},
				"down": {"uv": [11.25, 6.5, 10, 7.75], "texture": "#3"}
			}
		},
		{
			"from": [6, 16, 6],
			"to": [8, 21, 8],
			"rotation": {"angle": 22.5, "axis": "y", "origin": [7, 18.5, 7]},
			"faces": {
				"north": {"uv": [8.5, 2, 9.5, 4.5], "texture": "#3"},
				"east": {"uv": [8.5, 4.5, 9.5, 7], "texture": "#3"},
				"south": {"uv": [0, 9, 1, 11.5], "texture": "#3"},
				"west": {"uv": [1, 9, 2, 11.5], "texture": "#3"},
				"up": {"uv": [3, 12.5, 2, 11.5], "texture": "#3"},
				"down": {"uv": [12.5, 2, 11.5, 3], "texture": "#3"}
			}
		},
		{
			"from": [8.75, 16, 6.5],
			"to": [10.25, 19.5, 8],
			"rotation": {"angle": -22.5, "axis": "y", "origin": [9.5, 17.75, 7.25]},
			"faces": {
				"north": {"uv": [11, 9.5, 11.75, 11.25], "texture": "#3"},
				"east": {"uv": [0, 11.5, 0.75, 13.25], "texture": "#3"},
				"south": {"uv": [11.5, 0, 12.25, 1.75], "texture": "#3"},
				"west": {"uv": [1, 11.5, 1.75, 13.25], "texture": "#3"},
				"up": {"uv": [9.25, 13.25, 8.5, 12.5], "texture": "#3"},
				"down": {"uv": [10.25, 12.5, 9.5, 13.25], "texture": "#3"}
			}
		},
		{
			"from": [8.25, 16, 8.75],
			"to": [9.75, 22, 10.25],
			"rotation": {"angle": 45, "axis": "y", "origin": [9, 19, 9.5]},
			"faces": {
				"north": {"uv": [5, 9, 5.75, 12], "texture": "#3"},
				"east": {"uv": [6, 9, 6.75, 12], "texture": "#3"},
				"south": {"uv": [9, 7, 9.75, 10], "texture": "#3"},
				"west": {"uv": [9.5, 2, 10.25, 5], "texture": "#3"},
				"up": {"uv": [13.25, 11.25, 12.5, 10.5], "texture": "#3"},
				"down": {"uv": [13.25, 11.5, 12.5, 12.25], "texture": "#3"}
			}
		},
		{
			"from": [6.25, 16, 8.75],
			"to": [7.75, 18.5, 10.25],
			"rotation": {"angle": -22.5, "axis": "y", "origin": [7, 17.25, 9.75]},
			"faces": {
				"north": {"uv": [3, 11.5, 3.75, 12.75], "texture": "#3"},
				"east": {"uv": [4, 11.5, 4.75, 12.75], "texture": "#3"},
				"south": {"uv": [11.5, 6.5, 12.25, 7.75], "texture": "#3"},
				"west": {"uv": [11, 11.5, 11.75, 12.75], "texture": "#3"},
				"up": {"uv": [13.25, 13.25, 12.5, 12.5], "texture": "#3"},
				"down": {"uv": [13.75, 0, 13, 0.75], "texture": "#3"}
			}
		},
		{
			"from": [6.25, 14, 6.25],
			"to": [9.75, 15, 9.75],
			"rotation": {"angle": 0, "axis": "y", "origin": [8, 13.69573, 8]},
			"faces": {
				"north": {"uv": [11.5, 3, 13.25, 3.5], "texture": "#3"},
				"east": {"uv": [11.5, 3.5, 13.25, 4], "texture": "#3"},
				"south": {"uv": [12, 4, 13.75, 4.5], "texture": "#3"},
				"west": {"uv": [12, 4.5, 13.75, 5], "texture": "#3"},
				"up": {"uv": [8.75, 9.75, 7, 8], "texture": "#3"},
				"down": {"uv": [10.25, 0, 8.5, 1.75], "texture": "#3"}
			}
		},
		{
			"from": [5.25, 15, 5.25],
			"to": [10.75, 16, 10.75],
			"rotation": {"angle": 0, "axis": "y", "origin": [8, 13.69573, 8]},
			"faces": {
				"north": {"uv": [11, 6, 13.75, 6.5], "texture": "#3"},
				"east": {"uv": [11, 8, 13.75, 8.5], "texture": "#3"},
				"south": {"uv": [11, 8.5, 13.75, 9], "texture": "#3"},
				"west": {"uv": [11, 9, 13.75, 9.5], "texture": "#3"},
				"up": {"uv": [4.75, 2.75, 2, 0], "texture": "#3"},
				"down": {"uv": [4.75, 3, 2, 5.75], "texture": "#3"}
			}
		},
		{
			"from": [8.1, -6.5, 7.5],
			"to": [9.1, -5, 8.5],
			"rotation": {"angle": -22.5, "axis": "y", "origin": [8.6, -6, 8]},
			"faces": {
				"north": {"uv": [10.5, 12.5, 11, 13.25], "texture": "#3"},
				"east": {"uv": [5, 13, 5.5, 13.75], "texture": "#3"},
				"south": {"uv": [13, 5, 13.5, 5.75], "texture": "#3"},
				"west": {"uv": [5.5, 13, 6, 13.75], "texture": "#3"},
				"up": {"uv": [10, 7, 9.5, 6.5], "texture": "#3"},
				"down": {"uv": [13.5, 6.5, 13, 7], "texture": "#3"}
			}
		},
		{
			"from": [7.1, -7, 7.25],
			"to": [8.1, -5, 8.75],
			"rotation": {"angle": -45, "axis": "y", "origin": [7.6, -6, 8]},
			"faces": {
				"north": {"uv": [8.5, 7, 9, 8], "texture": "#3"},
				"east": {"uv": [6, 12, 6.75, 13], "texture": "#3"},
				"south": {"uv": [10.5, 4, 11, 5], "texture": "#3"},
				"west": {"uv": [7, 12, 7.75, 13], "texture": "#3"},
				"up": {"uv": [6.5, 13.75, 6, 13], "texture": "#3"},
				"down": {"uv": [7, 13, 6.5, 13.75], "texture": "#3"}
			}
		},
		{
			"from": [6.5, -5, 6.75],
			"to": [9.5, -4, 9.25],
			"rotation": {"angle": 0, "axis": "y", "origin": [8, 7.69573, 8]},
			"faces": {
				"north": {"uv": [8, 12, 9.5, 12.5], "texture": "#3"},
				"east": {"uv": [12, 9.5, 13.25, 10], "texture": "#3"},
				"south": {"uv": [9.5, 12, 11, 12.5], "texture": "#3"},
				"west": {"uv": [12, 10, 13.25, 10.5], "texture": "#3"},
				"up": {"uv": [11, 6.25, 9.5, 5], "texture": "#3"},
				"down": {"uv": [3.5, 10, 2, 11.25], "texture": "#3"}
			}
		},
		{
			"from": [6.17518, 7.86924, 7.35],
			"to": [7.42518, 11.86924, 8.6],
			"rotation": {"angle": 22.5, "axis": "z", "origin": [6.55018, 9.86924, 7.975]},
			"faces": {
				"north": {"uv": [10, 10, 10.75, 12], "texture": "#3"},
				"east": {"uv": [10.5, 0, 11.25, 2], "texture": "#3"},
				"south": {"uv": [10.5, 2, 11.25, 4], "texture": "#3"},
				"west": {"uv": [11, 4, 11.75, 6], "texture": "#3"},
				"up": {"uv": [3.75, 13.75, 3, 13], "texture": "#3"},
				"down": {"uv": [4.75, 13, 4, 13.75], "texture": "#3"}
			}
		},
		{
			"from": [9.29289, 7.46825, 7.7],
			"to": [10.29289, 9.96825, 8.7],
			"rotation": {"angle": 45, "axis": "z", "origin": [8, 5, 8]},
			"faces": {
				"north": {"uv": [2, 12.5, 2.5, 13.75], "texture": "#3"},
				"east": {"uv": [2.5, 12.5, 3, 13.75], "texture": "#3"},
				"south": {"uv": [12.5, 6.5, 13, 7.75], "texture": "#3"},
				"west": {"uv": [8, 12.5, 8.5, 13.75], "texture": "#3"},
				"up": {"uv": [8, 13.5, 7.5, 13], "texture": "#3"},
				"down": {"uv": [13.5, 7.5, 13, 8], "texture": "#3"}
			}
		},
		{
			"from": [9.56519, 0.45537, 7.35],
			"to": [10.81519, 4.45537, 8.6],
			"rotation": {"angle": -22.5, "axis": "z", "origin": [8, 5, 8]},
			"faces": {
				"north": {"uv": [7, 10, 7.75, 12], "texture": "#3"},
				"east": {"uv": [8, 10, 8.75, 12], "texture": "#3"},
				"south": {"uv": [10, 8, 10.75, 10], "texture": "#3"},
				"west": {"uv": [9, 10, 9.75, 12], "texture": "#3"},
				"up": {"uv": [13.75, 1.75, 13, 1], "texture": "#3"},
				"down": {"uv": [13.75, 2, 13, 2.75], "texture": "#3"}
			}
		},
		{
			"from": [11.61144, 1.69922, 7.7],
			"to": [12.61144, 4.19922, 8.7],
			"rotation": {"angle": -45, "axis": "z", "origin": [8, 5, 8]},
			"faces": {
				"north": {"uv": [12, 10.5, 12.5, 11.75], "texture": "#3"},
				"east": {"uv": [12, 12, 12.5, 13.25], "texture": "#3"},
				"south": {"uv": [12.5, 0, 13, 1.25], "texture": "#3"},
				"west": {"uv": [12.5, 1.5, 13, 2.75], "texture": "#3"},
				"up": {"uv": [7.5, 13.5, 7, 13], "texture": "#3"},
				"down": {"uv": [13.5, 7, 13, 7.5], "texture": "#3"}
			}
		},
		{
			"from": [5.25, 16, 5.249],
			"to": [10.75, 24, 5.249],
			"rotation": {"angle": 22.5, "axis": "y", "origin": [8, 13.69573, 7.999]},
			"faces": {
				"north": {"uv": [0, 0, 5.5, 8], "texture": "#1"},
				"east": {"uv": [0, 0, 0, 8], "texture": "#1"},
				"south": {"uv": [0.5, 15.5, 0, 16], "texture": "#1"},
				"west": {"uv": [0, 0, 0, 8], "texture": "#1"},
				"up": {"uv": [5.5, 0, 0, 0], "texture": "#1"},
				"down": {"uv": [5.5, 0, 0, 0], "texture": "#1"}
			}
		},
		{
			"from": [5.25, 16, 10.749],
			"to": [10.75, 24, 10.749],
			"rotation": {"angle": 22.5, "axis": "y", "origin": [8, 13.69573, 7.999]},
			"faces": {
				"north": {"uv": [0.5, 15.5, 0, 16], "texture": "#1"},
				"east": {"uv": [0, 0, 0, 8], "texture": "#1"},
				"south": {"uv": [5.5, 0, 11, 8], "texture": "#1"},
				"west": {"uv": [0, 0, 0, 8], "texture": "#1"},
				"up": {"uv": [5.5, 0, 0, 0], "rotation": 180, "texture": "#1"},
				"down": {"uv": [5.5, 0, 0, 0], "rotation": 180, "texture": "#1"}
			}
		}
	],
	"display": {
		"thirdperson_righthand": {
			"rotation": [0, 90, 0],
			"translation": [0, 2, 1.75]
		},
		"thirdperson_lefthand": {
			"rotation": [0, -90, 0],
			"translation": [0, 2, 1.75]
		},
		"firstperson_righthand": {
			"rotation": [0, 90, 0],
			"translation": [3.5, 6.25, 0],
			"scale": [0.68, 0.68, 0.68]
		},
		"firstperson_lefthand": {
			"rotation": [0, 90, 0],
			"translation": [3.5, 6.25, 0],
			"scale": [0.68, 0.68, 0.68]
		},
		"ground": {
			"rotation": [67.81, 22.57, 33.12]
		},
		"gui": {
			"rotation": [0, 0, -45],
			"translation": [-0.5, -0.5, -0.5],
			"scale": [0.6, 0.6, 0.61]
		},
		"fixed": {
			"translation": [0, 0, -3.5]
		}
	}
}