{
  "credit": "magic_store_official",
  "texture_size": [
    32,
    32
  ],
  "textures": {
    "0": "cosmetics:custom/cosmetics/astronaut/hat_astronaut_helmet",
    "particle": "cosmetics:custom/cosmetics/astronaut/hat_astronaut_helmet"
  },
  "elements": [
    {
      "from": [
        3,
        0,
        3
      ],
      "to": [
        13,
        10,
        13
      ],
      "faces": {
        "north": {
          "uv": [
            0,
            0,
            5,
            5
          ],
          "texture": "#0"
        },
        "east": {
          "uv": [
            0,
            5,
            5,
            10
          ],
          "texture": "#0"
        },
        "south": {
          "uv": [
            5,
            0,
            10,
            5
          ],
          "texture": "#0"
        },
        "west": {
          "uv": [
            5,
            5,
            0,
            10
          ],
          "texture": "#0"
        },
        "up": {
          "uv": [
            5,
            15,
            0,
            10
          ],
          "texture": "#0"
        },
        "down": {
          "uv": [
            15,
            0,
            10,
            5
          ],
          "texture": "#0"
        }
      }
    }
  ],
  "display": {
    "thirdperson_righthand": {
      "rotation": [
        24,
        0,
        0
      ],
      "translation": [
        0,
        3,
        1
      ],
      "scale": [
        0.6,
        0.6,
        0.6
      ]
    },
    "thirdperson_lefthand": {
      "rotation": [
        24,
        0,
        0
      ],
      "translation": [
        0,
        3,
        1
      ],
      "scale": [
        0.6,
        0.6,
        0.6
      ]
    },
    "firstperson_righthand": {
      "rotation": [
        0,
        20.75,
        0
      ],
      "translation": [
        3,
        4,
        0
      ],
      "scale": [
        0.7,
        0.7,
        0.7
      ]
    },
    "firstperson_lefthand": {
      "rotation": [
        0,
        20.75,
        0
      ],
      "translation": [
        3,
        4,
        0
      ],
      "scale": [
        0.7,
        0.7,
        0.7
      ]
    },
    "ground": {
      "scale": [
        0.5,
        0.5,
        0.5
      ]
    },
    "gui": {
      "rotation": [
        30,
        135,
        0
      ],
      "translation": [
        0,
        2,
        0
      ],
      "scale": [
        0.85,
        0.85,
        0.85
      ]
    },
    "head": {
      "translation": [
        0,
        6.25,
        0
      ],
      "scale": [
        1.6,
        1.6,
        1.6
      ]
    }
  }
}