{"textures":{"0":"modelengine:entity/hydra"},"elements":[{"from":[8.794951,5.6964493,-5.3680515],"to":[12.223523,12.553593,4.9176636],"rotation":{"angle":22.5,"axis":"y","origin":[10.509237,9.125021,-0.22519398]},"faces":{"east":{"uv":[2.4375,5.0625,2.8125,5.3125],"rotation":0,"texture":"#0","tintindex":0},"south":{"uv":[4.375,6.375,4.5,6.625],"rotation":0,"texture":"#0","tintindex":0},"north":{"uv":[1.0,3.6875,1.125,3.9375],"rotation":0,"texture":"#0","tintindex":0},"west":{"uv":[4.125,6.125,4.5,6.375],"rotation":0,"texture":"#0","tintindex":0},"up":{"uv":[0.625,3.5625,0.5,3.1875],"rotation":0,"texture":"#0","tintindex":0},"down":{"uv":[0.5,3.8125,0.375,4.1875],"rotation":0,"texture":"#0","tintindex":0}}},{"from":[3.7763042,5.6964493,-5.3680515],"to":[7.204876,12.553593,4.9176636],"rotation":{"angle":-22.5,"axis":"y","origin":[5.49059,9.125021,-0.22519398]},"faces":{"east":{"uv":[1.0,6.1875,1.375,6.4375],"rotation":0,"texture":"#0","tintindex":0},"south":{"uv":[4.5,7.125,4.625,7.375],"rotation":0,"texture":"#0","tintindex":0},"north":{"uv":[4.375,7.125,4.5,7.375],"rotation":0,"texture":"#0","tintindex":0},"west":{"uv":[6.1875,2.25,6.5625,2.5],"rotation":0,"texture":"#0","tintindex":0},"up":{"uv":[2.9375,7.0625,2.8125,6.6875],"rotation":0,"texture":"#0","tintindex":0},"down":{"uv":[6.1875,7.0,6.0625,7.375],"rotation":0,"texture":"#0","tintindex":0}}},{"from":[7.143059,8.696449,-12.182348],"to":[8.857345,10.410735,-6.1823463],"rotation":{"angle":0.0,"axis":"y","origin":[8.000201,9.553593,-9.182346]},"faces":{"east":{"uv":[5.0,1.4375,5.21875,1.5],"rotation":0,"texture":"#0","tintindex":0},"south":{"uv":[3.6875,0.5625,3.75,0.625],"rotation":0,"texture":"#0","tintindex":0},"north":{"uv":[3.6875,0.5,3.75,0.5625],"rotation":0,"texture":"#0","tintindex":0},"west":{"uv":[5.0,4.4375,5.21875,4.5],"rotation":0,"texture":"#0","tintindex":0},"up":{"uv":[0.6875,2.90625,0.625,2.6875],"rotation":0,"texture":"#0","tintindex":0},"down":{"uv":[0.375,4.4375,0.3125,4.65625],"rotation":0,"texture":"#0","tintindex":0}}},{"from":[6.714199,6.382698,-13.427732],"to":[9.285628,10.668412,-8.713446],"rotation":{"angle":-45.0,"axis":"x","origin":[7.9999137,8.525555,-11.070591]},"faces":{"east":{"uv":[7.25,0.0,7.421875,0.15625],"rotation":0,"texture":"#0","tintindex":0},"south":{"uv":[1.5625,7.4375,1.65625,7.59375],"rotation":0,"texture":"#0","tintindex":0},"north":{"uv":[7.4375,1.5,7.53125,1.65625],"rotation":0,"texture":"#0","tintindex":0},"west":{"uv":[7.25,0.625,7.421875,0.78125],"rotation":0,"texture":"#0","tintindex":0},"up":{"uv":[7.53125,0.171875,7.4375,0.0],"rotation":0,"texture":"#0","tintindex":0},"down":{"uv":[7.53125,0.5625,7.4375,0.734375],"rotation":0,"texture":"#0","tintindex":0}}},{"from":[6.285628,5.6166124,-5.6155453],"to":[9.714199,13.15947,-0.47268867],"rotation":{"angle":-22.5,"axis":"x","origin":[7.9999137,9.388041,-3.044117]},"faces":{"east":{"uv":[2.0,6.375,2.1875,6.65625],"rotation":0,"texture":"#0","tintindex":0},"south":{"uv":[3.6875,7.125,3.8125,7.40625],"rotation":0,"texture":"#0","tintindex":0},"north":{"uv":[1.625,4.25,1.75,4.53125],"rotation":0,"texture":"#0","tintindex":0},"west":{"uv":[0.375,6.8125,0.5625,7.09375],"rotation":0,"texture":"#0","tintindex":0},"up":{"uv":[4.125,3.25,4.0,3.0625],"rotation":0,"texture":"#0","tintindex":0},"down":{"uv":[5.6875,2.8125,5.5625,3.0],"rotation":0,"texture":"#0","tintindex":0}}},{"from":[4.571342,6.3821635,-1.823101],"to":[11.428485,13.239306,8.119757],"rotation":{"angle":0.0,"axis":"y","origin":[7.9999137,9.810735,3.1483278]},"faces":{"east":{"uv":[0.625,6.25,0.984375,6.5],"rotation":0,"texture":"#0","tintindex":0},"south":{"uv":[3.875,6.875,4.125,7.125],"rotation":0,"texture":"#0","tintindex":0},"north":{"uv":[3.625,6.875,3.875,7.125],"rotation":0,"texture":"#0","tintindex":0},"west":{"uv":[6.3125,1.8125,6.671875,2.0625],"rotation":0,"texture":"#0","tintindex":0},"up":{"uv":[2.4375,6.671875,2.1875,6.3125],"rotation":0,"texture":"#0","tintindex":0},"down":{"uv":[6.5625,4.375,6.3125,4.734375],"rotation":0,"texture":"#0","tintindex":0}}},{"from":[5.8570566,5.2678776,-12.182348],"to":[10.142771,8.696449,-5.325204],"rotation":{"angle":0.0,"axis":"y","origin":[7.9999137,6.9821634,-8.753775]},"faces":{"east":{"uv":[1.125,3.0625,1.375,3.1875],"rotation":0,"texture":"#0","tintindex":0},"south":{"uv":[5.0625,7.3125,5.21875,7.4375],"rotation":0,"texture":"#0","tintindex":0},"north":{"uv":[7.3125,4.5,7.46875,4.625],"rotation":0,"texture":"#0","tintindex":0},"west":{"uv":[4.3125,1.5,4.5625,1.625],"rotation":0,"texture":"#0","tintindex":0},"up":{"uv":[7.28125,3.0,7.125,2.75],"rotation":0,"texture":"#0","tintindex":0},"down":{"uv":[3.09375,7.125,2.9375,7.375],"rotation":0,"texture":"#0","tintindex":0}}},{"from":[8.162756,6.553592,2.6969013],"to":[13.3056135,10.839307,7.66833],"rotation":{"angle":-22.5,"axis":"y","origin":[10.734185,8.696449,5.1826158]},"faces":{"east":{"uv":[5.25,7.125,5.4375,7.28125],"rotation":0,"texture":"#0","tintindex":0},"south":{"uv":[5.4375,7.125,5.625,7.28125],"rotation":0,"texture":"#0","tintindex":0},"north":{"uv":[5.0625,7.125,5.25,7.28125],"rotation":0,"texture":"#0","tintindex":0},"west":{"uv":[7.125,5.5,7.3125,5.65625],"rotation":0,"texture":"#0","tintindex":0},"up":{"uv":[3.0,4.6875,2.8125,4.5],"rotation":0,"texture":"#0","tintindex":0},"down":{"uv":[2.0625,5.6875,1.875,5.875],"rotation":0,"texture":"#0","tintindex":0}}},{"from":[2.694789,6.553592,2.6969013],"to":[7.8376465,10.839307,7.66833],"rotation":{"angle":22.5,"axis":"y","origin":[5.266218,8.696449,5.1826158]},"faces":{"east":{"uv":[5.8125,7.125,6.0,7.28125],"rotation":0,"texture":"#0","tintindex":0},"south":{"uv":[7.125,6.4375,7.3125,6.59375],"rotation":0,"texture":"#0","tintindex":0},"north":{"uv":[5.625,7.125,5.8125,7.28125],"rotation":0,"texture":"#0","tintindex":0},"west":{"uv":[0.8125,7.1875,1.0,7.34375],"rotation":0,"texture":"#0","tintindex":0},"up":{"uv":[1.5625,6.0625,1.375,5.875],"rotation":0,"texture":"#0","tintindex":0},"down":{"uv":[4.0,7.125,3.8125,7.3125],"rotation":0,"texture":"#0","tintindex":0}}},{"from":[14.758285,6.9821634,0.22052288],"to":[14.758285,11.267878,10.506238],"rotation":{"angle":22.5,"axis":"y","origin":[14.758285,9.125021,5.3633804]},"faces":{"east":{"uv":[6.9375,6.125,7.3125,6.28125],"rotation":0,"texture":"#0","tintindex":0},"south":{"uv":[0.0,0.0,0.0,0.15625],"rotation":0,"texture":"#0","tintindex":0},"north":{"uv":[0.0,0.0,0.0,0.15625],"rotation":0,"texture":"#0","tintindex":0},"west":{"uv":[6.9375,6.6875,7.3125,6.84375],"rotation":0,"texture":"#0","tintindex":0},"up":{"uv":[0.0,0.375,0.0,0.0],"rotation":0,"texture":"#0","tintindex":0},"down":{"uv":[0.0,0.0,0.0,0.375],"rotation":0,"texture":"#0","tintindex":0}}},{"from":[13.742762,11.267878,-3.1424456],"to":[15.457048,13.839307,14.000412],"rotation":{"angle":22.5,"axis":"y","origin":[14.599905,12.553593,5.4289827]},"faces":{"east":{"uv":[2.6875,1.125,3.3125,1.21875],"rotation":0,"texture":"#0","tintindex":0},"south":{"uv":[0.625,2.9375,0.6875,3.03125],"rotation":0,"texture":"#0","tintindex":0},"north":{"uv":[1.8125,2.0625,1.875,2.15625],"rotation":0,"texture":"#0","tintindex":0},"west":{"uv":[6.875,3.5625,7.5,3.65625],"rotation":0,"texture":"#0","tintindex":0},"up":{"uv":[5.0625,7.625,5.0,7.0],"rotation":0,"texture":"#0","tintindex":0},"down":{"uv":[1.5625,7.0625,1.5,7.6875],"rotation":0,"texture":"#0","tintindex":0}}},{"from":[0.54277945,11.267878,-3.1424456],"to":[2.2570653,13.839307,14.000412],"rotation":{"angle":-22.5,"axis":"y","origin":[1.3999224,12.553593,5.4289827]},"faces":{"east":{"uv":[6.875,5.0,7.5,5.09375],"rotation":0,"texture":"#0","tintindex":0},"south":{"uv":[2.625,3.1875,2.6875,3.28125],"rotation":0,"texture":"#0","tintindex":0},"north":{"uv":[1.375,3.0625,1.4375,3.15625],"rotation":0,"texture":"#0","tintindex":0},"west":{"uv":[6.875,5.8125,7.5,5.90625],"rotation":0,"texture":"#0","tintindex":0},"up":{"uv":[3.4375,7.75,3.375,7.125],"rotation":0,"texture":"#0","tintindex":0},"down":{"uv":[3.5,7.125,3.4375,7.75],"rotation":0,"texture":"#0","tintindex":0}}},{"from":[1.2415423,6.9821634,0.22052288],"to":[1.2415423,11.267878,10.506238],"rotation":{"angle":-22.5,"axis":"y","origin":[1.2415423,9.125021,5.3633804]},"faces":{"east":{"uv":[6.9375,6.875,7.3125,7.03125],"rotation":0,"texture":"#0","tintindex":0},"south":{"uv":[0.0,0.0,0.0,0.15625],"rotation":0,"texture":"#0","tintindex":0},"north":{"uv":[0.0,0.0,0.0,0.15625],"rotation":0,"texture":"#0","tintindex":0},"west":{"uv":[7.0,0.1875,7.375,0.34375],"rotation":0,"texture":"#0","tintindex":0},"up":{"uv":[0.0,0.375,0.0,0.0],"rotation":0,"texture":"#0","tintindex":0},"down":{"uv":[0.0,0.0,0.0,0.375],"rotation":0,"texture":"#0","tintindex":0}}},{"from":[11.765017,3.9821634,-5.9588337],"to":[11.765017,5.6964493,2.6125956],"rotation":{"angle":22.5,"axis":"y","origin":[11.765017,4.8393064,-1.6731186]},"faces":{"east":{"uv":[2.625,2.125,2.9375,2.1875],"rotation":0,"texture":"#0","tintindex":0},"south":{"uv":[0.0,0.0,0.0,0.0625],"rotation":0,"texture":"#0","tintindex":0},"north":{"uv":[0.0,0.0,0.0,0.0625],"rotation":0,"texture":"#0","tintindex":0},"west":{"uv":[3.6875,2.4375,4.0,2.5],"rotation":0,"texture":"#0","tintindex":0},"up":{"uv":[0.0,0.3125,0.0,0.0],"rotation":0,"texture":"#0","tintindex":0},"down":{"uv":[0.0,0.0,0.0,0.3125],"rotation":0,"texture":"#0","tintindex":0}}},{"from":[4.234811,3.9821634,-5.9588337],"to":[4.234811,5.6964493,2.6125956],"rotation":{"angle":-22.5,"axis":"y","origin":[4.234811,4.8393064,-1.6731186]},"faces":{"east":{"uv":[4.5625,2.0,4.875,2.0625],"rotation":0,"texture":"#0","tintindex":0},"south":{"uv":[0.0,0.0,0.0,0.0625],"rotation":0,"texture":"#0","tintindex":0},"north":{"uv":[0.0,0.0,0.0,0.0625],"rotation":0,"texture":"#0","tintindex":0},"west":{"uv":[4.6875,3.375,5.0,3.4375],"rotation":0,"texture":"#0","tintindex":0},"up":{"uv":[0.0,0.3125,0.0,0.0],"rotation":0,"texture":"#0","tintindex":0},"down":{"uv":[0.0,0.0,0.0,0.3125],"rotation":0,"texture":"#0","tintindex":0}}},{"from":[5.8570566,3.5535917,-12.182348],"to":[10.142771,5.2678776,-5.325204],"rotation":{"angle":0.0,"axis":"y","origin":[7.9999137,4.410735,-8.753775]},"faces":{"east":{"uv":[4.8125,2.375,5.0625,2.4375],"rotation":0,"texture":"#0","tintindex":0},"south":{"uv":[4.4375,5.0,4.59375,5.0625],"rotation":0,"texture":"#0","tintindex":0},"north":{"uv":[4.125,1.1875,4.28125,1.25],"rotation":0,"texture":"#0","tintindex":0},"west":{"uv":[0.75,4.9375,1.0,5.0],"rotation":0,"texture":"#0","tintindex":0},"up":{"uv":[7.28125,3.5625,7.125,3.3125],"rotation":0,"texture":"#0","tintindex":0},"down":{"uv":[3.65625,7.125,3.5,7.375],"rotation":0,"texture":"#0","tintindex":0}}},{"from":[6.285916,2.6889157,-11.997679],"to":[9.714487,3.5460587,-6.854822],"rotation":{"angle":0.0,"axis":"y","origin":[8.000201,3.117487,-9.42625]},"faces":{"east":{"uv":[3.9375,5.3125,4.125,5.34375],"rotation":0,"texture":"#0","tintindex":0},"south":{"uv":[5.25,1.4375,5.375,1.46875],"rotation":0,"texture":"#0","tintindex":0},"north":{"uv":[5.0,3.375,5.125,3.40625],"rotation":0,"texture":"#0","tintindex":0},"west":{"uv":[5.5,4.375,5.6875,4.40625],"rotation":0,"texture":"#0","tintindex":0},"up":{"uv":[3.625,6.375,3.5,6.1875],"rotation":0,"texture":"#0","tintindex":0},"down":{"uv":[3.5,6.6875,3.375,6.875],"rotation":0,"texture":"#0","tintindex":0}}},{"from":[5.0272837,3.151503,-7.087962],"to":[5.0272837,4.0086465,0.6263237],"rotation":{"angle":-22.5,"axis":"y","origin":[5.0272837,3.5800748,-3.2308187]},"faces":{"east":{"uv":[6.0,1.8125,6.28125,1.84375],"rotation":0,"texture":"#0","tintindex":0},"south":{"uv":[0.0,0.0,0.0,0.03125],"rotation":0,"texture":"#0","tintindex":0},"north":{"uv":[0.0,0.0,0.0,0.03125],"rotation":0,"texture":"#0","tintindex":0},"west":{"uv":[6.0,3.125,6.28125,3.15625],"rotation":0,"texture":"#0","tintindex":0},"up":{"uv":[0.0,0.28125,0.0,0.0],"rotation":0,"texture":"#0","tintindex":0},"down":{"uv":[0.0,0.0,0.0,0.28125],"rotation":0,"texture":"#0","tintindex":0}}},{"from":[10.97312,3.151503,-7.087962],"to":[10.97312,4.0086465,0.6263237],"rotation":{"angle":22.5,"axis":"y","origin":[10.97312,3.5800748,-3.2308187]},"faces":{"east":{"uv":[6.0,4.6875,6.28125,4.71875],"rotation":0,"texture":"#0","tintindex":0},"south":{"uv":[0.0,0.0,0.0,0.03125],"rotation":0,"texture":"#0","tintindex":0},"north":{"uv":[0.0,0.0,0.0,0.03125],"rotation":0,"texture":"#0","tintindex":0},"west":{"uv":[6.125,5.5625,6.40625,5.59375],"rotation":0,"texture":"#0","tintindex":0},"up":{"uv":[0.0,0.28125,0.0,0.0],"rotation":0,"texture":"#0","tintindex":0},"down":{"uv":[0.0,0.0,0.0,0.28125],"rotation":0,"texture":"#0","tintindex":0}}},{"from":[7.9999137,10.229906,-10.609175],"to":[7.9999137,14.515619,-7.180604],"rotation":{"angle":22.5,"axis":"x","origin":[7.9999137,12.372763,-8.89489]},"faces":{"east":{"uv":[5.25,7.3125,5.375,7.46875],"rotation":0,"texture":"#0","tintindex":0},"south":{"uv":[0.0,0.0,0.0,0.15625],"rotation":0,"texture":"#0","tintindex":0},"north":{"uv":[0.0,0.0,0.0,0.15625],"rotation":0,"texture":"#0","tintindex":0},"west":{"uv":[5.375,7.3125,5.5,7.46875],"rotation":0,"texture":"#0","tintindex":0},"up":{"uv":[0.0,0.125,0.0,0.0],"rotation":0,"texture":"#0","tintindex":0},"down":{"uv":[0.0,0.0,0.0,0.125],"rotation":0,"texture":"#0","tintindex":0}}}],"display":{"head":{"translation":[0.0,-6.4,0.0],"scale":[4.0,4.0,4.0]}}}