{"textures":{"0":"modelengine:entity/hydra"},"elements":[{"from":[3.7764769,5.6964493,-5.3680515],"to":[7.2050486,12.553593,4.9176636],"rotation":{"angle":-22.5,"axis":"y","origin":[5.4907627,9.125021,-0.22519398]},"faces":{"east":{"uv":[4.5,6.125,4.125,6.375],"rotation":0,"texture":"#0","tintindex":0},"south":{"uv":[4.5,6.375,4.375,6.625],"rotation":0,"texture":"#0","tintindex":0},"north":{"uv":[1.125,3.6875,1.0,3.9375],"rotation":0,"texture":"#0","tintindex":0},"west":{"uv":[2.8125,5.0625,2.4375,5.3125],"rotation":0,"texture":"#0","tintindex":0},"up":{"uv":[0.5,3.5625,0.625,3.1875],"rotation":0,"texture":"#0","tintindex":0},"down":{"uv":[0.375,3.8125,0.5,4.1875],"rotation":0,"texture":"#0","tintindex":0}}},{"from":[8.795124,5.6964493,-5.3680515],"to":[12.223696,12.553593,4.9176636],"rotation":{"angle":22.5,"axis":"y","origin":[10.50941,9.125021,-0.22519398]},"faces":{"east":{"uv":[6.5625,2.25,6.1875,2.5],"rotation":0,"texture":"#0","tintindex":0},"south":{"uv":[4.625,7.125,4.5,7.375],"rotation":0,"texture":"#0","tintindex":0},"north":{"uv":[4.5,7.125,4.375,7.375],"rotation":0,"texture":"#0","tintindex":0},"west":{"uv":[1.375,6.1875,1.0,6.4375],"rotation":0,"texture":"#0","tintindex":0},"up":{"uv":[2.8125,7.0625,2.9375,6.6875],"rotation":0,"texture":"#0","tintindex":0},"down":{"uv":[6.0625,7.0,6.1875,7.375],"rotation":0,"texture":"#0","tintindex":0}}},{"from":[7.1426554,8.696449,-12.182348],"to":[8.856941,10.410735,-6.1823463],"rotation":{"angle":0.0,"axis":"y","origin":[7.9997983,9.553593,-9.182346]},"faces":{"east":{"uv":[5.21875,4.4375,5.0,4.5],"rotation":0,"texture":"#0","tintindex":0},"south":{"uv":[3.75,0.5625,3.6875,0.625],"rotation":0,"texture":"#0","tintindex":0},"north":{"uv":[3.75,0.5,3.6875,0.5625],"rotation":0,"texture":"#0","tintindex":0},"west":{"uv":[5.21875,1.4375,5.0,1.5],"rotation":0,"texture":"#0","tintindex":0},"up":{"uv":[0.625,2.90625,0.6875,2.6875],"rotation":0,"texture":"#0","tintindex":0},"down":{"uv":[0.3125,4.4375,0.375,4.65625],"rotation":0,"texture":"#0","tintindex":0}}},{"from":[6.714372,6.382698,-13.427732],"to":[9.285801,10.668412,-8.713446],"rotation":{"angle":-45.0,"axis":"x","origin":[8.000087,8.525555,-11.070591]},"faces":{"east":{"uv":[7.421875,0.625,7.25,0.78125],"rotation":0,"texture":"#0","tintindex":0},"south":{"uv":[1.65625,7.4375,1.5625,7.59375],"rotation":0,"texture":"#0","tintindex":0},"north":{"uv":[7.53125,1.5,7.4375,1.65625],"rotation":0,"texture":"#0","tintindex":0},"west":{"uv":[7.421875,0.0,7.25,0.15625],"rotation":0,"texture":"#0","tintindex":0},"up":{"uv":[7.4375,0.171875,7.53125,0.0],"rotation":0,"texture":"#0","tintindex":0},"down":{"uv":[7.4375,0.5625,7.53125,0.734375],"rotation":0,"texture":"#0","tintindex":0}}},{"from":[6.2858005,5.6166124,-5.6155453],"to":[9.714373,13.15947,-0.47268867],"rotation":{"angle":-22.5,"axis":"x","origin":[8.000087,9.388041,-3.044117]},"faces":{"east":{"uv":[0.5625,6.8125,0.375,7.09375],"rotation":0,"texture":"#0","tintindex":0},"south":{"uv":[3.8125,7.125,3.6875,7.40625],"rotation":0,"texture":"#0","tintindex":0},"north":{"uv":[1.75,4.25,1.625,4.53125],"rotation":0,"texture":"#0","tintindex":0},"west":{"uv":[2.1875,6.375,2.0,6.65625],"rotation":0,"texture":"#0","tintindex":0},"up":{"uv":[4.0,3.25,4.125,3.0625],"rotation":0,"texture":"#0","tintindex":0},"down":{"uv":[5.5625,2.8125,5.6875,3.0],"rotation":0,"texture":"#0","tintindex":0}}},{"from":[4.571515,6.3821635,-1.823101],"to":[11.428658,13.239306,8.119757],"rotation":{"angle":0.0,"axis":"y","origin":[8.000087,9.810735,3.1483278]},"faces":{"east":{"uv":[6.671875,1.8125,6.3125,2.0625],"rotation":0,"texture":"#0","tintindex":0},"south":{"uv":[4.125,6.875,3.875,7.125],"rotation":0,"texture":"#0","tintindex":0},"north":{"uv":[3.875,6.875,3.625,7.125],"rotation":0,"texture":"#0","tintindex":0},"west":{"uv":[0.984375,6.25,0.625,6.5],"rotation":0,"texture":"#0","tintindex":0},"up":{"uv":[2.1875,6.671875,2.4375,6.3125],"rotation":0,"texture":"#0","tintindex":0},"down":{"uv":[6.3125,4.375,6.5625,4.734375],"rotation":0,"texture":"#0","tintindex":0}}},{"from":[5.857229,5.2678776,-12.182348],"to":[10.142943,8.696449,-5.325204],"rotation":{"angle":0.0,"axis":"y","origin":[8.000087,6.9821634,-8.753775]},"faces":{"east":{"uv":[4.5625,1.5,4.3125,1.625],"rotation":0,"texture":"#0","tintindex":0},"south":{"uv":[5.21875,7.3125,5.0625,7.4375],"rotation":0,"texture":"#0","tintindex":0},"north":{"uv":[7.46875,4.5,7.3125,4.625],"rotation":0,"texture":"#0","tintindex":0},"west":{"uv":[1.375,3.0625,1.125,3.1875],"rotation":0,"texture":"#0","tintindex":0},"up":{"uv":[7.125,3.0,7.28125,2.75],"rotation":0,"texture":"#0","tintindex":0},"down":{"uv":[2.9375,7.125,3.09375,7.375],"rotation":0,"texture":"#0","tintindex":0}}},{"from":[2.6943865,6.553592,2.6969013],"to":[7.8372436,10.839307,7.66833],"rotation":{"angle":22.5,"axis":"y","origin":[5.265815,8.696449,5.1826158]},"faces":{"east":{"uv":[7.3125,5.5,7.125,5.65625],"rotation":0,"texture":"#0","tintindex":0},"south":{"uv":[5.625,7.125,5.4375,7.28125],"rotation":0,"texture":"#0","tintindex":0},"north":{"uv":[5.25,7.125,5.0625,7.28125],"rotation":0,"texture":"#0","tintindex":0},"west":{"uv":[5.4375,7.125,5.25,7.28125],"rotation":0,"texture":"#0","tintindex":0},"up":{"uv":[2.8125,4.6875,3.0,4.5],"rotation":0,"texture":"#0","tintindex":0},"down":{"uv":[1.875,5.6875,2.0625,5.875],"rotation":0,"texture":"#0","tintindex":0}}},{"from":[8.1623535,6.553592,2.6969013],"to":[13.305211,10.839307,7.66833],"rotation":{"angle":-22.5,"axis":"y","origin":[10.733782,8.696449,5.1826158]},"faces":{"east":{"uv":[1.0,7.1875,0.8125,7.34375],"rotation":0,"texture":"#0","tintindex":0},"south":{"uv":[7.3125,6.4375,7.125,6.59375],"rotation":0,"texture":"#0","tintindex":0},"north":{"uv":[5.8125,7.125,5.625,7.28125],"rotation":0,"texture":"#0","tintindex":0},"west":{"uv":[6.0,7.125,5.8125,7.28125],"rotation":0,"texture":"#0","tintindex":0},"up":{"uv":[1.375,6.0625,1.5625,5.875],"rotation":0,"texture":"#0","tintindex":0},"down":{"uv":[3.8125,7.125,4.0,7.3125],"rotation":0,"texture":"#0","tintindex":0}}},{"from":[1.2417154,6.9821634,0.22052288],"to":[1.2417154,11.267878,10.506238],"rotation":{"angle":-22.5,"axis":"y","origin":[1.2417154,9.125021,5.3633804]},"faces":{"east":{"uv":[7.3125,6.6875,6.9375,6.84375],"rotation":0,"texture":"#0","tintindex":0},"south":{"uv":[0.0,0.0,0.0,0.15625],"rotation":0,"texture":"#0","tintindex":0},"north":{"uv":[0.0,0.0,0.0,0.15625],"rotation":0,"texture":"#0","tintindex":0},"west":{"uv":[7.3125,6.125,6.9375,6.28125],"rotation":0,"texture":"#0","tintindex":0},"up":{"uv":[0.0,0.375,0.0,0.0],"rotation":0,"texture":"#0","tintindex":0},"down":{"uv":[0.0,0.0,0.0,0.375],"rotation":0,"texture":"#0","tintindex":0}}},{"from":[0.54295206,11.267878,-3.1424456],"to":[2.257238,13.839307,14.000412],"rotation":{"angle":-22.5,"axis":"y","origin":[1.400095,12.553593,5.4289827]},"faces":{"east":{"uv":[7.5,3.5625,6.875,3.65625],"rotation":0,"texture":"#0","tintindex":0},"south":{"uv":[0.6875,2.9375,0.625,3.03125],"rotation":0,"texture":"#0","tintindex":0},"north":{"uv":[1.875,2.0625,1.8125,2.15625],"rotation":0,"texture":"#0","tintindex":0},"west":{"uv":[3.3125,1.125,2.6875,1.21875],"rotation":0,"texture":"#0","tintindex":0},"up":{"uv":[5.0,7.625,5.0625,7.0],"rotation":0,"texture":"#0","tintindex":0},"down":{"uv":[1.5,7.0625,1.5625,7.6875],"rotation":0,"texture":"#0","tintindex":0}}},{"from":[13.742935,11.267878,-3.1424456],"to":[15.45722,13.839307,14.000412],"rotation":{"angle":22.5,"axis":"y","origin":[14.600078,12.553593,5.4289827]},"faces":{"east":{"uv":[7.5,5.8125,6.875,5.90625],"rotation":0,"texture":"#0","tintindex":0},"south":{"uv":[2.6875,3.1875,2.625,3.28125],"rotation":0,"texture":"#0","tintindex":0},"north":{"uv":[1.4375,3.0625,1.375,3.15625],"rotation":0,"texture":"#0","tintindex":0},"west":{"uv":[7.5,5.0,6.875,5.09375],"rotation":0,"texture":"#0","tintindex":0},"up":{"uv":[3.375,7.75,3.4375,7.125],"rotation":0,"texture":"#0","tintindex":0},"down":{"uv":[3.4375,7.125,3.5,7.75],"rotation":0,"texture":"#0","tintindex":0}}},{"from":[14.758457,6.9821634,0.22052288],"to":[14.758457,11.267878,10.506238],"rotation":{"angle":22.5,"axis":"y","origin":[14.758457,9.125021,5.3633804]},"faces":{"east":{"uv":[7.375,0.1875,7.0,0.34375],"rotation":0,"texture":"#0","tintindex":0},"south":{"uv":[0.0,0.0,0.0,0.15625],"rotation":0,"texture":"#0","tintindex":0},"north":{"uv":[0.0,0.0,0.0,0.15625],"rotation":0,"texture":"#0","tintindex":0},"west":{"uv":[7.3125,6.875,6.9375,7.03125],"rotation":0,"texture":"#0","tintindex":0},"up":{"uv":[0.0,0.375,0.0,0.0],"rotation":0,"texture":"#0","tintindex":0},"down":{"uv":[0.0,0.0,0.0,0.375],"rotation":0,"texture":"#0","tintindex":0}}},{"from":[4.2349834,3.9821634,-5.9588337],"to":[4.2349834,5.6964493,2.6125956],"rotation":{"angle":-22.5,"axis":"y","origin":[4.2349834,4.8393064,-1.6731186]},"faces":{"east":{"uv":[4.0,2.4375,3.6875,2.5],"rotation":0,"texture":"#0","tintindex":0},"south":{"uv":[0.0,0.0,0.0,0.0625],"rotation":0,"texture":"#0","tintindex":0},"north":{"uv":[0.0,0.0,0.0,0.0625],"rotation":0,"texture":"#0","tintindex":0},"west":{"uv":[2.9375,2.125,2.625,2.1875],"rotation":0,"texture":"#0","tintindex":0},"up":{"uv":[0.0,0.3125,0.0,0.0],"rotation":0,"texture":"#0","tintindex":0},"down":{"uv":[0.0,0.0,0.0,0.3125],"rotation":0,"texture":"#0","tintindex":0}}},{"from":[11.765189,3.9821634,-5.9588337],"to":[11.765189,5.6964493,2.6125956],"rotation":{"angle":22.5,"axis":"y","origin":[11.765189,4.8393064,-1.6731186]},"faces":{"east":{"uv":[5.0,3.375,4.6875,3.4375],"rotation":0,"texture":"#0","tintindex":0},"south":{"uv":[0.0,0.0,0.0,0.0625],"rotation":0,"texture":"#0","tintindex":0},"north":{"uv":[0.0,0.0,0.0,0.0625],"rotation":0,"texture":"#0","tintindex":0},"west":{"uv":[4.875,2.0,4.5625,2.0625],"rotation":0,"texture":"#0","tintindex":0},"up":{"uv":[0.0,0.3125,0.0,0.0],"rotation":0,"texture":"#0","tintindex":0},"down":{"uv":[0.0,0.0,0.0,0.3125],"rotation":0,"texture":"#0","tintindex":0}}},{"from":[5.857229,3.5535917,-12.182348],"to":[10.142943,5.2678776,-5.325204],"rotation":{"angle":0.0,"axis":"y","origin":[8.000087,4.410735,-8.753775]},"faces":{"east":{"uv":[1.0,4.9375,0.75,5.0],"rotation":0,"texture":"#0","tintindex":0},"south":{"uv":[4.59375,5.0,4.4375,5.0625],"rotation":0,"texture":"#0","tintindex":0},"north":{"uv":[4.28125,1.1875,4.125,1.25],"rotation":0,"texture":"#0","tintindex":0},"west":{"uv":[5.0625,2.375,4.8125,2.4375],"rotation":0,"texture":"#0","tintindex":0},"up":{"uv":[7.125,3.5625,7.28125,3.3125],"rotation":0,"texture":"#0","tintindex":0},"down":{"uv":[3.5,7.125,3.65625,7.375],"rotation":0,"texture":"#0","tintindex":0}}},{"from":[6.285513,2.6889157,-11.997679],"to":[9.714085,3.5460587,-6.854822],"rotation":{"angle":0.0,"axis":"y","origin":[7.9997983,3.117487,-9.42625]},"faces":{"east":{"uv":[5.6875,4.375,5.5,4.40625],"rotation":0,"texture":"#0","tintindex":0},"south":{"uv":[5.375,1.4375,5.25,1.46875],"rotation":0,"texture":"#0","tintindex":0},"north":{"uv":[5.125,3.375,5.0,3.40625],"rotation":0,"texture":"#0","tintindex":0},"west":{"uv":[4.125,5.3125,3.9375,5.34375],"rotation":0,"texture":"#0","tintindex":0},"up":{"uv":[3.5,6.375,3.625,6.1875],"rotation":0,"texture":"#0","tintindex":0},"down":{"uv":[3.375,6.6875,3.5,6.875],"rotation":0,"texture":"#0","tintindex":0}}},{"from":[10.972716,3.151503,-7.087962],"to":[10.972716,4.0086465,0.6263237],"rotation":{"angle":22.5,"axis":"y","origin":[10.972716,3.5800748,-3.2308187]},"faces":{"east":{"uv":[6.28125,3.125,6.0,3.15625],"rotation":0,"texture":"#0","tintindex":0},"south":{"uv":[0.0,0.0,0.0,0.03125],"rotation":0,"texture":"#0","tintindex":0},"north":{"uv":[0.0,0.0,0.0,0.03125],"rotation":0,"texture":"#0","tintindex":0},"west":{"uv":[6.28125,1.8125,6.0,1.84375],"rotation":0,"texture":"#0","tintindex":0},"up":{"uv":[0.0,0.28125,0.0,0.0],"rotation":0,"texture":"#0","tintindex":0},"down":{"uv":[0.0,0.0,0.0,0.28125],"rotation":0,"texture":"#0","tintindex":0}}},{"from":[5.0268803,3.151503,-7.087962],"to":[5.0268803,4.0086465,0.6263237],"rotation":{"angle":-22.5,"axis":"y","origin":[5.0268803,3.5800748,-3.2308187]},"faces":{"east":{"uv":[6.40625,5.5625,6.125,5.59375],"rotation":0,"texture":"#0","tintindex":0},"south":{"uv":[0.0,0.0,0.0,0.03125],"rotation":0,"texture":"#0","tintindex":0},"north":{"uv":[0.0,0.0,0.0,0.03125],"rotation":0,"texture":"#0","tintindex":0},"west":{"uv":[6.28125,4.6875,6.0,4.71875],"rotation":0,"texture":"#0","tintindex":0},"up":{"uv":[0.0,0.28125,0.0,0.0],"rotation":0,"texture":"#0","tintindex":0},"down":{"uv":[0.0,0.0,0.0,0.28125],"rotation":0,"texture":"#0","tintindex":0}}},{"from":[8.000087,10.229906,-10.609175],"to":[8.000087,14.515619,-7.180604],"rotation":{"angle":22.5,"axis":"x","origin":[8.000087,12.372763,-8.89489]},"faces":{"east":{"uv":[5.5,7.3125,5.375,7.46875],"rotation":0,"texture":"#0","tintindex":0},"south":{"uv":[0.0,0.0,0.0,0.15625],"rotation":0,"texture":"#0","tintindex":0},"north":{"uv":[0.0,0.0,0.0,0.15625],"rotation":0,"texture":"#0","tintindex":0},"west":{"uv":[5.375,7.3125,5.25,7.46875],"rotation":0,"texture":"#0","tintindex":0},"up":{"uv":[0.0,0.125,0.0,0.0],"rotation":0,"texture":"#0","tintindex":0},"down":{"uv":[0.0,0.0,0.0,0.125],"rotation":0,"texture":"#0","tintindex":0}}}],"display":{"head":{"translation":[0.0,-6.4,0.0],"scale":[4.0,4.0,4.0]}}}