{"textures":{"0":"modelengine:entity/hydra"},"elements":[{"from":[12.021168,9.353398,-3.673399],"to":[12.021168,14.496256,8.326601],"rotation":{"angle":0.0,"axis":"y","origin":[12.021168,11.924827,2.3266006]},"faces":{"east":{"uv":[3.5,6.375,3.9375,6.5625],"rotation":0,"texture":"#0","tintindex":0},"south":{"uv":[0.0,0.0,0.0,0.1875],"rotation":0,"texture":"#0","tintindex":0},"north":{"uv":[0.0,0.0,0.0,0.1875],"rotation":0,"texture":"#0","tintindex":0},"west":{"uv":[6.375,3.75,6.8125,3.9375],"rotation":0,"texture":"#0","tintindex":0},"up":{"uv":[0.0,0.4375,0.0,0.0],"rotation":0,"texture":"#0","tintindex":0},"down":{"uv":[0.0,0.0,0.0,0.4375],"rotation":0,"texture":"#0","tintindex":0}}},{"from":[7.950027,-0.47590065,-3.673399],"to":[16.092884,7.666957,8.326601],"rotation":{"angle":-45.0,"axis":"z","origin":[12.021456,3.5955281,2.3266006]},"faces":{"east":{"uv":[2.125,5.3125,2.5625,5.609375],"rotation":0,"texture":"#0","tintindex":0},"south":{"uv":[4.8125,6.3125,5.109375,6.609375],"rotation":0,"texture":"#0","tintindex":0},"north":{"uv":[4.5,6.3125,4.796875,6.609375],"rotation":0,"texture":"#0","tintindex":0},"west":{"uv":[2.5625,5.3125,3.0,5.609375],"rotation":0,"texture":"#0","tintindex":0},"up":{"uv":[2.5625,5.609375,3.0,5.3125],"rotation":90,"texture":"#0","tintindex":0},"down":{"uv":[3.625,5.75,3.921875,5.3125],"rotation":0,"texture":"#0","tintindex":0}}}],"display":{"head":{"translation":[0.0,-6.4,0.0],"scale":[4.0,4.0,4.0]}}}