{"textures":{"0":"modelengine:entity/hydra"},"elements":[{"from":[7.999856,9.441698,-2.285715],"to":[7.999856,14.584555,8.0],"rotation":{"angle":0.0,"axis":"y","origin":[7.999856,12.013126,2.8571424]},"faces":{"east":{"uv":[6.625,5.375,7.0,5.5625],"rotation":0,"texture":"#0","tintindex":0},"south":{"uv":[0.0,0.0,0.0,0.1875],"rotation":0,"texture":"#0","tintindex":0},"north":{"uv":[0.0,0.0,0.0,0.1875],"rotation":0,"texture":"#0","tintindex":0},"west":{"uv":[6.625,5.9375,7.0,6.125],"rotation":0,"texture":"#0","tintindex":0},"up":{"uv":[0.0,0.375,0.0,0.0],"rotation":0,"texture":"#0","tintindex":0},"down":{"uv":[0.0,0.0,0.0,0.375],"rotation":0,"texture":"#0","tintindex":0}}},{"from":[4.1430006,0.12973022,-2.285715],"to":[11.857286,7.8440166,8.0],"rotation":{"angle":-45.0,"axis":"z","origin":[8.000144,3.9868736,2.8571424]},"faces":{"east":{"uv":[2.25,6.0,2.625,6.28125],"rotation":0,"texture":"#0","tintindex":0},"south":{"uv":[6.3125,6.4375,6.59375,6.71875],"rotation":0,"texture":"#0","tintindex":0},"north":{"uv":[1.0,6.4375,1.28125,6.71875],"rotation":0,"texture":"#0","tintindex":0},"west":{"uv":[6.0,2.8125,6.375,3.09375],"rotation":0,"texture":"#0","tintindex":0},"up":{"uv":[6.0,3.09375,6.375,2.8125],"rotation":90,"texture":"#0","tintindex":0},"down":{"uv":[2.625,6.375,2.90625,6.0],"rotation":0,"texture":"#0","tintindex":0}}}],"display":{"head":{"translation":[0.0,-6.4,0.0],"scale":[4.0,4.0,4.0]}}}