{"textures":{"0":"modelengine:entity/hydra"},"elements":[{"from":[12.021168,18.742159,-7.673399],"to":[12.021168,23.885015,7.7551723],"rotation":{"angle":0.0,"axis":"y","origin":[12.021168,21.313587,0.040885925]},"faces":{"east":{"uv":[4.1875,0.3125,4.75,0.5],"rotation":0,"texture":"#0","tintindex":0},"south":{"uv":[0.0,0.0,0.0,0.1875],"rotation":0,"texture":"#0","tintindex":0},"north":{"uv":[0.0,0.0,0.0,0.1875],"rotation":0,"texture":"#0","tintindex":0},"west":{"uv":[6.0,1.625,6.5625,1.8125],"rotation":0,"texture":"#0","tintindex":0},"up":{"uv":[0.0,0.5625,0.0,0.0],"rotation":0,"texture":"#0","tintindex":0},"down":{"uv":[0.0,0.0,0.0,0.5625],"rotation":0,"texture":"#0","tintindex":0}}},{"from":[7.735741,8.395529,-7.673399],"to":[16.30717,16.966957,7.7551723],"rotation":{"angle":-45.0,"axis":"z","origin":[12.021456,12.681243,0.040885925]},"faces":{"east":{"uv":[3.0,4.375,3.5625,4.6875],"rotation":0,"texture":"#0","tintindex":0},"south":{"uv":[4.5,6.0,4.8125,6.3125],"rotation":0,"texture":"#0","tintindex":0},"north":{"uv":[6.0,4.375,6.3125,4.6875],"rotation":0,"texture":"#0","tintindex":0},"west":{"uv":[3.5625,4.375,4.125,4.6875],"rotation":0,"texture":"#0","tintindex":0},"up":{"uv":[3.5625,4.6875,4.125,4.375],"rotation":90,"texture":"#0","tintindex":0},"down":{"uv":[2.5,5.0625,2.8125,4.5],"rotation":0,"texture":"#0","tintindex":0}}}],"display":{"head":{"translation":[0.0,-6.4,0.0],"scale":[4.0,4.0,4.0]}}}