{"textures":{"0":"modelengine:entity/hydra"},"elements":[{"from":[8.000144,7.4416976,2.4285712],"to":[8.000144,12.584555,11.0],"rotation":{"angle":0.0,"axis":"y","origin":[8.000144,10.013126,6.714286]},"faces":{"east":{"uv":[4.75,6.9375,4.4375,7.125],"rotation":0,"texture":"#0","tintindex":0},"south":{"uv":[0.0,0.0,0.0,0.1875],"rotation":0,"texture":"#0","tintindex":0},"north":{"uv":[0.0,0.0,0.0,0.1875],"rotation":0,"texture":"#0","tintindex":0},"west":{"uv":[4.4375,6.9375,4.125,7.125],"rotation":0,"texture":"#0","tintindex":0},"up":{"uv":[0.0,0.3125,0.0,0.0],"rotation":0,"texture":"#0","tintindex":0},"down":{"uv":[0.0,0.0,0.0,0.3125],"rotation":0,"texture":"#0","tintindex":0}}},{"from":[4.5712843,0.27258778,2.4285712],"to":[11.428428,7.129731,9.285714],"rotation":{"angle":45.0,"axis":"z","origin":[7.999856,3.7011595,5.8571424]},"faces":{"east":{"uv":[7.125,2.75,6.875,3.0],"rotation":0,"texture":"#0","tintindex":0},"south":{"uv":[7.125,2.5,6.875,2.75],"rotation":0,"texture":"#0","tintindex":0},"north":{"uv":[7.125,1.0,6.875,1.25],"rotation":0,"texture":"#0","tintindex":0},"west":{"uv":[7.125,1.25,6.875,1.5],"rotation":0,"texture":"#0","tintindex":0},"up":{"uv":[6.875,2.75,7.125,3.0],"rotation":0,"texture":"#0","tintindex":0},"down":{"uv":[3.375,6.875,3.625,7.125],"rotation":0,"texture":"#0","tintindex":0}}}],"display":{"head":{"translation":[0.0,-6.4,0.0],"scale":[4.0,4.0,4.0]}}}