{"textures":{"0":"modelengine:entity/hydra"},"elements":[{"from":[12.021168,7.8330207,-0.8162565],"to":[12.021168,12.975878,7.7551723],"rotation":{"angle":0.0,"axis":"y","origin":[12.021168,10.404449,3.469458]},"faces":{"east":{"uv":[6.9375,0.0,7.25,0.1875],"rotation":0,"texture":"#0","tintindex":0},"south":{"uv":[0.0,0.0,0.0,0.1875],"rotation":0,"texture":"#0","tintindex":0},"north":{"uv":[0.0,0.0,0.0,0.1875],"rotation":0,"texture":"#0","tintindex":0},"west":{"uv":[6.9375,3.0,7.25,3.1875],"rotation":0,"texture":"#0","tintindex":0},"up":{"uv":[0.0,0.3125,0.0,0.0],"rotation":0,"texture":"#0","tintindex":0},"down":{"uv":[0.0,0.0,0.0,0.3125],"rotation":0,"texture":"#0","tintindex":0}}},{"from":[8.378598,-0.9616146,-0.8162565],"to":[15.664312,6.3240995,7.7551723],"rotation":{"angle":-45.0,"axis":"z","origin":[12.021456,2.6812425,3.469458]},"faces":{"east":{"uv":[1.375,6.375,1.6875,6.640625],"rotation":0,"texture":"#0","tintindex":0},"south":{"uv":[6.6875,1.75,6.953125,2.015625],"rotation":0,"texture":"#0","tintindex":0},"north":{"uv":[1.5625,6.6875,1.828125,6.953125],"rotation":0,"texture":"#0","tintindex":0},"west":{"uv":[1.6875,6.375,2.0,6.640625],"rotation":0,"texture":"#0","tintindex":0},"up":{"uv":[1.6875,6.640625,2.0,6.375],"rotation":90,"texture":"#0","tintindex":0},"down":{"uv":[6.375,3.0,6.640625,2.6875],"rotation":0,"texture":"#0","tintindex":0}}}],"display":{"head":{"translation":[0.0,-6.4,0.0],"scale":[4.0,4.0,4.0]}}}