{"textures":{"0":"modelengine:entity/hydra"},"elements":[{"from":[3.9788322,15.8850155,-7.1019707],"to":[3.9788322,21.027874,8.326601],"rotation":{"angle":0.0,"axis":"y","origin":[3.9788322,18.456444,0.6123147]},"faces":{"east":{"uv":[6.5625,1.625,6.0,1.8125],"rotation":0,"texture":"#0","tintindex":0},"south":{"uv":[0.0,0.0,0.0,0.1875],"rotation":0,"texture":"#0","tintindex":0},"north":{"uv":[0.0,0.0,0.0,0.1875],"rotation":0,"texture":"#0","tintindex":0},"west":{"uv":[4.75,0.3125,4.1875,0.5],"rotation":0,"texture":"#0","tintindex":0},"up":{"uv":[0.0,0.5625,0.0,0.0],"rotation":0,"texture":"#0","tintindex":0},"down":{"uv":[0.0,0.0,0.0,0.5625],"rotation":0,"texture":"#0","tintindex":0}}},{"from":[-0.3071699,5.5383854,-7.1019707],"to":[8.264259,14.109815,8.326601],"rotation":{"angle":45.0,"axis":"z","origin":[3.9785442,9.8241,0.6123147]},"faces":{"east":{"uv":[4.125,4.375,3.5625,4.6875],"rotation":0,"texture":"#0","tintindex":0},"south":{"uv":[4.8125,6.0,4.5,6.3125],"rotation":0,"texture":"#0","tintindex":0},"north":{"uv":[6.3125,4.375,6.0,4.6875],"rotation":0,"texture":"#0","tintindex":0},"west":{"uv":[3.5625,4.375,3.0,4.6875],"rotation":0,"texture":"#0","tintindex":0},"up":{"uv":[3.5625,4.375,4.125,4.6875],"rotation":90,"texture":"#0","tintindex":0},"down":{"uv":[2.8125,5.0625,2.5,4.5],"rotation":0,"texture":"#0","tintindex":0}}}],"display":{"head":{"translation":[0.0,-6.4,0.0],"scale":[4.0,4.0,4.0]}}}