{"textures":{"0":"modelengine:entity/hydra"},"elements":[{"from":[-1.1619415,-1.6869326,1.4362426],"to":[10.323773,6.884496,11.0362425],"rotation":{"angle":22.5,"axis":"z","origin":[4.5809155,2.598782,6.2362423]},"faces":{"east":{"uv":[1.875,5.875,2.21875,6.1875],"rotation":0,"texture":"#0","tintindex":0},"south":{"uv":[1.125,5.3125,1.546875,5.625],"rotation":0,"texture":"#0","tintindex":0},"north":{"uv":[0.3125,5.3125,0.734375,5.625],"rotation":0,"texture":"#0","tintindex":0},"west":{"uv":[3.25,5.875,3.59375,6.1875],"rotation":0,"texture":"#0","tintindex":0},"up":{"uv":[0.734375,5.28125,0.3125,4.9375],"rotation":0,"texture":"#0","tintindex":0},"down":{"uv":[5.359375,1.5,4.9375,1.84375],"rotation":0,"texture":"#0","tintindex":0}}},{"from":[0.8303461,-9.078032,1.9505281],"to":[9.401775,1.2076821,10.521957],"rotation":{"angle":0.0,"axis":"y","origin":[5.1160607,-3.935175,6.2362423]},"faces":{"east":{"uv":[5.6875,2.8125,6.0,3.1875],"rotation":0,"texture":"#0","tintindex":0},"south":{"uv":[5.6875,4.375,6.0,4.75],"rotation":0,"texture":"#0","tintindex":0},"north":{"uv":[1.5625,5.6875,1.875,6.0625],"rotation":0,"texture":"#0","tintindex":0},"west":{"uv":[2.9375,5.75,3.25,6.125],"rotation":0,"texture":"#0","tintindex":0},"up":{"uv":[6.125,6.3125,5.8125,6.0],"rotation":0,"texture":"#0","tintindex":0},"down":{"uv":[0.3125,6.0625,0.0,6.375],"rotation":0,"texture":"#0","tintindex":0}}}],"display":{"head":{"translation":[0.0,-6.4,0.0],"scale":[4.0,4.0,4.0]}}}