{"textures":{"0":"modelengine:entity/hydra"},"elements":[{"from":[5.0,-9.1428585,5.0],"to":[11.0,-0.57142925,11.0],"rotation":{"angle":0.0,"axis":"y","origin":[8.0,-4.8571434,8.0]},"faces":{"east":{"uv":[3.125,6.6875,3.34375,7.0],"rotation":0,"texture":"#0","tintindex":0},"south":{"uv":[6.0625,6.6875,6.28125,7.0],"rotation":0,"texture":"#0","tintindex":0},"north":{"uv":[6.6875,3.0,6.90625,3.3125],"rotation":0,"texture":"#0","tintindex":0},"west":{"uv":[6.6875,6.125,6.90625,6.4375],"rotation":0,"texture":"#0","tintindex":0},"up":{"uv":[1.78125,7.21875,1.5625,7.0],"rotation":0,"texture":"#0","tintindex":0},"down":{"uv":[7.21875,1.75,7.0,1.96875],"rotation":0,"texture":"#0","tintindex":0}}},{"from":[4.5714283,-0.57142925,4.5714283],"to":[11.428572,8.0,11.428572],"rotation":{"angle":0.0,"axis":"y","origin":[8.0,3.7142854,8.0]},"faces":{"east":{"uv":[4.0625,6.5625,4.3125,6.875],"rotation":0,"texture":"#0","tintindex":0},"south":{"uv":[6.5625,4.375,6.8125,4.6875],"rotation":0,"texture":"#0","tintindex":0},"north":{"uv":[3.8125,6.5625,4.0625,6.875],"rotation":0,"texture":"#0","tintindex":0},"west":{"uv":[5.125,6.5625,5.375,6.875],"rotation":0,"texture":"#0","tintindex":0},"up":{"uv":[5.5625,7.125,5.3125,6.875],"rotation":0,"texture":"#0","tintindex":0},"down":{"uv":[5.8125,6.875,5.5625,7.125],"rotation":0,"texture":"#0","tintindex":0}}}],"display":{"head":{"translation":[0.0,-6.4,0.0],"scale":[4.0,4.0,4.0]}}}