{"textures":{"0":"modelengine:entity/hydra"},"elements":[{"from":[5.0,-9.714287,5.0],"to":[11.0,-1.1428576,11.0],"rotation":{"angle":0.0,"axis":"y","origin":[8.0,-5.4285717,8.0]},"faces":{"east":{"uv":[1.0,6.75,1.21875,7.0625],"rotation":0,"texture":"#0","tintindex":0},"south":{"uv":[6.3125,6.75,6.53125,7.0625],"rotation":0,"texture":"#0","tintindex":0},"north":{"uv":[6.75,0.1875,6.96875,0.5],"rotation":0,"texture":"#0","tintindex":0},"west":{"uv":[2.375,6.8125,2.59375,7.125],"rotation":0,"texture":"#0","tintindex":0},"up":{"uv":[2.03125,7.21875,1.8125,7.0],"rotation":0,"texture":"#0","tintindex":0},"down":{"uv":[2.28125,7.0,2.0625,7.21875],"rotation":0,"texture":"#0","tintindex":0}}},{"from":[4.5714283,-1.1428576,4.5714283],"to":[11.428572,7.428571,11.428572],"rotation":{"angle":0.0,"axis":"y","origin":[8.0,3.142857,8.0]},"faces":{"east":{"uv":[5.625,6.5625,5.875,6.875],"rotation":0,"texture":"#0","tintindex":0},"south":{"uv":[4.3125,6.625,4.5625,6.9375],"rotation":0,"texture":"#0","tintindex":0},"north":{"uv":[5.375,6.5625,5.625,6.875],"rotation":0,"texture":"#0","tintindex":0},"west":{"uv":[4.5625,6.625,4.8125,6.9375],"rotation":0,"texture":"#0","tintindex":0},"up":{"uv":[7.125,6.6875,6.875,6.4375],"rotation":0,"texture":"#0","tintindex":0},"down":{"uv":[7.1875,2.25,6.9375,2.5],"rotation":0,"texture":"#0","tintindex":0}}}],"display":{"head":{"translation":[0.0,-6.4,0.0],"scale":[4.0,4.0,4.0]}}}