{"textures":{"0":"modelengine:entity/hydra"},"elements":[{"from":[5.0857143,4.5890846,1.9702811],"to":[10.914286,7.9833703,11.02171],"rotation":{"angle":0.0,"axis":"y","origin":[8.0,6.2862277,6.4959955]},"faces":{"east":{"uv":[1.4375,2.0625,1.765625,2.1875],"rotation":0,"texture":"#0","tintindex":0},"south":{"uv":[0.0,5.5,0.21875,5.625],"rotation":0,"texture":"#0","tintindex":0},"north":{"uv":[4.6875,1.0625,4.90625,1.1875],"rotation":0,"texture":"#0","tintindex":0},"west":{"uv":[3.75,1.125,4.078125,1.25],"rotation":0,"texture":"#0","tintindex":0},"up":{"uv":[5.03125,6.953125,4.8125,6.625],"rotation":0,"texture":"#0","tintindex":0},"down":{"uv":[6.84375,6.4375,6.625,6.765625],"rotation":0,"texture":"#0","tintindex":0}}},{"from":[6.714286,5.97966,-1.7353592],"to":[9.285714,9.408232,3.4074984],"rotation":{"angle":-45.0,"axis":"x","origin":[8.0,7.6939454,0.8360696]},"faces":{"east":{"uv":[6.25,1.0,6.4375,1.125],"rotation":0,"texture":"#0","tintindex":0},"south":{"uv":[7.4375,1.8125,7.53125,1.9375],"rotation":0,"texture":"#0","tintindex":0},"north":{"uv":[1.8125,7.4375,1.90625,7.5625],"rotation":0,"texture":"#0","tintindex":0},"west":{"uv":[7.25,4.875,7.4375,5.0],"rotation":0,"texture":"#0","tintindex":0},"up":{"uv":[5.59375,7.5,5.5,7.3125],"rotation":0,"texture":"#0","tintindex":0},"down":{"uv":[7.40625,5.5,7.3125,5.6875],"rotation":0,"texture":"#0","tintindex":0}}},{"from":[3.7999997,5.0099134,-0.5231762],"to":[6.3714285,8.438485,4.6196814],"rotation":{"angle":-45.0,"axis":"x","origin":[5.0857143,6.7241993,2.048253]},"faces":{"east":{"uv":[7.25,5.375,7.4375,5.5],"rotation":0,"texture":"#0","tintindex":0},"south":{"uv":[7.4375,1.9375,7.53125,2.0625],"rotation":0,"texture":"#0","tintindex":0},"north":{"uv":[1.9375,7.4375,2.03125,7.5625],"rotation":0,"texture":"#0","tintindex":0},"west":{"uv":[7.25,5.9375,7.4375,6.0625],"rotation":0,"texture":"#0","tintindex":0},"up":{"uv":[5.71875,7.5,5.625,7.3125],"rotation":0,"texture":"#0","tintindex":0},"down":{"uv":[5.84375,7.3125,5.75,7.5],"rotation":0,"texture":"#0","tintindex":0}}},{"from":[9.6285715,5.0099134,-0.5231762],"to":[12.200001,8.438485,4.6196814],"rotation":{"angle":-45.0,"axis":"x","origin":[10.914286,6.7241993,2.048253]},"faces":{"east":{"uv":[7.3125,2.375,7.5,2.5],"rotation":0,"texture":"#0","tintindex":0},"south":{"uv":[7.4375,2.0625,7.53125,2.1875],"rotation":0,"texture":"#0","tintindex":0},"north":{"uv":[2.0625,7.4375,2.15625,7.5625],"rotation":0,"texture":"#0","tintindex":0},"west":{"uv":[7.3125,3.4375,7.5,3.5625],"rotation":0,"texture":"#0","tintindex":0},"up":{"uv":[5.96875,7.5,5.875,7.3125],"rotation":0,"texture":"#0","tintindex":0},"down":{"uv":[7.40625,6.0625,7.3125,6.25],"rotation":0,"texture":"#0","tintindex":0}}}],"display":{"head":{"translation":[0.0,-6.4,0.0],"scale":[4.0,4.0,4.0]}}}