{"textures":{"0":"modelengine:entity/hydra"},"elements":[{"from":[6.1142855,-5.6457148,5.7371426],"to":[9.885715,7.9314284,10.262857],"rotation":{"angle":0.0,"axis":"y","origin":[8.0,1.1428566,8.0]},"faces":{"east":{"uv":[2.4375,6.3125,2.609375,6.8125],"rotation":0,"texture":"#0","tintindex":0},"south":{"uv":[0.8125,6.6875,0.953125,7.1875],"rotation":0,"texture":"#0","tintindex":0},"north":{"uv":[2.9375,6.625,3.078125,7.125],"rotation":0,"texture":"#0","tintindex":0},"west":{"uv":[5.875,6.3125,6.046875,6.8125],"rotation":0,"texture":"#0","tintindex":0},"up":{"uv":[7.390625,1.671875,7.25,1.5],"rotation":0,"texture":"#0","tintindex":0},"down":{"uv":[1.703125,7.25,1.5625,7.421875],"rotation":0,"texture":"#0","tintindex":0}}}],"display":{"head":{"translation":[0.0,-6.4,0.0],"scale":[4.0,4.0,4.0]}}}