{"textures":{"0":"modelengine:entity/hydra"},"elements":[{"from":[6.6557336,8.503763,7.569998],"to":[16.084305,13.64662,24.712856],"rotation":{"angle":22.5,"axis":"z","origin":[11.37002,11.0751915,16.141426]},"faces":{"east":{"uv":[5.6875,3.1875,6.3125,3.375],"rotation":0,"texture":"#0","tintindex":0},"south":{"uv":[6.8125,4.5625,7.15625,4.75],"rotation":0,"texture":"#0","tintindex":0},"north":{"uv":[6.8125,4.375,7.15625,4.5625],"rotation":0,"texture":"#0","tintindex":0},"west":{"uv":[5.75,3.75,6.375,3.9375],"rotation":0,"texture":"#0","tintindex":0},"up":{"uv":[0.34375,4.4375,0.0,3.8125],"rotation":0,"texture":"#0","tintindex":0},"down":{"uv":[2.09375,3.9375,1.75,4.5625],"rotation":0,"texture":"#0","tintindex":0}}},{"from":[-0.085157394,8.503763,7.569998],"to":[9.343415,13.64662,24.712856],"rotation":{"angle":-22.5,"axis":"z","origin":[4.6291294,11.0751915,16.141426]},"faces":{"east":{"uv":[5.75,3.9375,6.375,4.125],"rotation":0,"texture":"#0","tintindex":0},"south":{"uv":[0.0,6.875,0.34375,7.0625],"rotation":0,"texture":"#0","tintindex":0},"north":{"uv":[6.5625,6.8125,6.90625,7.0],"rotation":0,"texture":"#0","tintindex":0},"west":{"uv":[4.5625,5.8125,5.1875,6.0],"rotation":0,"texture":"#0","tintindex":0},"up":{"uv":[2.46875,4.5625,2.125,3.9375],"rotation":0,"texture":"#0","tintindex":0},"down":{"uv":[4.34375,2.4375,4.0,3.0625],"rotation":0,"texture":"#0","tintindex":0}}},{"from":[-0.7074938,10.507009,7.5734262],"to":[16.717722,18.218466,24.709427],"rotation":{"angle":0.0,"axis":"y","origin":[8.005115,14.362738,16.141426]},"faces":{"east":{"uv":[4.4375,2.0625,5.0625,2.34375],"rotation":0,"texture":"#0","tintindex":0},"south":{"uv":[4.375,2.75,5.015625,3.03125],"rotation":0,"texture":"#0","tintindex":0},"north":{"uv":[4.375,2.4375,5.015625,2.71875],"rotation":0,"texture":"#0","tintindex":0},"west":{"uv":[4.5,3.4375,5.125,3.71875],"rotation":0,"texture":"#0","tintindex":0},"up":{"uv":[2.640625,1.25,2.0,0.625],"rotation":0,"texture":"#0","tintindex":0},"down":{"uv":[0.640625,2.0625,0.0,2.6875],"rotation":0,"texture":"#0","tintindex":0}}},{"from":[-2.1470318,16.38311,7.569998],"to":[9.4243965,21.525967,24.712856],"rotation":{"angle":22.5,"axis":"z","origin":[3.6386824,18.95454,16.141426]},"faces":{"east":{"uv":[5.8125,4.75,6.4375,4.9375],"rotation":0,"texture":"#0","tintindex":0},"south":{"uv":[6.5,0.0,6.921875,0.1875],"rotation":0,"texture":"#0","tintindex":0},"north":{"uv":[6.4375,5.75,6.859375,5.9375],"rotation":0,"texture":"#0","tintindex":0},"west":{"uv":[5.8125,4.9375,6.4375,5.125],"rotation":0,"texture":"#0","tintindex":0},"up":{"uv":[3.609375,3.125,3.1875,2.5],"rotation":0,"texture":"#0","tintindex":0},"down":{"uv":[3.609375,3.125,3.1875,3.75],"rotation":0,"texture":"#0","tintindex":0}}},{"from":[6.574752,16.38311,7.569998],"to":[18.146181,21.525967,24.712856],"rotation":{"angle":-22.5,"axis":"z","origin":[12.360466,18.95454,16.141426]},"faces":{"east":{"uv":[5.8125,5.625,6.4375,5.8125],"rotation":0,"texture":"#0","tintindex":0},"south":{"uv":[6.5625,1.5625,6.984375,1.75],"rotation":0,"texture":"#0","tintindex":0},"north":{"uv":[0.5625,6.5,0.984375,6.6875],"rotation":0,"texture":"#0","tintindex":0},"west":{"uv":[5.8125,5.8125,6.4375,6.0],"rotation":0,"texture":"#0","tintindex":0},"up":{"uv":[3.671875,0.625,3.25,0.0],"rotation":0,"texture":"#0","tintindex":0},"down":{"uv":[3.734375,0.625,3.3125,1.25],"rotation":0,"texture":"#0","tintindex":0}}},{"from":[7.999574,23.544327,7.569998],"to":[7.999574,28.687185,24.712856],"rotation":{"angle":0.0,"axis":"y","origin":[7.999574,26.115757,16.141426]},"faces":{"east":{"uv":[0.0,5.875,0.625,6.0625],"rotation":0,"texture":"#0","tintindex":0},"south":{"uv":[0.0,0.0,0.0,0.1875],"rotation":0,"texture":"#0","tintindex":0},"north":{"uv":[0.0,0.0,0.0,0.1875],"rotation":0,"texture":"#0","tintindex":0},"west":{"uv":[5.875,0.0,6.5,0.1875],"rotation":0,"texture":"#0","tintindex":0},"up":{"uv":[0.0,0.625,0.0,0.0],"rotation":0,"texture":"#0","tintindex":0},"down":{"uv":[0.0,0.0,0.0,0.625],"rotation":0,"texture":"#0","tintindex":0}}}],"display":{"head":{"translation":[0.0,-6.4,0.0],"scale":[4.0,4.0,4.0]}}}