{"textures":{"0":"modelengine:entity/hydra"},"elements":[{"from":[9.714454,6.0890594,4.9542665],"to":[13.143025,9.517631,10.097124],"rotation":{"angle":-22.5,"axis":"x","origin":[11.42874,7.8033447,7.525695]},"faces":{"east":{"uv":[5.3125,5.125,5.5,5.25],"rotation":0,"texture":"#0","tintindex":0},"south":{"uv":[2.5,3.9375,2.625,4.0625],"rotation":0,"texture":"#0","tintindex":0},"north":{"uv":[0.5,3.5625,0.625,3.6875],"rotation":0,"texture":"#0","tintindex":0},"west":{"uv":[2.25,5.875,2.4375,6.0],"rotation":0,"texture":"#0","tintindex":0},"up":{"uv":[1.5,7.4375,1.375,7.25],"rotation":0,"texture":"#0","tintindex":0},"down":{"uv":[2.0625,7.25,1.9375,7.4375],"rotation":0,"texture":"#0","tintindex":0}}},{"from":[6.2855945,4.671069,-7.9060926],"to":[9.714166,7.2424974,-1.0489492],"rotation":{"angle":0.0,"axis":"y","origin":[7.99988,5.9567833,-4.477521]},"faces":{"east":{"uv":[6.375,3.0,6.625,3.09375],"rotation":0,"texture":"#0","tintindex":0},"south":{"uv":[7.4375,1.6875,7.5625,1.78125],"rotation":0,"texture":"#0","tintindex":0},"north":{"uv":[1.6875,7.4375,1.8125,7.53125],"rotation":0,"texture":"#0","tintindex":0},"west":{"uv":[7.1875,3.9375,7.4375,4.03125],"rotation":0,"texture":"#0","tintindex":0},"up":{"uv":[4.75,7.375,4.625,7.125],"rotation":0,"texture":"#0","tintindex":0},"down":{"uv":[7.25,4.75,7.125,5.0],"rotation":0,"texture":"#0","tintindex":0}}},{"from":[6.7141657,2.0069966,-8.663128],"to":[9.285595,6.721282,-6.0916986],"rotation":{"angle":-22.5,"axis":"x","origin":[7.99988,4.364139,-7.377413]},"faces":{"east":{"uv":[7.4375,0.9375,7.53125,1.109375],"rotation":0,"texture":"#0","tintindex":0},"south":{"uv":[7.4375,1.125,7.53125,1.296875],"rotation":0,"texture":"#0","tintindex":0},"north":{"uv":[7.4375,0.75,7.53125,0.921875],"rotation":0,"texture":"#0","tintindex":0},"west":{"uv":[1.375,7.4375,1.46875,7.609375],"rotation":0,"texture":"#0","tintindex":0},"up":{"uv":[7.53125,5.53125,7.4375,5.4375],"rotation":0,"texture":"#0","tintindex":0},"down":{"uv":[7.53125,5.5625,7.4375,5.65625],"rotation":0,"texture":"#0","tintindex":0}}},{"from":[8.417522,5.065624,-4.6308985],"to":[10.988952,7.637053,6.940531],"rotation":{"angle":22.5,"axis":"y","origin":[9.703238,6.3513384,1.1548162]},"faces":{"east":{"uv":[7.0,4.25,7.421875,4.34375],"rotation":0,"texture":"#0","tintindex":0},"south":{"uv":[7.4375,6.0625,7.53125,6.15625],"rotation":0,"texture":"#0","tintindex":0},"north":{"uv":[7.4375,5.9375,7.53125,6.03125],"rotation":0,"texture":"#0","tintindex":0},"west":{"uv":[7.125,1.3125,7.546875,1.40625],"rotation":0,"texture":"#0","tintindex":0},"up":{"uv":[2.90625,7.484375,2.8125,7.0625],"rotation":0,"texture":"#0","tintindex":0},"down":{"uv":[6.53125,7.0625,6.4375,7.484375],"rotation":0,"texture":"#0","tintindex":0}}},{"from":[5.0108085,5.065624,-4.6308985],"to":[7.5822372,7.637053,6.940531],"rotation":{"angle":-22.5,"axis":"y","origin":[6.296523,6.3513384,1.1548162]},"faces":{"east":{"uv":[7.125,2.5,7.546875,2.59375],"rotation":0,"texture":"#0","tintindex":0},"south":{"uv":[7.4375,6.3125,7.53125,6.40625],"rotation":0,"texture":"#0","tintindex":0},"north":{"uv":[7.4375,6.1875,7.53125,6.28125],"rotation":0,"texture":"#0","tintindex":0},"west":{"uv":[7.125,2.625,7.546875,2.71875],"rotation":0,"texture":"#0","tintindex":0},"up":{"uv":[0.53125,7.546875,0.4375,7.125],"rotation":0,"texture":"#0","tintindex":0},"down":{"uv":[2.59375,7.125,2.5,7.546875],"rotation":0,"texture":"#0","tintindex":0}}},{"from":[2.8567352,6.0890594,4.9542665],"to":[6.2853065,9.517631,10.097124],"rotation":{"angle":-22.5,"axis":"x","origin":[4.5710206,7.8033447,7.525695]},"faces":{"east":{"uv":[1.6875,6.0625,1.875,6.1875],"rotation":0,"texture":"#0","tintindex":0},"south":{"uv":[7.375,7.1875,7.5,7.3125],"rotation":0,"texture":"#0","tintindex":0},"north":{"uv":[2.4375,5.875,2.5625,6.0],"rotation":0,"texture":"#0","tintindex":0},"west":{"uv":[6.1875,2.6875,6.375,2.8125],"rotation":0,"texture":"#0","tintindex":0},"up":{"uv":[2.1875,7.4375,2.0625,7.25],"rotation":0,"texture":"#0","tintindex":0},"down":{"uv":[2.3125,7.25,2.1875,7.4375],"rotation":0,"texture":"#0","tintindex":0}}},{"from":[8.000168,-1.0781422,-8.650854],"to":[8.000168,5.7790017,-3.5079966],"rotation":{"angle":-22.5,"axis":"x","origin":[8.000168,2.35043,-6.079425]},"faces":{"east":{"uv":[2.3125,4.5625,2.5,4.8125],"rotation":0,"texture":"#0","tintindex":0},"south":{"uv":[0.0,0.0,0.0,0.25],"rotation":0,"texture":"#0","tintindex":0},"north":{"uv":[0.0,0.0,0.0,0.25],"rotation":0,"texture":"#0","tintindex":0},"west":{"uv":[6.5625,7.0,6.75,7.25],"rotation":0,"texture":"#0","tintindex":0},"up":{"uv":[0.0,0.1875,0.0,0.0],"rotation":0,"texture":"#0","tintindex":0},"down":{"uv":[0.0,0.0,0.0,0.1875],"rotation":0,"texture":"#0","tintindex":0}}},{"from":[7.99988,3.865624,-5.8202486],"to":[7.99988,5.57991,4.4654665],"rotation":{"angle":0.0,"axis":"y","origin":[7.99988,4.722767,-0.67739105]},"faces":{"east":{"uv":[4.0625,2.0625,4.4375,2.125],"rotation":0,"texture":"#0","tintindex":0},"south":{"uv":[0.0,0.0,0.0,0.0625],"rotation":0,"texture":"#0","tintindex":0},"north":{"uv":[0.0,0.0,0.0,0.0625],"rotation":0,"texture":"#0","tintindex":0},"west":{"uv":[4.4375,2.375,4.8125,2.4375],"rotation":0,"texture":"#0","tintindex":0},"up":{"uv":[0.0,0.375,0.0,0.0],"rotation":0,"texture":"#0","tintindex":0},"down":{"uv":[0.0,0.0,0.0,0.375],"rotation":0,"texture":"#0","tintindex":0}}},{"from":[5.0035963,5.0690527,1.8672771],"to":[10.996739,6.776481,7.86042],"rotation":{"angle":45.0,"axis":"y","origin":[8.000168,5.9227667,4.8638487]},"faces":{"east":{"uv":[5.125,3.6875,5.34375,3.75],"rotation":0,"texture":"#0","tintindex":0},"south":{"uv":[5.375,3.6875,5.59375,3.75],"rotation":0,"texture":"#0","tintindex":0},"north":{"uv":[5.0625,3.0,5.28125,3.0625],"rotation":0,"texture":"#0","tintindex":0},"west":{"uv":[5.875,0.5625,6.09375,0.625],"rotation":0,"texture":"#0","tintindex":0},"up":{"uv":[7.21875,0.59375,7.0,0.375],"rotation":0,"texture":"#0","tintindex":0},"down":{"uv":[7.21875,1.5,7.0,1.71875],"rotation":0,"texture":"#0","tintindex":0}}},{"from":[10.973086,7.637053,-2.9963741],"to":[10.973086,8.494196,4.7179117],"rotation":{"angle":22.5,"axis":"y","origin":[10.973086,8.065624,0.8607688]},"faces":{"east":{"uv":[7.4375,2.3125,7.71875,2.34375],"rotation":0,"texture":"#0","tintindex":0},"south":{"uv":[0.0,0.0,0.0,0.03125],"rotation":0,"texture":"#0","tintindex":0},"north":{"uv":[0.0,0.0,0.0,0.03125],"rotation":0,"texture":"#0","tintindex":0},"west":{"uv":[7.4375,6.4375,7.71875,6.46875],"rotation":0,"texture":"#0","tintindex":0},"up":{"uv":[0.0,0.28125,0.0,0.0],"rotation":0,"texture":"#0","tintindex":0},"down":{"uv":[0.0,0.0,0.0,0.28125],"rotation":0,"texture":"#0","tintindex":0}}},{"from":[6.285882,7.2424974,-7.9060917],"to":[9.714454,8.099641,-2.7632341],"rotation":{"angle":0.0,"axis":"y","origin":[8.000168,7.671069,-5.3346624]},"faces":{"east":{"uv":[6.4375,5.9375,6.625,5.96875],"rotation":0,"texture":"#0","tintindex":0},"south":{"uv":[3.125,6.125,3.25,6.15625],"rotation":0,"texture":"#0","tintindex":0},"north":{"uv":[5.6875,4.75,5.8125,4.78125],"rotation":0,"texture":"#0","tintindex":0},"west":{"uv":[6.5625,3.6875,6.75,3.71875],"rotation":0,"texture":"#0","tintindex":0},"up":{"uv":[7.375,3.1875,7.25,3.0],"rotation":0,"texture":"#0","tintindex":0},"down":{"uv":[7.375,4.0625,7.25,4.25],"rotation":0,"texture":"#0","tintindex":0}}},{"from":[5.02725,7.637053,-2.9963741],"to":[5.02725,8.494196,4.7179117],"rotation":{"angle":-22.5,"axis":"y","origin":[5.02725,8.065624,0.8607688]},"faces":{"east":{"uv":[7.4375,6.5,7.71875,6.53125],"rotation":0,"texture":"#0","tintindex":0},"south":{"uv":[0.0,0.0,0.0,0.03125],"rotation":0,"texture":"#0","tintindex":0},"north":{"uv":[0.0,0.0,0.0,0.03125],"rotation":0,"texture":"#0","tintindex":0},"west":{"uv":[7.4375,6.5625,7.71875,6.59375],"rotation":0,"texture":"#0","tintindex":0},"up":{"uv":[0.0,0.28125,0.0,0.0],"rotation":0,"texture":"#0","tintindex":0},"down":{"uv":[0.0,0.0,0.0,0.28125],"rotation":0,"texture":"#0","tintindex":0}}}],"display":{"head":{"translation":[0.0,-6.4,0.0],"scale":[4.0,4.0,4.0]}}}