{"textures":{"0":"modelengine:entity/hydra"},"elements":[{"from":[5.428571,1.7485714,9.211429],"to":[10.571428,8.537143,22.78857],"rotation":{"angle":22.5,"axis":"x","origin":[8.0,5.142857,16.0]},"faces":{"east":{"uv":[1.0625,5.625,1.5625,5.875],"rotation":0,"texture":"#0","tintindex":0},"south":{"uv":[2.3125,7.125,2.5,7.375],"rotation":0,"texture":"#0","tintindex":0},"north":{"uv":[7.125,1.0625,7.3125,1.3125],"rotation":0,"texture":"#0","tintindex":0},"west":{"uv":[2.0625,5.625,2.5625,5.875],"rotation":0,"texture":"#0","tintindex":0},"up":{"uv":[3.5,6.6875,3.3125,6.1875],"rotation":0,"texture":"#0","tintindex":0},"down":{"uv":[6.3125,6.1875,6.125,6.6875],"rotation":0,"texture":"#0","tintindex":0}}}],"display":{"head":{"translation":[0.0,-6.4,0.0],"scale":[4.0,4.0,4.0]}}}