{"textures":{"0":"modelengine:entity/hydra"},"elements":[{"from":[5.428571,1.7485714,7.497143],"to":[10.571428,8.537143,21.074286],"rotation":{"angle":22.5,"axis":"x","origin":[8.0,5.142857,14.285715]},"faces":{"east":{"uv":[1.5625,5.4375,2.0625,5.6875],"rotation":0,"texture":"#0","tintindex":0},"south":{"uv":[7.125,0.8125,7.3125,1.0625],"rotation":0,"texture":"#0","tintindex":0},"north":{"uv":[0.25,7.125,0.4375,7.375],"rotation":0,"texture":"#0","tintindex":0},"west":{"uv":[0.0,5.625,0.5,5.875],"rotation":0,"texture":"#0","tintindex":0},"up":{"uv":[3.125,6.625,2.9375,6.125],"rotation":0,"texture":"#0","tintindex":0},"down":{"uv":[3.3125,6.1875,3.125,6.6875],"rotation":0,"texture":"#0","tintindex":0}}}],"display":{"head":{"translation":[0.0,-6.4,0.0],"scale":[4.0,4.0,4.0]}}}