{"textures":{"0":"modelengine:entity/hydra"},"elements":[{"from":[7.999261,15.422752,12.285715],"to":[7.999261,20.565609,32.0],"rotation":{"angle":0.0,"axis":"y","origin":[7.999261,17.99418,22.142859]},"faces":{"east":{"uv":[5.0,3.75,5.71875,3.9375],"rotation":0,"texture":"#0","tintindex":0},"south":{"uv":[0.0,0.0,0.0,0.1875],"rotation":0,"texture":"#0","tintindex":0},"north":{"uv":[0.0,0.0,0.0,0.1875],"rotation":0,"texture":"#0","tintindex":0},"west":{"uv":[5.0,3.9375,5.71875,4.125],"rotation":0,"texture":"#0","tintindex":0},"up":{"uv":[0.0,0.71875,0.0,0.0],"rotation":0,"texture":"#0","tintindex":0},"down":{"uv":[0.0,0.0,0.0,0.71875],"rotation":0,"texture":"#0","tintindex":0}}},{"from":[3.029914,3.420661,12.285715],"to":[12.972773,13.36352,32.0],"rotation":{"angle":-45.0,"axis":"z","origin":[8.001343,8.39209,22.142859]},"faces":{"east":{"uv":[1.125,3.5625,1.84375,3.921875],"rotation":0,"texture":"#0","tintindex":0},"south":{"uv":[5.3125,4.4375,5.671875,4.796875],"rotation":0,"texture":"#0","tintindex":0},"north":{"uv":[5.3125,3.0,5.671875,3.359375],"rotation":0,"texture":"#0","tintindex":0},"west":{"uv":[3.5625,1.25,4.28125,1.609375],"rotation":0,"texture":"#0","tintindex":0},"up":{"uv":[3.5625,1.609375,4.28125,1.25],"rotation":90,"texture":"#0","tintindex":0},"down":{"uv":[3.984375,2.5,3.625,3.21875],"rotation":0,"texture":"#0","tintindex":0}}},{"from":[7.999261,15.765609,-8.285715],"to":[7.999261,20.908466,12.285715],"rotation":{"angle":0.0,"axis":"y","origin":[7.999261,18.337038,2.0]},"faces":{"east":{"uv":[4.75,0.625,5.5,0.8125],"rotation":0,"texture":"#0","tintindex":0},"south":{"uv":[0.0,0.0,0.0,0.1875],"rotation":0,"texture":"#0","tintindex":0},"north":{"uv":[0.0,0.0,0.0,0.1875],"rotation":0,"texture":"#0","tintindex":0},"west":{"uv":[4.9375,1.875,5.6875,2.0625],"rotation":0,"texture":"#0","tintindex":0},"up":{"uv":[0.0,0.75,0.0,0.0],"rotation":0,"texture":"#0","tintindex":0},"down":{"uv":[0.0,0.0,0.0,0.75],"rotation":0,"texture":"#0","tintindex":0}}},{"from":[2.781343,3.163414,-8.285713],"to":[13.221344,13.603415,12.285715],"rotation":{"angle":-45.0,"axis":"z","origin":[8.001344,8.383414,2.0]},"faces":{"east":{"uv":[2.9375,2.125,3.6875,2.5],"rotation":0,"texture":"#0","tintindex":0},"south":{"uv":[5.0,1.0625,5.375,1.4375],"rotation":0,"texture":"#0","tintindex":0},"north":{"uv":[0.75,5.0,1.125,5.375],"rotation":0,"texture":"#0","tintindex":0},"west":{"uv":[1.125,3.1875,1.875,3.5625],"rotation":0,"texture":"#0","tintindex":0},"up":{"uv":[1.125,3.5625,1.875,3.1875],"rotation":90,"texture":"#0","tintindex":0},"down":{"uv":[2.625,3.1875,2.25,3.9375],"rotation":0,"texture":"#0","tintindex":0}}}],"display":{"head":{"translation":[0.0,-6.4,64.21741],"scale":[4.0,4.0,4.0]}}}