{"textures":{"0":"modelengine:entity/crate5"},"elements":[{"from":[13.604948,16.307465,8.857143],"to":[18.176376,18.593178,11.714286],"rotation":{"angle":22.5,"axis":"z","origin":[15.142858,17.714287,10.285714]},"faces":{"east":{"uv":[7.75,13.75,8.375,14.25],"rotation":0,"texture":"#0","tintindex":0},"south":{"uv":[3.625,11.375,4.625,11.875],"rotation":0,"texture":"#0","tintindex":0},"north":{"uv":[4.625,11.375,3.625,11.875],"rotation":0,"texture":"#0","tintindex":0},"west":{"uv":[10.5,3.625,11.125,4.125],"rotation":0,"texture":"#0","tintindex":0},"up":{"uv":[1.125,10.125,2.125,10.75],"rotation":0,"texture":"#0","tintindex":0},"down":{"uv":[10.125,4.75,11.125,4.125],"rotation":0,"texture":"#0","tintindex":0}}},{"from":[17.322811,19.682373,9.428572],"to":[20.179953,21.396658,11.142858],"rotation":{"angle":45.0,"axis":"z","origin":[19.894238,19.396658,10.285714]},"faces":{"east":{"uv":[10.375,15.125,10.75,15.5],"rotation":0,"texture":"#0","tintindex":0},"south":{"uv":[15.375,1.375,14.75,1.75],"rotation":0,"texture":"#0","tintindex":0},"north":{"uv":[14.75,1.375,15.375,1.75],"rotation":0,"texture":"#0","tintindex":0},"west":{"uv":[11.75,4.125,12.125,4.5],"rotation":0,"texture":"#0","tintindex":0},"up":{"uv":[13.875,15.125,14.5,14.75],"rotation":0,"texture":"#0","tintindex":0},"down":{"uv":[1.0,14.875,1.625,15.25],"rotation":0,"texture":"#0","tintindex":0}}}],"display":{"head":{"translation":[0.0,-6.4,0.0],"scale":[4.0,4.0,4.0]}}}