{"textures":{"0":"modelengine:entity/crate5"},"elements":[{"from":[2.7142854,2.142857,3.8571424],"to":[5.0,3.8571424,7.285714],"rotation":{"angle":22.5,"axis":"y","origin":[3.4285712,3.0,6.857143]},"faces":{"east":{"uv":[7.125,6.25,7.875,6.625],"rotation":0,"texture":"#0","tintindex":0},"south":{"uv":[10.5,1.375,11.0,1.75],"rotation":0,"texture":"#0","tintindex":0},"north":{"uv":[10.0,9.125,10.5,9.5],"rotation":0,"texture":"#0","tintindex":0},"west":{"uv":[15.25,3.0,14.5,3.375],"rotation":0,"texture":"#0","tintindex":0},"up":{"uv":[13.375,4.5,13.875,5.25],"rotation":0,"texture":"#0","tintindex":0},"down":{"uv":[13.875,3.75,13.375,4.5],"rotation":0,"texture":"#0","tintindex":0}}},{"from":[6.0,1.8571424,3.7142854],"to":[10.0,4.142857,12.285715],"rotation":{"angle":0.0,"axis":"y","origin":[8.0,-0.57142925,8.0]},"faces":{"east":{"uv":[4.625,8.5,6.5,9.0],"rotation":0,"texture":"#0","tintindex":0},"south":{"uv":[12.125,12.25,13.0,12.75],"rotation":0,"texture":"#0","tintindex":0},"north":{"uv":[12.125,12.25,13.0,12.75],"rotation":0,"texture":"#0","tintindex":0},"west":{"uv":[8.625,3.625,10.5,4.125],"rotation":0,"texture":"#0","tintindex":0},"up":{"uv":[0.875,8.5,0.0,6.625],"rotation":0,"texture":"#0","tintindex":0},"down":{"uv":[1.75,6.625,0.875,8.5],"rotation":0,"texture":"#0","tintindex":0}}},{"from":[1.9999995,1.8571424,6.0],"to":[14.0,4.142857,10.0],"rotation":{"angle":0.0,"axis":"y","origin":[8.0,-0.57142925,8.0]},"faces":{"east":{"uv":[12.125,12.25,13.0,12.75],"rotation":0,"texture":"#0","tintindex":0},"south":{"uv":[7.125,5.75,9.75,6.25],"rotation":0,"texture":"#0","tintindex":0},"north":{"uv":[7.125,3.125,9.75,3.625],"rotation":0,"texture":"#0","tintindex":0},"west":{"uv":[12.125,12.25,13.0,12.75],"rotation":0,"texture":"#0","tintindex":0},"up":{"uv":[7.375,4.875,4.75,4.0],"rotation":0,"texture":"#0","tintindex":0},"down":{"uv":[7.375,4.875,4.75,5.75],"rotation":0,"texture":"#0","tintindex":0}}},{"from":[2.5714283,3.8571424,4.285714],"to":[13.428572,7.857143,11.714286],"rotation":{"angle":0.0,"axis":"y","origin":[8.0,-0.57142925,8.0]},"faces":{"east":{"uv":[6.375,6.625,8.0,7.5],"rotation":0,"texture":"#0","tintindex":0},"south":{"uv":[4.75,5.75,7.125,6.625],"rotation":0,"texture":"#0","tintindex":0},"north":{"uv":[4.75,5.75,7.125,6.625],"rotation":0,"texture":"#0","tintindex":0},"west":{"uv":[6.375,6.625,8.0,7.5],"rotation":0,"texture":"#0","tintindex":0},"up":{"uv":[2.375,1.625,0.0,0.0],"rotation":0,"texture":"#0","tintindex":0},"down":{"uv":[2.375,1.625,0.0,3.25],"rotation":0,"texture":"#0","tintindex":0}}},{"from":[6.714286,1.7142854,3.142857],"to":[9.285714,4.285714,12.857143],"rotation":{"angle":45.0,"axis":"z","origin":[8.0,3.0,8.0]},"faces":{"east":{"uv":[7.125,1.875,9.25,2.5],"rotation":0,"texture":"#0","tintindex":0},"south":{"uv":[13.25,10.75,12.625,11.375],"rotation":0,"texture":"#0","tintindex":0},"north":{"uv":[12.625,10.75,13.25,11.375],"rotation":0,"texture":"#0","tintindex":0},"west":{"uv":[7.125,2.5,9.25,3.125],"rotation":0,"texture":"#0","tintindex":0},"up":{"uv":[4.625,8.875,4.0,6.75],"rotation":0,"texture":"#0","tintindex":0},"down":{"uv":[2.375,7.375,1.75,9.5],"rotation":0,"texture":"#0","tintindex":0}}},{"from":[11.0,2.142857,8.714286],"to":[13.285715,3.8571424,12.142858],"rotation":{"angle":22.5,"axis":"y","origin":[12.571428,3.0,9.142858]},"faces":{"east":{"uv":[15.25,3.0,14.5,3.375],"rotation":0,"texture":"#0","tintindex":0},"south":{"uv":[0.0,14.875,0.5,15.25],"rotation":0,"texture":"#0","tintindex":0},"north":{"uv":[5.125,12.625,5.625,13.0],"rotation":0,"texture":"#0","tintindex":0},"west":{"uv":[14.125,12.75,14.875,13.125],"rotation":0,"texture":"#0","tintindex":0},"up":{"uv":[13.875,5.25,13.375,4.5],"rotation":0,"texture":"#0","tintindex":0},"down":{"uv":[13.875,8.0,13.375,8.75],"rotation":0,"texture":"#0","tintindex":0}}},{"from":[11.0,2.142857,3.8571424],"to":[13.285715,3.8571424,7.285714],"rotation":{"angle":-22.5,"axis":"y","origin":[12.571428,3.0,6.857143]},"faces":{"east":{"uv":[15.25,3.0,14.5,3.375],"rotation":0,"texture":"#0","tintindex":0},"south":{"uv":[14.875,12.75,15.375,13.125],"rotation":0,"texture":"#0","tintindex":0},"north":{"uv":[7.875,14.875,8.375,15.25],"rotation":0,"texture":"#0","tintindex":0},"west":{"uv":[14.375,0.0,15.125,0.375],"rotation":0,"texture":"#0","tintindex":0},"up":{"uv":[13.875,4.5,13.375,5.25],"rotation":0,"texture":"#0","tintindex":0},"down":{"uv":[11.75,13.375,11.25,14.125],"rotation":0,"texture":"#0","tintindex":0}}},{"from":[2.7142854,2.142857,8.714286],"to":[5.0,3.8571424,12.142858],"rotation":{"angle":-22.5,"axis":"y","origin":[3.4285712,3.0,9.142858]},"faces":{"east":{"uv":[6.125,14.375,6.875,14.75],"rotation":0,"texture":"#0","tintindex":0},"south":{"uv":[15.0,1.75,15.5,2.125],"rotation":0,"texture":"#0","tintindex":0},"north":{"uv":[13.125,14.875,13.625,15.25],"rotation":0,"texture":"#0","tintindex":0},"west":{"uv":[15.25,3.0,14.5,3.375],"rotation":0,"texture":"#0","tintindex":0},"up":{"uv":[13.375,5.25,13.875,4.5],"rotation":0,"texture":"#0","tintindex":0},"down":{"uv":[12.75,13.375,12.25,14.125],"rotation":0,"texture":"#0","tintindex":0}}},{"from":[5.485714,7.5714283,2.8571424],"to":[10.514286,10.428572,5.714286],"rotation":{"angle":0.0,"axis":"y","origin":[8.0,0.5714283,8.0]},"faces":{"east":{"uv":[10.0,13.0,10.625,13.625],"rotation":0,"texture":"#0","tintindex":0},"south":{"uv":[6.0,9.625,7.125,10.25],"rotation":0,"texture":"#0","tintindex":0},"north":{"uv":[6.0,9.625,7.125,10.25],"rotation":0,"texture":"#0","tintindex":0},"west":{"uv":[10.625,13.0,11.25,13.625],"rotation":0,"texture":"#0","tintindex":0},"up":{"uv":[11.0,2.375,9.875,1.75],"rotation":0,"texture":"#0","tintindex":0},"down":{"uv":[11.0,1.75,9.875,2.375],"rotation":0,"texture":"#0","tintindex":0}}},{"from":[5.485714,7.5714283,10.285714],"to":[10.514286,10.428572,13.142858],"rotation":{"angle":0.0,"axis":"y","origin":[8.0,2.2857141,19.428572]},"faces":{"east":{"uv":[13.0,12.0,13.625,12.625],"rotation":0,"texture":"#0","tintindex":0},"south":{"uv":[6.0,9.625,7.125,10.25],"rotation":0,"texture":"#0","tintindex":0},"north":{"uv":[6.0,9.625,7.125,10.25],"rotation":0,"texture":"#0","tintindex":0},"west":{"uv":[1.25,13.125,1.875,13.75],"rotation":0,"texture":"#0","tintindex":0},"up":{"uv":[11.0,1.75,9.875,2.375],"rotation":0,"texture":"#0","tintindex":0},"down":{"uv":[11.0,2.375,9.875,1.75],"rotation":0,"texture":"#0","tintindex":0}}},{"from":[12.857143,7.857143,8.857143],"to":[15.142858,10.142858,12.285715],"rotation":{"angle":22.5,"axis":"y","origin":[15.142858,9.0,11.714286]},"faces":{"east":{"uv":[5.125,13.625,5.875,14.125],"rotation":0,"texture":"#0","tintindex":0},"south":{"uv":[14.75,2.125,15.25,2.625],"rotation":0,"texture":"#0","tintindex":0},"north":{"uv":[14.625,13.625,15.125,14.125],"rotation":0,"texture":"#0","tintindex":0},"west":{"uv":[5.125,13.625,5.875,14.125],"rotation":0,"texture":"#0","tintindex":0},"up":{"uv":[9.125,13.625,9.625,14.375],"rotation":0,"texture":"#0","tintindex":0},"down":{"uv":[1.25,13.75,1.75,14.5],"rotation":0,"texture":"#0","tintindex":0}}},{"from":[12.857143,7.857143,3.7142854],"to":[15.142858,10.142858,7.142857],"rotation":{"angle":-22.5,"axis":"y","origin":[15.142858,9.0,4.285714]},"faces":{"east":{"uv":[5.875,13.625,5.125,14.125],"rotation":0,"texture":"#0","tintindex":0},"south":{"uv":[14.75,0.875,15.25,1.375],"rotation":0,"texture":"#0","tintindex":0},"north":{"uv":[15.25,2.125,14.75,2.625],"rotation":0,"texture":"#0","tintindex":0},"west":{"uv":[5.875,13.625,5.125,14.125],"rotation":0,"texture":"#0","tintindex":0},"up":{"uv":[9.125,14.375,9.625,13.625],"rotation":0,"texture":"#0","tintindex":0},"down":{"uv":[1.25,14.5,1.75,13.75],"rotation":0,"texture":"#0","tintindex":0}}},{"from":[11.857143,7.5714283,6.0],"to":[14.714286,10.428572,10.0],"rotation":{"angle":0.0,"axis":"y","origin":[15.142858,9.0,4.285714]},"faces":{"east":{"uv":[11.0,7.875,11.875,8.5],"rotation":0,"texture":"#0","tintindex":0},"south":{"uv":[13.125,6.25,13.75,6.875],"rotation":0,"texture":"#0","tintindex":0},"north":{"uv":[5.875,13.125,6.5,13.75],"rotation":0,"texture":"#0","tintindex":0},"west":{"uv":[11.0,7.875,11.875,8.5],"rotation":0,"texture":"#0","tintindex":0},"up":{"uv":[11.125,4.5,11.75,3.625],"rotation":0,"texture":"#0","tintindex":0},"down":{"uv":[11.125,3.625,11.75,4.5],"rotation":0,"texture":"#0","tintindex":0}}},{"from":[1.2857141,7.5714283,6.0],"to":[4.142857,10.428572,10.0],"rotation":{"angle":0.0,"axis":"y","origin":[0.85714245,9.0,4.285714]},"faces":{"east":{"uv":[11.0,7.875,11.875,8.5],"rotation":0,"texture":"#0","tintindex":0},"south":{"uv":[13.25,6.875,13.875,7.5],"rotation":0,"texture":"#0","tintindex":0},"north":{"uv":[6.5,13.25,7.125,13.875],"rotation":0,"texture":"#0","tintindex":0},"west":{"uv":[11.0,7.875,11.875,8.5],"rotation":0,"texture":"#0","tintindex":0},"up":{"uv":[11.75,3.625,11.125,4.5],"rotation":0,"texture":"#0","tintindex":0},"down":{"uv":[11.75,3.625,11.125,4.5],"rotation":0,"texture":"#0","tintindex":0}}},{"from":[0.85714245,7.857143,3.7142854],"to":[3.142857,10.142858,7.142857],"rotation":{"angle":22.5,"axis":"y","origin":[0.85714245,9.0,4.285714]},"faces":{"east":{"uv":[5.125,13.625,5.875,14.125],"rotation":0,"texture":"#0","tintindex":0},"south":{"uv":[14.75,5.0,15.25,5.5],"rotation":0,"texture":"#0","tintindex":0},"north":{"uv":[14.75,2.125,15.25,2.625],"rotation":0,"texture":"#0","tintindex":0},"west":{"uv":[5.125,13.625,5.875,14.125],"rotation":0,"texture":"#0","tintindex":0},"up":{"uv":[9.625,14.375,9.125,13.625],"rotation":0,"texture":"#0","tintindex":0},"down":{"uv":[9.625,13.625,9.125,14.375],"rotation":0,"texture":"#0","tintindex":0}}},{"from":[0.85714245,7.857143,8.857143],"to":[3.142857,10.142858,12.285715],"rotation":{"angle":-22.5,"axis":"y","origin":[0.85714245,9.0,11.714286]},"faces":{"east":{"uv":[5.875,13.625,5.125,14.125],"rotation":0,"texture":"#0","tintindex":0},"south":{"uv":[15.25,2.125,14.75,2.625],"rotation":0,"texture":"#0","tintindex":0},"north":{"uv":[14.75,5.5,15.25,6.0],"rotation":0,"texture":"#0","tintindex":0},"west":{"uv":[5.875,13.625,5.125,14.125],"rotation":0,"texture":"#0","tintindex":0},"up":{"uv":[9.625,13.625,9.125,14.375],"rotation":0,"texture":"#0","tintindex":0},"down":{"uv":[1.75,13.75,1.25,14.5],"rotation":0,"texture":"#0","tintindex":0}}}],"display":{"head":{"translation":[0.0,-6.4,0.0],"scale":[4.0,4.0,4.0]}}}