{"textures":{"0":"modelengine:entity/crate5"},"elements":[{"from":[0.28571415,17.824814,1.7142854],"to":[2.5714283,22.396242,4.0],"rotation":{"angle":45.0,"axis":"z","origin":[4.285714,16.110527,2.8571424]},"faces":{"east":{"uv":[1.625,10.75,2.125,11.75],"rotation":0,"texture":"#0","tintindex":0},"south":{"uv":[1.75,8.5,1.25,9.5],"rotation":0,"texture":"#0","tintindex":0},"north":{"uv":[1.25,8.5,1.75,9.5],"rotation":0,"texture":"#0","tintindex":0},"west":{"uv":[2.125,11.25,2.625,12.25],"rotation":0,"texture":"#0","tintindex":0},"up":{"uv":[10.5,1.125,10.0,0.625],"rotation":0,"texture":"#0","tintindex":0},"down":{"uv":[13.875,14.375,13.375,14.875],"rotation":0,"texture":"#0","tintindex":0}}},{"from":[13.428572,17.824814,1.7142854],"to":[15.714286,22.396242,4.0],"rotation":{"angle":-45.0,"axis":"z","origin":[11.714286,16.110527,2.8571424]},"faces":{"east":{"uv":[2.125,11.25,2.625,12.25],"rotation":0,"texture":"#0","tintindex":0},"south":{"uv":[1.25,8.5,1.75,9.5],"rotation":0,"texture":"#0","tintindex":0},"north":{"uv":[1.75,8.5,1.25,9.5],"rotation":0,"texture":"#0","tintindex":0},"west":{"uv":[1.625,10.75,2.125,11.75],"rotation":0,"texture":"#0","tintindex":0},"up":{"uv":[10.0,1.125,10.5,0.625],"rotation":0,"texture":"#0","tintindex":0},"down":{"uv":[15.0,6.625,14.5,7.125],"rotation":0,"texture":"#0","tintindex":0}}},{"from":[2.8571424,8.285714,-3.4285717],"to":[13.142858,10.571428,-0.57142925],"rotation":{"angle":0.0,"axis":"y","origin":[8.0,10.0,2.8571424]},"faces":{"east":{"uv":[14.0,9.75,14.625,10.25],"rotation":0,"texture":"#0","tintindex":0},"south":{"uv":[8.0,6.25,10.25,6.75],"rotation":0,"texture":"#0","tintindex":0},"north":{"uv":[5.875,7.5,8.125,8.0],"rotation":0,"texture":"#0","tintindex":0},"west":{"uv":[14.0,10.25,14.625,10.75],"rotation":0,"texture":"#0","tintindex":0},"up":{"uv":[4.0,7.375,1.75,6.75],"rotation":0,"texture":"#0","tintindex":0},"down":{"uv":[4.0,6.75,1.75,7.375],"rotation":0,"texture":"#0","tintindex":0}}},{"from":[6.0,8.0,-3.8571434],"to":[10.0,10.857143,-1.0],"rotation":{"angle":0.0,"axis":"y","origin":[8.0,10.0,2.8571424]},"faces":{"east":{"uv":[6.875,12.5,6.25,13.125],"rotation":0,"texture":"#0","tintindex":0},"south":{"uv":[10.875,3.0,11.75,3.625],"rotation":0,"texture":"#0","tintindex":0},"north":{"uv":[10.625,10.625,11.5,11.25],"rotation":0,"texture":"#0","tintindex":0},"west":{"uv":[6.25,12.5,6.875,13.125],"rotation":0,"texture":"#0","tintindex":0},"up":{"uv":[5.375,11.375,4.5,10.75],"rotation":0,"texture":"#0","tintindex":0},"down":{"uv":[5.375,10.75,4.5,11.375],"rotation":0,"texture":"#0","tintindex":0}}},{"from":[5.942857,7.3714285,-3.5714293],"to":[8.685715,10.114286,-1.8571434],"rotation":{"angle":45.0,"axis":"z","origin":[8.0,9.428572,-2.4285717]},"faces":{"east":{"uv":[3.625,7.375,4.0,8.0],"rotation":0,"texture":"#0","tintindex":0},"south":{"uv":[6.875,12.625,7.5,13.25],"rotation":0,"texture":"#0","tintindex":0},"north":{"uv":[12.5,6.5,13.125,7.125],"rotation":0,"texture":"#0","tintindex":0},"west":{"uv":[3.625,8.0,4.0,8.625],"rotation":0,"texture":"#0","tintindex":0},"up":{"uv":[7.25,15.25,6.625,14.875],"rotation":0,"texture":"#0","tintindex":0},"down":{"uv":[7.875,14.875,7.25,15.25],"rotation":0,"texture":"#0","tintindex":0}}},{"from":[0.5714283,8.142858,-2.0],"to":[3.4285712,10.428572,1.4285712],"rotation":{"angle":22.5,"axis":"y","origin":[2.5714283,8.857143,0.0]},"faces":{"east":{"uv":[12.75,9.0,13.5,9.5],"rotation":0,"texture":"#0","tintindex":0},"south":{"uv":[14.0,13.625,14.625,14.125],"rotation":0,"texture":"#0","tintindex":0},"north":{"uv":[14.0,13.125,14.625,13.625],"rotation":0,"texture":"#0","tintindex":0},"west":{"uv":[8.625,13.25,7.875,13.75],"rotation":0,"texture":"#0","tintindex":0},"up":{"uv":[10.25,13.0,10.875,12.25],"rotation":0,"texture":"#0","tintindex":0},"down":{"uv":[10.25,13.0,10.875,12.25],"rotation":0,"texture":"#0","tintindex":0}}},{"from":[0.5714283,7.714286,1.1428566],"to":[3.4285712,10.571428,4.5714283],"rotation":{"angle":0.0,"axis":"y","origin":[2.5714283,9.0,0.0]},"faces":{"east":{"uv":[6.625,11.875,7.375,12.5],"rotation":0,"texture":"#0","tintindex":0},"south":{"uv":[6.25,12.5,6.875,13.125],"rotation":0,"texture":"#0","tintindex":0},"north":{"uv":[6.875,12.5,6.25,13.125],"rotation":0,"texture":"#0","tintindex":0},"west":{"uv":[11.875,7.25,12.625,7.875],"rotation":0,"texture":"#0","tintindex":0},"up":{"uv":[9.0,13.0,9.625,12.25],"rotation":0,"texture":"#0","tintindex":0},"down":{"uv":[9.0,13.0,9.625,12.25],"rotation":0,"texture":"#0","tintindex":0}}},{"from":[0.5714283,8.142858,4.285714],"to":[3.4285712,10.428572,7.714286],"rotation":{"angle":-22.5,"axis":"y","origin":[2.5714283,8.857143,5.714286]},"faces":{"east":{"uv":[13.25,7.5,14.0,8.0],"rotation":0,"texture":"#0","tintindex":0},"south":{"uv":[14.125,2.125,14.75,2.625],"rotation":0,"texture":"#0","tintindex":0},"north":{"uv":[0.5,14.125,1.125,14.625],"rotation":0,"texture":"#0","tintindex":0},"west":{"uv":[7.875,13.25,8.625,13.75],"rotation":0,"texture":"#0","tintindex":0},"up":{"uv":[10.25,12.25,10.875,13.0],"rotation":0,"texture":"#0","tintindex":0},"down":{"uv":[10.25,12.25,10.875,13.0],"rotation":0,"texture":"#0","tintindex":0}}},{"from":[2.8571424,8.285714,6.285714],"to":[13.142858,10.571428,9.142858],"rotation":{"angle":0.0,"axis":"y","origin":[8.0,10.0,2.8571424]},"faces":{"east":{"uv":[4.375,14.125,5.0,14.625],"rotation":0,"texture":"#0","tintindex":0},"south":{"uv":[5.875,7.5,8.125,8.0],"rotation":0,"texture":"#0","tintindex":0},"north":{"uv":[8.0,6.25,10.25,6.75],"rotation":0,"texture":"#0","tintindex":0},"west":{"uv":[5.0,14.125,5.625,14.625],"rotation":0,"texture":"#0","tintindex":0},"up":{"uv":[4.0,6.75,1.75,7.375],"rotation":0,"texture":"#0","tintindex":0},"down":{"uv":[4.0,7.375,1.75,6.75],"rotation":0,"texture":"#0","tintindex":0}}},{"from":[6.0,8.0,6.714286],"to":[10.0,10.857143,9.571428],"rotation":{"angle":0.0,"axis":"y","origin":[8.0,10.0,2.8571424]},"faces":{"east":{"uv":[6.25,12.5,6.875,13.125],"rotation":0,"texture":"#0","tintindex":0},"south":{"uv":[10.875,5.375,11.75,6.0],"rotation":0,"texture":"#0","tintindex":0},"north":{"uv":[10.875,3.0,11.75,3.625],"rotation":0,"texture":"#0","tintindex":0},"west":{"uv":[6.875,12.5,6.25,13.125],"rotation":0,"texture":"#0","tintindex":0},"up":{"uv":[5.375,10.75,4.5,11.375],"rotation":0,"texture":"#0","tintindex":0},"down":{"uv":[5.375,11.375,4.5,10.75],"rotation":0,"texture":"#0","tintindex":0}}},{"from":[12.571428,8.142858,4.285714],"to":[15.428572,10.428572,7.714286],"rotation":{"angle":22.5,"axis":"y","origin":[13.428572,8.857143,5.714286]},"faces":{"east":{"uv":[8.625,13.25,7.875,13.75],"rotation":0,"texture":"#0","tintindex":0},"south":{"uv":[10.25,14.125,10.875,14.625],"rotation":0,"texture":"#0","tintindex":0},"north":{"uv":[9.625,14.125,10.25,14.625],"rotation":0,"texture":"#0","tintindex":0},"west":{"uv":[13.25,10.0,14.0,10.5],"rotation":0,"texture":"#0","tintindex":0},"up":{"uv":[10.875,12.25,10.25,13.0],"rotation":0,"texture":"#0","tintindex":0},"down":{"uv":[10.875,13.0,10.25,12.25],"rotation":0,"texture":"#0","tintindex":0}}},{"from":[12.571428,7.714286,1.1428566],"to":[15.428572,10.571428,4.5714283],"rotation":{"angle":0.0,"axis":"y","origin":[13.428572,9.0,0.0]},"faces":{"east":{"uv":[11.875,7.25,12.625,7.875],"rotation":0,"texture":"#0","tintindex":0},"south":{"uv":[6.875,12.5,6.25,13.125],"rotation":0,"texture":"#0","tintindex":0},"north":{"uv":[6.25,12.5,6.875,13.125],"rotation":0,"texture":"#0","tintindex":0},"west":{"uv":[12.25,0.0,13.0,0.625],"rotation":0,"texture":"#0","tintindex":0},"up":{"uv":[9.625,13.0,9.0,12.25],"rotation":0,"texture":"#0","tintindex":0},"down":{"uv":[9.625,13.0,9.0,12.25],"rotation":0,"texture":"#0","tintindex":0}}},{"from":[12.571428,8.142858,-2.0],"to":[15.428572,10.428572,1.4285712],"rotation":{"angle":-22.5,"axis":"y","origin":[13.428572,8.857143,0.0]},"faces":{"east":{"uv":[7.875,13.25,8.625,13.75],"rotation":0,"texture":"#0","tintindex":0},"south":{"uv":[11.5,14.125,12.125,14.625],"rotation":0,"texture":"#0","tintindex":0},"north":{"uv":[10.875,14.125,11.5,14.625],"rotation":0,"texture":"#0","tintindex":0},"west":{"uv":[13.375,2.5,14.125,3.0],"rotation":0,"texture":"#0","tintindex":0},"up":{"uv":[10.875,13.0,10.25,12.25],"rotation":0,"texture":"#0","tintindex":0},"down":{"uv":[10.875,12.25,10.25,13.0],"rotation":0,"texture":"#0","tintindex":0}}},{"from":[2.5702853,10.427429,-0.0011434555],"to":[13.429714,14.429714,5.7154284],"rotation":{"angle":0.0,"axis":"y","origin":[8.0,-1.2857151,2.8571424]},"faces":{"east":{"uv":[8.125,7.25,9.375,8.125],"rotation":0,"texture":"#0","tintindex":0},"south":{"uv":[0.0,5.75,2.375,6.625],"rotation":0,"texture":"#0","tintindex":0},"north":{"uv":[2.375,5.0,4.75,5.875],"rotation":0,"texture":"#0","tintindex":0},"west":{"uv":[8.125,7.25,9.375,8.125],"rotation":0,"texture":"#0","tintindex":0},"up":{"uv":[4.75,1.25,2.375,0.0],"rotation":0,"texture":"#0","tintindex":0},"down":{"uv":[4.75,1.25,2.375,2.5],"rotation":0,"texture":"#0","tintindex":0}}},{"from":[2.5702853,9.284572,-0.57257175],"to":[13.429714,9.858286,6.286857],"rotation":{"angle":0.0,"axis":"y","origin":[8.0,-1.2857151,2.8571424]},"faces":{"east":{"uv":[8.125,7.25,9.375,8.125],"rotation":0,"texture":"#0","tintindex":0},"south":{"uv":[0.0,5.75,2.375,6.625],"rotation":0,"texture":"#0","tintindex":0},"north":{"uv":[2.375,5.0,4.75,5.875],"rotation":0,"texture":"#0","tintindex":0},"west":{"uv":[8.125,7.25,9.375,8.125],"rotation":0,"texture":"#0","tintindex":0},"up":{"uv":[4.75,1.25,2.375,0.0],"rotation":0,"texture":"#0","tintindex":0},"down":{"uv":[2.375,1.625,0.0,0.0],"rotation":0,"texture":"#0","tintindex":0}}},{"from":[2.5714283,8.916002,-0.98285484],"to":[13.428572,13.487432,4.7314315],"rotation":{"angle":22.5,"axis":"x","origin":[8.0,11.487432,1.8742886]},"faces":{"east":{"uv":[2.375,7.375,3.625,8.375],"rotation":0,"texture":"#0","tintindex":0},"south":{"uv":[4.75,1.0,7.125,2.0],"rotation":0,"texture":"#0","tintindex":0},"north":{"uv":[4.75,0.0,7.125,1.0],"rotation":0,"texture":"#0","tintindex":0},"west":{"uv":[7.375,3.625,8.625,4.625],"rotation":0,"texture":"#0","tintindex":0},"up":{"uv":[4.75,3.75,2.375,2.5],"rotation":0,"texture":"#0","tintindex":0},"down":{"uv":[2.375,3.25,0.0,4.5],"rotation":0,"texture":"#0","tintindex":0}}},{"from":[2.5714283,8.916002,0.9828539],"to":[13.428572,13.487432,6.6971397],"rotation":{"angle":-22.5,"axis":"x","origin":[8.0,11.487432,3.8399968]},"faces":{"east":{"uv":[7.375,4.625,8.625,5.625],"rotation":0,"texture":"#0","tintindex":0},"south":{"uv":[4.75,0.0,7.125,1.0],"rotation":0,"texture":"#0","tintindex":0},"north":{"uv":[4.75,2.0,7.125,3.0],"rotation":0,"texture":"#0","tintindex":0},"west":{"uv":[4.625,7.5,5.875,8.5],"rotation":0,"texture":"#0","tintindex":0},"up":{"uv":[4.75,5.0,2.375,3.75],"rotation":0,"texture":"#0","tintindex":0},"down":{"uv":[2.375,4.5,0.0,5.75],"rotation":0,"texture":"#0","tintindex":0}}}],"display":{"head":{"translation":[0.0,-6.4,0.0],"scale":[4.0,4.0,4.0]}}}