{"textures":{"0":"modelengine:entity/toffy_crate_creature"},"elements":[{"from":[7.808122,5.0,6.620449],"to":[9.522408,8.428572,8.334735],"rotation":{"angle":-45.0,"axis":"y","origin":[8.142858,7.857143,8.0]},"faces":{"east":{"uv":[8.125,10.5,8.5,11.25],"rotation":0,"texture":"#0","tintindex":0},"south":{"uv":[8.625,10.5,9.0,11.25],"rotation":0,"texture":"#0","tintindex":0},"north":{"uv":[7.625,10.5,8.0,11.25],"rotation":0,"texture":"#0","tintindex":0},"west":{"uv":[9.125,10.5,9.5,11.25],"rotation":0,"texture":"#0","tintindex":0},"up":{"uv":[12.875,0.75,12.5,0.375],"rotation":0,"texture":"#0","tintindex":0},"down":{"uv":[12.875,0.875,12.5,1.25],"rotation":0,"texture":"#0","tintindex":0}}},{"from":[8.285714,3.8571424,7.857143],"to":[9.428572,10.142858,9.0],"rotation":{"angle":-45.0,"axis":"y","origin":[9.285714,4.428571,8.0]},"faces":{"east":{"uv":[1.875,10.375,2.125,11.75],"rotation":0,"texture":"#0","tintindex":0},"south":{"uv":[10.375,2.0,10.625,3.375],"rotation":0,"texture":"#0","tintindex":0},"north":{"uv":[1.5,10.25,1.75,11.625],"rotation":0,"texture":"#0","tintindex":0},"west":{"uv":[2.25,10.375,2.5,11.75],"rotation":0,"texture":"#0","tintindex":0},"up":{"uv":[1.375,13.25,1.125,13.0],"rotation":0,"texture":"#0","tintindex":0},"down":{"uv":[1.75,13.0,1.5,13.25],"rotation":0,"texture":"#0","tintindex":0}}}],"display":{"head":{"translation":[0.0,-6.4,0.0],"scale":[4.0,4.0,4.0]}}}