{"textures":{"0":"modelengine:entity/toffy_crate_creature"},"elements":[{"from":[9.758972,6.510369,7.4428573],"to":[10.90183,9.93894,8.557143],"rotation":{"angle":-22.5,"axis":"z","origin":[13.187544,7.0817976,8.0]},"faces":{"east":{"uv":[11.625,1.5,11.875,2.25],"rotation":0,"texture":"#0","tintindex":0},"south":{"uv":[11.125,11.625,11.375,12.375],"rotation":0,"texture":"#0","tintindex":0},"north":{"uv":[11.5,8.25,11.75,9.0],"rotation":0,"texture":"#0","tintindex":0},"west":{"uv":[11.5,11.625,11.75,12.375],"rotation":0,"texture":"#0","tintindex":0},"up":{"uv":[13.25,2.375,13.0,2.125],"rotation":0,"texture":"#0","tintindex":0},"down":{"uv":[4.5,13.0,4.25,13.25],"rotation":0,"texture":"#0","tintindex":0}}},{"from":[7.428571,7.428571,7.428571],"to":[10.857143,8.571428,8.571428],"rotation":{"angle":0.0,"axis":"y","origin":[13.142858,8.0,8.0]},"faces":{"east":{"uv":[13.0,6.75,13.25,7.0],"rotation":0,"texture":"#0","tintindex":0},"south":{"uv":[11.75,5.5,12.5,5.75],"rotation":0,"texture":"#0","tintindex":0},"north":{"uv":[11.625,2.375,12.375,2.625],"rotation":0,"texture":"#0","tintindex":0},"west":{"uv":[7.875,13.0,8.125,13.25],"rotation":0,"texture":"#0","tintindex":0},"up":{"uv":[12.5,11.0,11.75,10.75],"rotation":0,"texture":"#0","tintindex":0},"down":{"uv":[12.5,11.125,11.75,11.375],"rotation":0,"texture":"#0","tintindex":0}}}],"display":{"head":{"translation":[0.0,-6.4,0.0],"scale":[4.0,4.0,4.0]}}}