{"textures":{"0":"modelengine:entity/toffy_crate_creature"},"elements":[{"from":[6.477592,5.0,6.620449],"to":[8.191878,8.428572,8.334735],"rotation":{"angle":45.0,"axis":"y","origin":[7.857143,7.857143,8.0]},"faces":{"east":{"uv":[10.75,9.625,11.125,10.375],"rotation":0,"texture":"#0","tintindex":0},"south":{"uv":[0.625,10.875,1.0,11.625],"rotation":0,"texture":"#0","tintindex":0},"north":{"uv":[10.75,3.0,11.125,3.75],"rotation":0,"texture":"#0","tintindex":0},"west":{"uv":[10.875,6.5,11.25,7.25],"rotation":0,"texture":"#0","tintindex":0},"up":{"uv":[12.875,12.875,12.5,12.5],"rotation":0,"texture":"#0","tintindex":0},"down":{"uv":[0.75,12.625,0.375,13.0],"rotation":0,"texture":"#0","tintindex":0}}},{"from":[6.5714283,3.8571424,7.857143],"to":[7.714286,10.142858,9.0],"rotation":{"angle":45.0,"axis":"y","origin":[6.714286,4.428571,8.0]},"faces":{"east":{"uv":[3.0,10.375,3.25,11.75],"rotation":0,"texture":"#0","tintindex":0},"south":{"uv":[3.375,10.375,3.625,11.75],"rotation":0,"texture":"#0","tintindex":0},"north":{"uv":[2.625,10.375,2.875,11.75],"rotation":0,"texture":"#0","tintindex":0},"west":{"uv":[3.75,10.375,4.0,11.75],"rotation":0,"texture":"#0","tintindex":0},"up":{"uv":[13.0,13.25,12.75,13.0],"rotation":0,"texture":"#0","tintindex":0},"down":{"uv":[0.5,13.125,0.25,13.375],"rotation":0,"texture":"#0","tintindex":0}}}],"display":{"head":{"translation":[0.0,-6.4,0.0],"scale":[4.0,4.0,4.0]}}}