{"textures":{"0":"modelengine:entity/toffy_crate_creature"},"elements":[{"from":[7.285714,7.285714,7.428571],"to":[10.714286,9.0,8.571428],"rotation":{"angle":0.0,"axis":"y","origin":[9.340682,6.4835396,8.0]},"faces":{"east":{"uv":[12.75,9.375,13.0,9.75],"rotation":0,"texture":"#0","tintindex":0},"south":{"uv":[10.5,10.5,11.25,10.875],"rotation":0,"texture":"#0","tintindex":0},"north":{"uv":[9.625,10.5,10.375,10.875],"rotation":0,"texture":"#0","tintindex":0},"west":{"uv":[12.75,9.875,13.0,10.25],"rotation":0,"texture":"#0","tintindex":0},"up":{"uv":[1.25,12.125,0.5,11.875],"rotation":0,"texture":"#0","tintindex":0},"down":{"uv":[2.125,11.875,1.375,12.125],"rotation":0,"texture":"#0","tintindex":0}}}],"display":{"head":{"translation":[0.0,-6.4,0.0],"scale":[4.0,4.0,4.0]}}}