{"textures":{"0":"modelengine:entity/toffy_crate_creature"},"elements":[{"from":[6.5714283,6.285714,6.5714283],"to":[9.428572,9.142858,11.142858],"rotation":{"angle":-45.0,"axis":"x","origin":[8.0,7.714286,8.0]},"faces":{"east":{"uv":[7.75,3.25,8.75,3.875],"rotation":0,"texture":"#0","tintindex":0},"south":{"uv":[3.375,8.875,4.0,9.5],"rotation":0,"texture":"#0","tintindex":0},"north":{"uv":[8.875,3.0,9.5,3.625],"rotation":0,"texture":"#0","tintindex":0},"west":{"uv":[4.625,7.75,5.625,8.375],"rotation":0,"texture":"#0","tintindex":0},"up":{"uv":[6.375,8.75,5.75,7.75],"rotation":0,"texture":"#0","tintindex":0},"down":{"uv":[8.5,0.0,7.875,1.0],"rotation":0,"texture":"#0","tintindex":0}}},{"from":[6.857143,8.926469,8.946774],"to":[9.142858,13.497898,11.232489],"rotation":{"angle":0.0,"axis":"y","origin":[8.0,10.355041,8.089631]},"faces":{"east":{"uv":[0.0,8.75,0.5,9.75],"rotation":0,"texture":"#0","tintindex":0},"south":{"uv":[0.625,8.75,1.125,9.75],"rotation":0,"texture":"#0","tintindex":0},"north":{"uv":[6.5,8.625,7.0,9.625],"rotation":0,"texture":"#0","tintindex":0},"west":{"uv":[1.25,8.75,1.75,9.75],"rotation":0,"texture":"#0","tintindex":0},"up":{"uv":[11.625,6.0,11.125,5.5],"rotation":0,"texture":"#0","tintindex":0},"down":{"uv":[11.625,11.0,11.125,11.5],"rotation":0,"texture":"#0","tintindex":0}}},{"from":[7.142857,10.857143,9.428572],"to":[8.857143,14.285715,11.142858],"rotation":{"angle":-45.0,"axis":"x","origin":[8.0,12.285715,8.0]},"faces":{"east":{"uv":[10.5,5.0,10.875,5.75],"rotation":0,"texture":"#0","tintindex":0},"south":{"uv":[7.125,10.5,7.5,11.25],"rotation":0,"texture":"#0","tintindex":0},"north":{"uv":[10.5,0.75,10.875,1.5],"rotation":0,"texture":"#0","tintindex":0},"west":{"uv":[10.5,7.5,10.875,8.25],"rotation":0,"texture":"#0","tintindex":0},"up":{"uv":[9.5,2.75,9.125,2.375],"rotation":0,"texture":"#0","tintindex":0},"down":{"uv":[2.25,12.25,1.875,12.625],"rotation":0,"texture":"#0","tintindex":0}}}],"display":{"head":{"translation":[0.0,-6.4,0.0],"scale":[4.0,4.0,4.0]}}}