{"display": {"firstperson_righthand": {"rotation": [0, 0, 11]}, "firstperson_lefthand": {"rotation": [0, 0, 11]}, "ground": {"scale": [0.6, 0.6, 0.6]}, "gui": {"rotation": [34, 145, 0], "translation": [0, -2, 0], "scale": [0.8, 0.8, 0.8]}, "head": {"translation": [0, -1.75, 0], "scale": [1.6, 1.6, 1.6]}, "fixed": {"scale": [0.6, 0.6, 0.6]}}, "texture_size": [64, 64], "textures": {"0": "cosmetics:custom/hats/cake_hat", "particle": "cosmetics:custom/hats/cake_hat"}, "elements": [{"from": [3, 10, 3], "to": [13, 14, 13], "faces": {"north": {"uv": [2.5, 2.5, 5, 3.5], "texture": "#0"}, "east": {"uv": [0, 2.5, 2.5, 3.5], "texture": "#0"}, "south": {"uv": [7.5, 2.5, 10, 3.5], "texture": "#0"}, "west": {"uv": [5, 2.5, 7.5, 3.5], "texture": "#0"}, "up": {"uv": [5, 2.5, 2.5, 0], "texture": "#0"}, "down": {"uv": [7.5, 0, 5, 2.5], "texture": "#0"}}}, {"from": [11.5, 8.75, 8], "to": [14.5, 13.75, 8], "rotation": {"angle": 22.5, "axis": "z", "origin": [0, 0, 0]}, "faces": {"north": {"uv": [0, 0, 0.75, 1.25], "texture": "#0"}, "east": {"uv": [0, 0, 0, 1.25], "texture": "#0"}, "south": {"uv": [0.75, 0, 1.5, 1.25], "texture": "#0"}, "west": {"uv": [0.75, 0, 0.75, 1.25], "texture": "#0"}, "up": {"uv": [0.75, 0, 0, 0], "texture": "#0"}, "down": {"uv": [1.5, 0, 0.75, 0], "texture": "#0"}}}, {"from": [3, 8, 3], "to": [13, 10, 3], "faces": {"north": {"uv": [0, 5, 2.5, 5.5], "texture": "#0"}, "east": {"uv": [0, 5, 0, 5.5], "texture": "#0"}, "south": {"uv": [2.5, 5, 5, 5.5], "texture": "#0"}, "west": {"uv": [2.5, 5, 2.5, 5.5], "texture": "#0"}, "up": {"uv": [2.5, 5, 0, 5], "texture": "#0"}, "down": {"uv": [5, 5, 2.5, 5], "texture": "#0"}}}, {"from": [3, 8, 13], "to": [13, 10, 13], "faces": {"north": {"uv": [0, 4.5, 2.5, 5], "texture": "#0"}, "east": {"uv": [0, 4.5, 0, 5], "texture": "#0"}, "south": {"uv": [2.5, 4.5, 5, 5], "texture": "#0"}, "west": {"uv": [2.5, 4.5, 2.5, 5], "texture": "#0"}, "up": {"uv": [2.5, 4.5, 0, 4.5], "texture": "#0"}, "down": {"uv": [5, 4.5, 2.5, 4.5], "texture": "#0"}}}, {"from": [3, 8, 3], "to": [3, 10, 13], "faces": {"north": {"uv": [2.5, 3.5, 2.5, 4], "texture": "#0"}, "east": {"uv": [0, 3.5, 2.5, 4], "texture": "#0"}, "south": {"uv": [5, 3.5, 5, 4], "texture": "#0"}, "west": {"uv": [2.5, 3.5, 5, 4], "texture": "#0"}, "up": {"uv": [2.5, 3.5, 2.5, 1], "texture": "#0"}, "down": {"uv": [2.5, 1, 2.5, 3.5], "texture": "#0"}}}, {"from": [13, 8, 3], "to": [13, 10, 13], "faces": {"north": {"uv": [2.5, 4, 2.5, 4.5], "texture": "#0"}, "east": {"uv": [0, 4, 2.5, 4.5], "texture": "#0"}, "south": {"uv": [5, 4, 5, 4.5], "texture": "#0"}, "west": {"uv": [2.5, 4, 5, 4.5], "texture": "#0"}, "up": {"uv": [2.5, 4, 2.5, 1.5], "texture": "#0"}, "down": {"uv": [2.5, 1.5, 2.5, 4], "texture": "#0"}}}]}