{"display": {"firstperson_righthand": {"rotation": [0, 0, 11]}, "firstperson_lefthand": {"rotation": [0, 0, 11]}, "ground": {"scale": [0.6, 0.6, 0.6]}, "gui": {"rotation": [34, 45, 0], "scale": [0.8, 0.8, 0.8]}, "head": {"scale": [1.9, 1.9, 1.9]}, "fixed": {"scale": [0.6, 0.6, 0.6]}}, "texture_size": [32, 32], "textures": {"0": "cosmetics:custom/hats/green_football_hat", "particle": "cosmetics:custom/hats/green_football_hat"}, "elements": [{"from": [4, 4, 4], "to": [12, 12, 12], "rotation": {"angle": 0, "axis": "y", "origin": [8, 8, 8]}, "faces": {"north": {"uv": [4, 4, 8, 8], "texture": "#0"}, "east": {"uv": [0, 4, 4, 8], "texture": "#0"}, "south": {"uv": [12, 4, 16, 8], "texture": "#0"}, "west": {"uv": [8, 4, 12, 8], "texture": "#0"}, "up": {"uv": [8, 4, 4, 0], "texture": "#0"}, "down": {"uv": [12, 0, 8, 4], "texture": "#0"}}}, {"from": [3.9, 4, 4], "to": [12.1, 12, 10], "rotation": {"angle": 22.5, "axis": "x", "origin": [8, 12, 4]}, "faces": {"north": {"uv": [3, 12, 7, 16], "texture": "#0"}, "east": {"uv": [0, 12, 3, 16], "texture": "#0"}, "south": {"uv": [10, 12, 14, 16], "texture": "#0"}, "west": {"uv": [7, 12, 10, 16], "texture": "#0"}, "up": {"uv": [7, 12, 3, 9], "texture": "#0"}, "down": {"uv": [11, 9, 7, 12], "texture": "#0"}}}]}