{"textures":{"0":"modelengine:entity/dragonskrill"},"elements":[{"from":[8.0,5.8199997,9.697143],"to":[8.0,12.42,18.182858],"rotation":{"angle":0.0,"axis":"y","origin":[11.394286,2.6142855,-10.102858]},"faces":{"east":{"uv":[5.1875,8.40625,5.46875,8.625],"rotation":0,"texture":"#0","tintindex":0},"south":{"uv":[0.0,0.0,0.0,0.21875],"rotation":0,"texture":"#0","tintindex":0},"north":{"uv":[0.0,0.0,0.0,0.21875],"rotation":0,"texture":"#0","tintindex":0},"west":{"uv":[6.59375,8.40625,6.875,8.625],"rotation":0,"texture":"#0","tintindex":0},"up":{"uv":[0.0,0.28125,0.0,0.0],"rotation":0,"texture":"#0","tintindex":0},"down":{"uv":[0.0,0.0,0.0,0.28125],"rotation":0,"texture":"#0","tintindex":0}}},{"from":[5.642857,4.877143,7.717143],"to":[10.357143,8.648571,20.822857],"rotation":{"angle":0.0,"axis":"y","origin":[7.5285716,7.705714,8.66]},"faces":{"east":{"uv":[8.53125,2.21875,8.96875,2.34375],"rotation":0,"texture":"#0","tintindex":0},"south":{"uv":[9.0,1.21875,9.15625,1.34375],"rotation":0,"texture":"#0","tintindex":0},"north":{"uv":[9.0,1.09375,9.15625,1.21875],"rotation":0,"texture":"#0","tintindex":0},"west":{"uv":[8.5625,6.625,9.0,6.75],"rotation":0,"texture":"#0","tintindex":0},"up":{"uv":[7.1875,8.59375,7.03125,8.15625],"rotation":0,"texture":"#0","tintindex":0},"down":{"uv":[7.34375,8.15625,7.1875,8.59375],"rotation":0,"texture":"#0","tintindex":0}}},{"from":[4.8885713,-2.8542871,10.451428],"to":[4.8885713,3.7457142,18.937143],"rotation":{"angle":-45.0,"axis":"z","origin":[11.394286,2.6142855,-10.102858]},"faces":{"east":{"uv":[0.84375,8.59375,1.125,8.8125],"rotation":0,"texture":"#0","tintindex":0},"south":{"uv":[0.0,0.0,0.0,0.21875],"rotation":0,"texture":"#0","tintindex":0},"north":{"uv":[0.0,0.0,0.0,0.21875],"rotation":0,"texture":"#0","tintindex":0},"west":{"uv":[1.125,8.59375,1.40625,8.8125],"rotation":0,"texture":"#0","tintindex":0},"up":{"uv":[0.0,0.28125,0.0,0.0],"rotation":0,"texture":"#0","tintindex":0},"down":{"uv":[0.0,0.0,0.0,0.28125],"rotation":0,"texture":"#0","tintindex":0}}},{"from":[11.111429,-2.8542871,10.451428],"to":[11.111429,3.7457142,18.937143],"rotation":{"angle":45.0,"axis":"z","origin":[4.605714,2.6142855,-10.102858]},"faces":{"east":{"uv":[2.40625,8.59375,2.6875,8.8125],"rotation":0,"texture":"#0","tintindex":0},"south":{"uv":[0.0,0.0,0.0,0.21875],"rotation":0,"texture":"#0","tintindex":0},"north":{"uv":[0.0,0.0,0.0,0.21875],"rotation":0,"texture":"#0","tintindex":0},"west":{"uv":[5.46875,8.59375,5.75,8.8125],"rotation":0,"texture":"#0","tintindex":0},"up":{"uv":[0.0,0.28125,0.0,0.0],"rotation":0,"texture":"#0","tintindex":0},"down":{"uv":[0.0,0.0,0.0,0.28125],"rotation":0,"texture":"#0","tintindex":0}}}],"display":{"head":{"translation":[0.0,-6.4,0.0],"scale":[4.0,4.0,4.0]}}}