{
  "custom.corruptedpuker.idle": {
    "category": "hostile",
    "sounds": [
      {
        "name": "custom/mobs/corruptedpuker/idle1"
      },
      {
        "name": "custom/mobs/corruptedpuker/idle2"
      },
      {
        "name": "custom/mobs/corruptedpuker/idle3"
      }
    ],
    "subtitle": "Corrupted one growls"
  },
  "custom.corruptedpuker.death": {
    "category": "hostile",
    "sounds": [
      {
        "name": "custom/mobs/corruptedpuker/death1"
      },
      {
        "name": "custom/mobs/corruptedpuker/death2"
      },
      {
        "name": "custom/mobs/corruptedpuker/death3"
      }
    ],
    "subtitle": "Corrupted being dies"
  },
  "custom.corruptedpuker.cpvomit": {
    "category": "hostile",
    "sounds": [
      {
        "name": "custom/mobs/corruptedpuker/cpvomit1"
      }
    ],
    "subtitle": "Acid vomit"
  },
  "custom.corruptedpuker.cpacidcast": {
    "category": "hostile",
    "sounds": [
      {
        "name": "custom/mobs/corruptedpuker/cpacidcast1"
      },
      {
        "name": "custom/mobs/corruptedpuker/cpacidcast2"
      }
    ],
    "subtitle": "Acid attack"
  },
  "custom.corruptedpuker.cpacid_hit": {
    "category": "hostile",
    "sounds": [
      {
        "name": "custom/mobs/corruptedpuker/cpacid_hit1"
      },
      {
        "name": "custom/mobs/corruptedpuker/cpacid_hit2"
      }
    ],
    "subtitle": "Acid corrosion"
  },
  "custom.corruptedpuker.corrosionhit": {
    "category": "hostile",
    "sounds": [
      {
        "name": "custom/mobs/corruptedpuker/cpcorrosion_hit1"
      }
    ],
    "subtitle": "Acid corrosion"
  },
  "custom.corruptedpuker.puke_throw": {
    "category": "hostile",
    "sounds": [
      {
        "name": "custom/mobs/corruptedpuker/puke_charge1"
      },
      {
        "name": "custom/mobs/corruptedpuker/puke_charge2"
      },
      {
        "name": "custom/mobs/corruptedpuker/puke_charge3"
      }
    ],
    "subtitle": "Acid projectile cast"
  },
  "custom.corruptedpuker.puke_charge": {
    "category": "hostile",
    "sounds": [
      {
        "name": "custom/mobs/corruptedpuker/puke_charge1"
      },
      {
        "name": "custom/mobs/corruptedpuker/puke_charge2"
      },
      {
        "name": "custom/mobs/corruptedpuker/puke_charge3"
      }
    ],
    "subtitle": "Gargling noises"
  },
  "custom.corruptedpuker.vomit": {
    "category": "hostile",
    "sounds": [
      {
        "name": "custom/mobs/corruptedpuker/vomit1"
      },
      {
        "name": "custom/mobs/corruptedpuker/vomit2"
      },
      {
        "name": "custom/mobs/corruptedpuker/vomit3"
      }
    ],
    "subtitle": "Vomiting noises"
  },
  "custom.corruptedpuker.hurt": {
    "category": "hostile",
    "sounds": [
      {
        "name": "custom/mobs/corruptedpuker/hurt1"
      },
      {
        "name": "custom/mobs/corruptedpuker/hurt2"
      },
      {
        "name": "custom/mobs/corruptedpuker/hurt3"
      }
    ],
    "subtitle": "Corrupted being hurt"
  },
  "custom.corruptedpuker.hurtedbad": {
    "category": "hostile",
    "sounds": [
      {
        "name": "custom/mobs/corruptedpuker/hurtedbad1"
      },
      {
        "name": "custom/mobs/corruptedpuker/hurtedbad2"
      },
      {
        "name": "custom/mobs/corruptedpuker/hurtedbad3"
      }
    ],
    "subtitle": "Pain screams"
  }
}