{"textures":{"0":"modelengine:entity/spiritbodyreg"},"elements":[{"from":[8.874913,8.072491,5.4108315],"to":[12.924913,13.472492,5.4108315],"faces":{"east":{"uv":[0.032,0.032,-0.1,0.75],"tintindex":0,"rotation":0,"texture":"#0"},"south":{"uv":[12.26875,8.25,12.8125,8.968],"tintindex":0,"rotation":0,"texture":"#0"},"north":{"uv":[12.8125,8.25,12.26875,8.968],"tintindex":0,"rotation":0,"texture":"#0"},"west":{"uv":[0.032,0.032,-0.1,0.75],"tintindex":0,"rotation":0,"texture":"#0"},"up":{"uv":[0.032,0.032,0.5625,-0.1],"tintindex":0,"rotation":0,"texture":"#0"},"down":{"uv":[0.032,0.032,0.5625,-0.1],"tintindex":0,"rotation":0,"texture":"#0"}}},{"from":[-0.102282524,12.8815155,7.824834],"to":[1.2477174,17.831516,9.624834],"faces":{"east":{"uv":[3.5,13.25,3.25,13.9375],"tintindex":0,"rotation":0,"texture":"#0"},"south":{"uv":[8.4375,13.25,8.25,13.9375],"tintindex":0,"rotation":0,"texture":"#0"},"north":{"uv":[8.1875,13.25,8.032,13.9375],"tintindex":0,"rotation":0,"texture":"#0"},"west":{"uv":[8.75,12.5,8.5,13.1875],"tintindex":0,"rotation":0,"texture":"#0"},"up":{"uv":[12.032,8.5,12.1875,8.25],"tintindex":0,"rotation":0,"texture":"#0"},"down":{"uv":[12.25,12.032,12.4375,12.25],"tintindex":0,"rotation":0,"texture":"#0"}},"rotation":{"origin":[1.5080094,13.521221,8.7248335],"angle":22.5,"axis":"z"}},{"from":[14.813766,12.8815155,7.824834],"to":[16.163765,17.831516,9.624834],"faces":{"east":{"uv":[8.5,12.5,8.75,13.1875],"tintindex":0,"rotation":0,"texture":"#0"},"south":{"uv":[8.25,13.25,8.4375,13.9375],"tintindex":0,"rotation":0,"texture":"#0"},"north":{"uv":[8.032,13.25,8.1875,13.9375],"tintindex":0,"rotation":0,"texture":"#0"},"west":{"uv":[3.25,13.25,3.5,13.9375],"tintindex":0,"rotation":0,"texture":"#0"},"up":{"uv":[12.1875,8.5,12.032,8.25],"tintindex":0,"rotation":0,"texture":"#0"},"down":{"uv":[12.4375,12.032,12.25,12.25],"tintindex":0,"rotation":0,"texture":"#0"}},"rotation":{"origin":[14.553473,13.521221,8.7248335],"angle":-22.5,"axis":"z"}},{"from":[9.894375,11.534828,7.3748336],"to":[15.294374,14.234825,10.074834],"faces":{"east":{"uv":[4.875,13.625,4.5,13.25],"tintindex":0,"rotation":90,"texture":"#0"},"south":{"uv":[0.5,12.75,0.875,13.5],"tintindex":0,"rotation":90,"texture":"#0"},"north":{"uv":[12.5,12.032,12.875,12.75],"tintindex":0,"rotation":270,"texture":"#0"},"west":{"uv":[13.625,4.75,13.25,5.125],"tintindex":0,"rotation":90,"texture":"#0"},"up":{"uv":[1.032,12.75,1.375,13.5],"tintindex":0,"rotation":90,"texture":"#0"},"down":{"uv":[0.032,12.75,0.375,13.5],"tintindex":0,"rotation":90,"texture":"#0"}},"rotation":{"origin":[14.553473,13.521221,8.7248335],"angle":22.5,"axis":"z"}},{"from":[4.746127,4.2892036,5.8448334],"to":[11.226128,11.489204,5.8448334],"faces":{"east":{"uv":[0.032,0.032,-0.1,0.968],"tintindex":0,"rotation":0,"texture":"#0"},"south":{"uv":[4.032,10.5,4.875,11.5],"tintindex":0,"rotation":0,"texture":"#0"},"north":{"uv":[3.032,10.5,3.875,11.4875],"tintindex":0,"rotation":0,"texture":"#0"},"west":{"uv":[0.032,0.032,-0.1,0.968],"tintindex":0,"rotation":0,"texture":"#0"},"up":{"uv":[0.875,0.032,0.032,-0.1],"tintindex":0,"rotation":0,"texture":"#0"},"down":{"uv":[0.875,0.032,0.032,-0.1],"tintindex":0,"rotation":0,"texture":"#0"}}},{"from":[4.9261274,5.729206,6.114834],"to":[10.956127,12.569206,11.694834],"faces":{"east":{"uv":[4.1875,0.032,4.9375,0.9375],"tintindex":0,"rotation":0,"texture":"#0"},"south":{"uv":[4.125,0.875,4.9375,1.8125],"tintindex":0,"rotation":0,"texture":"#0"},"north":{"uv":[11.032,5.5,11.8125,6.4375],"tintindex":0,"rotation":0,"texture":"#0"},"west":{"uv":[4.1875,0.032,4.9375,0.9375],"tintindex":0,"rotation":0,"texture":"#0"},"up":{"uv":[3.3125,12.25,2.5,11.5],"tintindex":0,"rotation":0,"texture":"#0"},"down":{"uv":[5.25,1.5625,4.4375,2.3125],"tintindex":0,"rotation":0,"texture":"#0"}}},{"from":[17.632568,16.699856,8.274834],"to":[18.262568,19.669857,9.174833],"faces":{"east":{"uv":[10.75,13.5,10.875,13.9375],"tintindex":0,"rotation":0,"texture":"#0"},"south":{"uv":[11.5625,14.032,11.5,14.4375],"tintindex":0,"rotation":0,"texture":"#0"},"north":{"uv":[11.5,14.032,11.5625,14.4375],"tintindex":0,"rotation":0,"texture":"#0"},"west":{"uv":[10.875,13.5,10.75,13.9375],"tintindex":0,"rotation":0,"texture":"#0"},"up":{"uv":[14.3125,8.375,14.25,8.25],"tintindex":0,"rotation":0,"texture":"#0"},"down":{"uv":[8.5625,14.25,8.5,14.375],"tintindex":0,"rotation":0,"texture":"#0"}},"rotation":{"origin":[17.497566,18.184856,8.7248335],"angle":-45.0,"axis":"z"}},{"from":[5.3761272,5.2792053,6.5648336],"to":[10.506127,7.6192055,11.244834],"faces":{"east":{"uv":[4.5625,2.5625,5.1875,2.875],"tintindex":0,"rotation":0,"texture":"#0"},"south":{"uv":[4.375,2.5625,4.968,2.875],"tintindex":0,"rotation":0,"texture":"#0"},"north":{"uv":[4.375,2.5625,4.968,2.875],"tintindex":0,"rotation":0,"texture":"#0"},"west":{"uv":[4.5625,2.5625,5.1875,2.875],"tintindex":0,"rotation":0,"texture":"#0"},"up":{"uv":[5.6875,12.875,5.032,12.25],"tintindex":0,"rotation":0,"texture":"#0"},"down":{"uv":[5.125,2.1875,4.4375,2.8125],"tintindex":0,"rotation":0,"texture":"#0"}}},{"from":[4.3861275,5.549206,5.574834],"to":[11.586127,12.749203,12.774834],"faces":{"east":{"uv":[9.75,7.25,10.75,8.25],"tintindex":0,"rotation":0,"texture":"#0"},"south":{"uv":[9.75,8.25,10.75,9.25],"tintindex":0,"rotation":0,"texture":"#0"},"north":{"uv":[8.032,9.25,8.968,10.24375],"tintindex":0,"rotation":0,"texture":"#0"},"west":{"uv":[9.75,9.25,10.75,10.25],"tintindex":0,"rotation":0,"texture":"#0"},"up":{"uv":[10.993,0.993,10.032,0.032],"tintindex":0,"rotation":0,"texture":"#0"},"down":{"uv":[10.968,1.032,10.032,1.968],"tintindex":0,"rotation":0,"texture":"#0"}}},{"from":[3.036127,8.072491,5.4108315],"to":[7.0861273,13.472492,5.4108315],"faces":{"east":{"uv":[0.032,0.032,-0.1,0.75],"tintindex":0,"rotation":0,"texture":"#0"},"south":{"uv":[12.8125,8.25,12.26875,8.968],"tintindex":0,"rotation":0,"texture":"#0"},"north":{"uv":[12.26875,8.25,12.8125,8.968],"tintindex":0,"rotation":0,"texture":"#0"},"west":{"uv":[0.032,0.032,-0.1,0.75],"tintindex":0,"rotation":0,"texture":"#0"},"up":{"uv":[0.5625,0.032,0.032,-0.1],"tintindex":0,"rotation":0,"texture":"#0"},"down":{"uv":[0.5625,0.032,0.032,-0.1],"tintindex":0,"rotation":0,"texture":"#0"}}},{"from":[0.76710844,11.534828,7.3748336],"to":[6.1671085,14.234825,10.074834],"faces":{"east":{"uv":[13.625,5.125,13.25,4.75],"tintindex":0,"rotation":90,"texture":"#0"},"south":{"uv":[0.5,13.5,0.875,12.75],"tintindex":0,"rotation":90,"texture":"#0"},"north":{"uv":[12.5,12.75,12.875,12.032],"tintindex":0,"rotation":270,"texture":"#0"},"west":{"uv":[4.875,13.25,4.5,13.625],"tintindex":0,"rotation":90,"texture":"#0"},"up":{"uv":[1.032,13.5,1.375,12.75],"tintindex":0,"rotation":90,"texture":"#0"},"down":{"uv":[0.032,13.5,0.375,12.75],"tintindex":0,"rotation":90,"texture":"#0"}},"rotation":{"origin":[1.5080094,13.521221,8.7248335],"angle":-22.5,"axis":"z"}},{"from":[-2.2010841,16.699856,8.274834],"to":[-1.571084,19.669857,9.174833],"faces":{"east":{"uv":[10.75,13.5,10.875,13.9375],"tintindex":0,"rotation":0,"texture":"#0"},"south":{"uv":[11.5,14.032,11.5625,14.4375],"tintindex":0,"rotation":0,"texture":"#0"},"north":{"uv":[11.5625,14.032,11.5,14.4375],"tintindex":0,"rotation":0,"texture":"#0"},"west":{"uv":[10.875,13.5,10.75,13.9375],"tintindex":0,"rotation":0,"texture":"#0"},"up":{"uv":[14.25,8.375,14.3125,8.25],"tintindex":0,"rotation":0,"texture":"#0"},"down":{"uv":[8.5,14.25,8.5625,14.375],"tintindex":0,"rotation":0,"texture":"#0"}},"rotation":{"origin":[-1.4360838,18.184856,8.7248335],"angle":45.0,"axis":"z"}}],"display":{"gui":{"rotation":[30,225,0]}}}