{"textures":{"0":"modelengine:entity/spiritbody"},"elements":[{"from":[5.93493,6.599545,6.6141906],"to":[10.049215,10.713831,10.728477],"rotation":{"angle":0.0,"axis":"y","origin":[7.9920726,11.213444,8.044244]},"faces":{"east":{"uv":[9.75,7.25,10.75,8.25],"rotation":0,"texture":"#0","tintindex":0},"south":{"uv":[9.75,8.25,10.75,9.25],"rotation":0,"texture":"#0","tintindex":0},"north":{"uv":[8.032,9.25,8.968,10.24375],"rotation":0,"texture":"#0","tintindex":0},"west":{"uv":[9.75,9.25,10.75,10.25],"rotation":0,"texture":"#0","tintindex":0},"up":{"uv":[10.993,0.993,10.032,0.032],"rotation":0,"texture":"#0","tintindex":0},"down":{"uv":[10.968,1.032,10.032,1.968],"rotation":0,"texture":"#0","tintindex":0}}},{"from":[11.89358,10.789436,7.8999047],"to":[12.6650095,13.618009,8.928476],"rotation":{"angle":-22.5,"axis":"z","origin":[11.744843,11.154984,8.41419]},"faces":{"east":{"uv":[8.5,12.5,8.75,13.1875],"rotation":0,"texture":"#0","tintindex":0},"south":{"uv":[8.25,13.25,8.4375,13.9375],"rotation":0,"texture":"#0","tintindex":0},"north":{"uv":[8.032,13.25,8.1875,13.9375],"rotation":0,"texture":"#0","tintindex":0},"west":{"uv":[3.25,13.25,3.5,13.9375],"rotation":0,"texture":"#0","tintindex":0},"up":{"uv":[12.1875,8.5,12.032,8.25],"rotation":0,"texture":"#0","tintindex":0},"down":{"uv":[12.4375,12.032,12.25,12.25],"rotation":0,"texture":"#0","tintindex":0}}},{"from":[9.0824995,10.019901,7.642762],"to":[12.168215,11.5627575,9.185619],"rotation":{"angle":22.5,"axis":"z","origin":[11.744843,11.154984,8.41419]},"faces":{"east":{"uv":[4.875,13.625,4.5,13.25],"rotation":90,"texture":"#0","tintindex":0},"south":{"uv":[0.5,12.75,0.875,13.5],"rotation":90,"texture":"#0","tintindex":0},"north":{"uv":[12.5,12.032,12.875,12.75],"rotation":270,"texture":"#0","tintindex":0},"west":{"uv":[13.625,4.75,13.25,5.125],"rotation":90,"texture":"#0","tintindex":0},"up":{"uv":[1.032,12.75,1.375,13.5],"rotation":90,"texture":"#0","tintindex":0},"down":{"uv":[0.032,12.75,0.375,13.5],"rotation":90,"texture":"#0","tintindex":0}}},{"from":[13.504324,12.971347,8.157048],"to":[13.864325,14.668489,8.671333],"rotation":{"angle":-45.0,"axis":"z","origin":[13.427181,13.819918,8.41419]},"faces":{"east":{"uv":[10.75,13.5,10.875,13.9375],"rotation":0,"texture":"#0","tintindex":0},"south":{"uv":[11.5625,14.032,11.5,14.4375],"rotation":0,"texture":"#0","tintindex":0},"north":{"uv":[11.5,14.032,11.5625,14.4375],"rotation":0,"texture":"#0","tintindex":0},"west":{"uv":[10.875,13.5,10.75,13.9375],"rotation":0,"texture":"#0","tintindex":0},"up":{"uv":[14.3125,8.375,14.25,8.25],"rotation":0,"texture":"#0","tintindex":0},"down":{"uv":[8.5625,14.25,8.5,14.375],"rotation":0,"texture":"#0","tintindex":0}}},{"from":[2.1708088,12.971347,8.157048],"to":[2.530809,14.668489,8.671333],"rotation":{"angle":45.0,"axis":"z","origin":[2.6079516,13.819918,8.41419]},"faces":{"east":{"uv":[10.75,13.5,10.875,13.9375],"rotation":0,"texture":"#0","tintindex":0},"south":{"uv":[11.5,14.032,11.5625,14.4375],"rotation":0,"texture":"#0","tintindex":0},"north":{"uv":[11.5625,14.032,11.5,14.4375],"rotation":0,"texture":"#0","tintindex":0},"west":{"uv":[10.875,13.5,10.75,13.9375],"rotation":0,"texture":"#0","tintindex":0},"up":{"uv":[14.25,8.375,14.3125,8.25],"rotation":0,"texture":"#0","tintindex":0},"down":{"uv":[8.5,14.25,8.5625,14.375],"rotation":0,"texture":"#0","tintindex":0}}},{"from":[3.3701239,10.789436,7.8999047],"to":[4.141553,13.618009,8.928476],"rotation":{"angle":22.5,"axis":"z","origin":[4.290291,11.154984,8.41419]},"faces":{"east":{"uv":[3.5,13.25,3.25,13.9375],"rotation":0,"texture":"#0","tintindex":0},"south":{"uv":[8.4375,13.25,8.25,13.9375],"rotation":0,"texture":"#0","tintindex":0},"north":{"uv":[8.1875,13.25,8.032,13.9375],"rotation":0,"texture":"#0","tintindex":0},"west":{"uv":[8.75,12.5,8.5,13.1875],"rotation":0,"texture":"#0","tintindex":0},"up":{"uv":[12.032,8.5,12.1875,8.25],"rotation":0,"texture":"#0","tintindex":0},"down":{"uv":[12.25,12.032,12.4375,12.25],"rotation":0,"texture":"#0","tintindex":0}}},{"from":[3.866919,10.019901,7.642762],"to":[6.9526334,11.5627575,9.185619],"rotation":{"angle":-22.5,"axis":"z","origin":[4.290291,11.154984,8.41419]},"faces":{"east":{"uv":[13.625,5.125,13.25,4.75],"rotation":90,"texture":"#0","tintindex":0},"south":{"uv":[0.5,13.5,0.875,12.75],"rotation":90,"texture":"#0","tintindex":0},"north":{"uv":[12.5,12.75,12.875,12.032],"rotation":270,"texture":"#0","tintindex":0},"west":{"uv":[4.875,13.25,4.5,13.625],"rotation":90,"texture":"#0","tintindex":0},"up":{"uv":[1.032,13.5,1.375,12.75],"rotation":90,"texture":"#0","tintindex":0},"down":{"uv":[0.032,13.5,0.375,12.75],"rotation":90,"texture":"#0","tintindex":0}}},{"from":[8.49995,8.041423,6.5204754],"to":[10.814236,11.127137,6.5204754],"rotation":{"angle":0.0,"axis":"y","origin":[8.294236,-13.044292,10.531904]},"faces":{"east":{"uv":[0.032,0.032,-0.1,0.75],"rotation":0,"texture":"#0","tintindex":0},"south":{"uv":[12.26875,8.25,12.8125,8.968],"rotation":0,"texture":"#0","tintindex":0},"north":{"uv":[12.8125,8.25,12.26875,8.968],"rotation":0,"texture":"#0","tintindex":0},"west":{"uv":[0.032,0.032,-0.1,0.75],"rotation":0,"texture":"#0","tintindex":0},"up":{"uv":[0.032,0.032,0.5625,-0.1],"rotation":0,"texture":"#0","tintindex":0},"down":{"uv":[0.032,0.032,0.5625,-0.1],"rotation":0,"texture":"#0","tintindex":0}}},{"from":[5.1635013,8.041423,6.5204754],"to":[7.477787,11.127137,6.5204754],"rotation":{"angle":0.0,"axis":"y","origin":[7.9920726,-13.044292,10.531904]},"faces":{"east":{"uv":[0.032,0.032,-0.1,0.75],"rotation":0,"texture":"#0","tintindex":0},"south":{"uv":[12.8125,8.25,12.26875,8.968],"rotation":0,"texture":"#0","tintindex":0},"north":{"uv":[12.26875,8.25,12.8125,8.968],"rotation":0,"texture":"#0","tintindex":0},"west":{"uv":[0.032,0.032,-0.1,0.75],"rotation":0,"texture":"#0","tintindex":0},"up":{"uv":[0.5625,0.032,0.032,-0.1],"rotation":0,"texture":"#0","tintindex":0},"down":{"uv":[0.5625,0.032,0.032,-0.1],"rotation":0,"texture":"#0","tintindex":0}}},{"from":[6.140644,5.879545,6.7684765],"to":[9.843501,9.993831,6.7684765],"rotation":{"angle":0.0,"axis":"y","origin":[7.9920726,11.213444,8.044244]},"faces":{"east":{"uv":[0.032,0.032,-0.1,0.968],"rotation":0,"texture":"#0","tintindex":0},"south":{"uv":[4.032,10.5,4.875,11.5],"rotation":0,"texture":"#0","tintindex":0},"north":{"uv":[3.032,10.5,3.875,11.4875],"rotation":0,"texture":"#0","tintindex":0},"west":{"uv":[0.032,0.032,-0.1,0.968],"rotation":0,"texture":"#0","tintindex":0},"up":{"uv":[0.875,0.032,0.032,-0.1],"rotation":0,"texture":"#0","tintindex":0},"down":{"uv":[0.875,0.032,0.032,-0.1],"rotation":0,"texture":"#0","tintindex":0}}},{"from":[6.500644,6.445259,7.179905],"to":[9.432073,7.782402,9.854191],"rotation":{"angle":0.0,"axis":"y","origin":[7.9920726,11.213444,8.044244]},"faces":{"east":{"uv":[4.5625,2.5625,5.1875,2.875],"rotation":0,"texture":"#0","tintindex":0},"south":{"uv":[4.375,2.5625,4.968,2.875],"rotation":0,"texture":"#0","tintindex":0},"north":{"uv":[4.375,2.5625,4.968,2.875],"rotation":0,"texture":"#0","tintindex":0},"west":{"uv":[4.5625,2.5625,5.1875,2.875],"rotation":0,"texture":"#0","tintindex":0},"up":{"uv":[5.6875,12.875,5.032,12.25],"rotation":0,"texture":"#0","tintindex":0},"down":{"uv":[5.125,2.1875,4.4375,2.8125],"rotation":0,"texture":"#0","tintindex":0}}},{"from":[6.243501,6.702402,6.922762],"to":[9.689216,10.610973,10.111334],"rotation":{"angle":0.0,"axis":"y","origin":[7.9920726,11.213444,8.044244]},"faces":{"east":{"uv":[4.1875,0.032,4.9375,0.9375],"rotation":0,"texture":"#0","tintindex":0},"south":{"uv":[4.125,0.875,4.9375,1.8125],"rotation":0,"texture":"#0","tintindex":0},"north":{"uv":[11.032,5.5,11.8125,6.4375],"rotation":0,"texture":"#0","tintindex":0},"west":{"uv":[4.1875,0.032,4.9375,0.9375],"rotation":0,"texture":"#0","tintindex":0},"up":{"uv":[3.3125,12.25,2.5,11.5],"rotation":0,"texture":"#0","tintindex":0},"down":{"uv":[5.25,1.5625,4.4375,2.3125],"rotation":0,"texture":"#0","tintindex":0}}}],"display":{"head":{"translation":[0.0,-6.4,0.0],"scale":[4.0,4.0,4.0]}}}