{"textures":{"0":"modelengine:entity/spiritbodyreg","1":"modelengine:entity/lavashieldreg"},"elements":[{"from":[8.606726,2.0163708,5.505026],"to":[8.606726,10.502086,7.562169],"rotation":{"angle":-45.0,"axis":"y","origin":[8.028153,9.515394,4.747526]},"faces":{"east":{"uv":[0.75,8.75,1.3125,10.8125],"rotation":0,"texture":"#0","tintindex":0},"south":{"uv":[1.968,8.75,1.5,10.8125],"rotation":0,"texture":"#0","tintindex":0},"north":{"uv":[0.5625,8.75,0.032,10.8125],"rotation":0,"texture":"#0","tintindex":0},"west":{"uv":[1.3125,8.75,0.75,10.8125],"rotation":0,"texture":"#0","tintindex":0},"up":{"uv":[12.5,6.8125,12.968,6.25],"rotation":0,"texture":"#0","tintindex":0},"down":{"uv":[6.5,12.5,6.968,12.968],"rotation":0,"texture":"#0","tintindex":0}}},{"from":[8.226753,-0.3174429,6.6842885],"to":[8.638182,0.14541388,7.9185743],"rotation":{"angle":22.5,"axis":"x","origin":[7.967208,0.8174257,7.526735]},"faces":{"east":{"uv":[4.5625,2.8125,4.6875,2.5],"rotation":270,"texture":"#0","tintindex":0},"south":{"uv":[4.6875,1.8125,4.8125,1.6875],"rotation":0,"texture":"#0","tintindex":0},"north":{"uv":[14.25,5.125,14.375,5.032],"rotation":180,"texture":"#0","tintindex":0},"west":{"uv":[4.5625,2.8125,4.6875,2.5],"rotation":270,"texture":"#0","tintindex":0},"up":{"uv":[4.6875,2.032,4.5625,2.25],"rotation":0,"texture":"#0","tintindex":0},"down":{"uv":[4.6875,2.032,4.5625,2.25],"rotation":0,"texture":"#0","tintindex":0}}},{"from":[8.252215,0.08632231,6.2822776],"to":[8.663644,1.3206081,6.745135],"rotation":{"angle":0.0,"axis":"y","origin":[7.967208,0.8174257,7.526735]},"faces":{"east":{"uv":[4.625,1.0625,4.5,1.375],"rotation":180,"texture":"#0","tintindex":0},"south":{"uv":[4.6875,2.032,4.5625,2.25],"rotation":0,"texture":"#0","tintindex":0},"north":{"uv":[4.6875,2.032,4.5625,2.25],"rotation":0,"texture":"#0","tintindex":0},"west":{"uv":[4.625,1.0625,4.5,1.375],"rotation":180,"texture":"#0","tintindex":0},"up":{"uv":[5.032,14.25,5.125,14.375],"rotation":0,"texture":"#0","tintindex":0},"down":{"uv":[4.6875,1.8125,4.8125,1.6875],"rotation":0,"texture":"#0","tintindex":0}}},{"from":[6.818471,-0.544322,6.742074],"to":[7.281328,0.68996334,7.0506454],"rotation":{"angle":45.0,"axis":"z","origin":[7.967208,0.8174257,7.412449]},"faces":{"east":{"uv":[4.5625,2.625,4.5,2.9375],"rotation":0,"texture":"#0","tintindex":0},"south":{"uv":[4.75,2.5,4.625,2.8125],"rotation":0,"texture":"#0","tintindex":0},"north":{"uv":[4.75,2.5,4.625,2.8125],"rotation":0,"texture":"#0","tintindex":0},"west":{"uv":[4.5625,2.625,4.5,2.9375],"rotation":0,"texture":"#0","tintindex":0},"up":{"uv":[9.5625,14.25,9.5,14.375],"rotation":90,"texture":"#0","tintindex":0},"down":{"uv":[14.3125,9.625,14.25,9.5],"rotation":270,"texture":"#0","tintindex":0}}},{"from":[6.818471,-0.544322,7.7397885],"to":[7.281328,0.68996334,8.04836],"rotation":{"angle":45.0,"axis":"z","origin":[7.967208,0.8174257,7.412449]},"faces":{"east":{"uv":[4.5625,2.625,4.5,2.9375],"rotation":0,"texture":"#0","tintindex":0},"south":{"uv":[4.75,2.5,4.625,2.8125],"rotation":0,"texture":"#0","tintindex":0},"north":{"uv":[4.75,2.5,4.625,2.8125],"rotation":0,"texture":"#0","tintindex":0},"west":{"uv":[4.5625,2.625,4.5,2.9375],"rotation":0,"texture":"#0","tintindex":0},"up":{"uv":[14.3125,9.032,14.25,9.125],"rotation":90,"texture":"#0","tintindex":0},"down":{"uv":[14.3125,9.375,14.25,9.25],"rotation":270,"texture":"#0","tintindex":0}}},{"from":[6.818471,-0.544322,7.242577],"to":[7.281328,0.68996334,7.5511484],"rotation":{"angle":45.0,"axis":"z","origin":[7.967208,0.8174257,7.412449]},"faces":{"east":{"uv":[4.5625,2.625,4.5,2.9375],"rotation":0,"texture":"#0","tintindex":0},"south":{"uv":[4.75,2.5,4.625,2.8125],"rotation":0,"texture":"#0","tintindex":0},"north":{"uv":[4.75,2.5,4.625,2.8125],"rotation":0,"texture":"#0","tintindex":0},"west":{"uv":[4.5625,2.625,4.5,2.9375],"rotation":0,"texture":"#0","tintindex":0},"up":{"uv":[14.3125,8.75,14.25,8.875],"rotation":90,"texture":"#0","tintindex":0},"down":{"uv":[9.1,14.375,9.1,14.25],"rotation":270,"texture":"#0","tintindex":0}}},{"from":[6.818471,-0.544322,8.281434],"to":[7.281328,0.68996334,8.590006],"rotation":{"angle":45.0,"axis":"z","origin":[7.967208,0.8174257,7.412449]},"faces":{"east":{"uv":[4.5625,2.625,4.5,2.9375],"rotation":0,"texture":"#0","tintindex":0},"south":{"uv":[4.75,2.5,4.625,2.8125],"rotation":0,"texture":"#0","tintindex":0},"north":{"uv":[4.75,2.5,4.625,2.8125],"rotation":0,"texture":"#0","tintindex":0},"west":{"uv":[4.5625,2.625,4.5,2.9375],"rotation":0,"texture":"#0","tintindex":0},"up":{"uv":[14.3125,8.5,14.25,8.625],"rotation":90,"texture":"#0","tintindex":0},"down":{"uv":[8.8125,14.375,8.75,14.25],"rotation":270,"texture":"#0","tintindex":0}}},{"from":[7.245057,-0.08498287,6.676906],"to":[7.7079144,1.1493025,7.0883346],"rotation":{"angle":0.0,"axis":"y","origin":[7.967208,0.8174257,7.412449]},"faces":{"east":{"uv":[4.6875,2.032,4.5625,2.25],"rotation":0,"texture":"#0","tintindex":0},"south":{"uv":[4.7375,2.0625,4.625,2.3625],"rotation":0,"texture":"#0","tintindex":0},"north":{"uv":[4.7375,2.0625,4.625,2.3625],"rotation":0,"texture":"#0","tintindex":0},"west":{"uv":[4.6875,2.032,4.5625,2.25],"rotation":0,"texture":"#0","tintindex":0},"up":{"uv":[14.375,4.5,14.25,4.625],"rotation":90,"texture":"#0","tintindex":0},"down":{"uv":[4.875,14.375,4.75,14.25],"rotation":270,"texture":"#0","tintindex":0}}},{"from":[7.245057,-0.08498287,7.1911917],"to":[7.7079144,1.1493025,7.60262],"rotation":{"angle":0.0,"axis":"y","origin":[7.967208,0.8174257,7.412449]},"faces":{"east":{"uv":[4.6875,2.032,4.5625,2.25],"rotation":0,"texture":"#0","tintindex":0},"south":{"uv":[4.7375,2.0625,4.625,2.3625],"rotation":0,"texture":"#0","tintindex":0},"north":{"uv":[4.7375,2.0625,4.625,2.3625],"rotation":0,"texture":"#0","tintindex":0},"west":{"uv":[4.6875,2.032,4.5625,2.25],"rotation":0,"texture":"#0","tintindex":0},"up":{"uv":[14.375,4.25,14.25,4.375],"rotation":90,"texture":"#0","tintindex":0},"down":{"uv":[4.625,14.375,4.5,14.25],"rotation":270,"texture":"#0","tintindex":0}}},{"from":[7.245057,-0.08498287,7.705477],"to":[7.7079144,1.1493025,8.116906],"rotation":{"angle":0.0,"axis":"y","origin":[7.967208,0.8174257,7.412449]},"faces":{"east":{"uv":[4.6875,2.032,4.5625,2.25],"rotation":0,"texture":"#0","tintindex":0},"south":{"uv":[4.7375,2.0625,4.625,2.3625],"rotation":0,"texture":"#0","tintindex":0},"north":{"uv":[4.7375,2.0625,4.625,2.3625],"rotation":0,"texture":"#0","tintindex":0},"west":{"uv":[4.6875,2.032,4.5625,2.25],"rotation":0,"texture":"#0","tintindex":0},"up":{"uv":[14.375,4.032,14.25,4.125],"rotation":90,"texture":"#0","tintindex":0},"down":{"uv":[4.375,14.375,4.25,14.25],"rotation":270,"texture":"#0","tintindex":0}}},{"from":[7.245057,-0.08498287,8.219763],"to":[7.7079144,1.1493025,8.631191],"rotation":{"angle":0.0,"axis":"y","origin":[7.967208,0.8174257,7.412449]},"faces":{"east":{"uv":[4.6875,2.032,4.5625,2.25],"rotation":0,"texture":"#0","tintindex":0},"south":{"uv":[4.7375,2.0625,4.625,2.3625],"rotation":0,"texture":"#0","tintindex":0},"north":{"uv":[4.7375,2.0625,4.625,2.3625],"rotation":0,"texture":"#0","tintindex":0},"west":{"uv":[4.6875,2.032,4.5625,2.25],"rotation":0,"texture":"#0","tintindex":0},"up":{"uv":[14.375,3.75,14.25,3.875],"rotation":90,"texture":"#0","tintindex":0},"down":{"uv":[4.125,14.375,4.032,14.25],"rotation":270,"texture":"#0","tintindex":0}}},{"from":[7.2236443,0.98971796,6.6388826],"to":[8.972216,2.9954324,8.696026],"rotation":{"angle":0.0,"axis":"y","origin":[7.967208,0.8174257,7.526735]},"faces":{"east":{"uv":[4.75,2.3125,4.25,2.8],"rotation":180,"texture":"#0","tintindex":0},"south":{"uv":[5.25,2.8125,4.75,2.375],"rotation":90,"texture":"#0","tintindex":0},"north":{"uv":[4.75,2.8125,5.25,2.375],"rotation":90,"texture":"#0","tintindex":0},"west":{"uv":[4.25,2.3125,4.75,2.8],"rotation":180,"texture":"#0","tintindex":0},"up":{"uv":[10.375,5.3125,10.875,4.875],"rotation":270,"texture":"#0","tintindex":0},"down":{"uv":[10.375,5.3125,10.875,4.875],"rotation":270,"texture":"#0","tintindex":0}}},{"from":[8.606726,1.5020847,5.505026],"to":[10.869582,9.9878,5.505026],"rotation":{"angle":-45.0,"axis":"y","origin":[8.028153,9.515394,4.747526]},"faces":{"east":{"uv":[2.8125,8.75,2.25,10.8125],"rotation":0,"texture":"#0","tintindex":0},"south":{"uv":[1.3125,8.75,0.75,10.8125],"rotation":0,"texture":"#0","tintindex":0},"north":{"uv":[0.5625,8.75,0.032,10.8125],"rotation":0,"texture":"#0","tintindex":0},"west":{"uv":[1.3125,8.75,0.75,10.8125],"rotation":0,"texture":"#0","tintindex":0},"up":{"uv":[12.5,6.8125,12.968,6.25],"rotation":0,"texture":"#0","tintindex":0},"down":{"uv":[6.5,12.5,6.968,12.968],"rotation":0,"texture":"#0","tintindex":0}}},{"from":[9.121011,3.0449424,5.762169],"to":[11.126725,7.930657,7.7678833],"rotation":{"angle":-45.0,"axis":"y","origin":[8.028153,9.515394,4.747526]},"faces":{"east":{"uv":[4.125,0.625,4.625,1.8125],"rotation":0,"texture":"#0","tintindex":0},"south":{"uv":[4.625,0.625,4.125,1.8125],"rotation":0,"texture":"#0","tintindex":0},"north":{"uv":[4.625,0.625,4.125,1.8125],"rotation":0,"texture":"#0","tintindex":0},"west":{"uv":[4.125,0.625,4.625,1.8125],"rotation":0,"texture":"#0","tintindex":0},"up":{"uv":[3.25,13.25,3.75,12.75],"rotation":0,"texture":"#0","tintindex":0},"down":{"uv":[4.5,12.75,4.968,13.25],"rotation":0,"texture":"#0","tintindex":0}}},{"from":[5.6432676,-0.26357937,1.6507597],"to":[5.6432676,8.67162,12.087674],"rotation":{"angle":0.0,"axis":"y","origin":[5.9623823,4.2040205,5.282645]},"faces":{"east":{"uv":[8.875,0.032,4.5,5.125],"rotation":90,"texture":"#1","tintindex":0},"south":{"uv":[0.032,0.032,-0.1,4.375],"rotation":0,"texture":"#1","tintindex":0},"north":{"uv":[0.032,4.375,-0.1,0.032],"rotation":180,"texture":"#1","tintindex":0},"west":{"uv":[4.5,0.032,8.875,5.125],"rotation":270,"texture":"#1","tintindex":0},"up":{"uv":[0.032,0.032,-0.1,5.125],"rotation":0,"texture":"#1","tintindex":0},"down":{"uv":[0.032,0.032,-0.1,5.125],"rotation":180,"texture":"#1","tintindex":0}}},{"from":[5.8685246,1.2381344,6.155903],"to":[5.8685246,7.169906,14.340246],"rotation":{"angle":0.0,"axis":"y","origin":[5.9623823,4.2040205,5.282645]},"faces":{"east":{"uv":[11.875,0.032,9.032,3.968],"rotation":90,"texture":"#1","tintindex":0},"south":{"uv":[0.032,0.032,-0.1,2.875],"rotation":0,"texture":"#1","tintindex":0},"north":{"uv":[0.032,2.875,-0.1,0.032],"rotation":180,"texture":"#1","tintindex":0},"west":{"uv":[9.032,0.032,11.875,3.968],"rotation":270,"texture":"#1","tintindex":0},"up":{"uv":[0.032,0.032,-0.1,3.968],"rotation":0,"texture":"#1","tintindex":0},"down":{"uv":[0.032,0.032,-0.1,3.968],"rotation":180,"texture":"#1","tintindex":0}}},{"from":[6.0855536,1.3409915,-1.5223827],"to":[6.0855536,7.2727633,2.1568165],"rotation":{"angle":0.0,"axis":"y","origin":[5.9623823,4.2040205,5.282645]},"faces":{"east":{"uv":[5.875,9.5,3.032,11.25],"rotation":90,"texture":"#1","tintindex":0},"south":{"uv":[0.032,0.032,-0.1,2.875],"rotation":0,"texture":"#1","tintindex":0},"north":{"uv":[0.032,2.875,-0.1,0.032],"rotation":180,"texture":"#1","tintindex":0},"west":{"uv":[3.032,9.5,5.875,11.25],"rotation":270,"texture":"#1","tintindex":0},"up":{"uv":[0.032,0.032,-0.1,1.75],"rotation":0,"texture":"#1","tintindex":0},"down":{"uv":[0.032,0.032,-0.1,1.75],"rotation":180,"texture":"#1","tintindex":0}}},{"from":[5.4180107,5.279682,2.894774],"to":[6.0186963,6.5561395,4.246317],"rotation":{"angle":-45.0,"axis":"x","origin":[5.9623823,4.2040205,5.282645]},"faces":{"east":{"uv":[11.032,8.032,11.625,8.625],"rotation":90,"texture":"#1","tintindex":0},"south":{"uv":[12.25,12.032,12.032,12.625],"rotation":0,"texture":"#1","tintindex":0},"north":{"uv":[11.75,12.625,11.5,12.032],"rotation":180,"texture":"#1","tintindex":0},"west":{"uv":[1.032,11.5,1.625,12.125],"rotation":270,"texture":"#1","tintindex":0},"up":{"uv":[12.032,8.032,12.25,8.625],"rotation":0,"texture":"#1","tintindex":0},"down":{"uv":[12.032,4.5,12.25,5.125],"rotation":180,"texture":"#1","tintindex":0}}},{"from":[5.7183533,0.4872775,3.5279026],"to":[6.8446393,7.9207635,11.336817],"rotation":{"angle":0.0,"axis":"y","origin":[5.9623823,4.2040205,5.282645]},"faces":{"east":{"uv":[0.032,5.5,3.625,9.25],"rotation":90,"texture":"#1","tintindex":0},"south":{"uv":[6.5,10.5,6.032,14.125],"rotation":0,"texture":"#1","tintindex":0},"north":{"uv":[10.5,13.125,10.032,9.5],"rotation":180,"texture":"#1","tintindex":0},"west":{"uv":[4.032,5.5,7.625,9.25],"rotation":270,"texture":"#1","tintindex":0},"up":{"uv":[9.5,9.5,9.968,13.25],"rotation":0,"texture":"#1","tintindex":0},"down":{"uv":[9.032,9.5,9.5,13.25],"rotation":180,"texture":"#1","tintindex":0}}},{"from":[5.5208673,1.9469972,-1.9195232],"to":[6.075839,2.923112,0.48321915],"rotation":{"angle":-45.0,"axis":"x","origin":[5.9623823,4.2040205,5.282645]},"faces":{"east":{"uv":[12.125,7.032,11.032,7.5],"rotation":0,"texture":"#1","tintindex":0},"south":{"uv":[12.5,0.032,12.75,0.5],"rotation":0,"texture":"#1","tintindex":0},"north":{"uv":[12.032,9.5,12.25,9.968],"rotation":0,"texture":"#1","tintindex":0},"west":{"uv":[11.032,7.032,12.125,7.5],"rotation":0,"texture":"#1","tintindex":0},"up":{"uv":[12.25,4.125,12.032,3.032],"rotation":0,"texture":"#1","tintindex":0},"down":{"uv":[7.75,12.032,7.5,13.125],"rotation":0,"texture":"#1","tintindex":0}}},{"from":[5.4180107,4.1478605,-0.047333717],"to":[6.0186963,5.123975,3.1062665],"rotation":{"angle":-45.0,"axis":"x","origin":[5.9623823,4.2040205,5.282645]},"faces":{"east":{"uv":[11.968,5.032,10.5,5.5],"rotation":0,"texture":"#1","tintindex":0},"south":{"uv":[1.032,12.5,1.25,12.968],"rotation":0,"texture":"#1","tintindex":0},"north":{"uv":[12.5,0.5,12.75,0.968],"rotation":0,"texture":"#1","tintindex":0},"west":{"uv":[10.5,5.032,11.968,5.5],"rotation":0,"texture":"#1","tintindex":0},"up":{"uv":[2.25,12.968,2.032,11.5],"rotation":0,"texture":"#1","tintindex":0},"down":{"uv":[2.75,11.5,2.5,12.968],"rotation":0,"texture":"#1","tintindex":0}}},{"from":[5.7183533,1.4078488,2.1290455],"to":[6.619382,7.169906,3.555674],"rotation":{"angle":0.0,"axis":"y","origin":[5.9623823,4.2040205,5.282645]},"faces":{"east":{"uv":[9.032,4.032,11.75,4.75],"rotation":90,"texture":"#1","tintindex":0},"south":{"uv":[7.5,10.5,7.032,13.25],"rotation":0,"texture":"#1","tintindex":0},"north":{"uv":[6.968,13.25,6.5,10.5],"rotation":180,"texture":"#1","tintindex":0},"west":{"uv":[6.032,9.5,8.75,10.25],"rotation":270,"texture":"#1","tintindex":0},"up":{"uv":[3.5,11.5,3.968,12.25],"rotation":0,"texture":"#1","tintindex":0},"down":{"uv":[3.032,11.5,3.5,12.25],"rotation":180,"texture":"#1","tintindex":0}}},{"from":[5.568182,2.0835133,-0.14719772],"to":[5.9615536,2.6841989,2.6309733],"rotation":{"angle":-45.0,"axis":"x","origin":[5.9623823,4.2040205,5.282645]},"faces":{"east":{"uv":[8.875,11.5,7.5,11.75],"rotation":0,"texture":"#1","tintindex":0},"south":{"uv":[12.5,4.032,12.75,4.25],"rotation":0,"texture":"#1","tintindex":0},"north":{"uv":[12.5,3.5,12.75,3.75],"rotation":0,"texture":"#1","tintindex":0},"west":{"uv":[7.5,11.5,8.875,11.75],"rotation":0,"texture":"#1","tintindex":0},"up":{"uv":[5.25,12.875,5.032,11.5],"rotation":0,"texture":"#1","tintindex":0},"down":{"uv":[5.75,11.5,5.5,12.875],"rotation":0,"texture":"#1","tintindex":0}}},{"from":[5.4180107,-0.63204956,5.2021627],"to":[6.0186963,3.2724075,5.95302],"rotation":{"angle":22.5,"axis":"x","origin":[5.9623823,4.2040205,5.282645]},"faces":{"east":{"uv":[12.375,10.5,10.5,10.875],"rotation":270,"texture":"#1","tintindex":0},"south":{"uv":[11.25,11.032,11.032,12.875],"rotation":0,"texture":"#1","tintindex":0},"north":{"uv":[10.75,12.875,10.5,11.032],"rotation":180,"texture":"#1","tintindex":0},"west":{"uv":[10.5,10.5,12.375,10.875],"rotation":270,"texture":"#1","tintindex":0},"up":{"uv":[3.032,12.5,3.25,12.875],"rotation":0,"texture":"#1","tintindex":0},"down":{"uv":[12.5,2.5,12.75,2.875],"rotation":180,"texture":"#1","tintindex":0}}},{"from":[5.4180107,5.1356335,5.2021627],"to":[6.0186963,9.040091,5.95302],"rotation":{"angle":-22.5,"axis":"x","origin":[5.9623823,4.2040205,5.282645]},"faces":{"east":{"uv":[12.875,6.032,11.032,6.375],"rotation":270,"texture":"#1","tintindex":0},"south":{"uv":[0.75,11.5,0.5,13.375],"rotation":0,"texture":"#1","tintindex":0},"north":{"uv":[0.25,13.375,0.032,11.5],"rotation":180,"texture":"#1","tintindex":0},"west":{"uv":[11.032,6.032,12.875,6.375],"rotation":270,"texture":"#1","tintindex":0},"up":{"uv":[3.5,12.5,3.75,12.875],"rotation":0,"texture":"#1","tintindex":0},"down":{"uv":[12.5,3.032,12.75,3.375],"rotation":180,"texture":"#1","tintindex":0}}},{"from":[5.568182,6.8556924,6.802467],"to":[5.9615536,9.633863,7.4031525],"rotation":{"angle":-45.0,"axis":"x","origin":[5.9623823,4.2040205,5.282645]},"faces":{"east":{"uv":[12.875,11.5,11.5,11.75],"rotation":270,"texture":"#1","tintindex":0},"south":{"uv":[12.25,1.5,12.032,2.875],"rotation":0,"texture":"#1","tintindex":0},"north":{"uv":[12.25,1.375,12.032,0.032],"rotation":180,"texture":"#1","tintindex":0},"west":{"uv":[11.5,11.5,12.875,11.75],"rotation":270,"texture":"#1","tintindex":0},"up":{"uv":[12.5,5.032,12.75,5.25],"rotation":0,"texture":"#1","tintindex":0},"down":{"uv":[12.5,4.5,12.75,4.75],"rotation":180,"texture":"#1","tintindex":0}}},{"from":[5.4180107,6.380399,4.362691],"to":[6.0186963,9.533999,5.338805],"rotation":{"angle":-45.0,"axis":"x","origin":[5.9623823,4.2040205,5.282645]},"faces":{"east":{"uv":[11.968,9.5,10.5,9.968],"rotation":270,"texture":"#1","tintindex":0},"south":{"uv":[4.75,11.5,4.5,12.968],"rotation":0,"texture":"#1","tintindex":0},"north":{"uv":[4.25,12.968,4.032,11.5],"rotation":180,"texture":"#1","tintindex":0},"west":{"uv":[10.5,9.5,11.968,9.968],"rotation":270,"texture":"#1","tintindex":0},"up":{"uv":[1.5,12.5,1.75,12.968],"rotation":0,"texture":"#1","tintindex":0},"down":{"uv":[12.5,1.032,12.75,1.5],"rotation":180,"texture":"#1","tintindex":0}}},{"from":[5.5208673,9.003447,6.563554],"to":[6.075839,11.406189,7.5396686],"rotation":{"angle":-45.0,"axis":"x","origin":[5.9623823,4.2040205,5.282645]},"faces":{"east":{"uv":[12.125,7.5,11.032,7.968],"rotation":270,"texture":"#1","tintindex":0},"south":{"uv":[8.75,12.032,8.5,13.125],"rotation":0,"texture":"#1","tintindex":0},"north":{"uv":[8.25,13.125,8.032,12.032],"rotation":180,"texture":"#1","tintindex":0},"west":{"uv":[11.032,7.5,12.125,7.968],"rotation":270,"texture":"#1","tintindex":0},"up":{"uv":[12.5,2.032,12.75,2.5],"rotation":0,"texture":"#1","tintindex":0},"down":{"uv":[12.5,1.5,12.75,1.968],"rotation":180,"texture":"#1","tintindex":0}}}],"display":{"head":{"translation":[0.0,-6.4,0.0],"scale":[4.0,4.0,4.0]}}}