{"textures":{"0":"modelengine:entity/spiritbody"},"elements":[{"from":[7.119963,6.0117555,7.083248],"to":[8.868535,8.01747,9.140391],"rotation":{"angle":0.0,"axis":"y","origin":[8.124971,5.8394628,7.9711003]},"faces":{"east":{"uv":[4.75,2.3125,4.25,2.8],"rotation":180,"texture":"#0","tintindex":0},"south":{"uv":[5.25,2.375,4.75,2.8125],"rotation":90,"texture":"#0","tintindex":0},"north":{"uv":[4.75,2.375,5.25,2.8125],"rotation":90,"texture":"#0","tintindex":0},"west":{"uv":[4.25,2.3125,4.75,2.8],"rotation":180,"texture":"#0","tintindex":0},"up":{"uv":[10.375,4.875,10.875,5.3125],"rotation":270,"texture":"#0","tintindex":0},"down":{"uv":[10.375,4.875,10.875,5.3125],"rotation":270,"texture":"#0","tintindex":0}}},{"from":[8.384264,4.9370546,7.121271],"to":[8.847121,6.17134,7.5327],"rotation":{"angle":0.0,"axis":"y","origin":[8.124971,5.8394628,7.9711003]},"faces":{"east":{"uv":[4.5625,2.032,4.6875,2.25],"rotation":0,"texture":"#0","tintindex":0},"south":{"uv":[4.625,2.0625,4.7375,2.3625],"rotation":0,"texture":"#0","tintindex":0},"north":{"uv":[4.625,2.0625,4.7375,2.3625],"rotation":0,"texture":"#0","tintindex":0},"west":{"uv":[4.5625,2.032,4.6875,2.25],"rotation":0,"texture":"#0","tintindex":0},"up":{"uv":[14.375,4.625,14.25,4.5],"rotation":90,"texture":"#0","tintindex":0},"down":{"uv":[4.875,14.25,4.75,14.375],"rotation":270,"texture":"#0","tintindex":0}}},{"from":[7.553443,4.8767567,7.1864395],"to":[8.787729,5.339614,7.495011],"rotation":{"angle":0.0,"axis":"y","origin":[8.675662,4.9500275,8.224691]},"faces":{"east":{"uv":[9.5625,14.375,9.5,14.25],"rotation":180,"texture":"#0","tintindex":0},"south":{"uv":[4.625,2.5,4.75,2.8125],"rotation":90,"texture":"#0","tintindex":0},"north":{"uv":[4.625,2.5,4.75,2.8125],"rotation":270,"texture":"#0","tintindex":0},"west":{"uv":[14.3125,9.5,14.25,9.625],"rotation":0,"texture":"#0","tintindex":0},"up":{"uv":[4.5,2.625,4.5625,2.9375],"rotation":90,"texture":"#0","tintindex":0},"down":{"uv":[4.5,2.625,4.5625,2.9375],"rotation":90,"texture":"#0","tintindex":0}}},{"from":[7.553443,4.8767567,7.6869426],"to":[8.787729,5.339614,7.995514],"rotation":{"angle":0.0,"axis":"y","origin":[8.675662,4.9500275,8.224691]},"faces":{"east":{"uv":[14.3125,8.875,14.25,8.75],"rotation":180,"texture":"#0","tintindex":0},"south":{"uv":[4.625,2.5,4.75,2.8125],"rotation":90,"texture":"#0","tintindex":0},"north":{"uv":[4.625,2.5,4.75,2.8125],"rotation":270,"texture":"#0","tintindex":0},"west":{"uv":[9.1,14.25,9.1,14.375],"rotation":0,"texture":"#0","tintindex":0},"up":{"uv":[4.5,2.625,4.5625,2.9375],"rotation":90,"texture":"#0","tintindex":0},"down":{"uv":[4.5,2.625,4.5625,2.9375],"rotation":90,"texture":"#0","tintindex":0}}},{"from":[8.384264,4.9370546,7.635557],"to":[8.847121,6.17134,8.046986],"rotation":{"angle":0.0,"axis":"y","origin":[8.124971,5.8394628,7.9711003]},"faces":{"east":{"uv":[4.5625,2.032,4.6875,2.25],"rotation":0,"texture":"#0","tintindex":0},"south":{"uv":[4.625,2.0625,4.7375,2.3625],"rotation":0,"texture":"#0","tintindex":0},"north":{"uv":[4.625,2.0625,4.7375,2.3625],"rotation":0,"texture":"#0","tintindex":0},"west":{"uv":[4.5625,2.032,4.6875,2.25],"rotation":0,"texture":"#0","tintindex":0},"up":{"uv":[14.375,4.375,14.25,4.25],"rotation":90,"texture":"#0","tintindex":0},"down":{"uv":[4.625,14.25,4.5,14.375],"rotation":270,"texture":"#0","tintindex":0}}},{"from":[8.384264,4.9370546,8.149843],"to":[8.847121,6.17134,8.561272],"rotation":{"angle":0.0,"axis":"y","origin":[8.124971,5.8394628,7.9711003]},"faces":{"east":{"uv":[4.5625,2.032,4.6875,2.25],"rotation":0,"texture":"#0","tintindex":0},"south":{"uv":[4.625,2.0625,4.7375,2.3625],"rotation":0,"texture":"#0","tintindex":0},"north":{"uv":[4.625,2.0625,4.7375,2.3625],"rotation":0,"texture":"#0","tintindex":0},"west":{"uv":[4.5625,2.032,4.6875,2.25],"rotation":0,"texture":"#0","tintindex":0},"up":{"uv":[14.375,4.125,14.25,4.032],"rotation":90,"texture":"#0","tintindex":0},"down":{"uv":[4.375,14.25,4.25,14.375],"rotation":270,"texture":"#0","tintindex":0}}},{"from":[7.553443,4.8767567,8.241297],"to":[8.787729,5.339614,8.549869],"rotation":{"angle":0.0,"axis":"y","origin":[8.675662,4.9500275,8.224691]},"faces":{"east":{"uv":[14.3125,9.125,14.25,9.032],"rotation":180,"texture":"#0","tintindex":0},"south":{"uv":[4.625,2.5,4.75,2.8125],"rotation":90,"texture":"#0","tintindex":0},"north":{"uv":[4.625,2.5,4.75,2.8125],"rotation":270,"texture":"#0","tintindex":0},"west":{"uv":[14.3125,9.25,14.25,9.375],"rotation":0,"texture":"#0","tintindex":0},"up":{"uv":[4.5,2.625,4.5625,2.9375],"rotation":90,"texture":"#0","tintindex":0},"down":{"uv":[4.5,2.625,4.5625,2.9375],"rotation":90,"texture":"#0","tintindex":0}}},{"from":[7.553443,4.8767567,8.7258],"to":[8.787729,5.339614,9.034371],"rotation":{"angle":0.0,"axis":"y","origin":[8.675662,4.9500275,8.224691]},"faces":{"east":{"uv":[14.3125,8.625,14.25,8.5],"rotation":180,"texture":"#0","tintindex":0},"south":{"uv":[4.625,2.5,4.75,2.8125],"rotation":90,"texture":"#0","tintindex":0},"north":{"uv":[4.625,2.5,4.75,2.8125],"rotation":270,"texture":"#0","tintindex":0},"west":{"uv":[8.8125,14.25,8.75,14.375],"rotation":0,"texture":"#0","tintindex":0},"up":{"uv":[4.5,2.625,4.5625,2.9375],"rotation":90,"texture":"#0","tintindex":0},"down":{"uv":[4.5,2.625,4.5625,2.9375],"rotation":90,"texture":"#0","tintindex":0}}},{"from":[8.384264,4.9370546,8.664128],"to":[8.847121,6.17134,9.075558],"rotation":{"angle":0.0,"axis":"y","origin":[8.124971,5.8394628,7.9711003]},"faces":{"east":{"uv":[4.5625,2.032,4.6875,2.25],"rotation":0,"texture":"#0","tintindex":0},"south":{"uv":[4.625,2.0625,4.7375,2.3625],"rotation":0,"texture":"#0","tintindex":0},"north":{"uv":[4.625,2.0625,4.7375,2.3625],"rotation":0,"texture":"#0","tintindex":0},"west":{"uv":[4.5625,2.032,4.6875,2.25],"rotation":0,"texture":"#0","tintindex":0},"up":{"uv":[14.375,3.875,14.25,3.75],"rotation":90,"texture":"#0","tintindex":0},"down":{"uv":[4.125,14.25,4.032,14.375],"rotation":270,"texture":"#0","tintindex":0}}},{"from":[7.4539967,4.704594,7.128654],"to":[7.8654256,5.167451,8.36294],"rotation":{"angle":22.5,"axis":"x","origin":[8.124971,5.8394628,7.9711003]},"faces":{"east":{"uv":[4.5625,2.5,4.6875,2.8125],"rotation":270,"texture":"#0","tintindex":0},"south":{"uv":[4.8125,1.8125,4.6875,1.6875],"rotation":0,"texture":"#0","tintindex":0},"north":{"uv":[14.375,5.125,14.25,5.032],"rotation":180,"texture":"#0","tintindex":0},"west":{"uv":[4.5625,2.5,4.6875,2.8125],"rotation":270,"texture":"#0","tintindex":0},"up":{"uv":[4.5625,2.032,4.6875,2.25],"rotation":0,"texture":"#0","tintindex":0},"down":{"uv":[4.5625,2.032,4.6875,2.25],"rotation":0,"texture":"#0","tintindex":0}}},{"from":[7.4285345,5.10836,6.726643],"to":[7.8399634,6.3426456,7.1895003],"rotation":{"angle":0.0,"axis":"y","origin":[8.124971,5.8394628,7.9711003]},"faces":{"east":{"uv":[4.5,1.0625,4.625,1.375],"rotation":180,"texture":"#0","tintindex":0},"south":{"uv":[4.5625,2.032,4.6875,2.25],"rotation":0,"texture":"#0","tintindex":0},"north":{"uv":[4.5625,2.032,4.6875,2.25],"rotation":0,"texture":"#0","tintindex":0},"west":{"uv":[4.5,1.0625,4.625,1.375],"rotation":180,"texture":"#0","tintindex":0},"up":{"uv":[5.125,14.25,5.032,14.375],"rotation":0,"texture":"#0","tintindex":0},"down":{"uv":[4.8125,1.8125,4.6875,1.6875],"rotation":0,"texture":"#0","tintindex":0}}}],"display":{"head":{"translation":[0.0,-6.4,0.0],"scale":[4.0,4.0,4.0]}}}