{"textures":{"0":"modelengine:entity/spiritbodyreg"},"elements":[{"from":[4.7084,-2.0874996,4.6959143],"to":[8.308399,10.0625,8.295914],"faces":{"east":{"uv":[4.125,0.125,4.625,1.8125],"tintindex":0,"rotation":0,"texture":"#0"},"south":{"uv":[4.625,0.125,4.125,1.8125],"tintindex":0,"rotation":0,"texture":"#0"},"north":{"uv":[4.625,0.125,4.125,1.8125],"tintindex":0,"rotation":0,"texture":"#0"},"west":{"uv":[4.125,0.125,4.625,1.8125],"tintindex":0,"rotation":0,"texture":"#0"},"up":{"uv":[4.968,2.3125,4.5625,1.8125],"tintindex":0,"rotation":0,"texture":"#0"},"down":{"uv":[10.625,4.5625,10.125,4.968],"tintindex":0,"rotation":0,"texture":"#0"}},"rotation":{"origin":[10.069792,0.5334244,3.0332222],"angle":45.0,"axis":"y"}},{"from":[4.2583995,1.5125008,4.2459145],"to":[8.7584,10.512499,8.745914],"faces":{"east":{"uv":[11.032,10.032,11.625,11.25],"tintindex":0,"rotation":0,"texture":"#0"},"south":{"uv":[11.25,3.032,11.875,4.25],"tintindex":0,"rotation":0,"texture":"#0"},"north":{"uv":[9.032,11.032,9.625,12.25],"tintindex":0,"rotation":0,"texture":"#0"},"west":{"uv":[11.25,4.25,11.875,5.5],"tintindex":0,"rotation":0,"texture":"#0"},"up":{"uv":[12.875,10.375,12.25,9.75],"tintindex":0,"rotation":0,"texture":"#0"},"down":{"uv":[12.875,10.5,12.25,11.125],"tintindex":0,"rotation":0,"texture":"#0"}},"rotation":{"origin":[10.069792,0.5334244,3.0332222],"angle":45.0,"axis":"y"}}],"display":{"gui":{"rotation":[30,225,0]}}}