{"textures":{"0":"modelengine:entity/spiritbodyreg"},"elements":[{"from":[5.8619423,4.292857,5.854808],"to":[8.433372,9.435715,8.426237],"rotation":{"angle":45.0,"axis":"y","origin":[9.182738,3.733385,5.1618414]},"faces":{"east":{"uv":[11.032,10.032,11.625,11.25],"rotation":0,"texture":"#0","tintindex":0},"south":{"uv":[11.25,3.032,11.875,4.25],"rotation":0,"texture":"#0","tintindex":0},"north":{"uv":[9.032,11.032,9.625,12.25],"rotation":0,"texture":"#0","tintindex":0},"west":{"uv":[11.25,4.25,11.875,5.5],"rotation":0,"texture":"#0","tintindex":0},"up":{"uv":[12.875,10.375,12.25,9.75],"rotation":0,"texture":"#0","tintindex":0},"down":{"uv":[12.875,10.5,12.25,11.125],"rotation":0,"texture":"#0","tintindex":0}}},{"from":[6.1190853,2.2357144,6.111951],"to":[8.176229,9.178572,8.169094],"rotation":{"angle":45.0,"axis":"y","origin":[9.182738,3.733385,5.1618414]},"faces":{"east":{"uv":[4.125,0.125,4.625,1.8125],"rotation":0,"texture":"#0","tintindex":0},"south":{"uv":[4.625,0.125,4.125,1.8125],"rotation":0,"texture":"#0","tintindex":0},"north":{"uv":[4.625,0.125,4.125,1.8125],"rotation":0,"texture":"#0","tintindex":0},"west":{"uv":[4.125,0.125,4.625,1.8125],"rotation":0,"texture":"#0","tintindex":0},"up":{"uv":[4.968,2.3125,4.5625,1.8125],"rotation":0,"texture":"#0","tintindex":0},"down":{"uv":[10.625,4.5625,10.125,4.968],"rotation":0,"texture":"#0","tintindex":0}}}],"display":{"head":{"translation":[0.0,-6.4,0.0],"scale":[4.0,4.0,4.0]}}}