{"textures":{"0":"modelengine:entity/spiritbodyreg"},"elements":[{"from":[4.9242063,3.1282587,5.929077],"to":[6.9299207,8.013973,7.9347916],"rotation":{"angle":45.0,"axis":"y","origin":[8.022778,9.598711,4.9144344]},"faces":{"east":{"uv":[4.625,0.625,4.125,1.8125],"rotation":0,"texture":"#0","tintindex":0},"south":{"uv":[4.125,0.625,4.625,1.8125],"rotation":0,"texture":"#0","tintindex":0},"north":{"uv":[4.125,0.625,4.625,1.8125],"rotation":0,"texture":"#0","tintindex":0},"west":{"uv":[4.625,0.625,4.125,1.8125],"rotation":0,"texture":"#0","tintindex":0},"up":{"uv":[3.75,13.25,3.25,12.75],"rotation":0,"texture":"#0","tintindex":0},"down":{"uv":[4.968,12.75,4.5,13.25],"rotation":0,"texture":"#0","tintindex":0}}},{"from":[5.1813493,1.5854015,5.671934],"to":[7.444206,10.071116,5.671934],"rotation":{"angle":45.0,"axis":"y","origin":[8.022778,9.598711,4.9144344]},"faces":{"east":{"uv":[0.75,8.75,1.3125,10.8125],"rotation":0,"texture":"#0","tintindex":0},"south":{"uv":[0.75,8.75,1.3125,10.8125],"rotation":0,"texture":"#0","tintindex":0},"north":{"uv":[0.032,8.75,0.5625,10.8125],"rotation":0,"texture":"#0","tintindex":0},"west":{"uv":[2.25,8.75,2.8125,10.8125],"rotation":0,"texture":"#0","tintindex":0},"up":{"uv":[12.968,6.8125,12.5,6.25],"rotation":0,"texture":"#0","tintindex":0},"down":{"uv":[6.968,12.5,6.5,12.968],"rotation":0,"texture":"#0","tintindex":0}}},{"from":[7.444206,2.0996876,5.671934],"to":[7.444206,10.585402,7.7290773],"rotation":{"angle":45.0,"axis":"y","origin":[8.022778,9.598711,4.9144344]},"faces":{"east":{"uv":[0.75,8.75,1.3125,10.8125],"rotation":0,"texture":"#0","tintindex":0},"south":{"uv":[1.5,8.75,1.968,10.8125],"rotation":0,"texture":"#0","tintindex":0},"north":{"uv":[0.032,8.75,0.5625,10.8125],"rotation":0,"texture":"#0","tintindex":0},"west":{"uv":[1.3125,8.75,0.75,10.8125],"rotation":0,"texture":"#0","tintindex":0},"up":{"uv":[12.968,6.8125,12.5,6.25],"rotation":0,"texture":"#0","tintindex":0},"down":{"uv":[6.968,12.5,6.5,12.968],"rotation":0,"texture":"#0","tintindex":0}}}],"display":{"head":{"translation":[0.0,-6.4,0.0],"scale":[4.0,4.0,4.0]}}}