{"textures":{"0":"modelengine:entity/spiritbodyreg","2":"modelengine:entity/lavaswordreg"},"elements":[{"from":[7.299437,6.4648566,4.2001715],"to":[8.064437,7.0048566,4.740172],"faces":{"east":{"uv":[14.25,7.5,14.375,7.625],"tintindex":0,"rotation":90,"texture":"#0"},"south":{"uv":[14.4375,0.032,14.25,0.125],"tintindex":0,"rotation":0,"texture":"#0"},"north":{"uv":[14.1875,14.125,14.032,14.032],"tintindex":0,"rotation":180,"texture":"#0"},"west":{"uv":[14.25,7.5,14.375,7.625],"tintindex":0,"rotation":270,"texture":"#0"},"up":{"uv":[14.032,13.75,14.1875,13.875],"tintindex":0,"rotation":0,"texture":"#0"},"down":{"uv":[13.75,14.032,13.9375,14.125],"tintindex":0,"rotation":180,"texture":"#0"}},"rotation":{"origin":[7.738187,7.9887915,3.2408047],"angle":-45.0,"axis":"x"}},{"from":[7.684437,7.7356043,7.609728],"to":[8.224437,8.455605,8.239728],"faces":{"east":{"uv":[13.5,11.032,13.6875,11.1875],"tintindex":0,"rotation":90,"texture":"#0"},"south":{"uv":[14.125,13.5,14.032,13.6875],"tintindex":0,"rotation":0,"texture":"#0"},"north":{"uv":[14.125,13.4375,14.032,13.25],"tintindex":0,"rotation":180,"texture":"#0"},"west":{"uv":[13.75,2.75,13.9375,2.9375],"tintindex":0,"rotation":270,"texture":"#0"},"up":{"uv":[14.032,13.032,14.125,13.1875],"tintindex":0,"rotation":0,"texture":"#0"},"down":{"uv":[14.032,12.75,14.125,12.9375],"tintindex":0,"rotation":180,"texture":"#0"}}},{"from":[8.047815,6.194478,-7.7206182],"to":[8.047815,9.569478,4.834381],"faces":{"east":{"uv":[7.75,1.5,3.75,15.95],"tintindex":0,"rotation":90,"texture":"#2"},"south":{"uv":[0.032,0.032,-0.1,3.75],"tintindex":0,"rotation":0,"texture":"#2"},"north":{"uv":[0.032,0.032,-0.1,3.75],"tintindex":0,"rotation":0,"texture":"#2"},"west":{"uv":[7.75,15.95,3.75,1.5],"tintindex":0,"rotation":90,"texture":"#2"},"up":{"uv":[0.032,13.968,-0.1,0.032],"tintindex":0,"rotation":0,"texture":"#2"},"down":{"uv":[0.032,0.032,-0.1,13.968],"tintindex":0,"rotation":0,"texture":"#2"}}},{"from":[7.684437,8.533922,4.938988],"to":[8.404437,9.8389225,5.613988],"faces":{"east":{"uv":[11.5,2.75,11.875,2.9375],"tintindex":0,"rotation":90,"texture":"#0"},"south":{"uv":[13.6875,9.25,13.5,9.625],"tintindex":0,"rotation":0,"texture":"#0"},"north":{"uv":[9.4375,13.875,9.25,13.5],"tintindex":0,"rotation":180,"texture":"#0"},"west":{"uv":[11.875,2.75,11.5,2.9375],"tintindex":0,"rotation":270,"texture":"#0"},"up":{"uv":[13.75,8.75,13.9375,8.9375],"tintindex":0,"rotation":0,"texture":"#0"},"down":{"uv":[13.75,7.75,13.9375,7.9375],"tintindex":0,"rotation":180,"texture":"#0"}},"rotation":{"origin":[7.988187,7.9887915,3.2408047],"angle":-22.5,"axis":"x"}},{"from":[7.684437,6.6106043,4.5497274],"to":[8.224437,9.400604,5.2247276],"faces":{"east":{"uv":[13.25,6.5,13.968,6.6875],"tintindex":0,"rotation":90,"texture":"#0"},"south":{"uv":[2.875,13.5,2.75,14.25],"tintindex":0,"rotation":0,"texture":"#0"},"north":{"uv":[2.625,14.25,2.5,13.5],"tintindex":0,"rotation":180,"texture":"#0"},"west":{"uv":[13.25,6.5,13.968,6.6875],"tintindex":0,"rotation":270,"texture":"#0"},"up":{"uv":[12.25,14.032,12.375,14.1875],"tintindex":0,"rotation":0,"texture":"#0"},"down":{"uv":[14.032,12.032,14.125,12.1875],"tintindex":0,"rotation":180,"texture":"#0"}}},{"from":[7.684437,6.1697273,4.92612],"to":[8.404437,7.4747276,5.60112],"faces":{"east":{"uv":[9.5,13.5,9.875,13.6875],"tintindex":0,"rotation":90,"texture":"#0"},"south":{"uv":[13.6875,10.032,13.5,10.375],"tintindex":0,"rotation":0,"texture":"#0"},"north":{"uv":[10.1875,13.875,10.032,13.5],"tintindex":0,"rotation":180,"texture":"#0"},"west":{"uv":[9.875,13.5,9.5,13.6875],"tintindex":0,"rotation":270,"texture":"#0"},"up":{"uv":[14.032,9.75,14.1875,9.9375],"tintindex":0,"rotation":0,"texture":"#0"},"down":{"uv":[14.032,2.75,14.1875,2.9375],"tintindex":0,"rotation":180,"texture":"#0"}},"rotation":{"origin":[7.988187,7.9887915,3.2408047],"angle":22.5,"axis":"x"}},{"from":[7.774437,7.7356043,4.9997277],"to":[8.134438,8.275604,7.609728],"faces":{"east":{"uv":[2.032,13.5,2.125,14.25],"tintindex":0,"rotation":90,"texture":"#0"},"south":{"uv":[7.375,14.25,7.25,14.375],"tintindex":0,"rotation":0,"texture":"#0"},"north":{"uv":[14.375,7.125,14.25,7.032],"tintindex":0,"rotation":180,"texture":"#0"},"west":{"uv":[13.5,2.25,13.625,2.968],"tintindex":0,"rotation":270,"texture":"#0"},"up":{"uv":[2.25,13.5,2.375,14.25],"tintindex":0,"rotation":0,"texture":"#0"},"down":{"uv":[1.75,13.5,1.875,14.25],"tintindex":0,"rotation":180,"texture":"#0"}}}],"display":{"gui":{"rotation":[30,225,0]}}}