{ "custom.corruptedbrute.xd": { "category": "hostile", "sounds": [ { "name": "custom/mobs/corruptedbrute/idle1" } ], "subtitle": "Armor resonates" }, 
"custom.corruptedbrute.idle": { "category": "hostile", "sounds": [ { "name": "custom/mobs/corruptedbrute/idle1" }, { "name": "custom/mobs/corruptedbrute/idle2" }, { "name": "custom/mobs/corruptedbrute/idle3" }, { "name": "custom/mobs/corruptedbrute/idle4" } ], "subtitle": "Corrupted one growls" }, 
"custom.corruptedbrute.countertacked": { "category": "hostile", "sounds": [ { "name": "custom/mobs/corruptedbrute/countertacked1" }, { "name": "custom/mobs/corruptedbrute/countertacked2" }, { "name": "custom/mobs/corruptedbrute/countertacked3" } ], "subtitle": "Corrupted voice screams" }, 
"custom.corruptedbrute.death": { "category": "hostile", "sounds": [ { "name": "custom/mobs/corruptedbrute/death1" }, { "name": "custom/mobs/corruptedbrute/death2" } ], "subtitle": "Corrupted being dies" }, 

"custom.corruptedbrute.efforta": { "category": "hostile", "sounds": [ { "name": "custom/mobs/corruptedbrute/efforta1" }, { "name": "custom/mobs/corruptedbrute/efforta2" }, { "name": "custom/mobs/corruptedbrute/efforta3" } ], "subtitle": "Corrupted voice efforts" },
"custom.corruptedbrute.effortb": { "category": "hostile", "sounds": [ { "name": "custom/mobs/corruptedbrute/effortb1" }, { "name": "custom/mobs/corruptedbrute/effortb2" }, { "name": "custom/mobs/corruptedbrute/effortb3" } ], "subtitle": "Corrupted voice efforts" },
"custom.corruptedbrute.effortc": { "category": "hostile", "sounds": [ { "name": "custom/mobs/corruptedbrute/effortc1" }, { "name": "custom/mobs/corruptedbrute/effortc2" }, { "name": "custom/mobs/corruptedbrute/effortc3" } ], "subtitle": "Corrupted voice efforts" },

"custom.corruptedbrute.hurt": { "category": "hostile", "sounds": [ { "name": "custom/mobs/corruptedbrute/hurt1" }, { "name": "custom/mobs/corruptedbrute/hurt2" }, { "name": "custom/mobs/corruptedbrute/hurt3" }, { "name": "custom/mobs/corruptedbrute/hurt4" } ], "subtitle": "Corrupted being hurt" }, 
"custom.corruptedbrute.hurtedbad": { "category": "hostile", "sounds": [ { "name": "custom/mobs/corruptedbrute/hurtedbad1" }, { "name": "custom/mobs/corruptedbrute/hurtedbad2" }, { "name": "custom/mobs/corruptedbrute/hurtedbad3" } ], "subtitle": "Pain screams" }, 

"custom.corruptedbrute.rage": { "category": "hostile", "sounds": [ { "name": "custom/mobs/corruptedbrute/rage1" }, { "name": "custom/mobs/corruptedbrute/rage2" }, { "name": "custom/mobs/corruptedbrute/rage3" } ], "subtitle": "Corrupted rage screams" }, 
"custom.corruptedbrute.frenzy": { "category": "hostile", "sounds": [ { "name": "custom/mobs/corruptedbrute/frenzy1" }, { "name": "custom/mobs/corruptedbrute/frenzy2" }, { "name": "custom/mobs/corruptedbrute/frenzy3" } ], "subtitle": "Corrupted frenzy" }, 
"custom.corruptedbrute.run_loop": { "category": "hostile", "sounds": [ { "name": "custom/mobs/corruptedbrute/run_loop1" }, { "name": "custom/mobs/corruptedbrute/run_loop2" }, { "name": "custom/mobs/corruptedbrute/run_loop3" } ], "subtitle": "Corrupted voice pants" }

}