{"textures":{"0":"modelengine:entity/skrilldragonbaby"},"elements":[{"name":"cube","from":[4.724449,7.1300006,-0.17650414],"to":[17.49245,8.785999,2.5594969],"rotation":{"angle":22.5,"axis":"y","origin":[36.12828,-24.946003,26.926388]},"faces":{"down":{"uv":[6.53125,0.375,5.875,0.53125],"rotation":0,"texture":"#0","tintindex":0},"east":{"uv":[6.625,7.0,6.78125,7.09375],"rotation":0,"texture":"#0","tintindex":0},"north":{"uv":[6.375,6.0625,7.03125,6.15625],"rotation":0,"texture":"#0","tintindex":0},"south":{"uv":[6.125,6.375,6.78125,6.46875],"rotation":0,"texture":"#0","tintindex":0},"up":{"uv":[6.53125,0.53125,5.875,0.375],"rotation":0,"texture":"#0","tintindex":0},"west":{"uv":[6.8125,7.0,6.96875,7.09375],"rotation":0,"texture":"#0","tintindex":0}}},{"name":"cube","from":[1.3587483,7.2740006,-10.1311455],"to":[17.48675,8.642,-7.6831446],"rotation":{"angle":45.0,"axis":"y","origin":[36.12828,-24.946003,26.926388]},"faces":{"down":{"uv":[5.75,0.25,6.59375,0.125],"rotation":0,"texture":"#0","tintindex":0},"east":{"uv":[7.125,1.375,7.25,1.4375],"rotation":0,"texture":"#0","tintindex":0},"north":{"uv":[6.625,0.3125,7.46875,0.375],"rotation":0,"texture":"#0","tintindex":0},"south":{"uv":[6.625,0.9375,7.46875,1.0],"rotation":0,"texture":"#0","tintindex":0},"up":{"uv":[6.59375,0.125,5.75,0.0],"rotation":0,"texture":"#0","tintindex":0},"west":{"uv":[1.625,7.125,1.75,7.1875],"rotation":0,"texture":"#0","tintindex":0}}},{"name":"cube","from":[-12.922273,7.8859997,1.5881886],"to":[19.333729,8.030001,23.908192],"rotation":{"angle":22.5,"axis":"y","origin":[36.12828,-24.946003,26.926388]},"faces":{"down":{"uv":[1.6875,2.375,0.0,3.53125],"rotation":0,"texture":"#0","tintindex":0},"east":{"uv":[6.8125,3.9375,7.96875,3.96875],"rotation":0,"texture":"#0","tintindex":0},"north":{"uv":[6.625,1.0,8.3125,1.03125],"rotation":0,"texture":"#0","tintindex":0},"south":{"uv":[6.625,1.0625,8.3125,1.09375],"rotation":0,"texture":"#0","tintindex":0},"up":{"uv":[1.6875,3.53125,0.0,2.375],"rotation":0,"texture":"#0","tintindex":0},"west":{"uv":[6.8125,4.0,7.96875,4.03125],"rotation":0,"texture":"#0","tintindex":0}}}],"display":{"head":{"translation":[0.0,-6.4,0.0],"rotation":[0.0,0.0,0.0],"scale":[3.8095,3.8095,3.8095]}}}