{
  "credit": "Made with Blockbench",
  "texture_size": [
    64,
    64
  ],
  "textures": {
    "1": "cosmetics:custom/cosmetics/gnome/gnome_hat",
    "particle": "cosmetics:custom/cosmetics/gnome/gnome_hat"
  },
  "elements": [
    {
      "from": [
        3.5,
        8,
        3.5
      ],
      "to": [
        12.5,
        11,
        12.5
      ],
      "faces": {
        "north": {
          "uv": [
            4.5,
            3,
            6.75,
            3.75
          ],
          "texture": "#1",
          "tintindex": 0
        },
        "east": {
          "uv": [
            3,
            5.25,
            5.25,
            6
          ],
          "texture": "#1",
          "tintindex": 0
        },
        "south": {
          "uv": [
            5.25,
            3.75,
            7.5,
            4.5
          ],
          "texture": "#1"
        },
        "west": {
          "uv": [
            5.25,
            4.5,
            7.5,
            5.25
          ],
          "texture": "#1",
          "tintindex": 0
        },
        "up": {
          "uv": [
            2.25,
            2.25,
            0,
            0
          ],
          "texture": "#1",
          "tintindex": 0
        },
        "down": {
          "uv": [
            2.25,
            2.25,
            0,
            4.5
          ],
          "texture": "#1",
          "tintindex": 0
        }
      }
    },
    {
      "from": [
        3.5,
        5,
        5.5
      ],
      "to": [
        12.5,
        8,
        7.5
      ],
      "faces": {
        "north": {
          "uv": [
            5.25,
            5.25,
            7.5,
            6
          ],
          "texture": "#1"
        },
        "east": {
          "uv": [
            0,
            7,
            0.5,
            7.75
          ],
          "texture": "#1"
        },
        "south": {
          "uv": [
            6,
            0,
            8.25,
            0.75
          ],
          "texture": "#1"
        },
        "west": {
          "uv": [
            0.5,
            7,
            1,
            7.75
          ],
          "texture": "#1"
        },
        "up": {
          "uv": [
            7,
            6.5,
            4.75,
            6
          ],
          "texture": "#1"
        },
        "down": {
          "uv": [
            2.25,
            6.5,
            0,
            7
          ],
          "texture": "#1"
        }
      }
    },
    {
      "from": [
        3.5,
        1,
        3.5
      ],
      "to": [
        12.5,
        5,
        7.5
      ],
      "faces": {
        "north": {
          "uv": [
            2.25,
            3,
            4.5,
            4
          ],
          "texture": "#1"
        },
        "east": {
          "uv": [
            4.75,
            6.5,
            5.75,
            7.5
          ],
          "texture": "#1"
        },
        "south": {
          "uv": [
            3.75,
            0,
            6,
            1
          ],
          "texture": "#1"
        },
        "west": {
          "uv": [
            5.75,
            6.5,
            6.75,
            7.5
          ],
          "texture": "#1"
        },
        "up": {
          "uv": [
            6,
            2,
            3.75,
            1
          ],
          "texture": "#1"
        },
        "down": {
          "uv": [
            6,
            2,
            3.75,
            3
          ],
          "texture": "#1"
        }
      }
    },
    {
      "from": [
        4.5,
        -2,
        4.5
      ],
      "to": [
        11.5,
        1,
        7.5
      ],
      "faces": {
        "north": {
          "uv": [
            6,
            0.75,
            7.75,
            1.5
          ],
          "texture": "#1"
        },
        "east": {
          "uv": [
            1.5,
            4.5,
            2.25,
            5.25
          ],
          "texture": "#1"
        },
        "south": {
          "uv": [
            6,
            1.5,
            7.75,
            2.25
          ],
          "texture": "#1"
        },
        "west": {
          "uv": [
            0,
            5.75,
            0.75,
            6.5
          ],
          "texture": "#1"
        },
        "up": {
          "uv": [
            7.75,
            3,
            6,
            2.25
          ],
          "texture": "#1"
        },
        "down": {
          "uv": [
            4.75,
            6,
            3,
            6.75
          ],
          "texture": "#1"
        }
      }
    },
    {
      "from": [
        5,
        11,
        5
      ],
      "to": [
        11,
        16,
        11
      ],
      "faces": {
        "north": {
          "uv": [
            2.25,
            4,
            3.75,
            5.25
          ],
          "texture": "#1",
          "tintindex": 0
        },
        "east": {
          "uv": [
            3.75,
            4,
            5.25,
            5.25
          ],
          "texture": "#1",
          "tintindex": 0
        },
        "south": {
          "uv": [
            0,
            4.5,
            1.5,
            5.75
          ],
          "texture": "#1"
        },
        "west": {
          "uv": [
            1.5,
            5.25,
            3,
            6.5
          ],
          "texture": "#1",
          "tintindex": 0
        },
        "up": {
          "uv": [
            3.75,
            1.5,
            2.25,
            0
          ],
          "texture": "#1",
          "tintindex": 0
        },
        "down": {
          "uv": [
            3.75,
            1.5,
            2.25,
            3
          ],
          "texture": "#1",
          "tintindex": 0
        }
      }
    },
    {
      "from": [
        6.5,
        16,
        6.5
      ],
      "to": [
        9.5,
        19,
        9.5
      ],
      "faces": {
        "north": {
          "uv": [
            0.75,
            5.75,
            1.5,
            6.5
          ],
          "texture": "#1",
          "tintindex": 0
        },
        "east": {
          "uv": [
            2.25,
            6.5,
            3,
            7.25
          ],
          "texture": "#1",
          "tintindex": 0
        },
        "south": {
          "uv": [
            3,
            6.75,
            3.75,
            7.5
          ],
          "texture": "#1"
        },
        "west": {
          "uv": [
            6.75,
            3,
            7.5,
            3.75
          ],
          "texture": "#1",
          "tintindex": 0
        },
        "up": {
          "uv": [
            4.5,
            7.5,
            3.75,
            6.75
          ],
          "texture": "#1",
          "tintindex": 0
        },
        "down": {
          "uv": [
            7.5,
            6.5,
            6.75,
            7.25
          ],
          "texture": "#1",
          "tintindex": 0
        }
      }
    },
    {
      "from": [
        7,
        4,
        3
      ],
      "to": [
        9,
        6,
        5
      ],
      "faces": {
        "north": {
          "uv": [
            1,
            7,
            1.5,
            7.5
          ],
          "texture": "#1"
        },
        "east": {
          "uv": [
            1.5,
            7,
            2,
            7.5
          ],
          "texture": "#1"
        },
        "south": {
          "uv": [
            7,
            6,
            7.5,
            6.5
          ],
          "texture": "#1"
        },
        "west": {
          "uv": [
            2,
            7.25,
            2.5,
            7.75
          ],
          "texture": "#1"
        },
        "up": {
          "uv": [
            3,
            7.75,
            2.5,
            7.25
          ],
          "texture": "#1"
        },
        "down": {
          "uv": [
            7.25,
            7.25,
            6.75,
            7.75
          ],
          "texture": "#1"
        }
      }
    }
  ],
  "display": {
    "thirdperson_righthand": {
      "rotation": [
        75,
        45,
        0
      ],
      "translation": [
        0,
        2.5,
        0
      ],
      "scale": [
        0.375,
        0.375,
        0.375
      ]
    },
    "thirdperson_lefthand": {
      "rotation": [
        75,
        45,
        0
      ],
      "translation": [
        0,
        2.5,
        0
      ],
      "scale": [
        0.375,
        0.375,
        0.375
      ]
    },
    "firstperson_righthand": {
      "rotation": [
        75,
        45,
        0
      ],
      "translation": [
        0,
        2.5,
        0
      ],
      "scale": [
        0.375,
        0.375,
        0.375
      ]
    },
    "firstperson_lefthand": {
      "rotation": [
        75,
        45,
        0
      ],
      "translation": [
        0,
        2.5,
        0
      ],
      "scale": [
        0.375,
        0.375,
        0.375
      ]
    },
    "ground": {
      "translation": [
        0,
        3,
        0
      ],
      "scale": [
        0.25,
        0.25,
        0.25
      ]
    },
    "gui": {
      "rotation": [
        30,
        225,
        0
      ],
      "scale": [
        0.625,
        0.625,
        0.625
      ]
    },
    "head": {
      "translation": [
        0,
        3,
        0
      ],
      "scale": [
        1.61,
        1.61,
        1.61
      ]
    }
  }
}