{
	"credit": "Made with Blockbench",
	"texture_size": [128, 128],
	"textures": {
		"1": "modelengine:entity/xm2_sleigh_reindeer"
	},
	"elements": [
		{
			"from": [5.6, 9.37489, 11.27269],
			"to": [8.4, 13.29489, 12.39269],
			"rotation": {"angle": -22.5, "axis": "x", "origin": [8.4, 11.33489, 11.83269]},
			"faces": {
				"north": {"uv": [3.875, 9.125, 4.5, 10], "texture": "#1"},
				"east": {"uv": [6, 3.25, 6.25, 4.125], "texture": "#1"},
				"south": {"uv": [9.125, 5.25, 9.75, 6.125], "texture": "#1"},
				"west": {"uv": [6, 6.375, 6.25, 7.25], "texture": "#1"},
				"up": {"uv": [10, 0.25, 9.375, 0], "texture": "#1"},
				"down": {"uv": [10, 0.25, 9.375, 0.5], "texture": "#1"}
			}
		},
		{
			"from": [4.2, 6.64, -1.84],
			"to": [9.8, 13.36, 11.6],
			"rotation": {"angle": 0, "axis": "y", "origin": [11.48, 0.48, 50.8]},
			"faces": {
				"north": {"uv": [6, 1.75, 7.25, 3.25], "texture": "#1"},
				"east": {"uv": [0, 3.125, 3, 4.625], "texture": "#1"},
				"south": {"uv": [6.25, 3.25, 7.5, 4.75], "texture": "#1"},
				"west": {"uv": [3, 3.125, 6, 4.625], "texture": "#1"},
				"up": {"uv": [1.25, 7.625, 0, 4.625], "texture": "#1"},
				"down": {"uv": [2.5, 4.625, 1.25, 7.625], "texture": "#1"}
			}
		},
		{
			"from": [3.696, 3.28, 7.81588],
			"to": [6.44, 8.32, 10.61588],
			"rotation": {"angle": -45, "axis": "x", "origin": [5.04, 6.64, 9.49588]},
			"faces": {
				"north": {"uv": [9, 2.625, 9.625, 3.75], "texture": "#1"},
				"east": {"uv": [9.125, 0.875, 9.75, 2], "texture": "#1"},
				"south": {"uv": [2.625, 9.125, 3.25, 10.25], "texture": "#1"},
				"west": {"uv": [3.25, 9.125, 3.875, 10.25], "texture": "#1"},
				"up": {"uv": [9.75, 2.625, 9.125, 2], "texture": "#1"},
				"down": {"uv": [7.125, 9.125, 6.5, 9.75], "texture": "#1"}
			}
		},
		{
			"from": [3.64, 6.64, 7.12],
			"to": [6.44, 12.8, 12.72],
			"rotation": {"angle": 0, "axis": "y", "origin": [11.48, 0.48, 50.8]},
			"faces": {
				"north": {"uv": [6, 7.75, 6.625, 9.125], "texture": "#1"},
				"east": {"uv": [2.5, 6.375, 3.75, 7.75], "texture": "#1"},
				"south": {"uv": [6.625, 7.75, 7.25, 9.125], "texture": "#1"},
				"west": {"uv": [3.75, 6.375, 5, 7.75], "texture": "#1"},
				"up": {"uv": [9.125, 5.5, 8.5, 4.25], "texture": "#1"},
				"down": {"uv": [9.125, 5.5, 8.5, 6.75], "texture": "#1"}
			}
		},
		{
			"from": [3.92, -1.66743, 9.86606],
			"to": [6.16, 5.61257, 12.10606],
			"rotation": {"angle": 22.5, "axis": "x", "origin": [5.04, 3.93257, 10.98606]},
			"faces": {
				"north": {"uv": [4.625, 7.875, 5.125, 9.5], "texture": "#1"},
				"east": {"uv": [5.125, 7.875, 5.625, 9.5], "texture": "#1"},
				"south": {"uv": [8.125, 7.125, 8.625, 8.75], "texture": "#1"},
				"west": {"uv": [8.5, 2.625, 9, 4.25], "texture": "#1"},
				"up": {"uv": [9.625, 7.625, 9.125, 7.125], "texture": "#1"},
				"down": {"uv": [9.625, 7.625, 9.125, 8.125], "texture": "#1"}
			}
		},
		{
			"from": [4.28291, 6.64, 12.59212],
			"to": [4.28291, 12.8, 15.95212],
			"rotation": {"angle": 22.5, "axis": "y", "origin": [4.28291, 9.72, 14.27212]},
			"faces": {
				"north": {"uv": [0, 0, 0, 1.375], "texture": "#1"},
				"east": {"uv": [4.625, 7.75, 3.875, 9.125], "texture": "#1"},
				"south": {"uv": [0, 0, 0, 1.375], "texture": "#1"},
				"west": {"uv": [3.875, 7.75, 4.625, 9.125], "texture": "#1"},
				"up": {"uv": [0, 0.75, 0, 0], "texture": "#1"},
				"down": {"uv": [0, 0, 0, 0.75], "texture": "#1"}
			}
		},
		{
			"from": [8.12, 3.28, 7.81588],
			"to": [10.864, 8.32, 10.61588],
			"rotation": {"angle": -45, "axis": "x", "origin": [9.52, 6.64, 9.49588]},
			"faces": {
				"north": {"uv": [9.625, 2.625, 9, 3.75], "texture": "#1"},
				"east": {"uv": [3.875, 9.125, 3.25, 10.25], "texture": "#1"},
				"south": {"uv": [3.25, 9.125, 2.625, 10.25], "texture": "#1"},
				"west": {"uv": [9.75, 0.875, 9.125, 2], "texture": "#1"},
				"up": {"uv": [9.125, 2.625, 9.75, 2], "texture": "#1"},
				"down": {"uv": [6.5, 9.125, 7.125, 9.75], "texture": "#1"}
			}
		},
		{
			"from": [8.12, 6.64, 7.12],
			"to": [10.92, 12.8, 12.72],
			"rotation": {"angle": 0, "axis": "y", "origin": [3.08, 0.48, 50.8]},
			"faces": {
				"north": {"uv": [6.625, 7.75, 6, 9.125], "texture": "#1"},
				"east": {"uv": [5, 6.375, 3.75, 7.75], "texture": "#1"},
				"south": {"uv": [7.25, 7.75, 6.625, 9.125], "texture": "#1"},
				"west": {"uv": [3.75, 6.375, 2.5, 7.75], "texture": "#1"},
				"up": {"uv": [8.5, 5.5, 9.125, 4.25], "texture": "#1"},
				"down": {"uv": [8.5, 5.5, 9.125, 6.75], "texture": "#1"}
			}
		},
		{
			"from": [8.4, -1.66743, 9.86606],
			"to": [10.64, 5.61257, 12.10606],
			"rotation": {"angle": 22.5, "axis": "x", "origin": [9.52, 3.93257, 10.98606]},
			"faces": {
				"north": {"uv": [5.125, 7.875, 4.625, 9.5], "texture": "#1"},
				"east": {"uv": [9, 2.625, 8.5, 4.25], "texture": "#1"},
				"south": {"uv": [8.625, 7.125, 8.125, 8.75], "texture": "#1"},
				"west": {"uv": [5.625, 7.875, 5.125, 9.5], "texture": "#1"},
				"up": {"uv": [9.125, 7.625, 9.625, 7.125], "texture": "#1"},
				"down": {"uv": [9.125, 7.625, 9.625, 8.125], "texture": "#1"}
			}
		},
		{
			"from": [10.27709, 6.64, 12.59212],
			"to": [10.27709, 12.8, 15.95212],
			"rotation": {"angle": -22.5, "axis": "y", "origin": [10.27709, 9.72, 14.27212]},
			"faces": {
				"north": {"uv": [0, 0, 0, 1.375], "texture": "#1"},
				"east": {"uv": [4.625, 7.75, 3.875, 9.125], "texture": "#1"},
				"south": {"uv": [0, 0, 0, 1.375], "texture": "#1"},
				"west": {"uv": [3.875, 7.75, 4.625, 9.125], "texture": "#1"},
				"up": {"uv": [0, 0.75, 0, 0], "texture": "#1"},
				"down": {"uv": [0, 0, 0, 0.75], "texture": "#1"}
			}
		},
		{
			"from": [3.64, 4.4, -1.28],
			"to": [5.88, 11.12, 3.2],
			"rotation": {"angle": -22.5, "axis": "x", "origin": [4.76, 8.74, 0.4]},
			"faces": {
				"north": {"uv": [8.625, 6.75, 9.125, 8.25], "texture": "#1"},
				"east": {"uv": [5, 6.375, 6, 7.875], "texture": "#1"},
				"south": {"uv": [8.625, 8.25, 9.125, 9.75], "texture": "#1"},
				"west": {"uv": [7.5, 2.625, 8.5, 4.125], "texture": "#1"},
				"up": {"uv": [6.5, 10.125, 6, 9.125], "texture": "#1"},
				"down": {"uv": [9.625, 6.125, 9.125, 7.125], "texture": "#1"}
			}
		},
		{
			"from": [3.92, -1.45212, 0.26784],
			"to": [5.6, 5.26788, 2.50784],
			"rotation": {"angle": 0, "axis": "y", "origin": [4.76, 2.18788, 2.50784]},
			"faces": {
				"north": {"uv": [5.625, 7.875, 6, 9.375], "texture": "#1"},
				"east": {"uv": [8.125, 8.75, 8.625, 10.25], "texture": "#1"},
				"south": {"uv": [9.125, 3.75, 9.5, 5.25], "texture": "#1"},
				"west": {"uv": [2.125, 9, 2.625, 10.5], "texture": "#1"},
				"up": {"uv": [7.5, 9.625, 7.125, 9.125], "texture": "#1"},
				"down": {"uv": [9.5, 8.125, 9.125, 8.625], "texture": "#1"}
			}
		},
		{
			"from": [8.68, 4.4, -1.28],
			"to": [10.92, 11.12, 3.2],
			"rotation": {"angle": -22.5, "axis": "x", "origin": [9.8, 8.74, 0.4]},
			"faces": {
				"north": {"uv": [9.125, 6.75, 8.625, 8.25], "texture": "#1"},
				"east": {"uv": [8.5, 2.625, 7.5, 4.125], "texture": "#1"},
				"south": {"uv": [9.125, 8.25, 8.625, 9.75], "texture": "#1"},
				"west": {"uv": [6, 6.375, 5, 7.875], "texture": "#1"},
				"up": {"uv": [6, 10.125, 6.5, 9.125], "texture": "#1"},
				"down": {"uv": [9.125, 6.125, 9.625, 7.125], "texture": "#1"}
			}
		},
		{
			"from": [8.96, -1.45212, 0.26784],
			"to": [10.64, 5.26788, 2.50784],
			"rotation": {"angle": 0, "axis": "y", "origin": [9.8, 2.18788, 2.50784]},
			"faces": {
				"north": {"uv": [6, 7.875, 5.625, 9.375], "texture": "#1"},
				"east": {"uv": [2.625, 9, 2.125, 10.5], "texture": "#1"},
				"south": {"uv": [9.5, 3.75, 9.125, 5.25], "texture": "#1"},
				"west": {"uv": [8.625, 8.75, 8.125, 10.25], "texture": "#1"},
				"up": {"uv": [7.125, 9.625, 7.5, 9.125], "texture": "#1"},
				"down": {"uv": [9.125, 8.125, 9.5, 8.625], "texture": "#1"}
			}
		},
		{
			"from": [4.76, 12.24, -2.96],
			"to": [9.24, 18.96, 2.64],
			"rotation": {"angle": 0, "axis": "y", "origin": [11.48, 0.48, 50.8]},
			"faces": {
				"north": {"uv": [7.5, 4.125, 8.5, 5.625], "texture": "#1"},
				"east": {"uv": [6.25, 4.75, 7.5, 6.25], "texture": "#1"},
				"south": {"uv": [7.5, 5.625, 8.5, 7.125], "texture": "#1"},
				"west": {"uv": [6.25, 6.25, 7.5, 7.75], "texture": "#1"},
				"up": {"uv": [6, 3, 5, 1.75], "texture": "#1"},
				"down": {"uv": [3.125, 7.75, 2.125, 9], "texture": "#1"}
			}
		},
		{
			"from": [3.92, 11.12, -4.08],
			"to": [10.08, 15.04, 3.2],
			"rotation": {"angle": -22.5, "axis": "x", "origin": [7, 14.48, -0.16]},
			"faces": {
				"north": {"uv": [13.25, 0, 14.625, 0.875], "texture": "#1"},
				"east": {"uv": [13, 0.875, 14.625, 1.75], "texture": "#1"},
				"south": {"uv": [11.625, 0.875, 13, 1.75], "texture": "#1"},
				"west": {"uv": [11.625, 0, 13.25, 0.875], "texture": "#1"},
				"up": {"uv": [16, 1.625, 14.625, 0], "texture": "#1"},
				"down": {"uv": [16, 1.625, 14.625, 3.25], "texture": "#1"}
			}
		},
		{
			"from": [3.92, 6.14747, -4.31736],
			"to": [7.28, 11.18747, -4.31736],
			"rotation": {"angle": 22.5, "axis": "x", "origin": [7, 7.54747, -4.31736]},
			"faces": {
				"north": {"uv": [13.875, 1.75, 14.625, 2.875], "texture": "#1"},
				"east": {"uv": [13.375, 10.25, 13.375, 11.375], "texture": "#1"},
				"south": {"uv": [13.875, 1.75, 14.625, 2.875], "texture": "#1"},
				"west": {"uv": [13.375, 11.75, 13.375, 12.875], "texture": "#1"},
				"up": {"uv": [12.875, 7.25, 12.125, 7.25], "texture": "#1"},
				"down": {"uv": [10, 13.25, 9.25, 13.25], "texture": "#1"}
			}
		},
		{
			"from": [5.32, 18.08, -6.32],
			"to": [8.68, 22, 2.08],
			"rotation": {"angle": 0, "axis": "y", "origin": [11.48, 0.48, 50.24]},
			"faces": {
				"north": {"uv": [7.5, 0.875, 8.25, 1.75], "texture": "#1"},
				"east": {"uv": [7.25, 1.75, 9.125, 2.625], "texture": "#1"},
				"south": {"uv": [8.25, 0.875, 9, 1.75], "texture": "#1"},
				"west": {"uv": [7.5, 0, 9.375, 0.875], "texture": "#1"},
				"up": {"uv": [1.375, 9.5, 0.625, 7.625], "texture": "#1"},
				"down": {"uv": [2.125, 7.625, 1.375, 9.5], "texture": "#1"}
			}
		},
		{
			"from": [3.08, 20.32, 0.96],
			"to": [5.32, 22, 2.08],
			"rotation": {"angle": 0, "axis": "y", "origin": [11.48, 0.48, 50.24]},
			"faces": {
				"north": {"uv": [9.125, 8.625, 9.625, 9], "texture": "#1"},
				"east": {"uv": [6, 4.125, 6.25, 4.5], "texture": "#1"},
				"south": {"uv": [9.125, 9, 9.625, 9.375], "texture": "#1"},
				"west": {"uv": [7.25, 2.625, 7.5, 3], "texture": "#1"},
				"up": {"uv": [9.875, 0.75, 9.375, 0.5], "texture": "#1"},
				"down": {"uv": [8, 9.375, 7.5, 9.625], "texture": "#1"}
			}
		},
		{
			"from": [3.81988, 21.16, -1.28],
			"to": [3.81988, 29, 7.12],
			"rotation": {"angle": 22.5, "axis": "z", "origin": [3.81988, 25.94161, 6.28]},
			"faces": {
				"north": {"uv": [0, 0, 0, 1.75], "texture": "#1"},
				"east": {"uv": [6.25, 4.625, 4.375, 6.375], "texture": "#1"},
				"south": {"uv": [0, 0, 0, 1.75], "texture": "#1"},
				"west": {"uv": [4.375, 4.625, 6.25, 6.375], "texture": "#1"},
				"up": {"uv": [0, 1.875, 0, 0], "texture": "#1"},
				"down": {"uv": [0, 0, 0, 1.875], "texture": "#1"}
			}
		},
		{
			"from": [10.18012, 21.16, -1.28],
			"to": [10.18012, 29, 7.12],
			"rotation": {"angle": -22.5, "axis": "z", "origin": [10.18012, 25.94161, 6.28]},
			"faces": {
				"north": {"uv": [0, 0, 0, 1.75], "texture": "#1"},
				"east": {"uv": [6.25, 4.625, 4.375, 6.375], "texture": "#1"},
				"south": {"uv": [0, 0, 0, 1.75], "texture": "#1"},
				"west": {"uv": [4.375, 4.625, 6.25, 6.375], "texture": "#1"},
				"up": {"uv": [0, 1.875, 0, 0], "texture": "#1"},
				"down": {"uv": [0, 0, 0, 1.875], "texture": "#1"}
			}
		},
		{
			"from": [8.68, 20.32, 0.96],
			"to": [10.92, 22, 2.08],
			"rotation": {"angle": 0, "axis": "y", "origin": [2.52, 0.48, 50.24]},
			"faces": {
				"north": {"uv": [9.625, 8.625, 9.125, 9], "texture": "#1"},
				"east": {"uv": [7.5, 2.625, 7.25, 3], "texture": "#1"},
				"south": {"uv": [9.625, 9, 9.125, 9.375], "texture": "#1"},
				"west": {"uv": [6.25, 4.125, 6, 4.5], "texture": "#1"},
				"up": {"uv": [9.375, 0.75, 9.875, 0.5], "texture": "#1"},
				"down": {"uv": [7.5, 9.375, 8, 9.625], "texture": "#1"}
			}
		}
	],
	"display": {
		"gui": {
			"rotation": [15, 134, -7],
			"translation": [0, -2.5, 0],
			"scale": [0.5, 0.5, 0.5]
		}
	},
	"groups": [
		{
			"name": "r1_torso",
			"origin": [7, 20, 6],
			"color": 0,
			"children": [
				0,
				1,
				{
					"name": "r1_bl_leg",
					"origin": [4.72291, 10.92, 10.11212],
					"color": 0,
					"children": [2, 3, 4, 5]
				},
				{
					"name": "r1_bl_leg2",
					"origin": [10.71709, 10.92, 10.11212],
					"color": 0,
					"children": [6, 7, 8, 9]
				},
				{
					"name": "r1_fl_leg",
					"origin": [5.2, 10.66788, 1.70784],
					"color": 0,
					"children": [10, 11]
				},
				{
					"name": "r1_fl_leg2",
					"origin": [10.24, 10.66788, 1.70784],
					"color": 0,
					"children": [12, 13]
				},
				{
					"name": "r1_neck",
					"origin": [7.05988, 14.54161, 2.68],
					"color": 0,
					"children": [
						14,
						15,
						16,
						{
							"name": "h_r1_head",
							"origin": [7.05988, 20.42161, 0.44],
							"color": 0,
							"children": [17, 18, 19, 20, 21]
						}
					]
				},
				{
					"name": "mount",
					"origin": [7.44, 13.44, 6.88],
					"color": 0,
					"children": []
				}
			]
		}
	]
}