{"sources":[{"source":"entity","prefix":"entity/","type":"directory"},{"resource":"must_have_props:/trophy","sprite":"must_have_props:/trophy","type":"single"},{"type":"single","resource":"modelengine:entity/lavaswordreg"},{"type":"single","resource":"must_have_props:bone"},{"type":"single","resource":"modelengine:entity/electric2"},{"type":"single","resource":"must_have_props:basket"},{"type":"single","resource":"must_have_props:fruit_basket"},{"type":"single","resource":"_iainternal:icons/icon_left_blue"},{"type":"single","resource":"the_skrill_boss:electric"},{"type":"single","resource":"must_have_props:plate"},{"type":"single","resource":"must_have_props:coins"},{"type":"single","resource":"modelengine:entity/rotatingreg"},{"type":"single","resource":"must_have_props:closed_book"},{"type":"single","resource":"must_have_props:glass_jar"},{"type":"single","resource":"must_have_props:scroll"},{"type":"single","resource":"modelengine:entity/electric"},{"type":"single","resource":"modelengine:entity/demonflying"},{"type":"single","resource":"_iainternal:icons/icon_next_orange"},{"type":"single","resource":"must_have_props:book_pile"},{"type":"single","resource":"modelengine:entity/bossdemon"},{"type":"single","resource":"modelengine:entity/demonground"},{"type":"single","resource":"the_skrill_boss:lightning"},{"type":"single","resource":"the_skrill_boss:electric2"},{"type":"single","resource":"modelengine:entity/smolderingshadow"},{"type":"single","resource":"modelengine:entity/dragonskrill"},{"type":"single","resource":"must_have_props:eating_set"},{"type":"single","resource":"the_skrill_boss:spark1-6"},{"type":"single","resource":"the_skrill_boss:spark1-5"},{"type":"single","resource":"must_have_props:trophy"},{"type":"single","resource":"the_skrill_boss:spark1-4"},{"type":"single","resource":"must_have_props:open_book"},{"type":"single","resource":"the_skrill_boss:spark1-3"},{"type":"single","resource":"the_skrill_boss:spark1-2"},{"type":"single","resource":"must_have_props:wooden_bucket"},{"type":"single","resource":"the_skrill_boss:spark1-1"},{"type":"single","resource":"modelengine:entity/phoenixec"},{"type":"single","resource":"must_have_props:vase_2"},{"type":"single","resource":"must_have_props:vase_1"},{"type":"single","resource":"modelengine:entity/lavadragonreg"},{"type":"single","resource":"modelengine:entity/sucubus"},{"type":"single","resource":"must_have_props:coffee_tray"},{"type":"single","resource":"modelengine:entity/voiddragon"},{"type":"single","resource":"must_have_props:organized_books"},{"type":"single","resource":"modelengine:entity/demonchest"},{"type":"single","resource":"must_have_props:wooden_bucket_water"},{"type":"single","resource":"_iainternal:icons/icon_cancel"},{"type":"single","resource":"must_have_props:piggy_bank"},{"type":"single","resource":"must_have_props:study_mess"},{"type":"single","resource":"must_have_props:picture_frame"},{"type":"single","resource":"_iainternal:icons/icon_back_orange"},{"type":"single","resource":"must_have_props:glass_cup"},{"type":"single","resource":"must_have_props:money"},{"type":"single","resource":"_iainternal:icons/icon_arrow_chest"},{"type":"single","resource":"must_have_props:flower_2"},{"type":"single","resource":"the_skrill_boss:bolt1-1"},{"type":"single","resource":"must_have_props:flower_1"},{"type":"single","resource":"must_have_props:spilled_bottle"},{"type":"single","resource":"the_skrill_boss:bolt1-2"},{"type":"single","resource":"_iainternal:icons/icon_search"},{"type":"single","resource":"the_skrill_boss:bolt1-3"},{"type":"single","resource":"must_have_props:flower_3"},{"type":"single","resource":"_iainternal:icons/icon_right_blue"},{"type":"single","resource":"the_skrill_boss:bolt1-4"},{"type":"single","resource":"the_skrill_boss:bolt1-5"},{"type":"single","resource":"the_skrill_boss:bolt1-6"},{"type":"single","resource":"the_skrill_boss:bolt1-7"},{"type":"single","resource":"the_skrill_boss:bolt1-8"},{"type":"single","resource":"modelengine:entity/lavajaw2reg"},{"type":"single","resource":"must_have_props:organized_log_pile"},{"type":"single","resource":"modelengine:entity/lavajawreg"},{"type":"single","resource":"modelengine:entity/lavashieldreg"},{"type":"single","resource":"must_have_props:bottle"},{"type":"single","resource":"must_have_props:book_pile_2"},{"type":"single","resource":"the_skrill_boss:spark2-4"},{"type":"single","resource":"the_skrill_boss:spark2-3"},{"type":"single","resource":"the_skrill_boss:voltsarea"},{"type":"single","resource":"modelengine:entity/phoenixreg"},{"type":"single","resource":"modelengine:entity/spiritbodyreg"},{"type":"single","resource":"the_skrill_boss:spark2-2"},{"type":"single","resource":"the_skrill_boss:spark2-1"},{"type":"single","resource":"modelengine:entity/skrilldragonbaby"}]}