{"textures":{"0":"lunar_studios:enderkariz/ares_set/ares_greatsword_mob"},"elements":[{"from":[7.5192127,-11.270838,7.5017786],"to":[8.480787,-1.655097,8.463353],"rotation":{"angle":-45.0,"axis":"y","origin":[8.0,-6.943754,7.982566]},"faces":{"east":{"uv":[0.25,0.0,0.0,2.5],"rotation":0,"texture":"#0","tintindex":0},"south":{"uv":[0.0,0.0,0.25,2.5],"rotation":0,"texture":"#0","tintindex":0},"north":{"uv":[0.0,0.0,0.25,2.5],"rotation":0,"texture":"#0","tintindex":0},"west":{"uv":[0.25,0.0,0.0,2.5],"rotation":0,"texture":"#0","tintindex":0},"up":{"uv":[0.0,0.0,0.125,0.125],"rotation":0,"texture":"#0","tintindex":0},"down":{"uv":[0.0,0.0,0.125,0.125],"rotation":0,"texture":"#0","tintindex":0}}},{"from":[7.4230556,-11.366997,7.405621],"to":[8.576944,-1.5589399,8.55951],"rotation":{"angle":-45.0,"axis":"y","origin":[8.0,-6.943754,7.982566]},"faces":{"east":{"uv":[0.5,0.0,0.25,2.5],"rotation":0,"texture":"#0","tintindex":0},"south":{"uv":[0.25,0.0,0.5,2.5],"rotation":0,"texture":"#0","tintindex":0},"north":{"uv":[0.25,0.0,0.5,2.5],"rotation":0,"texture":"#0","tintindex":0},"west":{"uv":[0.5,0.0,0.25,2.5],"rotation":0,"texture":"#0","tintindex":0},"up":{"uv":[0.25,0.0,0.375,0.125],"rotation":0,"texture":"#0","tintindex":0},"down":{"uv":[0.375,0.5,0.5,0.625],"rotation":0,"texture":"#0","tintindex":0}}},{"from":[7.038426,-10.309265,7.020992],"to":[8.961575,-9.347689,8.9441395],"rotation":{"angle":0.0,"axis":"y","origin":[8.0,-8.866903,7.982566]},"faces":{"east":{"uv":[1.25,0.0,1.75,0.25],"rotation":0,"texture":"#0","tintindex":0},"south":{"uv":[1.25,0.0,1.75,0.25],"rotation":0,"texture":"#0","tintindex":0},"north":{"uv":[1.25,0.0,1.75,0.25],"rotation":0,"texture":"#0","tintindex":0},"west":{"uv":[1.25,0.0,1.75,0.25],"rotation":0,"texture":"#0","tintindex":0},"up":{"uv":[0.625,0.0,1.125,0.5],"rotation":0,"texture":"#0","tintindex":0},"down":{"uv":[0.625,0.625,1.125,1.125],"rotation":0,"texture":"#0","tintindex":0}}},{"from":[7.038426,-3.097458,7.020992],"to":[8.961575,-2.1358833,8.9441395],"rotation":{"angle":-45.0,"axis":"y","origin":[8.0,-2.6166716,7.982566]},"faces":{"east":{"uv":[1.25,0.0,1.75,0.25],"rotation":0,"texture":"#0","tintindex":0},"south":{"uv":[1.25,0.0,1.75,0.25],"rotation":0,"texture":"#0","tintindex":0},"north":{"uv":[1.25,0.0,1.75,0.25],"rotation":0,"texture":"#0","tintindex":0},"west":{"uv":[1.25,0.0,1.75,0.25],"rotation":0,"texture":"#0","tintindex":0},"up":{"uv":[0.625,0.0,1.125,0.5],"rotation":0,"texture":"#0","tintindex":0},"down":{"uv":[0.625,0.625,1.125,1.125],"rotation":0,"texture":"#0","tintindex":0}}},{"from":[7.5192127,-13.193987,7.020992],"to":[8.480787,-11.270838,8.9441395],"rotation":{"angle":45.0,"axis":"x","origin":[8.0,-12.232412,7.982566]},"faces":{"east":{"uv":[1.125,1.875,0.625,2.375],"rotation":0,"texture":"#0","tintindex":0},"south":{"uv":[1.0,1.875,1.125,2.375],"rotation":0,"texture":"#0","tintindex":0},"north":{"uv":[0.625,1.875,0.75,2.375],"rotation":0,"texture":"#0","tintindex":0},"west":{"uv":[0.625,1.875,1.125,2.375],"rotation":0,"texture":"#0","tintindex":0},"up":{"uv":[0.625,1.875,0.75,2.375],"rotation":0,"texture":"#0","tintindex":0},"down":{"uv":[1.0,2.375,1.125,1.875],"rotation":0,"texture":"#0","tintindex":0}}},{"from":[8.0,-14.155561,5.097843],"to":[8.0,-9.347689,9.905714],"rotation":{"angle":45.0,"axis":"x","origin":[8.0,-12.232412,7.982566]},"faces":{"east":{"uv":[1.25,2.625,0.0,3.875],"rotation":0,"texture":"#0","tintindex":0},"south":{"uv":[0.0,0.0,0.0,5.0],"rotation":0,"texture":"#missing","tintindex":0},"north":{"uv":[0.0,0.0,0.0,5.0],"rotation":0,"texture":"#missing","tintindex":0},"west":{"uv":[0.0,2.625,1.25,3.875],"rotation":0,"texture":"#0","tintindex":0},"up":{"uv":[0.0,0.0,0.0,5.0],"rotation":0,"texture":"#missing","tintindex":0},"down":{"uv":[0.0,0.0,0.0,5.0],"rotation":0,"texture":"#missing","tintindex":0}}},{"from":[6.5576386,2.1911998,1.7323337],"to":[9.442361,3.1527739,7.5017786],"rotation":{"angle":45.0,"axis":"x","origin":[8.0,1.710413,7.982566]},"faces":{"east":{"uv":[1.375,2.25,2.875,2.0],"rotation":0,"texture":"#0","tintindex":0},"south":{"uv":[1.625,2.125,1.375,2.0],"rotation":90,"texture":"#0","tintindex":0},"north":{"uv":[1.625,3.5,1.375,3.375],"rotation":90,"texture":"#0","tintindex":0},"west":{"uv":[2.875,2.25,1.375,2.0],"rotation":0,"texture":"#0","tintindex":0},"up":{"uv":[1.5,5.25,0.0,4.5],"rotation":90,"texture":"#0","tintindex":0},"down":{"uv":[1.375,4.375,2.875,3.625],"rotation":90,"texture":"#0","tintindex":0}}},{"from":[7.5192127,-2.5925064,5.8019366],"to":[8.480787,-0.18857193,6.7635107],"rotation":{"angle":-45.0,"axis":"x","origin":[8.0,-0.66935825,6.282724]},"faces":{"east":{"uv":[1.25,0.375,1.5,1.0],"rotation":0,"texture":"#0","tintindex":0},"south":{"uv":[1.25,0.375,1.375,1.0],"rotation":0,"texture":"#0","tintindex":0},"north":{"uv":[1.375,0.375,1.5,1.0],"rotation":0,"texture":"#0","tintindex":0},"west":{"uv":[1.5,0.375,1.25,1.0],"rotation":0,"texture":"#0","tintindex":0},"up":{"uv":[1.25,0.375,1.375,0.5],"rotation":0,"texture":"#0","tintindex":0},"down":{"uv":[1.375,0.875,1.5,1.0],"rotation":0,"texture":"#0","tintindex":0}}},{"from":[8.0,-2.6166716,4.6995497],"to":[8.0,-0.6935234,7.5842724],"rotation":{"angle":0.0,"axis":"y","origin":[8.0,-1.655097,7.103485]},"faces":{"east":{"uv":[0.625,1.25,1.375,1.75],"rotation":0,"texture":"#0","tintindex":0},"south":{"uv":[0.0,0.0,0.0,2.0],"rotation":0,"texture":"#missing","tintindex":0},"north":{"uv":[0.0,0.0,0.0,2.0],"rotation":0,"texture":"#missing","tintindex":0},"west":{"uv":[1.375,1.25,0.625,1.75],"rotation":0,"texture":"#0","tintindex":0},"up":{"uv":[0.0,2.0,0.0,5.0],"rotation":0,"texture":"#missing","tintindex":0},"down":{"uv":[0.0,2.0,0.0,5.0],"rotation":0,"texture":"#missing","tintindex":0}}},{"from":[8.0,-2.6166716,8.380859],"to":[8.0,-0.6935234,11.265582],"rotation":{"angle":0.0,"axis":"y","origin":[8.0,-0.6935234,8.861647]},"faces":{"east":{"uv":[1.375,1.25,0.625,1.75],"rotation":0,"texture":"#0","tintindex":0},"south":{"uv":[0.0,0.0,0.0,2.0],"rotation":0,"texture":"#missing","tintindex":0},"north":{"uv":[0.0,0.0,0.0,2.0],"rotation":0,"texture":"#missing","tintindex":0},"west":{"uv":[0.625,1.25,1.375,1.75],"rotation":0,"texture":"#0","tintindex":0},"up":{"uv":[0.0,5.0,0.0,2.0],"rotation":0,"texture":"#missing","tintindex":0},"down":{"uv":[0.0,5.0,0.0,2.0],"rotation":0,"texture":"#missing","tintindex":0}}},{"from":[8.0,3.5269127,10.080702],"to":[8.0,5.4500613,12.965424],"rotation":{"angle":0.0,"axis":"y","origin":[8.0,17.950527,6.715192]},"faces":{"east":{"uv":[1.375,1.75,0.625,1.25],"rotation":0,"texture":"#0","tintindex":0},"south":{"uv":[0.0,2.0,0.0,0.0],"rotation":0,"texture":"#missing","tintindex":0},"north":{"uv":[0.0,2.0,0.0,0.0],"rotation":0,"texture":"#missing","tintindex":0},"west":{"uv":[0.625,1.75,1.375,1.25],"rotation":0,"texture":"#0","tintindex":0},"up":{"uv":[0.0,2.0,0.0,5.0],"rotation":0,"texture":"#missing","tintindex":0},"down":{"uv":[0.0,2.0,0.0,5.0],"rotation":0,"texture":"#missing","tintindex":0}}},{"from":[7.5192127,-2.5925064,9.20162],"to":[8.480787,-0.18857193,10.163195],"rotation":{"angle":45.0,"axis":"x","origin":[8.0,-0.66935825,9.682407]},"faces":{"east":{"uv":[1.5,0.375,1.25,1.0],"rotation":0,"texture":"#0","tintindex":0},"south":{"uv":[1.5,0.375,1.375,1.0],"rotation":0,"texture":"#0","tintindex":0},"north":{"uv":[1.375,0.375,1.25,1.0],"rotation":0,"texture":"#0","tintindex":0},"west":{"uv":[1.25,0.375,1.5,1.0],"rotation":0,"texture":"#0","tintindex":0},"up":{"uv":[1.25,0.5,1.375,0.375],"rotation":0,"texture":"#0","tintindex":0},"down":{"uv":[1.375,1.0,1.5,0.875],"rotation":0,"texture":"#0","tintindex":0}}},{"from":[7.5192127,2.8469744,10.561488],"to":[8.480787,5.25091,11.523063],"rotation":{"angle":45.0,"axis":"x","origin":[8.0,4.7701225,11.042275]},"faces":{"east":{"uv":[1.5,0.375,1.25,1.0],"rotation":0,"texture":"#0","tintindex":0},"south":{"uv":[1.5,0.375,1.375,1.0],"rotation":0,"texture":"#0","tintindex":0},"north":{"uv":[1.375,0.375,1.25,1.0],"rotation":0,"texture":"#0","tintindex":0},"west":{"uv":[1.25,0.375,1.5,1.0],"rotation":0,"texture":"#0","tintindex":0},"up":{"uv":[1.25,0.5,1.375,0.375],"rotation":0,"texture":"#0","tintindex":0},"down":{"uv":[1.375,1.0,1.5,0.875],"rotation":0,"texture":"#0","tintindex":0}}},{"from":[8.0,-3.5782452,2.6939077],"to":[8.0,6.9990706,13.271223],"rotation":{"angle":45.0,"axis":"x","origin":[8.0,1.710413,7.982566]},"faces":{"east":{"uv":[6.0,0.0,3.25,2.75],"rotation":0,"texture":"#0","tintindex":0},"south":{"uv":[0.0,0.0,0.0,2.75],"rotation":0,"texture":"#missing","tintindex":0},"north":{"uv":[0.0,0.0,0.0,2.75],"rotation":0,"texture":"#missing","tintindex":0},"west":{"uv":[3.25,0.0,6.0,2.75],"rotation":0,"texture":"#0","tintindex":0},"up":{"uv":[0.0,0.0,0.0,2.75],"rotation":0,"texture":"#missing","tintindex":0},"down":{"uv":[0.0,0.0,0.0,2.75],"rotation":0,"texture":"#missing","tintindex":0}}},{"from":[7.5192127,2.671987,8.9441395],"to":[8.480787,4.5951357,10.867289],"rotation":{"angle":45.0,"axis":"x","origin":[8.0,1.710413,7.982566]},"faces":{"east":{"uv":[1.5,1.375,2.0,1.875],"rotation":0,"texture":"#0","tintindex":0},"south":{"uv":[1.875,1.375,2.0,1.875],"rotation":0,"texture":"#0","tintindex":0},"north":{"uv":[1.5,1.375,1.625,1.875],"rotation":0,"texture":"#0","tintindex":0},"west":{"uv":[1.5,1.375,2.0,1.875],"rotation":0,"texture":"#0","tintindex":0},"up":{"uv":[1.875,1.875,2.0,1.375],"rotation":0,"texture":"#0","tintindex":0},"down":{"uv":[1.5,1.375,1.625,1.875],"rotation":0,"texture":"#0","tintindex":0}}},{"from":[7.5192127,2.671987,5.097843],"to":[8.480787,4.5951357,7.020992],"rotation":{"angle":-45.0,"axis":"x","origin":[8.0,1.710413,7.982566]},"faces":{"east":{"uv":[2.0,1.375,1.5,1.875],"rotation":0,"texture":"#0","tintindex":0},"south":{"uv":[1.625,1.375,1.5,1.875],"rotation":0,"texture":"#0","tintindex":0},"north":{"uv":[2.0,1.375,1.875,1.875],"rotation":0,"texture":"#0","tintindex":0},"west":{"uv":[2.0,1.375,1.5,1.875],"rotation":0,"texture":"#0","tintindex":0},"up":{"uv":[1.875,1.375,2.0,1.875],"rotation":0,"texture":"#0","tintindex":0},"down":{"uv":[1.5,1.875,1.625,1.375],"rotation":0,"texture":"#0","tintindex":0}}},{"from":[8.0,3.5269127,2.9997077],"to":[8.0,5.4500613,5.88443],"rotation":{"angle":0.0,"axis":"y","origin":[8.0,17.950527,9.24994]},"faces":{"east":{"uv":[0.625,1.75,1.375,1.25],"rotation":0,"texture":"#0","tintindex":0},"south":{"uv":[0.0,2.0,0.0,0.0],"rotation":0,"texture":"#missing","tintindex":0},"north":{"uv":[0.0,2.0,0.0,0.0],"rotation":0,"texture":"#missing","tintindex":0},"west":{"uv":[1.375,1.75,0.625,1.25],"rotation":0,"texture":"#0","tintindex":0},"up":{"uv":[0.0,5.0,0.0,2.0],"rotation":0,"texture":"#missing","tintindex":0},"down":{"uv":[0.0,5.0,0.0,2.0],"rotation":0,"texture":"#missing","tintindex":0}}},{"from":[7.5192127,2.8469744,4.442069],"to":[8.480787,5.25091,5.4036427],"rotation":{"angle":-45.0,"axis":"x","origin":[8.0,4.7701225,4.922856]},"faces":{"east":{"uv":[1.25,0.375,1.5,1.0],"rotation":0,"texture":"#0","tintindex":0},"south":{"uv":[1.25,0.375,1.375,1.0],"rotation":0,"texture":"#0","tintindex":0},"north":{"uv":[1.375,0.375,1.5,1.0],"rotation":0,"texture":"#0","tintindex":0},"west":{"uv":[1.5,0.375,1.25,1.0],"rotation":0,"texture":"#0","tintindex":0},"up":{"uv":[1.25,0.375,1.375,0.5],"rotation":0,"texture":"#0","tintindex":0},"down":{"uv":[1.375,0.875,1.5,1.0],"rotation":0,"texture":"#0","tintindex":0}}},{"from":[7.038426,-0.6935234,6.5402045],"to":[8.961575,0.26805162,10.386501],"rotation":{"angle":45.0,"axis":"x","origin":[8.0,1.710413,7.982566]},"faces":{"east":{"uv":[1.875,1.0,2.875,1.25],"rotation":0,"texture":"#0","tintindex":0},"south":{"uv":[1.875,1.0,2.0,1.125],"rotation":0,"texture":"#0","tintindex":0},"north":{"uv":[1.875,1.0,2.0,1.125],"rotation":0,"texture":"#0","tintindex":0},"west":{"uv":[2.875,1.0,1.875,1.25],"rotation":0,"texture":"#0","tintindex":0},"up":{"uv":[2.875,1.0,1.875,1.125],"rotation":90,"texture":"#0","tintindex":0},"down":{"uv":[1.875,1.125,2.875,1.25],"rotation":90,"texture":"#0","tintindex":0}}},{"from":[7.038426,0.26805162,9.424927],"to":[8.961575,3.1527739,10.386501],"rotation":{"angle":45.0,"axis":"x","origin":[8.0,1.710413,7.982566]},"faces":{"east":{"uv":[1.875,0.25,2.125,1.0],"rotation":0,"texture":"#0","tintindex":0},"south":{"uv":[1.875,0.25,2.0,1.0],"rotation":0,"texture":"#0","tintindex":0},"north":{"uv":[2.0,0.25,2.125,1.0],"rotation":0,"texture":"#0","tintindex":0},"west":{"uv":[2.125,0.25,1.875,1.0],"rotation":0,"texture":"#0","tintindex":0},"up":{"uv":[1.875,1.0,2.0,1.125],"rotation":0,"texture":"#0","tintindex":0},"down":{"uv":[1.875,1.0,2.0,1.125],"rotation":0,"texture":"#0","tintindex":0}}},{"from":[7.038426,-0.6935234,5.5786304],"to":[8.961575,2.1911998,6.5402045],"rotation":{"angle":45.0,"axis":"x","origin":[8.0,1.710413,7.982566]},"faces":{"east":{"uv":[2.875,0.5,3.125,1.25],"rotation":0,"texture":"#0","tintindex":0},"south":{"uv":[2.875,0.5,3.0,1.25],"rotation":0,"texture":"#0","tintindex":0},"north":{"uv":[3.0,0.5,3.125,1.25],"rotation":0,"texture":"#0","tintindex":0},"west":{"uv":[3.125,0.5,2.875,1.25],"rotation":0,"texture":"#0","tintindex":0},"up":{"uv":[2.875,0.5,3.125,0.625],"rotation":0,"texture":"#0","tintindex":0},"down":{"uv":[3.0,1.125,3.125,1.25],"rotation":0,"texture":"#0","tintindex":0}}},{"from":[7.038426,3.1527739,7.5017786],"to":[8.961575,4.1143484,10.386501],"rotation":{"angle":45.0,"axis":"x","origin":[8.0,1.710413,7.982566]},"faces":{"east":{"uv":[1.875,0.0,2.625,0.25],"rotation":0,"texture":"#0","tintindex":0},"south":{"uv":[1.875,0.0,2.0,0.125],"rotation":0,"texture":"#0","tintindex":0},"north":{"uv":[2.5,0.0,2.625,0.125],"rotation":0,"texture":"#0","tintindex":0},"west":{"uv":[2.625,0.0,1.875,0.25],"rotation":0,"texture":"#0","tintindex":0},"up":{"uv":[2.625,0.0,1.875,0.125],"rotation":90,"texture":"#0","tintindex":0},"down":{"uv":[1.875,0.125,2.625,0.25],"rotation":90,"texture":"#0","tintindex":0}}},{"from":[6.5576386,3.1527739,6.5402045],"to":[9.442361,7.9606447,7.5017786],"rotation":{"angle":45.0,"axis":"x","origin":[8.0,1.710413,7.982566]},"faces":{"east":{"uv":[1.375,3.5,1.625,2.25],"rotation":0,"texture":"#0","tintindex":0},"south":{"uv":[2.875,4.375,1.625,3.625],"rotation":90,"texture":"#0","tintindex":0},"north":{"uv":[1.5,5.25,0.25,4.5],"rotation":90,"texture":"#0","tintindex":0},"west":{"uv":[1.625,3.5,1.375,2.25],"rotation":0,"texture":"#0","tintindex":0},"up":{"uv":[2.875,2.25,2.75,2.0],"rotation":0,"texture":"#0","tintindex":0},"down":{"uv":[1.5,2.25,1.375,2.0],"rotation":0,"texture":"#0","tintindex":0}}},{"from":[7.4230556,12.287729,10.482658],"to":[8.576944,13.730089,11.92502],"rotation":{"angle":-45.0,"axis":"x","origin":[7.9038424,12.768517,11.444233]},"faces":{"east":{"uv":[3.0,3.625,3.375,4.0],"rotation":0,"texture":"#0","tintindex":0},"south":{"uv":[3.25,3.625,3.375,4.0],"rotation":0,"texture":"#0","tintindex":0},"north":{"uv":[3.0,3.625,3.125,4.0],"rotation":0,"texture":"#0","tintindex":0},"west":{"uv":[3.0,3.625,3.375,4.0],"rotation":0,"texture":"#0","tintindex":0},"up":{"uv":[3.0,3.625,3.125,4.0],"rotation":0,"texture":"#0","tintindex":0},"down":{"uv":[3.25,4.0,3.375,3.625],"rotation":0,"texture":"#0","tintindex":0}}},{"from":[7.7596064,11.806942,10.482658],"to":[8.240394,13.730089,12.4058075],"rotation":{"angle":-45.0,"axis":"x","origin":[7.9038424,12.768517,11.444233]},"faces":{"east":{"uv":[3.0,3.625,3.5,4.125],"rotation":0,"texture":"#0","tintindex":0},"south":{"uv":[3.375,3.625,3.5,4.125],"rotation":0,"texture":"#0","tintindex":0},"north":{"uv":[3.0,3.625,3.125,4.125],"rotation":0,"texture":"#0","tintindex":0},"west":{"uv":[3.0,3.625,3.5,4.125],"rotation":0,"texture":"#0","tintindex":0},"up":{"uv":[3.0,3.625,3.125,4.125],"rotation":0,"texture":"#0","tintindex":0},"down":{"uv":[3.375,4.125,3.5,3.625],"rotation":0,"texture":"#0","tintindex":0}}},{"from":[7.4230556,12.287729,4.0401115],"to":[8.576944,13.730089,5.482473],"rotation":{"angle":45.0,"axis":"x","origin":[7.9038424,12.768517,4.520899]},"faces":{"east":{"uv":[3.375,3.625,3.0,4.0],"rotation":0,"texture":"#0","tintindex":0},"south":{"uv":[3.125,3.625,3.0,4.0],"rotation":0,"texture":"#0","tintindex":0},"north":{"uv":[3.375,3.625,3.25,4.0],"rotation":0,"texture":"#0","tintindex":0},"west":{"uv":[3.375,3.625,3.0,4.0],"rotation":0,"texture":"#0","tintindex":0},"up":{"uv":[3.0,4.0,3.125,3.625],"rotation":0,"texture":"#0","tintindex":0},"down":{"uv":[3.25,3.625,3.375,4.0],"rotation":0,"texture":"#0","tintindex":0}}},{"from":[7.7596064,11.806942,3.5593247],"to":[8.240394,13.730089,5.482473],"rotation":{"angle":45.0,"axis":"x","origin":[7.9038424,12.768517,4.520899]},"faces":{"east":{"uv":[3.5,3.625,3.0,4.125],"rotation":0,"texture":"#0","tintindex":0},"south":{"uv":[3.125,3.625,3.0,4.125],"rotation":0,"texture":"#0","tintindex":0},"north":{"uv":[3.5,3.625,3.375,4.125],"rotation":0,"texture":"#0","tintindex":0},"west":{"uv":[3.5,3.625,3.0,4.125],"rotation":0,"texture":"#0","tintindex":0},"up":{"uv":[3.0,4.125,3.125,3.625],"rotation":0,"texture":"#0","tintindex":0},"down":{"uv":[3.375,3.625,3.5,4.125],"rotation":0,"texture":"#0","tintindex":0}}},{"from":[7.4230556,20.941895,10.482658],"to":[8.576944,22.384258,11.92502],"rotation":{"angle":-45.0,"axis":"x","origin":[7.9038424,21.422684,11.444233]},"faces":{"east":{"uv":[3.0,3.625,3.375,4.0],"rotation":0,"texture":"#0","tintindex":0},"south":{"uv":[3.25,3.625,3.375,4.0],"rotation":0,"texture":"#0","tintindex":0},"north":{"uv":[3.0,3.625,3.125,4.0],"rotation":0,"texture":"#0","tintindex":0},"west":{"uv":[3.0,3.625,3.375,4.0],"rotation":0,"texture":"#0","tintindex":0},"up":{"uv":[3.0,3.625,3.125,4.0],"rotation":0,"texture":"#0","tintindex":0},"down":{"uv":[3.25,4.0,3.375,3.625],"rotation":0,"texture":"#0","tintindex":0}}},{"from":[7.7596064,20.46111,10.482658],"to":[8.240394,22.384258,12.4058075],"rotation":{"angle":-45.0,"axis":"x","origin":[7.9038424,21.422684,11.444233]},"faces":{"east":{"uv":[3.0,3.625,3.5,4.125],"rotation":0,"texture":"#0","tintindex":0},"south":{"uv":[3.375,3.625,3.5,4.125],"rotation":0,"texture":"#0","tintindex":0},"north":{"uv":[3.0,3.625,3.125,4.125],"rotation":0,"texture":"#0","tintindex":0},"west":{"uv":[3.0,3.625,3.5,4.125],"rotation":0,"texture":"#0","tintindex":0},"up":{"uv":[3.0,3.625,3.125,4.125],"rotation":0,"texture":"#0","tintindex":0},"down":{"uv":[3.375,4.125,3.5,3.625],"rotation":0,"texture":"#0","tintindex":0}}},{"from":[7.4230556,20.941895,4.0401115],"to":[8.576944,22.384258,5.482473],"rotation":{"angle":45.0,"axis":"x","origin":[7.9038424,21.422684,4.520899]},"faces":{"east":{"uv":[3.375,3.625,3.0,4.0],"rotation":0,"texture":"#0","tintindex":0},"south":{"uv":[3.125,3.625,3.0,4.0],"rotation":0,"texture":"#0","tintindex":0},"north":{"uv":[3.375,3.625,3.25,4.0],"rotation":0,"texture":"#0","tintindex":0},"west":{"uv":[3.375,3.625,3.0,4.0],"rotation":0,"texture":"#0","tintindex":0},"up":{"uv":[3.0,4.0,3.125,3.625],"rotation":0,"texture":"#0","tintindex":0},"down":{"uv":[3.25,3.625,3.375,4.0],"rotation":0,"texture":"#0","tintindex":0}}},{"from":[7.7596064,20.46111,3.5593247],"to":[8.240394,22.384258,5.482473],"rotation":{"angle":45.0,"axis":"x","origin":[7.9038424,21.422684,4.520899]},"faces":{"east":{"uv":[3.5,3.625,3.0,4.125],"rotation":0,"texture":"#0","tintindex":0},"south":{"uv":[3.125,3.625,3.0,4.125],"rotation":0,"texture":"#0","tintindex":0},"north":{"uv":[3.5,3.625,3.375,4.125],"rotation":0,"texture":"#0","tintindex":0},"west":{"uv":[3.5,3.625,3.0,4.125],"rotation":0,"texture":"#0","tintindex":0},"up":{"uv":[3.0,4.125,3.125,3.625],"rotation":0,"texture":"#0","tintindex":0},"down":{"uv":[3.375,3.625,3.5,4.125],"rotation":0,"texture":"#0","tintindex":0}}},{"from":[7.2788196,4.5951357,5.097843],"to":[8.721181,12.768517,7.020992],"rotation":{"angle":0.0,"axis":"y","origin":[8.0,2.1911998,7.982566]},"faces":{"east":{"uv":[0.5,9.375,0.0,11.5],"rotation":0,"texture":"#0","tintindex":0},"south":{"uv":[0.375,9.375,0.5,11.5],"rotation":0,"texture":"#0","tintindex":0},"north":{"uv":[0.0,9.375,0.125,11.5],"rotation":0,"texture":"#0","tintindex":0},"west":{"uv":[0.0,9.375,0.5,11.5],"rotation":0,"texture":"#0","tintindex":0},"up":{"uv":[0.0,9.375,0.5,9.5],"rotation":0,"texture":"#0","tintindex":0},"down":{"uv":[0.5,11.375,0.0,11.5],"rotation":90,"texture":"#0","tintindex":0}}},{"from":[7.5192127,12.768517,5.097843],"to":[8.480787,28.153704,6.5402045],"rotation":{"angle":0.0,"axis":"y","origin":[7.9038424,13.008909,6.0594177]},"faces":{"east":{"uv":[0.375,5.375,0.0,9.375],"rotation":0,"texture":"#0","tintindex":0},"south":{"uv":[0.25,5.375,0.375,9.375],"rotation":0,"texture":"#0","tintindex":0},"north":{"uv":[0.0,5.375,0.125,9.375],"rotation":0,"texture":"#0","tintindex":0},"west":{"uv":[0.0,5.375,0.375,9.375],"rotation":0,"texture":"#0","tintindex":0},"up":{"uv":[0.0,5.375,0.375,5.5],"rotation":90,"texture":"#0","tintindex":0},"down":{"uv":[0.0,5.375,0.375,9.375],"rotation":0,"texture":"#0","tintindex":0}}},{"from":[7.5192127,12.768517,9.424927],"to":[8.480787,28.153704,10.867289],"rotation":{"angle":0.0,"axis":"y","origin":[7.9038424,13.008909,8.9441395]},"faces":{"east":{"uv":[0.0,5.375,0.375,9.375],"rotation":0,"texture":"#0","tintindex":0},"south":{"uv":[0.125,5.375,0.0,9.375],"rotation":0,"texture":"#0","tintindex":0},"north":{"uv":[0.375,5.375,0.25,9.375],"rotation":0,"texture":"#0","tintindex":0},"west":{"uv":[0.375,5.375,0.0,9.375],"rotation":0,"texture":"#0","tintindex":0},"up":{"uv":[0.375,5.375,0.0,5.5],"rotation":90,"texture":"#0","tintindex":0},"down":{"uv":[0.0,9.375,0.375,5.375],"rotation":0,"texture":"#0","tintindex":0}}},{"from":[7.2788196,4.5951357,8.9441395],"to":[8.721181,12.768517,10.867289],"rotation":{"angle":0.0,"axis":"y","origin":[8.0,2.1911998,7.020992]},"faces":{"east":{"uv":[0.0,9.375,0.5,11.5],"rotation":0,"texture":"#0","tintindex":0},"south":{"uv":[0.125,9.375,0.0,11.5],"rotation":0,"texture":"#0","tintindex":0},"north":{"uv":[0.5,9.375,0.375,11.5],"rotation":0,"texture":"#0","tintindex":0},"west":{"uv":[0.5,9.375,0.0,11.5],"rotation":0,"texture":"#0","tintindex":0},"up":{"uv":[0.0,9.5,0.5,9.375],"rotation":0,"texture":"#0","tintindex":0},"down":{"uv":[0.0,11.375,0.5,11.5],"rotation":90,"texture":"#0","tintindex":0}}},{"from":[7.5192127,17.576385,6.5402045],"to":[8.480787,28.153704,9.424927],"rotation":{"angle":0.0,"axis":"y","origin":[8.0,2.1911998,7.020992]},"faces":{"east":{"uv":[0.375,5.375,1.125,8.125],"rotation":0,"texture":"#0","tintindex":0},"south":{"uv":[1.0,5.375,1.125,8.125],"rotation":0,"texture":"#0","tintindex":0},"north":{"uv":[0.375,5.375,0.5,8.125],"rotation":0,"texture":"#0","tintindex":0},"west":{"uv":[0.375,5.375,1.125,8.125],"rotation":0,"texture":"#0","tintindex":0},"up":{"uv":[0.375,5.375,1.125,5.5],"rotation":90,"texture":"#0","tintindex":0},"down":{"uv":[0.375,8.0,1.125,8.125],"rotation":90,"texture":"#0","tintindex":0}}},{"from":[7.7596064,26.230555,4.1362686],"to":[8.240394,31.038424,8.9441395],"rotation":{"angle":-45.0,"axis":"x","origin":[8.0,30.07685,7.982566]},"faces":{"east":{"uv":[4.75,5.375,3.5,6.625],"rotation":0,"texture":"#0","tintindex":0},"south":{"uv":[4.75,5.375,4.625,6.625],"rotation":0,"texture":"#0","tintindex":0},"north":{"uv":[3.625,5.375,3.5,6.625],"rotation":0,"texture":"#0","tintindex":0},"west":{"uv":[3.5,5.375,4.75,6.625],"rotation":0,"texture":"#0","tintindex":0},"up":{"uv":[4.75,6.625,4.625,5.375],"rotation":0,"texture":"#0","tintindex":0},"down":{"uv":[3.625,5.375,3.5,6.625],"rotation":0,"texture":"#0","tintindex":0}}},{"from":[8.0,26.230555,4.1362686],"to":[8.0,32.0,9.905714],"rotation":{"angle":-45.0,"axis":"x","origin":[8.0,30.07685,7.982566]},"faces":{"east":{"uv":[5.0,5.125,3.5,6.625],"rotation":0,"texture":"#0","tintindex":0},"south":{"uv":[2.0,0.0,2.0,1.5],"rotation":0,"texture":"#missing","tintindex":0},"north":{"uv":[2.0,0.0,2.0,1.5],"rotation":0,"texture":"#missing","tintindex":0},"west":{"uv":[3.5,5.125,5.0,6.625],"rotation":0,"texture":"#0","tintindex":0},"up":{"uv":[0.0,1.0,0.0,2.5],"rotation":0,"texture":"#missing","tintindex":0},"down":{"uv":[0.0,1.0,0.0,2.5],"rotation":0,"texture":"#missing","tintindex":0}}},{"from":[8.0,6.0374966,4.617056],"to":[8.0,28.153704,11.348075],"rotation":{"angle":0.0,"axis":"y","origin":[8.0,2.1911998,7.020992]},"faces":{"east":{"uv":[1.625,5.375,3.375,11.125],"rotation":0,"texture":"#0","tintindex":0},"south":{"uv":[2.0,0.0,2.0,16.0],"rotation":0,"texture":"#missing","tintindex":0},"north":{"uv":[2.0,0.0,2.0,16.0],"rotation":0,"texture":"#missing","tintindex":0},"west":{"uv":[1.625,5.375,3.375,11.125],"rotation":0,"texture":"#0","tintindex":0},"up":{"uv":[0.0,1.0,0.0,8.0],"rotation":0,"texture":"#missing","tintindex":0},"down":{"uv":[0.0,1.0,0.0,8.0],"rotation":0,"texture":"#missing","tintindex":0}}}],"display":{"head":{"translation":[0.0,-2.5631928,0.0],"scale":[4.0,4.0,4.0]}}}