{"textures":{"0":"must_have_props:/book_pile_2"},"elements":[{"from":[10.571428,7.428571,9.142858],"to":[14.571428,7.428571,13.714286],"rotation":{"angle":0.0,"axis":"y","origin":[8.0,7.3714285,8.0]},"faces":{"east":{"uv":[0.0,0.0,2.0,0.0],"rotation":0,"texture":"#0","tintindex":0},"south":{"uv":[0.0,0.0,1.75,0.0],"rotation":0,"texture":"#0","tintindex":0},"north":{"uv":[0.0,0.0,1.75,0.0],"rotation":0,"texture":"#0","tintindex":0},"west":{"uv":[0.0,0.0,2.0,0.0],"rotation":0,"texture":"#0","tintindex":0},"up":{"uv":[1.75,2.0,0.0,0.0],"rotation":0,"texture":"#0","tintindex":0},"down":{"uv":[3.5,0.0,1.75,2.0],"rotation":0,"texture":"#0","tintindex":0}}},{"from":[10.857143,7.4862857,9.428572],"to":[14.514286,8.057714,13.428572],"rotation":{"angle":0.0,"axis":"y","origin":[14.0,7.429143,9.142858]},"faces":{"east":{"uv":[8.5,1.5,10.25,1.75],"rotation":0,"texture":"#0","tintindex":0},"south":{"uv":[8.5,3.75,10.0,4.0],"rotation":0,"texture":"#0","tintindex":0},"north":{"uv":[8.5,3.5,10.0,3.75],"rotation":0,"texture":"#0","tintindex":0},"west":{"uv":[8.5,1.75,10.25,2.0],"rotation":0,"texture":"#0","tintindex":0},"up":{"uv":[8.5,1.75,7.0,0.0],"rotation":0,"texture":"#0","tintindex":0},"down":{"uv":[8.5,1.75,7.0,3.5],"rotation":0,"texture":"#0","tintindex":0}}},{"from":[14.571428,7.429143,9.142858],"to":[14.571428,8.114857,13.714286],"rotation":{"angle":0.0,"axis":"y","origin":[14.0,7.429143,9.142858]},"faces":{"east":{"uv":[4.5,8.0,6.5,8.25],"rotation":0,"texture":"#0","tintindex":0},"south":{"uv":[0.0,0.0,0.0,0.25],"rotation":0,"texture":"#0","tintindex":0},"north":{"uv":[0.0,0.0,0.0,0.25],"rotation":0,"texture":"#0","tintindex":0},"west":{"uv":[4.5,8.25,6.5,8.5],"rotation":0,"texture":"#0","tintindex":0},"up":{"uv":[0.0,2.0,0.0,0.0],"rotation":0,"texture":"#0","tintindex":0},"down":{"uv":[0.0,0.0,0.0,2.0],"rotation":0,"texture":"#0","tintindex":0}}},{"from":[10.571428,8.114285,9.142858],"to":[14.571428,8.114285,13.714286],"rotation":{"angle":0.0,"axis":"y","origin":[8.0,8.0,8.0]},"faces":{"east":{"uv":[0.0,0.0,2.0,0.0],"rotation":0,"texture":"#0","tintindex":0},"south":{"uv":[0.0,0.0,1.75,0.0],"rotation":0,"texture":"#0","tintindex":0},"north":{"uv":[0.0,0.0,1.75,0.0],"rotation":0,"texture":"#0","tintindex":0},"west":{"uv":[0.0,0.0,2.0,0.0],"rotation":0,"texture":"#0","tintindex":0},"up":{"uv":[1.75,4.0,0.0,2.0],"rotation":0,"texture":"#0","tintindex":0},"down":{"uv":[3.5,2.0,1.75,4.0],"rotation":0,"texture":"#0","tintindex":0}}},{"from":[10.571428,8.171429,9.142858],"to":[14.571428,8.171429,13.714286],"rotation":{"angle":22.5,"axis":"y","origin":[13.571428,8.514286,11.428572]},"faces":{"east":{"uv":[0.0,0.0,2.0,0.0],"rotation":0,"texture":"#0","tintindex":0},"south":{"uv":[0.0,0.0,1.75,0.0],"rotation":0,"texture":"#0","tintindex":0},"north":{"uv":[0.0,0.0,1.75,0.0],"rotation":0,"texture":"#0","tintindex":0},"west":{"uv":[0.0,0.0,2.0,0.0],"rotation":0,"texture":"#0","tintindex":0},"up":{"uv":[5.25,2.0,3.5,0.0],"rotation":0,"texture":"#0","tintindex":0},"down":{"uv":[5.25,2.0,3.5,4.0],"rotation":0,"texture":"#0","tintindex":0}}},{"from":[10.857143,8.229143,9.428572],"to":[14.514286,8.800571,13.428572],"rotation":{"angle":22.5,"axis":"y","origin":[13.571428,8.514286,11.428572]},"faces":{"east":{"uv":[8.5,2.0,10.25,2.25],"rotation":0,"texture":"#0","tintindex":0},"south":{"uv":[8.5,4.25,10.0,4.5],"rotation":0,"texture":"#0","tintindex":0},"north":{"uv":[8.5,4.0,10.0,4.25],"rotation":0,"texture":"#0","tintindex":0},"west":{"uv":[8.5,2.25,10.25,2.5],"rotation":0,"texture":"#0","tintindex":0},"up":{"uv":[8.5,5.25,7.0,3.5],"rotation":0,"texture":"#0","tintindex":0},"down":{"uv":[8.5,5.25,7.0,7.0],"rotation":0,"texture":"#0","tintindex":0}}},{"from":[14.571428,8.172,9.142858],"to":[14.571428,8.857715,13.714286],"rotation":{"angle":22.5,"axis":"y","origin":[13.571428,8.514286,11.428572]},"faces":{"east":{"uv":[8.5,0.0,10.5,0.25],"rotation":0,"texture":"#0","tintindex":0},"south":{"uv":[0.0,0.0,0.0,0.25],"rotation":0,"texture":"#0","tintindex":0},"north":{"uv":[0.0,0.0,0.0,0.25],"rotation":0,"texture":"#0","tintindex":0},"west":{"uv":[8.5,0.25,10.5,0.5],"rotation":0,"texture":"#0","tintindex":0},"up":{"uv":[0.0,2.0,0.0,0.0],"rotation":0,"texture":"#0","tintindex":0},"down":{"uv":[0.0,0.0,0.0,2.0],"rotation":0,"texture":"#0","tintindex":0}}},{"from":[10.571428,8.857143,9.142858],"to":[14.571428,8.857143,13.714286],"rotation":{"angle":22.5,"axis":"y","origin":[13.571428,8.514286,11.428572]},"faces":{"east":{"uv":[0.0,0.0,2.0,0.0],"rotation":0,"texture":"#0","tintindex":0},"south":{"uv":[0.0,0.0,1.75,0.0],"rotation":0,"texture":"#0","tintindex":0},"north":{"uv":[0.0,0.0,1.75,0.0],"rotation":0,"texture":"#0","tintindex":0},"west":{"uv":[0.0,0.0,2.0,0.0],"rotation":0,"texture":"#0","tintindex":0},"up":{"uv":[1.75,6.0,0.0,4.0],"rotation":0,"texture":"#0","tintindex":0},"down":{"uv":[3.5,4.0,1.75,6.0],"rotation":0,"texture":"#0","tintindex":0}}},{"from":[10.571428,8.914286,9.714286],"to":[14.571428,8.914286,14.285715],"rotation":{"angle":-22.5,"axis":"y","origin":[13.571428,9.257143,11.428572]},"faces":{"east":{"uv":[0.0,0.0,2.0,0.0],"rotation":0,"texture":"#0","tintindex":0},"south":{"uv":[0.0,0.0,1.75,0.0],"rotation":0,"texture":"#0","tintindex":0},"north":{"uv":[0.0,0.0,1.75,0.0],"rotation":0,"texture":"#0","tintindex":0},"west":{"uv":[0.0,0.0,2.0,0.0],"rotation":0,"texture":"#0","tintindex":0},"up":{"uv":[5.25,6.0,3.5,4.0],"rotation":0,"texture":"#0","tintindex":0},"down":{"uv":[7.0,0.0,5.25,2.0],"rotation":0,"texture":"#0","tintindex":0}}},{"from":[10.857143,8.972,10.0],"to":[14.514286,9.543428,14.0],"rotation":{"angle":-22.5,"axis":"y","origin":[13.571428,9.257143,11.428572]},"faces":{"east":{"uv":[8.5,2.5,10.25,2.75],"rotation":0,"texture":"#0","tintindex":0},"south":{"uv":[8.5,4.5,10.0,4.75],"rotation":0,"texture":"#0","tintindex":0},"north":{"uv":[4.5,8.5,6.0,8.75],"rotation":0,"texture":"#0","tintindex":0},"west":{"uv":[8.5,2.75,10.25,3.0],"rotation":0,"texture":"#0","tintindex":0},"up":{"uv":[8.5,8.75,7.0,7.0],"rotation":0,"texture":"#0","tintindex":0},"down":{"uv":[1.5,8.0,0.0,9.75],"rotation":0,"texture":"#0","tintindex":0}}},{"from":[14.571428,8.914857,9.714286],"to":[14.571428,9.600572,14.285715],"rotation":{"angle":-22.5,"axis":"y","origin":[13.571428,9.257143,11.428572]},"faces":{"east":{"uv":[8.5,0.5,10.5,0.75],"rotation":0,"texture":"#0","tintindex":0},"south":{"uv":[0.0,0.0,0.0,0.25],"rotation":0,"texture":"#0","tintindex":0},"north":{"uv":[0.0,0.0,0.0,0.25],"rotation":0,"texture":"#0","tintindex":0},"west":{"uv":[8.5,0.75,10.5,1.0],"rotation":0,"texture":"#0","tintindex":0},"up":{"uv":[0.0,2.0,0.0,0.0],"rotation":0,"texture":"#0","tintindex":0},"down":{"uv":[0.0,0.0,0.0,2.0],"rotation":0,"texture":"#0","tintindex":0}}},{"from":[10.571428,9.6,9.714286],"to":[14.571428,9.6,14.285715],"rotation":{"angle":-22.5,"axis":"y","origin":[13.571428,9.257143,11.428572]},"faces":{"east":{"uv":[0.0,0.0,2.0,0.0],"rotation":0,"texture":"#0","tintindex":0},"south":{"uv":[0.0,0.0,1.75,0.0],"rotation":0,"texture":"#0","tintindex":0},"north":{"uv":[0.0,0.0,1.75,0.0],"rotation":0,"texture":"#0","tintindex":0},"west":{"uv":[0.0,0.0,2.0,0.0],"rotation":0,"texture":"#0","tintindex":0},"up":{"uv":[7.0,4.0,5.25,2.0],"rotation":0,"texture":"#0","tintindex":0},"down":{"uv":[7.0,4.0,5.25,6.0],"rotation":0,"texture":"#0","tintindex":0}}},{"from":[10.790103,9.657143,9.670789],"to":[14.790103,9.657143,14.242217],"rotation":{"angle":0.0,"axis":"y","origin":[13.790103,10.0,11.956503]},"faces":{"east":{"uv":[0.0,0.0,2.0,0.0],"rotation":0,"texture":"#0","tintindex":0},"south":{"uv":[0.0,0.0,1.75,0.0],"rotation":0,"texture":"#0","tintindex":0},"north":{"uv":[0.0,0.0,1.75,0.0],"rotation":0,"texture":"#0","tintindex":0},"west":{"uv":[0.0,0.0,2.0,0.0],"rotation":0,"texture":"#0","tintindex":0},"up":{"uv":[1.75,8.0,0.0,6.0],"rotation":0,"texture":"#0","tintindex":0},"down":{"uv":[3.5,6.0,1.75,8.0],"rotation":0,"texture":"#0","tintindex":0}}},{"from":[11.075817,9.714857,9.956503],"to":[14.73296,10.286285,13.956503],"rotation":{"angle":0.0,"axis":"y","origin":[13.790103,10.0,11.956503]},"faces":{"east":{"uv":[8.5,3.0,10.25,3.25],"rotation":0,"texture":"#0","tintindex":0},"south":{"uv":[8.5,5.0,10.0,5.25],"rotation":0,"texture":"#0","tintindex":0},"north":{"uv":[8.5,4.75,10.0,5.0],"rotation":0,"texture":"#0","tintindex":0},"west":{"uv":[8.5,3.25,10.25,3.5],"rotation":0,"texture":"#0","tintindex":0},"up":{"uv":[3.0,9.75,1.5,8.0],"rotation":0,"texture":"#0","tintindex":0},"down":{"uv":[4.5,8.0,3.0,9.75],"rotation":0,"texture":"#0","tintindex":0}}},{"from":[14.790103,9.657715,9.670789],"to":[14.790103,10.343429,14.242217],"rotation":{"angle":0.0,"axis":"y","origin":[13.790103,10.0,11.956503]},"faces":{"east":{"uv":[8.5,1.0,10.5,1.25],"rotation":0,"texture":"#0","tintindex":0},"south":{"uv":[0.0,0.0,0.0,0.25],"rotation":0,"texture":"#0","tintindex":0},"north":{"uv":[0.0,0.0,0.0,0.25],"rotation":0,"texture":"#0","tintindex":0},"west":{"uv":[8.5,1.25,10.5,1.5],"rotation":0,"texture":"#0","tintindex":0},"up":{"uv":[0.0,2.0,0.0,0.0],"rotation":0,"texture":"#0","tintindex":0},"down":{"uv":[0.0,0.0,0.0,2.0],"rotation":0,"texture":"#0","tintindex":0}}},{"from":[10.790103,10.342857,9.670789],"to":[14.790103,10.342857,14.242217],"rotation":{"angle":0.0,"axis":"y","origin":[13.790103,10.0,11.956503]},"faces":{"east":{"uv":[0.0,0.0,2.0,0.0],"rotation":0,"texture":"#0","tintindex":0},"south":{"uv":[0.0,0.0,1.75,0.0],"rotation":0,"texture":"#0","tintindex":0},"north":{"uv":[0.0,0.0,1.75,0.0],"rotation":0,"texture":"#0","tintindex":0},"west":{"uv":[0.0,0.0,2.0,0.0],"rotation":0,"texture":"#0","tintindex":0},"up":{"uv":[5.25,8.0,3.5,6.0],"rotation":0,"texture":"#0","tintindex":0},"down":{"uv":[7.0,6.0,5.25,8.0],"rotation":0,"texture":"#0","tintindex":0}}}],"display":{"head":{"translation":[0.0,-6.4,0.0],"scale":[4.0,4.0,4.0]}}}