{"textures":{"0":"modelengine:entity/lavajaw2reg"},"elements":[{"from":[4.1512427,1.5766444,2.0060067],"to":[9.645077,9.851088,8.211839],"rotation":{"angle":22.5,"axis":"x","origin":[10.001076,1.5766444,2.0060067]},"faces":{"east":{"uv":[4.9375,8.4375,6.0,9.875],"rotation":0,"texture":"#0","tintindex":0},"south":{"uv":[4.9375,8.4375,6.0,9.875],"rotation":0,"texture":"#0","tintindex":0},"north":{"uv":[4.9375,8.4375,6.0,9.875],"rotation":0,"texture":"#0","tintindex":0},"west":{"uv":[4.9375,8.4375,6.0,9.875],"rotation":0,"texture":"#0","tintindex":0},"up":{"uv":[10.75,12.125,9.8125,11.0625],"rotation":0,"texture":"#0","tintindex":0},"down":{"uv":[9.8125,11.0625,10.75,12.125],"rotation":0,"texture":"#0","tintindex":0}}}],"display":{"head":{"translation":[0.0,-6.4,0.0],"scale":[4.0,4.0,4.0]}}}