{
	"credit": "Made with Blockbench",
	"textures": {
		"1": "custom/elitecreatures/amethystdragon/amethyst_crystal_dragon_skill"
	},
	"elements": [
		{
			"from": [-15.68, 0.32, -15.68],
			"to": [30.4, 0.32, 30.4],
			"rotation": {"angle": 0, "axis": "x", "origin": [-70.72, 23.04, -5.44]},
			"faces": {
				"north": {"uv": [0, 0, 7, 0], "texture": "#1"},
				"east": {"uv": [0, 0, 7, 0], "texture": "#1"},
				"south": {"uv": [0, 0, 7, 0], "texture": "#1"},
				"west": {"uv": [0, 0, 7, 0], "texture": "#1"},
				"up": {"uv": [3, 6, 0, 3], "texture": "#1"},
				"down": {"uv": [3, 3, 0, 6], "texture": "#1"}
			}
		}
	],
	"display": {
		"thirdperson_righthand": {
			"translation": [0, 3.75, 0]
		},
		"thirdperson_lefthand": {
			"translation": [0, 3.75, 0]
		},
		"firstperson_righthand": {
			"translation": [0, 6.75, 0]
		},
		"firstperson_lefthand": {
			"translation": [0, 6.75, 0]
		},
		"ground": {
			"translation": [0, 29.5, 0],
			"scale": [4, 4, 4]
		},
		"head": {
			"translation": [-1, -12.75, 1.25],
			"scale": [4, 4, 4]
		}
	}
}