{
	"credit": "Made with Blockbench",
	"textures": {
		"1": "custom/elitecreatures/amethystdragon/amethyst_crystal_dragon_skill"
	},
	"elements": [
		{
			"from": [7.45136, 0, 7.66972],
			"to": [9.01736, 9.396, 9.23572],
			"rotation": {"angle": 0, "axis": "x", "origin": [8.23028, 6.1694, 8.33946]},
			"faces": {
				"north": {"uv": [11.25, 11.25, 11.875, 15], "rotation": 180, "texture": "#1"},
				"east": {"uv": [11.25, 11.25, 11.875, 15], "rotation": 180, "texture": "#1"},
				"south": {"uv": [11.25, 11.25, 11.875, 15], "rotation": 180, "texture": "#1"},
				"west": {"uv": [11.25, 11.25, 11.875, 15], "rotation": 180, "texture": "#1"},
				"up": {"uv": [12.25, 10.625, 11.625, 11.25], "texture": "#1"},
				"down": {"uv": [12.25, 10.625, 11.625, 10], "texture": "#1"}
			}
		},
		{
			"from": [8.45136, 3.2, 7.51292],
			"to": [10.01736, 9.596, 9.07892],
			"rotation": {"angle": 0, "axis": "x", "origin": [8.23028, 6.1694, 8.33946]},
			"faces": {
				"north": {"uv": [11.25, 11.25, 11.875, 14], "rotation": 180, "texture": "#1"},
				"east": {"uv": [11.25, 11.25, 11.875, 14], "rotation": 180, "texture": "#1"},
				"south": {"uv": [11.25, 11.25, 11.875, 14], "rotation": 180, "texture": "#1"},
				"west": {"uv": [11.25, 11.25, 11.875, 14], "rotation": 180, "texture": "#1"},
				"up": {"uv": [12.25, 10.625, 11.625, 11.25], "texture": "#1"},
				"down": {"uv": [12.25, 10.625, 11.625, 10], "texture": "#1"}
			}
		},
		{
			"from": [6.49456, 4, 7.10372],
			"to": [8.06056, 9.39, 8.66972],
			"rotation": {"angle": 0, "axis": "x", "origin": [8.23028, 6.1694, 8.33946]},
			"faces": {
				"north": {"uv": [11.25, 11.25, 11.875, 13.375], "rotation": 180, "texture": "#1"},
				"east": {"uv": [11.25, 11.25, 11.875, 13.1875], "rotation": 180, "texture": "#1"},
				"south": {"uv": [11.25, 11.25, 11.875, 13.375], "rotation": 180, "texture": "#1"},
				"west": {"uv": [11.25, 11.25, 11.875, 13.375], "rotation": 180, "texture": "#1"},
				"up": {"uv": [12.25, 10.625, 11.625, 11.25], "texture": "#1"},
				"down": {"uv": [12.25, 10.625, 11.625, 10], "texture": "#1"}
			}
		},
		{
			"from": [7.44456, 5.01, 8.66972],
			"to": [9.01056, 9.406, 10.23572],
			"rotation": {"angle": 0, "axis": "x", "origin": [8.23028, 6.1694, 8.33946]},
			"faces": {
				"north": {"uv": [11.25, 11.25, 11.875, 13.1875], "rotation": 180, "texture": "#1"},
				"east": {"uv": [11.25, 11.25, 11.875, 13.1875], "rotation": 180, "texture": "#1"},
				"south": {"uv": [11.25, 11.25, 11.875, 13.1875], "rotation": 180, "texture": "#1"},
				"west": {"uv": [11.25, 11.25, 11.875, 13.1875], "rotation": 180, "texture": "#1"},
				"up": {"uv": [12.25, 10.625, 11.625, 11.25], "texture": "#1"},
				"down": {"uv": [12.25, 10.625, 11.625, 10], "texture": "#1"}
			}
		},
		{
			"from": [7.39456, 2.15, 6.66972],
			"to": [8.96056, 9.546, 8.23572],
			"rotation": {"angle": 0, "axis": "x", "origin": [8.23028, 6.1694, 8.33946]},
			"faces": {
				"north": {"uv": [11.25, 11.25, 11.875, 14.1875], "rotation": 180, "texture": "#1"},
				"east": {"uv": [11.25, 11.25, 11.875, 14.1875], "rotation": 180, "texture": "#1"},
				"south": {"uv": [11.25, 11.25, 11.875, 14.1875], "rotation": 180, "texture": "#1"},
				"west": {"uv": [11.25, 11.25, 11.875, 14.1875], "rotation": 180, "texture": "#1"},
				"up": {"uv": [12.25, 10.625, 11.625, 11.25], "texture": "#1"},
				"down": {"uv": [12.25, 10.625, 11.625, 10], "texture": "#1"}
			}
		}
	],
	"display": {
		"thirdperson_righthand": {
			"translation": [0, 3.75, 0]
		},
		"thirdperson_lefthand": {
			"translation": [0, 3.75, 0]
		},
		"firstperson_righthand": {
			"translation": [0, 6.75, 0]
		},
		"firstperson_lefthand": {
			"translation": [0, 6.75, 0]
		},
		"ground": {
			"translation": [0, 29.5, 0],
			"scale": [3.47, 3.45, 3.45]
		},
		"head": {
			"translation": [-1, -23.5, -1.25],
			"scale": [2.63, 2.63, 2.66]
		}
	}
}