{"textures":{"0":"must_have_props:/spilled_bottle"},"elements":[{"from":[11.6,9.828571,14.857143],"to":[13.542857,9.828571,16.0],"rotation":{"angle":45.0,"axis":"y","origin":[12.571428,8.857143,12.285715]},"faces":{"east":{"uv":[0.0,0.0,1.0,0.0],"rotation":0,"texture":"#0","tintindex":0},"south":{"uv":[0.0,0.0,1.5,0.0],"rotation":0,"texture":"#0","tintindex":0},"north":{"uv":[0.0,0.0,1.5,0.0],"rotation":0,"texture":"#0","tintindex":0},"west":{"uv":[0.0,0.0,1.0,0.0],"rotation":0,"texture":"#0","tintindex":0},"up":{"uv":[6.0,10.5,4.5,9.5],"rotation":0,"texture":"#0","tintindex":0},"down":{"uv":[7.5,9.5,6.0,10.5],"rotation":0,"texture":"#0","tintindex":0}}},{"from":[13.542857,7.886286,14.857143],"to":[13.542857,9.829143,16.0],"rotation":{"angle":45.0,"axis":"y","origin":[12.571428,8.857143,12.285715]},"faces":{"east":{"uv":[9.5,7.5,10.5,9.0],"rotation":0,"texture":"#0","tintindex":0},"south":{"uv":[0.0,0.0,0.0,1.5],"rotation":0,"texture":"#0","tintindex":0},"north":{"uv":[0.0,0.0,0.0,1.5],"rotation":0,"texture":"#0","tintindex":0},"west":{"uv":[9.5,9.0,10.5,10.5],"rotation":0,"texture":"#0","tintindex":0},"up":{"uv":[0.0,1.0,0.0,0.0],"rotation":0,"texture":"#0","tintindex":0},"down":{"uv":[0.0,0.0,0.0,1.0],"rotation":0,"texture":"#0","tintindex":0}}},{"from":[11.6,7.886286,14.857143],"to":[11.6,9.829143,16.0],"rotation":{"angle":45.0,"axis":"y","origin":[12.571428,8.857143,12.285715]},"faces":{"east":{"uv":[9.5,6.0,10.5,7.5],"rotation":0,"texture":"#0","tintindex":0},"south":{"uv":[0.0,0.0,0.0,1.5],"rotation":0,"texture":"#0","tintindex":0},"north":{"uv":[0.0,0.0,0.0,1.5],"rotation":0,"texture":"#0","tintindex":0},"west":{"uv":[7.5,9.5,8.5,11.0],"rotation":0,"texture":"#0","tintindex":0},"up":{"uv":[0.0,1.0,0.0,0.0],"rotation":0,"texture":"#0","tintindex":0},"down":{"uv":[0.0,0.0,0.0,1.0],"rotation":0,"texture":"#0","tintindex":0}}},{"from":[11.6,7.885714,14.857143],"to":[13.542857,7.885714,16.0],"rotation":{"angle":45.0,"axis":"y","origin":[12.571428,8.857143,12.285715]},"faces":{"east":{"uv":[0.0,0.0,1.0,0.0],"rotation":0,"texture":"#0","tintindex":0},"south":{"uv":[0.0,0.0,1.5,0.0],"rotation":0,"texture":"#0","tintindex":0},"north":{"uv":[0.0,0.0,1.5,0.0],"rotation":0,"texture":"#0","tintindex":0},"west":{"uv":[0.0,0.0,1.0,0.0],"rotation":0,"texture":"#0","tintindex":0},"up":{"uv":[3.0,10.0,1.5,9.0],"rotation":0,"texture":"#0","tintindex":0},"down":{"uv":[4.5,9.0,3.0,10.0],"rotation":0,"texture":"#0","tintindex":0}}},{"from":[11.885715,8.171429,11.142858],"to":[13.257143,9.542857,11.714286],"rotation":{"angle":45.0,"axis":"y","origin":[12.571428,8.857143,12.285715]},"faces":{"east":{"uv":[6.5,7.5,7.0,8.5],"rotation":0,"texture":"#0","tintindex":0},"south":{"uv":[8.5,10.0,9.5,11.0],"rotation":0,"texture":"#0","tintindex":0},"north":{"uv":[3.5,10.0,4.5,11.0],"rotation":0,"texture":"#0","tintindex":0},"west":{"uv":[6.5,8.5,7.0,9.5],"rotation":0,"texture":"#0","tintindex":0},"up":{"uv":[5.5,11.0,4.5,10.5],"rotation":0,"texture":"#0","tintindex":0},"down":{"uv":[6.5,10.5,5.5,11.0],"rotation":0,"texture":"#0","tintindex":0}}},{"from":[12.0,8.285714,11.428572],"to":[13.142858,9.428572,13.714286],"rotation":{"angle":45.0,"axis":"y","origin":[12.571428,8.857143,12.285715]},"faces":{"east":{"uv":[4.5,7.5,6.5,8.5],"rotation":0,"texture":"#0","tintindex":0},"south":{"uv":[2.5,10.0,3.5,11.0],"rotation":0,"texture":"#0","tintindex":0},"north":{"uv":[1.5,10.0,2.5,11.0],"rotation":0,"texture":"#0","tintindex":0},"west":{"uv":[4.5,8.5,6.5,9.5],"rotation":0,"texture":"#0","tintindex":0},"up":{"uv":[9.5,8.0,8.5,6.0],"rotation":0,"texture":"#0","tintindex":0},"down":{"uv":[9.5,8.0,8.5,10.0],"rotation":0,"texture":"#0","tintindex":0}}},{"from":[11.714286,8.0,13.714286],"to":[13.428572,9.714286,17.714287],"rotation":{"angle":45.0,"axis":"y","origin":[12.571428,8.857143,12.285715]},"faces":{"east":{"uv":[0.0,6.0,3.5,7.5],"rotation":0,"texture":"#0","tintindex":0},"south":{"uv":[3.0,7.5,4.5,9.0],"rotation":0,"texture":"#0","tintindex":0},"north":{"uv":[1.5,7.5,3.0,9.0],"rotation":0,"texture":"#0","tintindex":0},"west":{"uv":[3.5,6.0,7.0,7.5],"rotation":0,"texture":"#0","tintindex":0},"up":{"uv":[8.5,9.5,7.0,6.0],"rotation":0,"texture":"#0","tintindex":0},"down":{"uv":[1.5,7.5,0.0,11.0],"rotation":0,"texture":"#0","tintindex":0}}}],"display":{"head":{"translation":[0.0,-6.4,0.0],"scale":[4.0,4.0,4.0]}}}