{
  "textures": {
    "0": "modelengine:entity/boneshadingreaper",
    "4": "modelengine:entity/fallenreaper"
  },
  "elements": [
    {
      "from": [
        12.2,
        14.700001,
        5.875
      ],
      "to": [
        12.95,
        20.25,
        11.125
      ],
      "faces": {
        "east": {
          "uv": [
            0.8875,
            5.5125,
            1.4875,
            6.2375
          ],
          "tintindex": 0,
          "rotation": 0,
          "texture": "#4"
        },
        "south": {
          "uv": [
            6.6375,
            11.8875,
            6.7375,
            12.6125
          ],
          "tintindex": 0,
          "rotation": 0,
          "texture": "#4"
        },
        "north": {
          "uv": [
            1.2625,
            7.2625,
            1.3625,
            7.9875
          ],
          "tintindex": 0,
          "rotation": 0,
          "texture": "#4"
        },
        "west": {
          "uv": [
            0.0125,
            5.6375,
            0.6125,
            6.3625
          ],
          "tintindex": 0,
          "rotation": 0,
          "texture": "#4"
        },
        "up": {
          "uv": [
            1.7375,
            13.2375,
            1.6375,
            12.6375
          ],
          "tintindex": 0,
          "rotation": 0,
          "texture": "#4"
        },
        "down": {
          "uv": [
            1.9875,
            12.6375,
            1.8875,
            13.2375
          ],
          "tintindex": 0,
          "rotation": 0,
          "texture": "#4"
        }
      }
    },
    {
      "from": [
        5.5,
        9,
        6.15
      ],
      "to": [
        7.5,
        11,
        9.85
      ],
      "faces": {
        "east": {
          "uv": [
            11.2625,
            7.8875,
            11.7375,
            8.1125
          ],
          "tintindex": 0,
          "rotation": 0,
          "texture": "#4"
        },
        "south": {
          "uv": [
            6.0125,
            13.7625,
            6.2375,
            13.9875
          ],
          "tintindex": 0,
          "rotation": 0,
          "texture": "#4"
        },
        "north": {
          "uv": [
            3.6375,
            13.7625,
            3.8625,
            13.9875
          ],
          "tintindex": 0,
          "rotation": 0,
          "texture": "#4"
        },
        "west": {
          "uv": [
            11.2625,
            8.2625,
            11.7375,
            8.4875
          ],
          "tintindex": 0,
          "rotation": 0,
          "texture": "#4"
        },
        "up": {
          "uv": [
            10.4875,
            11.6125,
            10.2625,
            11.1375
          ],
          "tintindex": 0,
          "rotation": 0,
          "texture": "#4"
        },
        "down": {
          "uv": [
            0.8625,
            11.2625,
            0.6375,
            11.7375
          ],
          "tintindex": 0,
          "rotation": 0,
          "texture": "#4"
        }
      }
    },
    {
      "from": [
        6.05,
        18,
        4.5
      ],
      "to": [
        9.95,
        20,
        5
      ],
      "faces": {
        "east": {
          "uv": [
            9.2625,
            14.6375,
            9.3625,
            14.8625
          ],
          "tintindex": 0,
          "rotation": 0,
          "texture": "#4"
        },
        "south": {
          "uv": [
            11.3875,
            0.0125,
            11.8625,
            0.2375
          ],
          "tintindex": 0,
          "rotation": 0,
          "texture": "#4"
        },
        "north": {
          "uv": [
            11.1375,
            11.2625,
            11.6125,
            11.4875
          ],
          "tintindex": 0,
          "rotation": 0,
          "texture": "#4"
        },
        "west": {
          "uv": [
            4.3875,
            14.7625,
            4.4875,
            14.9875
          ],
          "tintindex": 0,
          "rotation": 0,
          "texture": "#4"
        },
        "up": {
          "uv": [
            14.2375,
            11.2375,
            13.7625,
            11.1375
          ],
          "tintindex": 0,
          "rotation": 0,
          "texture": "#4"
        },
        "down": {
          "uv": [
            14.3625,
            4.5125,
            13.8875,
            4.6125
          ],
          "tintindex": 0,
          "rotation": 0,
          "texture": "#4"
        }
      }
    },
    {
      "from": [
        6.625298,
        7.5249996,
        5.54972
      ],
      "to": [
        7.325298,
        8.925,
        5.69028
      ],
      "faces": {
        "east": {
          "uv": [
            7.6375,
            15.2625,
            7.7375,
            15.3625
          ],
          "tintindex": 0,
          "rotation": 0,
          "texture": "#4"
        },
        "south": {
          "uv": [
            15.2625,
            7.6375,
            15.3625,
            7.7375
          ],
          "tintindex": 0,
          "rotation": 0,
          "texture": "#4"
        },
        "north": {
          "uv": [
            7.3875,
            15.2625,
            7.4875,
            15.3625
          ],
          "tintindex": 0,
          "rotation": 0,
          "texture": "#4"
        },
        "west": {
          "uv": [
            7.8875,
            15.2625,
            7.9875,
            15.3625
          ],
          "tintindex": 0,
          "rotation": 0,
          "texture": "#4"
        },
        "up": {
          "uv": [
            15.3625,
            7.9875,
            15.2625,
            7.8875
          ],
          "tintindex": 0,
          "rotation": 0,
          "texture": "#4"
        },
        "down": {
          "uv": [
            8.2375,
            15.2625,
            8.1375,
            15.3625
          ],
          "tintindex": 0,
          "rotation": 0,
          "texture": "#4"
        }
      }
    },
    {
      "from": [
        3.8249998,
        12,
        5.825
      ],
      "to": [
        12.175,
        15,
        10.175
      ],
      "faces": {
        "east": {
          "uv": [
            10.8875,
            4.3875,
            11.3625,
            4.7375
          ],
          "tintindex": 0,
          "rotation": 0,
          "texture": "#4"
        },
        "south": {
          "uv": [
            7.3875,
            6.5125,
            8.3625,
            6.8625
          ],
          "tintindex": 0,
          "rotation": 0,
          "texture": "#4"
        },
        "north": {
          "uv": [
            7.0125,
            2.8875,
            7.9875,
            3.2375
          ],
          "tintindex": 0,
          "rotation": 0,
          "texture": "#4"
        },
        "west": {
          "uv": [
            5.6375,
            10.8875,
            6.1125,
            11.2375
          ],
          "tintindex": 0,
          "rotation": 0,
          "texture": "#4"
        },
        "up": {
          "uv": [
            4.8625,
            5.8625,
            3.8875,
            5.3875
          ],
          "tintindex": 0,
          "rotation": 0,
          "texture": "#4"
        },
        "down": {
          "uv": [
            6.4875,
            1.5125,
            5.5125,
            1.9875
          ],
          "tintindex": 0,
          "rotation": 0,
          "texture": "#4"
        }
      }
    },
    {
      "from": [
        3.0500002,
        14.700001,
        5.875
      ],
      "to": [
        3.8000002,
        20.25,
        11.125
      ],
      "faces": {
        "east": {
          "uv": [
            5.0125,
            5.6375,
            5.6125,
            6.3625
          ],
          "tintindex": 0,
          "rotation": 0,
          "texture": "#4"
        },
        "south": {
          "uv": [
            9.0125,
            11.8875,
            9.1125,
            12.6125
          ],
          "tintindex": 0,
          "rotation": 0,
          "texture": "#4"
        },
        "north": {
          "uv": [
            7.8875,
            11.8875,
            7.9875,
            12.6125
          ],
          "tintindex": 0,
          "rotation": 0,
          "texture": "#4"
        },
        "west": {
          "uv": [
            5.7625,
            5.6375,
            6.3625,
            6.3625
          ],
          "tintindex": 0,
          "rotation": 0,
          "texture": "#4"
        },
        "up": {
          "uv": [
            4.2375,
            13.2375,
            4.1375,
            12.6375
          ],
          "tintindex": 0,
          "rotation": 0,
          "texture": "#4"
        },
        "down": {
          "uv": [
            4.4875,
            12.6375,
            4.3875,
            13.2375
          ],
          "tintindex": 0,
          "rotation": 0,
          "texture": "#4"
        }
      }
    },
    {
      "from": [
        9.30625,
        13.68125,
        6.025
      ],
      "to": [
        11.30625,
        14.13125,
        6.175
      ],
      "faces": {
        "east": {
          "uv": [
            2.0125,
            7.0125,
            3.9875,
            8.9875
          ],
          "tintindex": 0,
          "rotation": 270,
          "texture": "#0"
        },
        "south": {
          "uv": [
            0.0125,
            7.0125,
            5.985,
            8.985
          ],
          "tintindex": 0,
          "rotation": 270,
          "texture": "#0"
        },
        "north": {
          "uv": [
            2.0125,
            4.5125,
            3.9875,
            8.4875
          ],
          "tintindex": 0,
          "rotation": 90,
          "texture": "#0"
        },
        "west": {
          "uv": [
            2.0125,
            7.0125,
            3.9875,
            8.9875
          ],
          "tintindex": 0,
          "rotation": 270,
          "texture": "#0"
        },
        "up": {
          "uv": [
            2.0125,
            7.0125,
            3.9875,
            8.9875
          ],
          "tintindex": 0,
          "rotation": 270,
          "texture": "#0"
        },
        "down": {
          "uv": [
            2.0125,
            7.0125,
            3.9875,
            8.9875
          ],
          "tintindex": 0,
          "rotation": 270,
          "texture": "#0"
        }
      }
    },
    {
      "from": [
        4.69375,
        13.68125,
        6.025
      ],
      "to": [
        6.69375,
        14.13125,
        6.175
      ],
      "faces": {
        "east": {
          "uv": [
            2.0125,
            8.9875,
            3.9875,
            7.0125
          ],
          "tintindex": 0,
          "rotation": 270,
          "texture": "#0"
        },
        "south": {
          "uv": [
            0.0125,
            8.985,
            5.985,
            7.0125
          ],
          "tintindex": 0,
          "rotation": 270,
          "texture": "#0"
        },
        "north": {
          "uv": [
            2.0125,
            8.4875,
            3.9875,
            4.5125
          ],
          "tintindex": 0,
          "rotation": 90,
          "texture": "#0"
        },
        "west": {
          "uv": [
            2.0125,
            8.9875,
            3.9875,
            7.0125
          ],
          "tintindex": 0,
          "rotation": 270,
          "texture": "#0"
        },
        "up": {
          "uv": [
            2.0125,
            8.9875,
            3.9875,
            7.0125
          ],
          "tintindex": 0,
          "rotation": 270,
          "texture": "#0"
        },
        "down": {
          "uv": [
            2.0125,
            8.9875,
            3.9875,
            7.0125
          ],
          "tintindex": 0,
          "rotation": 270,
          "texture": "#0"
        }
      }
    },
    {
      "from": [
        8.5,
        11,
        6
      ],
      "to": [
        11.5,
        12,
        10
      ],
      "faces": {
        "east": {
          "uv": [
            12.7625,
            4.0125,
            13.2375,
            4.1125
          ],
          "tintindex": 0,
          "rotation": 0,
          "texture": "#4"
        },
        "south": {
          "uv": [
            14.1375,
            0.0125,
            14.4875,
            0.1125
          ],
          "tintindex": 0,
          "rotation": 0,
          "texture": "#4"
        },
        "north": {
          "uv": [
            3.1375,
            7.6375,
            3.4875,
            7.7375
          ],
          "tintindex": 0,
          "rotation": 0,
          "texture": "#4"
        },
        "west": {
          "uv": [
            12.7625,
            4.2625,
            13.2375,
            4.3625
          ],
          "tintindex": 0,
          "rotation": 0,
          "texture": "#4"
        },
        "up": {
          "uv": [
            5.9875,
            10.7375,
            5.6375,
            10.2625
          ],
          "tintindex": 0,
          "rotation": 0,
          "texture": "#4"
        },
        "down": {
          "uv": [
            9.6125,
            10.2625,
            9.2625,
            10.7375
          ],
          "tintindex": 0,
          "rotation": 0,
          "texture": "#4"
        }
      }
    },
    {
      "from": [
        5,
        18,
        5
      ],
      "to": [
        11,
        21,
        6
      ],
      "faces": {
        "east": {
          "uv": [
            14.1375,
            3.2625,
            14.2375,
            3.6125
          ],
          "tintindex": 0,
          "rotation": 0,
          "texture": "#4"
        },
        "south": {
          "uv": [
            8.1375,
            2.8875,
            8.8625,
            3.2375
          ],
          "tintindex": 0,
          "rotation": 0,
          "texture": "#4"
        },
        "north": {
          "uv": [
            7.7625,
            5.8875,
            8.4875,
            6.2375
          ],
          "tintindex": 0,
          "rotation": 0,
          "texture": "#4"
        },
        "west": {
          "uv": [
            3.5125,
            14.1375,
            3.6125,
            14.4875
          ],
          "tintindex": 0,
          "rotation": 0,
          "texture": "#4"
        },
        "up": {
          "uv": [
            4.9875,
            0.7375,
            4.2625,
            0.6375
          ],
          "tintindex": 0,
          "rotation": 0,
          "texture": "#4"
        },
        "down": {
          "uv": [
            12.4875,
            9.6375,
            11.7625,
            9.7375
          ],
          "tintindex": 0,
          "rotation": 0,
          "texture": "#4"
        }
      }
    },
    {
      "from": [
        5,
        13,
        10
      ],
      "to": [
        11,
        20,
        11
      ],
      "faces": {
        "east": {
          "uv": [
            3.0125,
            11.7625,
            3.1125,
            12.6125
          ],
          "tintindex": 0,
          "rotation": 0,
          "texture": "#4"
        },
        "south": {
          "uv": [
            0.0125,
            3.6375,
            0.7375,
            4.4875
          ],
          "tintindex": 0,
          "rotation": 0,
          "texture": "#4"
        },
        "north": {
          "uv": [
            1.5125,
            3.5125,
            2.2375,
            4.3625
          ],
          "tintindex": 0,
          "rotation": 0,
          "texture": "#4"
        },
        "west": {
          "uv": [
            11.7625,
            3.0125,
            11.8625,
            3.8625
          ],
          "tintindex": 0,
          "rotation": 0,
          "texture": "#4"
        },
        "up": {
          "uv": [
            12.6125,
            2.8625,
            11.8875,
            2.7625
          ],
          "tintindex": 0,
          "rotation": 0,
          "texture": "#4"
        },
        "down": {
          "uv": [
            12.6125,
            4.2625,
            11.8875,
            4.3625
          ],
          "tintindex": 0,
          "rotation": 0,
          "texture": "#4"
        }
      }
    },
    {
      "from": [
        10.5,
        18,
        5.2071066
      ],
      "to": [
        11.5,
        21,
        6.2071066
      ],
      "faces": {
        "east": {
          "uv": [
            5.0125,
            14.2625,
            5.1125,
            14.6125
          ],
          "tintindex": 0,
          "rotation": 0,
          "texture": "#4"
        },
        "south": {
          "uv": [
            5.2625,
            14.2625,
            5.3625,
            14.6125
          ],
          "tintindex": 0,
          "rotation": 0,
          "texture": "#4"
        },
        "north": {
          "uv": [
            4.7625,
            14.2625,
            4.8625,
            14.6125
          ],
          "tintindex": 0,
          "rotation": 0,
          "texture": "#4"
        },
        "west": {
          "uv": [
            5.5125,
            14.2625,
            5.6125,
            14.6125
          ],
          "tintindex": 0,
          "rotation": 0,
          "texture": "#4"
        },
        "up": {
          "uv": [
            15.4875,
            5.2375,
            15.3875,
            5.1375
          ],
          "tintindex": 0,
          "rotation": 0,
          "texture": "#4"
        },
        "down": {
          "uv": [
            15.4875,
            5.3875,
            15.3875,
            5.4875
          ],
          "tintindex": 0,
          "rotation": 0,
          "texture": "#4"
        }
      },
      "rotation": {
        "origin": [
          11,
          18.5,
          5.7071066
        ],
        "angle": -45,
        "axis": "y"
      }
    },
    {
      "from": [
        5.05,
        17,
        5.25
      ],
      "to": [
        10.95,
        18,
        6
      ],
      "faces": {
        "east": {
          "uv": [
            5.6375,
            15.3875,
            5.7375,
            15.4875
          ],
          "tintindex": 0,
          "rotation": 0,
          "texture": "#4"
        },
        "south": {
          "uv": [
            12.0125,
            9.1375,
            12.7375,
            9.2375
          ],
          "tintindex": 0,
          "rotation": 0,
          "texture": "#4"
        },
        "north": {
          "uv": [
            12.0125,
            8.8875,
            12.7375,
            8.9875
          ],
          "tintindex": 0,
          "rotation": 0,
          "texture": "#4"
        },
        "west": {
          "uv": [
            15.3875,
            5.6375,
            15.4875,
            5.7375
          ],
          "tintindex": 0,
          "rotation": 0,
          "texture": "#4"
        },
        "up": {
          "uv": [
            12.7375,
            9.4875,
            12.0125,
            9.3875
          ],
          "tintindex": 0,
          "rotation": 0,
          "texture": "#4"
        },
        "down": {
          "uv": [
            12.6125,
            12.0125,
            11.8875,
            12.1125
          ],
          "tintindex": 0,
          "rotation": 0,
          "texture": "#4"
        }
      }
    },
    {
      "from": [
        6.843146,
        17.86396,
        6.01
      ],
      "to": [
        7.843146,
        18.86396,
        9.99
      ],
      "faces": {
        "east": {
          "uv": [
            12.7625,
            5.0125,
            13.2375,
            5.1125
          ],
          "tintindex": 0,
          "rotation": 0,
          "texture": "#4"
        },
        "south": {
          "uv": [
            1.8875,
            15.0125,
            1.9875,
            15.1125
          ],
          "tintindex": 0,
          "rotation": 0,
          "texture": "#4"
        },
        "north": {
          "uv": [
            1.6375,
            15.0125,
            1.7375,
            15.1125
          ],
          "tintindex": 0,
          "rotation": 0,
          "texture": "#4"
        },
        "west": {
          "uv": [
            12.7625,
            6.8875,
            13.2375,
            6.9875
          ],
          "tintindex": 0,
          "rotation": 0,
          "texture": "#4"
        },
        "up": {
          "uv": [
            6.6125,
            13.2375,
            6.5125,
            12.7625
          ],
          "tintindex": 0,
          "rotation": 0,
          "texture": "#4"
        },
        "down": {
          "uv": [
            12.8625,
            7.1375,
            12.7625,
            7.6125
          ],
          "tintindex": 0,
          "rotation": 0,
          "texture": "#4"
        }
      },
      "rotation": {
        "origin": [
          -1.6568546,
          18.36396,
          9.5
        ],
        "angle": -45,
        "axis": "z"
      }
    },
    {
      "from": [
        7.214749,
        14.838366,
        6.01
      ],
      "to": [
        8.214749,
        15.838366,
        9.99
      ],
      "faces": {
        "east": {
          "uv": [
            12.2625,
            13.8875,
            12.7375,
            13.9875
          ],
          "tintindex": 0,
          "rotation": 0,
          "texture": "#4"
        },
        "south": {
          "uv": [
            15.3875,
            7.2625,
            15.4875,
            7.3625
          ],
          "tintindex": 0,
          "rotation": 0,
          "texture": "#4"
        },
        "north": {
          "uv": [
            15.3875,
            7.0125,
            15.4875,
            7.1125
          ],
          "tintindex": 0,
          "rotation": 0,
          "texture": "#4"
        },
        "west": {
          "uv": [
            12.8875,
            13.8875,
            13.3625,
            13.9875
          ],
          "tintindex": 0,
          "rotation": 0,
          "texture": "#4"
        },
        "up": {
          "uv": [
            9.6125,
            14.3625,
            9.5125,
            13.8875
          ],
          "tintindex": 0,
          "rotation": 0,
          "texture": "#4"
        },
        "down": {
          "uv": [
            13.6125,
            13.8875,
            13.5125,
            14.3625
          ],
          "tintindex": 0,
          "rotation": 0,
          "texture": "#4"
        }
      },
      "rotation": {
        "origin": [
          7.714749,
          6.3383656,
          9.49
        ],
        "angle": 22.5,
        "axis": "z"
      }
    },
    {
      "from": [
        4.5,
        8,
        6
      ],
      "to": [
        7.5,
        9,
        10
      ],
      "faces": {
        "east": {
          "uv": [
            5.1375,
            13.7625,
            5.6125,
            13.8625
          ],
          "tintindex": 0,
          "rotation": 0,
          "texture": "#4"
        },
        "south": {
          "uv": [
            1.8875,
            14.2625,
            2.2375,
            14.3625
          ],
          "tintindex": 0,
          "rotation": 0,
          "texture": "#4"
        },
        "north": {
          "uv": [
            14.2625,
            1.7625,
            14.6125,
            1.8625
          ],
          "tintindex": 0,
          "rotation": 0,
          "texture": "#4"
        },
        "west": {
          "uv": [
            13.7625,
            5.2625,
            14.2375,
            5.3625
          ],
          "tintindex": 0,
          "rotation": 0,
          "texture": "#4"
        },
        "up": {
          "uv": [
            0.8625,
            11.1125,
            0.5125,
            10.6375
          ],
          "tintindex": 0,
          "rotation": 0,
          "texture": "#4"
        },
        "down": {
          "uv": [
            10.9875,
            3.1375,
            10.6375,
            3.6125
          ],
          "tintindex": 0,
          "rotation": 0,
          "texture": "#4"
        }
      }
    },
    {
      "from": [
        4.325,
        8,
        5.825
      ],
      "to": [
        11.675,
        12,
        10.175
      ],
      "faces": {
        "east": {
          "uv": [
            9.2625,
            9.6375,
            9.7375,
            10.1125
          ],
          "tintindex": 0,
          "rotation": 0,
          "texture": "#4"
        },
        "south": {
          "uv": [
            6.6375,
            4.2625,
            7.4875,
            4.7375
          ],
          "tintindex": 0,
          "rotation": 0,
          "texture": "#4"
        },
        "north": {
          "uv": [
            6.6375,
            3.6375,
            7.4875,
            4.1125
          ],
          "tintindex": 0,
          "rotation": 0,
          "texture": "#4"
        },
        "west": {
          "uv": [
            9.7625,
            0.0125,
            10.2375,
            0.4875
          ],
          "tintindex": 0,
          "rotation": 0,
          "texture": "#4"
        },
        "up": {
          "uv": [
            7.4875,
            5.3625,
            6.6375,
            4.8875
          ],
          "tintindex": 0,
          "rotation": 0,
          "texture": "#4"
        },
        "down": {
          "uv": [
            7.2375,
            6.6375,
            6.3875,
            7.1125
          ],
          "tintindex": 0,
          "rotation": 0,
          "texture": "#4"
        }
      }
    },
    {
      "from": [
        7.636039,
        18.156855,
        6.01
      ],
      "to": [
        9.136039,
        19.156855,
        9.99
      ],
      "faces": {
        "east": {
          "uv": [
            14.0125,
            6.7625,
            14.4875,
            6.8625
          ],
          "tintindex": 0,
          "rotation": 0,
          "texture": "#4"
        },
        "south": {
          "uv": [
            7.7625,
            14.7625,
            7.9875,
            14.8625
          ],
          "tintindex": 0,
          "rotation": 0,
          "texture": "#4"
        },
        "north": {
          "uv": [
            5.3875,
            14.7625,
            5.6125,
            14.8625
          ],
          "tintindex": 0,
          "rotation": 0,
          "texture": "#4"
        },
        "west": {
          "uv": [
            14.0125,
            7.6375,
            14.4875,
            7.7375
          ],
          "tintindex": 0,
          "rotation": 0,
          "texture": "#4"
        },
        "up": {
          "uv": [
            11.6125,
            5.3625,
            11.3875,
            4.8875
          ],
          "tintindex": 0,
          "rotation": 0,
          "texture": "#4"
        },
        "down": {
          "uv": [
            5.6125,
            11.3875,
            5.3875,
            11.8625
          ],
          "tintindex": 0,
          "rotation": 0,
          "texture": "#4"
        }
      },
      "rotation": {
        "origin": [
          -0.8639612,
          18.656855,
          9.49
        ],
        "angle": -45,
        "axis": "z"
      }
    },
    {
      "from": [
        7.05,
        20,
        4.5
      ],
      "to": [
        8.95,
        21,
        6
      ],
      "faces": {
        "east": {
          "uv": [
            11.0125,
            14.5125,
            11.2375,
            14.6125
          ],
          "tintindex": 0,
          "rotation": 0,
          "texture": "#4"
        },
        "south": {
          "uv": [
            14.5125,
            12.6375,
            14.7375,
            12.7375
          ],
          "tintindex": 0,
          "rotation": 0,
          "texture": "#4"
        },
        "north": {
          "uv": [
            14.5125,
            10.7625,
            14.7375,
            10.8625
          ],
          "tintindex": 0,
          "rotation": 0,
          "texture": "#4"
        },
        "west": {
          "uv": [
            14.5125,
            12.8875,
            14.7375,
            12.9875
          ],
          "tintindex": 0,
          "rotation": 0,
          "texture": "#4"
        },
        "up": {
          "uv": [
            4.4875,
            7.1125,
            4.2625,
            6.8875
          ],
          "tintindex": 0,
          "rotation": 0,
          "texture": "#4"
        },
        "down": {
          "uv": [
            8.8625,
            2.5125,
            8.6375,
            2.7375
          ],
          "tintindex": 0,
          "rotation": 0,
          "texture": "#4"
        }
      }
    },
    {
      "from": [
        7,
        14,
        5.75
      ],
      "to": [
        9,
        17,
        7.75
      ],
      "faces": {
        "east": {
          "uv": [
            10.1375,
            12.1375,
            10.3625,
            12.4875
          ],
          "tintindex": 0,
          "rotation": 0,
          "texture": "#4"
        },
        "south": {
          "uv": [
            0.5125,
            12.2625,
            0.7375,
            12.6125
          ],
          "tintindex": 0,
          "rotation": 0,
          "texture": "#4"
        },
        "north": {
          "uv": [
            7.5125,
            12.1375,
            7.7375,
            12.4875
          ],
          "tintindex": 0,
          "rotation": 0,
          "texture": "#4"
        },
        "west": {
          "uv": [
            3.7625,
            12.2625,
            3.9875,
            12.6125
          ],
          "tintindex": 0,
          "rotation": 0,
          "texture": "#4"
        },
        "up": {
          "uv": [
            13.9875,
            14.1125,
            13.7625,
            13.8875
          ],
          "tintindex": 0,
          "rotation": 0,
          "texture": "#4"
        },
        "down": {
          "uv": [
            0.4875,
            14.0125,
            0.2625,
            14.2375
          ],
          "tintindex": 0,
          "rotation": 0,
          "texture": "#4"
        }
      }
    },
    {
      "from": [
        8.725298,
        7.5249996,
        5.54972
      ],
      "to": [
        9.425298,
        8.925,
        5.69028
      ],
      "faces": {
        "east": {
          "uv": [
            15.1375,
            11.0125,
            15.2375,
            11.1125
          ],
          "tintindex": 0,
          "rotation": 0,
          "texture": "#4"
        },
        "south": {
          "uv": [
            12.2625,
            15.1375,
            12.3625,
            15.2375
          ],
          "tintindex": 0,
          "rotation": 0,
          "texture": "#4"
        },
        "north": {
          "uv": [
            15.1375,
            10.7625,
            15.2375,
            10.8625
          ],
          "tintindex": 0,
          "rotation": 0,
          "texture": "#4"
        },
        "west": {
          "uv": [
            12.5125,
            15.1375,
            12.6125,
            15.2375
          ],
          "tintindex": 0,
          "rotation": 0,
          "texture": "#4"
        },
        "up": {
          "uv": [
            15.2375,
            12.7375,
            15.1375,
            12.6375
          ],
          "tintindex": 0,
          "rotation": 0,
          "texture": "#4"
        },
        "down": {
          "uv": [
            12.8625,
            15.1375,
            12.7625,
            15.2375
          ],
          "tintindex": 0,
          "rotation": 0,
          "texture": "#4"
        }
      }
    },
    {
      "from": [
        10.5,
        12,
        6
      ],
      "to": [
        11.5,
        13,
        10
      ],
      "faces": {
        "east": {
          "uv": [
            2.2625,
            14.0125,
            2.7375,
            14.1125
          ],
          "tintindex": 0,
          "rotation": 0,
          "texture": "#4"
        },
        "south": {
          "uv": [
            15.3875,
            9.8875,
            15.4875,
            9.9875
          ],
          "tintindex": 0,
          "rotation": 0,
          "texture": "#4"
        },
        "north": {
          "uv": [
            8.3875,
            15.3875,
            8.4875,
            15.4875
          ],
          "tintindex": 0,
          "rotation": 0,
          "texture": "#4"
        },
        "west": {
          "uv": [
            14.0125,
            3.8875,
            14.4875,
            3.9875
          ],
          "tintindex": 0,
          "rotation": 0,
          "texture": "#4"
        },
        "up": {
          "uv": [
            0.7375,
            14.4875,
            0.6375,
            14.0125
          ],
          "tintindex": 0,
          "rotation": 0,
          "texture": "#4"
        },
        "down": {
          "uv": [
            4.1125,
            14.0125,
            4.0125,
            14.4875
          ],
          "tintindex": 0,
          "rotation": 0,
          "texture": "#4"
        }
      }
    },
    {
      "from": [
        6.5,
        7,
        6.075
      ],
      "to": [
        9.5,
        8,
        9.925
      ],
      "faces": {
        "east": {
          "uv": [
            11.7625,
            13.2625,
            12.2375,
            13.3625
          ],
          "tintindex": 0,
          "rotation": 0,
          "texture": "#4"
        },
        "south": {
          "uv": [
            14.1375,
            10.5125,
            14.4875,
            10.6125
          ],
          "tintindex": 0,
          "rotation": 0,
          "texture": "#4"
        },
        "north": {
          "uv": [
            10.5125,
            14.1375,
            10.8625,
            14.2375
          ],
          "tintindex": 0,
          "rotation": 0,
          "texture": "#4"
        },
        "west": {
          "uv": [
            1.5125,
            13.3875,
            1.9875,
            13.4875
          ],
          "tintindex": 0,
          "rotation": 0,
          "texture": "#4"
        },
        "up": {
          "uv": [
            2.3625,
            10.9875,
            2.0125,
            10.5125
          ],
          "tintindex": 0,
          "rotation": 0,
          "texture": "#4"
        },
        "down": {
          "uv": [
            2.8625,
            10.5125,
            2.5125,
            10.9875
          ],
          "tintindex": 0,
          "rotation": 0,
          "texture": "#4"
        }
      }
    },
    {
      "from": [
        6.613961,
        18.156855,
        6.01
      ],
      "to": [
        8.363961,
        19.156855,
        9.99
      ],
      "faces": {
        "east": {
          "uv": [
            14.0125,
            4.1375,
            14.4875,
            4.2375
          ],
          "tintindex": 0,
          "rotation": 0,
          "texture": "#4"
        },
        "south": {
          "uv": [
            5.0125,
            14.7625,
            5.2375,
            14.8625
          ],
          "tintindex": 0,
          "rotation": 0,
          "texture": "#4"
        },
        "north": {
          "uv": [
            4.6375,
            14.7625,
            4.8625,
            14.8625
          ],
          "tintindex": 0,
          "rotation": 0,
          "texture": "#4"
        },
        "west": {
          "uv": [
            5.1375,
            14.0125,
            5.6125,
            14.1125
          ],
          "tintindex": 0,
          "rotation": 0,
          "texture": "#4"
        },
        "up": {
          "uv": [
            8.1125,
            11.7375,
            7.8875,
            11.2625
          ],
          "tintindex": 0,
          "rotation": 0,
          "texture": "#4"
        },
        "down": {
          "uv": [
            11.6125,
            0.3875,
            11.3875,
            0.8625
          ],
          "tintindex": 0,
          "rotation": 0,
          "texture": "#4"
        }
      },
      "rotation": {
        "origin": [
          16.86396,
          18.656855,
          9.49
        ],
        "angle": 45,
        "axis": "z"
      }
    },
    {
      "from": [
        8.818718,
        7.3044996,
        5.5535
      ],
      "to": [
        9.312218,
        7.7980003,
        5.6865
      ],
      "faces": {
        "east": {
          "uv": [
            15.1375,
            14.8875,
            15.2375,
            14.9875
          ],
          "tintindex": 0,
          "rotation": 0,
          "texture": "#4"
        },
        "south": {
          "uv": [
            15.1375,
            15.1375,
            15.2375,
            15.2375
          ],
          "tintindex": 0,
          "rotation": 0,
          "texture": "#4"
        },
        "north": {
          "uv": [
            15.1375,
            14.3875,
            15.2375,
            14.4875
          ],
          "tintindex": 0,
          "rotation": 0,
          "texture": "#4"
        },
        "west": {
          "uv": [
            0.0125,
            15.2625,
            0.1125,
            15.3625
          ],
          "tintindex": 0,
          "rotation": 0,
          "texture": "#4"
        },
        "up": {
          "uv": [
            15.3625,
            0.1125,
            15.2625,
            0.0125
          ],
          "tintindex": 0,
          "rotation": 0,
          "texture": "#4"
        },
        "down": {
          "uv": [
            0.3625,
            15.2625,
            0.2625,
            15.3625
          ],
          "tintindex": 0,
          "rotation": 0,
          "texture": "#4"
        }
      },
      "rotation": {
        "origin": [
          9.039218,
          7.5249996,
          5.3575
        ],
        "angle": -45,
        "axis": "z"
      }
    },
    {
      "from": [
        4.5,
        18,
        5.2071066
      ],
      "to": [
        5.5,
        21,
        6.2071066
      ],
      "faces": {
        "east": {
          "uv": [
            14.1375,
            5.7625,
            14.2375,
            6.1125
          ],
          "tintindex": 0,
          "rotation": 0,
          "texture": "#4"
        },
        "south": {
          "uv": [
            6.0125,
            14.1375,
            6.1125,
            14.4875
          ],
          "tintindex": 0,
          "rotation": 0,
          "texture": "#4"
        },
        "north": {
          "uv": [
            3.7625,
            14.1375,
            3.8625,
            14.4875
          ],
          "tintindex": 0,
          "rotation": 0,
          "texture": "#4"
        },
        "west": {
          "uv": [
            14.1375,
            6.2625,
            14.2375,
            6.6125
          ],
          "tintindex": 0,
          "rotation": 0,
          "texture": "#4"
        },
        "up": {
          "uv": [
            14.9875,
            12.9875,
            14.8875,
            12.8875
          ],
          "tintindex": 0,
          "rotation": 0,
          "texture": "#4"
        },
        "down": {
          "uv": [
            13.2375,
            14.8875,
            13.1375,
            14.9875
          ],
          "tintindex": 0,
          "rotation": 0,
          "texture": "#4"
        }
      },
      "rotation": {
        "origin": [
          5,
          18.5,
          5.7071066
        ],
        "angle": 45,
        "axis": "y"
      }
    },
    {
      "from": [
        7.768718,
        7.0544996,
        5.5535
      ],
      "to": [
        8.2622175,
        7.5480003,
        5.6865
      ],
      "faces": {
        "east": {
          "uv": [
            2.2625,
            15.2625,
            2.3625,
            15.3625
          ],
          "tintindex": 0,
          "rotation": 0,
          "texture": "#4"
        },
        "south": {
          "uv": [
            15.2625,
            2.2625,
            15.3625,
            2.3625
          ],
          "tintindex": 0,
          "rotation": 0,
          "texture": "#4"
        },
        "north": {
          "uv": [
            2.0125,
            15.2625,
            2.1125,
            15.3625
          ],
          "tintindex": 0,
          "rotation": 0,
          "texture": "#4"
        },
        "west": {
          "uv": [
            15.2625,
            2.5125,
            15.3625,
            2.6125
          ],
          "tintindex": 0,
          "rotation": 0,
          "texture": "#4"
        },
        "up": {
          "uv": [
            15.3625,
            3.2375,
            15.2625,
            3.1375
          ],
          "tintindex": 0,
          "rotation": 0,
          "texture": "#4"
        },
        "down": {
          "uv": [
            15.3625,
            3.3875,
            15.2625,
            3.4875
          ],
          "tintindex": 0,
          "rotation": 0,
          "texture": "#4"
        }
      },
      "rotation": {
        "origin": [
          7.9892178,
          7.2749996,
          5.3575
        ],
        "angle": -45,
        "axis": "z"
      }
    },
    {
      "from": [
        6.005,
        8.5,
        9.792893
      ],
      "to": [
        9.995,
        10.5,
        10.792893
      ],
      "faces": {
        "east": {
          "uv": [
            2.1375,
            14.5125,
            2.2375,
            14.7375
          ],
          "tintindex": 0,
          "rotation": 0,
          "texture": "#4"
        },
        "south": {
          "uv": [
            11.1375,
            1.5125,
            11.6125,
            1.7375
          ],
          "tintindex": 0,
          "rotation": 0,
          "texture": "#4"
        },
        "north": {
          "uv": [
            7.8875,
            1.5125,
            8.3625,
            1.7375
          ],
          "tintindex": 0,
          "rotation": 0,
          "texture": "#4"
        },
        "west": {
          "uv": [
            8.2625,
            14.5125,
            8.3625,
            14.7375
          ],
          "tintindex": 0,
          "rotation": 0,
          "texture": "#4"
        },
        "up": {
          "uv": [
            13.6125,
            5.3625,
            13.1375,
            5.2625
          ],
          "tintindex": 0,
          "rotation": 0,
          "texture": "#4"
        },
        "down": {
          "uv": [
            13.6125,
            5.5125,
            13.1375,
            5.6125
          ],
          "tintindex": 0,
          "rotation": 0,
          "texture": "#4"
        }
      },
      "rotation": {
        "origin": [
          8.5,
          10,
          10.292893
        ],
        "angle": 45,
        "axis": "x"
      }
    },
    {
      "from": [
        7,
        8,
        5.75
      ],
      "to": [
        9,
        13,
        7.75
      ],
      "faces": {
        "east": {
          "uv": [
            9.2625,
            10.8875,
            9.4875,
            11.4875
          ],
          "tintindex": 0,
          "rotation": 0,
          "texture": "#4"
        },
        "south": {
          "uv": [
            10.7625,
            10.8875,
            10.9875,
            11.4875
          ],
          "tintindex": 0,
          "rotation": 0,
          "texture": "#4"
        },
        "north": {
          "uv": [
            7.2625,
            10.8875,
            7.4875,
            11.4875
          ],
          "tintindex": 0,
          "rotation": 0,
          "texture": "#4"
        },
        "west": {
          "uv": [
            11.0125,
            0.0125,
            11.2375,
            0.6125
          ],
          "tintindex": 0,
          "rotation": 0,
          "texture": "#4"
        },
        "up": {
          "uv": [
            12.8625,
            13.4875,
            12.6375,
            13.2625
          ],
          "tintindex": 0,
          "rotation": 0,
          "texture": "#4"
        },
        "down": {
          "uv": [
            3.9875,
            13.3875,
            3.7625,
            13.6125
          ],
          "tintindex": 0,
          "rotation": 0,
          "texture": "#4"
        }
      }
    },
    {
      "from": [
        4.5,
        13,
        9.792893
      ],
      "to": [
        5.5,
        20,
        10.792893
      ],
      "faces": {
        "east": {
          "uv": [
            11.6375,
            11.6375,
            11.7375,
            12.4875
          ],
          "tintindex": 0,
          "rotation": 0,
          "texture": "#4"
        },
        "south": {
          "uv": [
            2.5125,
            11.7625,
            2.6125,
            12.6125
          ],
          "tintindex": 0,
          "rotation": 0,
          "texture": "#4"
        },
        "north": {
          "uv": [
            11.3875,
            11.6375,
            11.4875,
            12.4875
          ],
          "tintindex": 0,
          "rotation": 0,
          "texture": "#4"
        },
        "west": {
          "uv": [
            2.7625,
            11.7625,
            2.8625,
            12.6125
          ],
          "tintindex": 0,
          "rotation": 0,
          "texture": "#4"
        },
        "up": {
          "uv": [
            15.1125,
            11.4875,
            15.0125,
            11.3875
          ],
          "tintindex": 0,
          "rotation": 0,
          "texture": "#4"
        },
        "down": {
          "uv": [
            11.6125,
            15.0125,
            11.5125,
            15.1125
          ],
          "tintindex": 0,
          "rotation": 0,
          "texture": "#4"
        }
      },
      "rotation": {
        "origin": [
          5,
          15.5,
          10.292893
        ],
        "angle": -45,
        "axis": "y"
      }
    },
    {
      "from": [
        5,
        12.5,
        9.792893
      ],
      "to": [
        11,
        13.5,
        10.792893
      ],
      "faces": {
        "east": {
          "uv": [
            11.0125,
            15.0125,
            11.1125,
            15.1125
          ],
          "tintindex": 0,
          "rotation": 0,
          "texture": "#4"
        },
        "south": {
          "uv": [
            11.8875,
            2.0125,
            12.6125,
            2.1125
          ],
          "tintindex": 0,
          "rotation": 0,
          "texture": "#4"
        },
        "north": {
          "uv": [
            11.8875,
            1.7625,
            12.6125,
            1.8625
          ],
          "tintindex": 0,
          "rotation": 0,
          "texture": "#4"
        },
        "west": {
          "uv": [
            11.2625,
            15.0125,
            11.3625,
            15.1125
          ],
          "tintindex": 0,
          "rotation": 0,
          "texture": "#4"
        },
        "up": {
          "uv": [
            12.6125,
            2.3625,
            11.8875,
            2.2625
          ],
          "tintindex": 0,
          "rotation": 0,
          "texture": "#4"
        },
        "down": {
          "uv": [
            12.6125,
            2.5125,
            11.8875,
            2.6125
          ],
          "tintindex": 0,
          "rotation": 0,
          "texture": "#4"
        }
      },
      "rotation": {
        "origin": [
          8.5,
          13,
          10.292893
        ],
        "angle": 45,
        "axis": "x"
      }
    },
    {
      "from": [
        7,
        7.25,
        5.575
      ],
      "to": [
        9,
        9.25,
        5.825
      ],
      "faces": {
        "east": {
          "uv": [
            6.7625,
            14.6375,
            6.8625,
            14.8625
          ],
          "tintindex": 0,
          "rotation": 0,
          "texture": "#4"
        },
        "south": {
          "uv": [
            9.7625,
            13.7625,
            9.9875,
            13.9875
          ],
          "tintindex": 0,
          "rotation": 0,
          "texture": "#4"
        },
        "north": {
          "uv": [
            8.5125,
            13.7625,
            8.7375,
            13.9875
          ],
          "tintindex": 0,
          "rotation": 0,
          "texture": "#4"
        },
        "west": {
          "uv": [
            7.0125,
            14.6375,
            7.1125,
            14.8625
          ],
          "tintindex": 0,
          "rotation": 0,
          "texture": "#4"
        },
        "up": {
          "uv": [
            14.8625,
            6.1125,
            14.6375,
            6.0125
          ],
          "tintindex": 0,
          "rotation": 0,
          "texture": "#4"
        },
        "down": {
          "uv": [
            14.8625,
            6.7625,
            14.6375,
            6.8625
          ],
          "tintindex": 0,
          "rotation": 0,
          "texture": "#4"
        }
      }
    },
    {
      "from": [
        6,
        10,
        10
      ],
      "to": [
        10,
        13,
        11
      ],
      "faces": {
        "east": {
          "uv": [
            14.1375,
            10.0125,
            14.2375,
            10.3625
          ],
          "tintindex": 0,
          "rotation": 0,
          "texture": "#4"
        },
        "south": {
          "uv": [
            10.3875,
            6.3875,
            10.8625,
            6.7375
          ],
          "tintindex": 0,
          "rotation": 0,
          "texture": "#4"
        },
        "north": {
          "uv": [
            10.3875,
            5.8875,
            10.8625,
            6.2375
          ],
          "tintindex": 0,
          "rotation": 0,
          "texture": "#4"
        },
        "west": {
          "uv": [
            10.2625,
            14.1375,
            10.3625,
            14.4875
          ],
          "tintindex": 0,
          "rotation": 0,
          "texture": "#4"
        },
        "up": {
          "uv": [
            9.1125,
            13.1125,
            8.6375,
            13.0125
          ],
          "tintindex": 0,
          "rotation": 0,
          "texture": "#4"
        },
        "down": {
          "uv": [
            12.2375,
            13.0125,
            11.7625,
            13.1125
          ],
          "tintindex": 0,
          "rotation": 0,
          "texture": "#4"
        }
      }
    },
    {
      "from": [
        2.4499998,
        14.25,
        5.75
      ],
      "to": [
        13.45,
        21.25,
        11.25
      ],
      "faces": {
        "east": {
          "uv": [
            2.3875,
            3.6375,
            3.1125,
            4.4875
          ],
          "tintindex": 0,
          "rotation": 0,
          "texture": "#4"
        },
        "south": {
          "uv": [
            1.5125,
            1.7625,
            2.8625,
            2.6125
          ],
          "tintindex": 0,
          "rotation": 0,
          "texture": "#4"
        },
        "north": {
          "uv": [
            0.0125,
            1.7625,
            1.3625,
            2.6125
          ],
          "tintindex": 0,
          "rotation": 0,
          "texture": "#4"
        },
        "west": {
          "uv": [
            3.2625,
            3.6375,
            3.9875,
            4.4875
          ],
          "tintindex": 0,
          "rotation": 0,
          "texture": "#4"
        },
        "up": {
          "uv": [
            1.3625,
            3.4875,
            0.0125,
            2.7625
          ],
          "tintindex": 0,
          "rotation": 0,
          "texture": "#4"
        },
        "down": {
          "uv": [
            4.1125,
            0.0125,
            2.7625,
            0.7375
          ],
          "tintindex": 0,
          "rotation": 0,
          "texture": "#4"
        }
      }
    },
    {
      "from": [
        6.7187176,
        8.7045,
        5.5535
      ],
      "to": [
        7.212218,
        9.198,
        5.6865
      ],
      "faces": {
        "east": {
          "uv": [
            4.8875,
            15.2625,
            4.9875,
            15.3625
          ],
          "tintindex": 0,
          "rotation": 0,
          "texture": "#4"
        },
        "south": {
          "uv": [
            5.1375,
            15.2625,
            5.2375,
            15.3625
          ],
          "tintindex": 0,
          "rotation": 0,
          "texture": "#4"
        },
        "north": {
          "uv": [
            4.6375,
            15.2625,
            4.7375,
            15.3625
          ],
          "tintindex": 0,
          "rotation": 0,
          "texture": "#4"
        },
        "west": {
          "uv": [
            5.3875,
            15.2625,
            5.4875,
            15.3625
          ],
          "tintindex": 0,
          "rotation": 0,
          "texture": "#4"
        },
        "up": {
          "uv": [
            5.9875,
            15.3625,
            5.8875,
            15.2625
          ],
          "tintindex": 0,
          "rotation": 0,
          "texture": "#4"
        },
        "down": {
          "uv": [
            15.3625,
            6.0125,
            15.2625,
            6.1125
          ],
          "tintindex": 0,
          "rotation": 0,
          "texture": "#4"
        }
      },
      "rotation": {
        "origin": [
          6.9392176,
          8.925,
          5.3575
        ],
        "angle": -45,
        "axis": "z"
      }
    },
    {
      "from": [
        10.5,
        9,
        6
      ],
      "to": [
        11.5,
        11,
        10
      ],
      "faces": {
        "east": {
          "uv": [
            11.1375,
            9.2625,
            11.6125,
            9.4875
          ],
          "tintindex": 0,
          "rotation": 0,
          "texture": "#4"
        },
        "south": {
          "uv": [
            13.5125,
            14.5125,
            13.6125,
            14.7375
          ],
          "tintindex": 0,
          "rotation": 0,
          "texture": "#4"
        },
        "north": {
          "uv": [
            9.5125,
            14.5125,
            9.6125,
            14.7375
          ],
          "tintindex": 0,
          "rotation": 0,
          "texture": "#4"
        },
        "west": {
          "uv": [
            9.6375,
            11.1375,
            10.1125,
            11.3625
          ],
          "tintindex": 0,
          "rotation": 0,
          "texture": "#4"
        },
        "up": {
          "uv": [
            2.2375,
            13.7375,
            2.1375,
            13.2625
          ],
          "tintindex": 0,
          "rotation": 0,
          "texture": "#4"
        },
        "down": {
          "uv": [
            4.2375,
            13.3875,
            4.1375,
            13.8625
          ],
          "tintindex": 0,
          "rotation": 0,
          "texture": "#4"
        }
      }
    },
    {
      "from": [
        4.5,
        12,
        6
      ],
      "to": [
        5.5,
        13,
        10
      ],
      "faces": {
        "east": {
          "uv": [
            14.0125,
            7.8875,
            14.4875,
            7.9875
          ],
          "tintindex": 0,
          "rotation": 0,
          "texture": "#4"
        },
        "south": {
          "uv": [
            15.3875,
            10.8875,
            15.4875,
            10.9875
          ],
          "tintindex": 0,
          "rotation": 0,
          "texture": "#4"
        },
        "north": {
          "uv": [
            15.3875,
            10.6375,
            15.4875,
            10.7375
          ],
          "tintindex": 0,
          "rotation": 0,
          "texture": "#4"
        },
        "west": {
          "uv": [
            14.0125,
            9.5125,
            14.4875,
            9.6125
          ],
          "tintindex": 0,
          "rotation": 0,
          "texture": "#4"
        },
        "up": {
          "uv": [
            4.3625,
            14.4875,
            4.2625,
            14.0125
          ],
          "tintindex": 0,
          "rotation": 0,
          "texture": "#4"
        },
        "down": {
          "uv": [
            6.4875,
            14.0125,
            6.3875,
            14.4875
          ],
          "tintindex": 0,
          "rotation": 0,
          "texture": "#4"
        }
      }
    },
    {
      "from": [
        10.5,
        13,
        9.792893
      ],
      "to": [
        11.5,
        20,
        10.792893
      ],
      "faces": {
        "east": {
          "uv": [
            10.6375,
            11.6375,
            10.7375,
            12.4875
          ],
          "tintindex": 0,
          "rotation": 0,
          "texture": "#4"
        },
        "south": {
          "uv": [
            10.8875,
            11.6375,
            10.9875,
            12.4875
          ],
          "tintindex": 0,
          "rotation": 0,
          "texture": "#4"
        },
        "north": {
          "uv": [
            9.2625,
            11.6375,
            9.3625,
            12.4875
          ],
          "tintindex": 0,
          "rotation": 0,
          "texture": "#4"
        },
        "west": {
          "uv": [
            11.1375,
            11.6375,
            11.2375,
            12.4875
          ],
          "tintindex": 0,
          "rotation": 0,
          "texture": "#4"
        },
        "up": {
          "uv": [
            15.1125,
            10.6125,
            15.0125,
            10.5125
          ],
          "tintindex": 0,
          "rotation": 0,
          "texture": "#4"
        },
        "down": {
          "uv": [
            10.8625,
            15.0125,
            10.7625,
            15.1125
          ],
          "tintindex": 0,
          "rotation": 0,
          "texture": "#4"
        }
      },
      "rotation": {
        "origin": [
          11,
          15.5,
          10.292893
        ],
        "angle": 45,
        "axis": "y"
      }
    },
    {
      "from": [
        7.768718,
        8.9545,
        5.5535
      ],
      "to": [
        8.2622175,
        9.448,
        5.6865
      ],
      "faces": {
        "east": {
          "uv": [
            1.0125,
            15.2625,
            1.1125,
            15.3625
          ],
          "tintindex": 0,
          "rotation": 0,
          "texture": "#4"
        },
        "south": {
          "uv": [
            1.2625,
            15.2625,
            1.3625,
            15.3625
          ],
          "tintindex": 0,
          "rotation": 0,
          "texture": "#4"
        },
        "north": {
          "uv": [
            0.7625,
            15.2625,
            0.8625,
            15.3625
          ],
          "tintindex": 0,
          "rotation": 0,
          "texture": "#4"
        },
        "west": {
          "uv": [
            15.2625,
            1.2625,
            15.3625,
            1.3625
          ],
          "tintindex": 0,
          "rotation": 0,
          "texture": "#4"
        },
        "up": {
          "uv": [
            1.6125,
            15.3625,
            1.5125,
            15.2625
          ],
          "tintindex": 0,
          "rotation": 0,
          "texture": "#4"
        },
        "down": {
          "uv": [
            1.8625,
            15.2625,
            1.7625,
            15.3625
          ],
          "tintindex": 0,
          "rotation": 0,
          "texture": "#4"
        }
      },
      "rotation": {
        "origin": [
          7.9892178,
          9.175,
          5.3575
        ],
        "angle": -45,
        "axis": "z"
      }
    },
    {
      "from": [
        8.5,
        9,
        6.15
      ],
      "to": [
        10.5,
        11,
        9.85
      ],
      "faces": {
        "east": {
          "uv": [
            11.1375,
            9.6375,
            11.6125,
            9.8625
          ],
          "tintindex": 0,
          "rotation": 0,
          "texture": "#4"
        },
        "south": {
          "uv": [
            6.0125,
            13.3875,
            6.2375,
            13.6125
          ],
          "tintindex": 0,
          "rotation": 0,
          "texture": "#4"
        },
        "north": {
          "uv": [
            13.3875,
            4.7625,
            13.6125,
            4.9875
          ],
          "tintindex": 0,
          "rotation": 0,
          "texture": "#4"
        },
        "west": {
          "uv": [
            11.1375,
            10.8875,
            11.6125,
            11.1125
          ],
          "tintindex": 0,
          "rotation": 0,
          "texture": "#4"
        },
        "up": {
          "uv": [
            6.4875,
            11.6125,
            6.2625,
            11.1375
          ],
          "tintindex": 0,
          "rotation": 0,
          "texture": "#4"
        },
        "down": {
          "uv": [
            8.7375,
            11.1375,
            8.5125,
            11.6125
          ],
          "tintindex": 0,
          "rotation": 0,
          "texture": "#4"
        }
      }
    },
    {
      "from": [
        4.25,
        7.5,
        5.7
      ],
      "to": [
        11.75,
        8.5,
        10.2
      ],
      "faces": {
        "east": {
          "uv": [
            12.3875,
            8.3875,
            12.9875,
            8.4875
          ],
          "tintindex": 0,
          "rotation": 0,
          "texture": "#4"
        },
        "south": {
          "uv": [
            11.2625,
            7.6375,
            12.2375,
            7.7375
          ],
          "tintindex": 0,
          "rotation": 0,
          "texture": "#4"
        },
        "north": {
          "uv": [
            11.2625,
            7.3875,
            12.2375,
            7.4875
          ],
          "tintindex": 0,
          "rotation": 0,
          "texture": "#4"
        },
        "west": {
          "uv": [
            0.8875,
            12.6375,
            1.4875,
            12.7375
          ],
          "tintindex": 0,
          "rotation": 0,
          "texture": "#4"
        },
        "up": {
          "uv": [
            2.7375,
            5.2375,
            1.7625,
            4.6375
          ],
          "tintindex": 0,
          "rotation": 0,
          "texture": "#4"
        },
        "down": {
          "uv": [
            3.8625,
            4.6375,
            2.8875,
            5.2375
          ],
          "tintindex": 0,
          "rotation": 0,
          "texture": "#4"
        }
      }
    },
    {
      "from": [
        9.30625,
        14.43125,
        6.025
      ],
      "to": [
        11.30625,
        14.88125,
        6.175
      ],
      "faces": {
        "east": {
          "uv": [
            2.0125,
            7.0125,
            3.9875,
            8.9875
          ],
          "tintindex": 0,
          "rotation": 270,
          "texture": "#0"
        },
        "south": {
          "uv": [
            0.0125,
            7.0125,
            5.985,
            8.985
          ],
          "tintindex": 0,
          "rotation": 270,
          "texture": "#0"
        },
        "north": {
          "uv": [
            2.0125,
            0.0125,
            3.9875,
            3.9875
          ],
          "tintindex": 0,
          "rotation": 90,
          "texture": "#0"
        },
        "west": {
          "uv": [
            2.0125,
            7.0125,
            3.9875,
            8.9875
          ],
          "tintindex": 0,
          "rotation": 270,
          "texture": "#0"
        },
        "up": {
          "uv": [
            2.0125,
            7.0125,
            3.9875,
            8.9875
          ],
          "tintindex": 0,
          "rotation": 270,
          "texture": "#0"
        },
        "down": {
          "uv": [
            2.0125,
            7.0125,
            3.9875,
            8.9875
          ],
          "tintindex": 0,
          "rotation": 270,
          "texture": "#0"
        }
      }
    },
    {
      "from": [
        7.6752977,
        7.2749996,
        5.54972
      ],
      "to": [
        8.375298,
        9.175,
        5.69028
      ],
      "faces": {
        "east": {
          "uv": [
            7.5125,
            14.6375,
            7.6125,
            14.8625
          ],
          "tintindex": 0,
          "rotation": 0,
          "texture": "#4"
        },
        "south": {
          "uv": [
            14.6375,
            7.5125,
            14.7375,
            7.7375
          ],
          "tintindex": 0,
          "rotation": 0,
          "texture": "#4"
        },
        "north": {
          "uv": [
            7.2625,
            14.6375,
            7.3625,
            14.8625
          ],
          "tintindex": 0,
          "rotation": 0,
          "texture": "#4"
        },
        "west": {
          "uv": [
            14.6375,
            8.3875,
            14.7375,
            8.6125
          ],
          "tintindex": 0,
          "rotation": 0,
          "texture": "#4"
        },
        "up": {
          "uv": [
            3.9875,
            15.3625,
            3.8875,
            15.2625
          ],
          "tintindex": 0,
          "rotation": 0,
          "texture": "#4"
        },
        "down": {
          "uv": [
            4.2375,
            15.2625,
            4.1375,
            15.3625
          ],
          "tintindex": 0,
          "rotation": 0,
          "texture": "#4"
        }
      }
    },
    {
      "from": [
        8.156855,
        17.86396,
        6.01
      ],
      "to": [
        9.156855,
        18.86396,
        9.99
      ],
      "faces": {
        "east": {
          "uv": [
            7.7625,
            12.7625,
            8.2375,
            12.8625
          ],
          "tintindex": 0,
          "rotation": 0,
          "texture": "#4"
        },
        "south": {
          "uv": [
            15.0125,
            3.2625,
            15.1125,
            3.3625
          ],
          "tintindex": 0,
          "rotation": 0,
          "texture": "#4"
        },
        "north": {
          "uv": [
            2.3875,
            15.0125,
            2.4875,
            15.1125
          ],
          "tintindex": 0,
          "rotation": 0,
          "texture": "#4"
        },
        "west": {
          "uv": [
            12.7625,
            7.7625,
            13.2375,
            7.8625
          ],
          "tintindex": 0,
          "rotation": 0,
          "texture": "#4"
        },
        "up": {
          "uv": [
            7.3625,
            13.2375,
            7.2625,
            12.7625
          ],
          "tintindex": 0,
          "rotation": 0,
          "texture": "#4"
        },
        "down": {
          "uv": [
            8.4875,
            12.7625,
            8.3875,
            13.2375
          ],
          "tintindex": 0,
          "rotation": 0,
          "texture": "#4"
        }
      },
      "rotation": {
        "origin": [
          17.656855,
          18.36396,
          9.5
        ],
        "angle": 45,
        "axis": "z"
      }
    },
    {
      "from": [
        3,
        15,
        6
      ],
      "to": [
        13,
        20,
        10
      ],
      "faces": {
        "east": {
          "uv": [
            7.8875,
            0.0125,
            8.3625,
            0.6125
          ],
          "tintindex": 0,
          "rotation": 0,
          "texture": "#4"
        },
        "south": {
          "uv": [
            1.5125,
            2.7625,
            2.7375,
            3.3625
          ],
          "tintindex": 0,
          "rotation": 0,
          "texture": "#4"
        },
        "north": {
          "uv": [
            2.7625,
            0.8875,
            3.9875,
            1.4875
          ],
          "tintindex": 0,
          "rotation": 0,
          "texture": "#4"
        },
        "west": {
          "uv": [
            7.8875,
            0.7625,
            8.3625,
            1.3625
          ],
          "tintindex": 0,
          "rotation": 0,
          "texture": "#4"
        },
        "up": {
          "uv": [
            5.3625,
            2.2375,
            4.1375,
            1.7625
          ],
          "tintindex": 0,
          "rotation": 0,
          "texture": "#4"
        },
        "down": {
          "uv": [
            5.4875,
            0.0125,
            4.2625,
            0.4875
          ],
          "tintindex": 0,
          "rotation": 0,
          "texture": "#4"
        }
      }
    },
    {
      "from": [
        4.69375,
        14.43125,
        6.025
      ],
      "to": [
        6.69375,
        14.88125,
        6.175
      ],
      "faces": {
        "east": {
          "uv": [
            2.0125,
            8.9875,
            3.9875,
            7.0125
          ],
          "tintindex": 0,
          "rotation": 270,
          "texture": "#0"
        },
        "south": {
          "uv": [
            0.0125,
            8.985,
            5.985,
            7.0125
          ],
          "tintindex": 0,
          "rotation": 270,
          "texture": "#0"
        },
        "north": {
          "uv": [
            2.0125,
            3.9875,
            3.9875,
            0.0125
          ],
          "tintindex": 0,
          "rotation": 90,
          "texture": "#0"
        },
        "west": {
          "uv": [
            2.0125,
            8.9875,
            3.9875,
            7.0125
          ],
          "tintindex": 0,
          "rotation": 270,
          "texture": "#0"
        },
        "up": {
          "uv": [
            2.0125,
            8.9875,
            3.9875,
            7.0125
          ],
          "tintindex": 0,
          "rotation": 270,
          "texture": "#0"
        },
        "down": {
          "uv": [
            2.0125,
            8.9875,
            3.9875,
            7.0125
          ],
          "tintindex": 0,
          "rotation": 270,
          "texture": "#0"
        }
      }
    },
    {
      "from": [
        6.05,
        16,
        5.25
      ],
      "to": [
        9.95,
        17,
        6
      ],
      "faces": {
        "east": {
          "uv": [
            15.3875,
            6.2625,
            15.4875,
            6.3625
          ],
          "tintindex": 0,
          "rotation": 0,
          "texture": "#4"
        },
        "south": {
          "uv": [
            8.8875,
            13.8875,
            9.3625,
            13.9875
          ],
          "tintindex": 0,
          "rotation": 0,
          "texture": "#4"
        },
        "north": {
          "uv": [
            6.6375,
            13.8875,
            7.1125,
            13.9875
          ],
          "tintindex": 0,
          "rotation": 0,
          "texture": "#4"
        },
        "west": {
          "uv": [
            15.3875,
            6.7625,
            15.4875,
            6.8625
          ],
          "tintindex": 0,
          "rotation": 0,
          "texture": "#4"
        },
        "up": {
          "uv": [
            10.9875,
            13.9875,
            10.5125,
            13.8875
          ],
          "tintindex": 0,
          "rotation": 0,
          "texture": "#4"
        },
        "down": {
          "uv": [
            14.3625,
            10.8875,
            13.8875,
            10.9875
          ],
          "tintindex": 0,
          "rotation": 0,
          "texture": "#4"
        }
      }
    },
    {
      "from": [
        7.785251,
        14.838366,
        6.01
      ],
      "to": [
        8.785251,
        15.838366,
        9.99
      ],
      "faces": {
        "east": {
          "uv": [
            13.0125,
            7.1375,
            13.4875,
            7.2375
          ],
          "tintindex": 0,
          "rotation": 0,
          "texture": "#4"
        },
        "south": {
          "uv": [
            15.0125,
            9.6375,
            15.1125,
            9.7375
          ],
          "tintindex": 0,
          "rotation": 0,
          "texture": "#4"
        },
        "north": {
          "uv": [
            15.0125,
            9.3875,
            15.1125,
            9.4875
          ],
          "tintindex": 0,
          "rotation": 0,
          "texture": "#4"
        },
        "west": {
          "uv": [
            13.0125,
            7.3875,
            13.4875,
            7.4875
          ],
          "tintindex": 0,
          "rotation": 0,
          "texture": "#4"
        },
        "up": {
          "uv": [
            7.1125,
            13.4875,
            7.0125,
            13.0125
          ],
          "tintindex": 0,
          "rotation": 0,
          "texture": "#4"
        },
        "down": {
          "uv": [
            7.8625,
            13.0125,
            7.7625,
            13.4875
          ],
          "tintindex": 0,
          "rotation": 0,
          "texture": "#4"
        }
      },
      "rotation": {
        "origin": [
          8.285251,
          6.3383656,
          9.49
        ],
        "angle": -22.5,
        "axis": "z"
      }
    },
    {
      "from": [
        7.5,
        8,
        6.225
      ],
      "to": [
        8.5,
        9,
        9.975
      ],
      "faces": {
        "east": {
          "uv": [
            4.6375,
            12.7625,
            5.1125,
            12.8625
          ],
          "tintindex": 0,
          "rotation": 0,
          "texture": "#4"
        },
        "south": {
          "uv": [
            1.3875,
            15.0125,
            1.4875,
            15.1125
          ],
          "tintindex": 0,
          "rotation": 0,
          "texture": "#4"
        },
        "north": {
          "uv": [
            1.1375,
            15.0125,
            1.2375,
            15.1125
          ],
          "tintindex": 0,
          "rotation": 0,
          "texture": "#4"
        },
        "west": {
          "uv": [
            12.7625,
            4.7625,
            13.2375,
            4.8625
          ],
          "tintindex": 0,
          "rotation": 0,
          "texture": "#4"
        },
        "up": {
          "uv": [
            6.1125,
            13.2375,
            6.0125,
            12.7625
          ],
          "tintindex": 0,
          "rotation": 0,
          "texture": "#4"
        },
        "down": {
          "uv": [
            6.3625,
            12.7625,
            6.2625,
            13.2375
          ],
          "tintindex": 0,
          "rotation": 0,
          "texture": "#4"
        }
      }
    },
    {
      "from": [
        4.5,
        9,
        6
      ],
      "to": [
        5.5,
        11,
        10
      ],
      "faces": {
        "east": {
          "uv": [
            0.0125,
            11.2625,
            0.4875,
            11.4875
          ],
          "tintindex": 0,
          "rotation": 0,
          "texture": "#4"
        },
        "south": {
          "uv": [
            6.5125,
            14.6375,
            6.6125,
            14.8625
          ],
          "tintindex": 0,
          "rotation": 0,
          "texture": "#4"
        },
        "north": {
          "uv": [
            6.2625,
            14.6375,
            6.3625,
            14.8625
          ],
          "tintindex": 0,
          "rotation": 0,
          "texture": "#4"
        },
        "west": {
          "uv": [
            4.7625,
            11.2625,
            5.2375,
            11.4875
          ],
          "tintindex": 0,
          "rotation": 0,
          "texture": "#4"
        },
        "up": {
          "uv": [
            0.9875,
            14.2375,
            0.8875,
            13.7625
          ],
          "tintindex": 0,
          "rotation": 0,
          "texture": "#4"
        },
        "down": {
          "uv": [
            3.1125,
            13.7625,
            3.0125,
            14.2375
          ],
          "tintindex": 0,
          "rotation": 0,
          "texture": "#4"
        }
      }
    },
    {
      "from": [
        8.5,
        8,
        6
      ],
      "to": [
        11.5,
        9,
        10
      ],
      "faces": {
        "east": {
          "uv": [
            13.3875,
            4.0125,
            13.8625,
            4.1125
          ],
          "tintindex": 0,
          "rotation": 0,
          "texture": "#4"
        },
        "south": {
          "uv": [
            12.2625,
            14.1375,
            12.6125,
            14.2375
          ],
          "tintindex": 0,
          "rotation": 0,
          "texture": "#4"
        },
        "north": {
          "uv": [
            11.7625,
            14.1375,
            12.1125,
            14.2375
          ],
          "tintindex": 0,
          "rotation": 0,
          "texture": "#4"
        },
        "west": {
          "uv": [
            13.3875,
            4.2625,
            13.8625,
            4.3625
          ],
          "tintindex": 0,
          "rotation": 0,
          "texture": "#4"
        },
        "up": {
          "uv": [
            3.3625,
            10.9875,
            3.0125,
            10.5125
          ],
          "tintindex": 0,
          "rotation": 0,
          "texture": "#4"
        },
        "down": {
          "uv": [
            10.1125,
            10.5125,
            9.7625,
            10.9875
          ],
          "tintindex": 0,
          "rotation": 0,
          "texture": "#4"
        }
      }
    },
    {
      "from": [
        6.7187176,
        7.3044996,
        5.5535
      ],
      "to": [
        7.212218,
        7.7980003,
        5.6865
      ],
      "faces": {
        "east": {
          "uv": [
            6.3875,
            15.2625,
            6.4875,
            15.3625
          ],
          "tintindex": 0,
          "rotation": 0,
          "texture": "#4"
        },
        "south": {
          "uv": [
            15.2625,
            6.5125,
            15.3625,
            6.6125
          ],
          "tintindex": 0,
          "rotation": 0,
          "texture": "#4"
        },
        "north": {
          "uv": [
            6.1375,
            15.2625,
            6.2375,
            15.3625
          ],
          "tintindex": 0,
          "rotation": 0,
          "texture": "#4"
        },
        "west": {
          "uv": [
            6.6375,
            15.2625,
            6.7375,
            15.3625
          ],
          "tintindex": 0,
          "rotation": 0,
          "texture": "#4"
        },
        "up": {
          "uv": [
            6.9875,
            15.3625,
            6.8875,
            15.2625
          ],
          "tintindex": 0,
          "rotation": 0,
          "texture": "#4"
        },
        "down": {
          "uv": [
            7.2375,
            15.2625,
            7.1375,
            15.3625
          ],
          "tintindex": 0,
          "rotation": 0,
          "texture": "#4"
        }
      },
      "rotation": {
        "origin": [
          6.9392176,
          7.5249996,
          5.3575
        ],
        "angle": -45,
        "axis": "z"
      }
    },
    {
      "from": [
        4.025,
        12,
        6.05
      ],
      "to": [
        11.975,
        15,
        9.95
      ],
      "faces": {
        "east": {
          "uv": [
            0.0075,
            7.0075,
            5.9925,
            8.9925
          ],
          "tintindex": 0,
          "rotation": 0,
          "texture": "#0"
        },
        "south": {
          "uv": [
            0.0075,
            7.0075,
            5.9925,
            8.9925
          ],
          "tintindex": 0,
          "rotation": 0,
          "texture": "#0"
        },
        "north": {
          "uv": [
            0.0125,
            0.0125,
            5.9875,
            2.9875
          ],
          "tintindex": 0,
          "rotation": 0,
          "texture": "#0"
        },
        "west": {
          "uv": [
            0.0075,
            7.0075,
            5.9925,
            8.9925
          ],
          "tintindex": 0,
          "rotation": 0,
          "texture": "#0"
        },
        "up": {
          "uv": [
            0.71775,
            1.124,
            0.46975,
            1.001
          ],
          "tintindex": 0,
          "rotation": 0,
          "texture": "#0"
        },
        "down": {
          "uv": [
            0.999,
            1.001,
            0.751,
            1.124
          ],
          "tintindex": 0,
          "rotation": 0,
          "texture": "#0"
        }
      }
    },
    {
      "from": [
        4.5,
        11,
        6
      ],
      "to": [
        7.5,
        12,
        10
      ],
      "faces": {
        "east": {
          "uv": [
            13.7625,
            5.5125,
            14.2375,
            5.6125
          ],
          "tintindex": 0,
          "rotation": 0,
          "texture": "#4"
        },
        "south": {
          "uv": [
            14.2625,
            2.2625,
            14.6125,
            2.3625
          ],
          "tintindex": 0,
          "rotation": 0,
          "texture": "#4"
        },
        "north": {
          "uv": [
            14.2625,
            2.0125,
            14.6125,
            2.1125
          ],
          "tintindex": 0,
          "rotation": 0,
          "texture": "#4"
        },
        "west": {
          "uv": [
            13.7625,
            8.1375,
            14.2375,
            8.2375
          ],
          "tintindex": 0,
          "rotation": 0,
          "texture": "#4"
        },
        "up": {
          "uv": [
            10.9875,
            4.2375,
            10.6375,
            3.7625
          ],
          "tintindex": 0,
          "rotation": 0,
          "texture": "#4"
        },
        "down": {
          "uv": [
            10.9875,
            9.3875,
            10.6375,
            9.8625
          ],
          "tintindex": 0,
          "rotation": 0,
          "texture": "#4"
        }
      }
    },
    {
      "from": [
        8.818718,
        8.7045,
        5.5535
      ],
      "to": [
        9.312218,
        9.198,
        5.6865
      ],
      "faces": {
        "east": {
          "uv": [
            13.0125,
            15.1375,
            13.1125,
            15.2375
          ],
          "tintindex": 0,
          "rotation": 0,
          "texture": "#4"
        },
        "south": {
          "uv": [
            15.1375,
            13.1375,
            15.2375,
            13.2375
          ],
          "tintindex": 0,
          "rotation": 0,
          "texture": "#4"
        },
        "north": {
          "uv": [
            15.1375,
            12.8875,
            15.2375,
            12.9875
          ],
          "tintindex": 0,
          "rotation": 0,
          "texture": "#4"
        },
        "west": {
          "uv": [
            13.2625,
            15.1375,
            13.3625,
            15.2375
          ],
          "tintindex": 0,
          "rotation": 0,
          "texture": "#4"
        },
        "up": {
          "uv": [
            14.2375,
            15.2375,
            14.1375,
            15.1375
          ],
          "tintindex": 0,
          "rotation": 0,
          "texture": "#4"
        },
        "down": {
          "uv": [
            14.4875,
            15.1375,
            14.3875,
            15.2375
          ],
          "tintindex": 0,
          "rotation": 0,
          "texture": "#4"
        }
      },
      "rotation": {
        "origin": [
          9.039218,
          8.925,
          5.3575
        ],
        "angle": -45,
        "axis": "z"
      }
    }
  ],
  "display": {
    "gui": {
      "rotation": [
        30,
        225,
        0
      ]
    }
  }
}