{"textures":{"0":"modelengine:entity/boneshadingreaper","4":"modelengine:entity/fallenreaper"},"elements":[{"from":[5.1714287,11.828571,6.785714],"to":[5.6,15.0,9.785714],"rotation":{"angle":0.0,"axis":"y","origin":[8.285714,0.5714283,8.142858]},"faces":{"east":{"uv":[5.0125,5.6375,5.6125,6.3625],"rotation":0,"texture":"#4","tintindex":0},"south":{"uv":[9.0125,11.8875,9.1125,12.6125],"rotation":0,"texture":"#4","tintindex":0},"north":{"uv":[7.8875,11.8875,7.9875,12.6125],"rotation":0,"texture":"#4","tintindex":0},"west":{"uv":[5.7625,5.6375,6.3625,6.3625],"rotation":0,"texture":"#4","tintindex":0},"up":{"uv":[4.2375,13.2375,4.1375,12.6375],"rotation":0,"texture":"#4","tintindex":0},"down":{"uv":[4.4875,12.6375,4.3875,13.2375],"rotation":0,"texture":"#4","tintindex":0}}},{"from":[10.4,11.828571,6.785714],"to":[10.828571,15.0,9.785714],"rotation":{"angle":0.0,"axis":"y","origin":[7.714286,0.5714283,8.142858]},"faces":{"east":{"uv":[0.8875,5.5125,1.4875,6.2375],"rotation":0,"texture":"#4","tintindex":0},"south":{"uv":[6.6375,11.8875,6.7375,12.6125],"rotation":0,"texture":"#4","tintindex":0},"north":{"uv":[1.2625,7.2625,1.3625,7.9875],"rotation":0,"texture":"#4","tintindex":0},"west":{"uv":[0.0125,5.6375,0.6125,6.3625],"rotation":0,"texture":"#4","tintindex":0},"up":{"uv":[1.7375,13.2375,1.6375,12.6375],"rotation":0,"texture":"#4","tintindex":0},"down":{"uv":[1.9875,12.6375,1.8875,13.2375],"rotation":0,"texture":"#4","tintindex":0}}},{"from":[8.467838,8.402572,6.6019998],"to":[8.749839,8.684571,6.678],"rotation":{"angle":-45.0,"axis":"z","origin":[8.593839,8.528571,6.49]},"faces":{"east":{"uv":[13.0125,15.1375,13.1125,15.2375],"rotation":0,"texture":"#4","tintindex":0},"south":{"uv":[15.1375,13.1375,15.2375,13.2375],"rotation":0,"texture":"#4","tintindex":0},"north":{"uv":[15.1375,12.8875,15.2375,12.9875],"rotation":0,"texture":"#4","tintindex":0},"west":{"uv":[13.2625,15.1375,13.3625,15.2375],"rotation":0,"texture":"#4","tintindex":0},"up":{"uv":[14.2375,15.2375,14.1375,15.1375],"rotation":0,"texture":"#4","tintindex":0},"down":{"uv":[14.4875,15.1375,14.3875,15.2375],"rotation":0,"texture":"#4","tintindex":0}}},{"from":[8.467838,7.6025715,6.6019998],"to":[8.749839,7.8845716,6.678],"rotation":{"angle":-45.0,"axis":"z","origin":[8.593839,7.7285714,6.49]},"faces":{"east":{"uv":[15.1375,14.8875,15.2375,14.9875],"rotation":0,"texture":"#4","tintindex":0},"south":{"uv":[15.1375,15.1375,15.2375,15.2375],"rotation":0,"texture":"#4","tintindex":0},"north":{"uv":[15.1375,14.3875,15.2375,14.4875],"rotation":0,"texture":"#4","tintindex":0},"west":{"uv":[0.0125,15.2625,0.1125,15.3625],"rotation":0,"texture":"#4","tintindex":0},"up":{"uv":[15.3625,0.1125,15.2625,0.0125],"rotation":0,"texture":"#4","tintindex":0},"down":{"uv":[0.3625,15.2625,0.2625,15.3625],"rotation":0,"texture":"#4","tintindex":0}}},{"from":[8.414456,7.7285714,6.59984],"to":[8.814456,8.528571,6.68016],"rotation":{"angle":0.0,"axis":"y","origin":[5.76252,7.3150234,4.039384]},"faces":{"east":{"uv":[15.1375,11.0125,15.2375,11.1125],"rotation":0,"texture":"#4","tintindex":0},"south":{"uv":[12.2625,15.1375,12.3625,15.2375],"rotation":0,"texture":"#4","tintindex":0},"north":{"uv":[15.1375,10.7625,15.2375,10.8625],"rotation":0,"texture":"#4","tintindex":0},"west":{"uv":[12.5125,15.1375,12.6125,15.2375],"rotation":0,"texture":"#4","tintindex":0},"up":{"uv":[15.2375,12.7375,15.1375,12.6375],"rotation":0,"texture":"#4","tintindex":0},"down":{"uv":[12.8625,15.1375,12.7625,15.2375],"rotation":0,"texture":"#4","tintindex":0}}},{"from":[7.814456,7.5857143,6.59984],"to":[8.214456,8.671429,6.68016],"rotation":{"angle":0.0,"axis":"y","origin":[5.16252,7.1721663,4.039384]},"faces":{"east":{"uv":[7.5125,14.6375,7.6125,14.8625],"rotation":0,"texture":"#4","tintindex":0},"south":{"uv":[14.6375,7.5125,14.7375,7.7375],"rotation":0,"texture":"#4","tintindex":0},"north":{"uv":[7.2625,14.6375,7.3625,14.8625],"rotation":0,"texture":"#4","tintindex":0},"west":{"uv":[14.6375,8.3875,14.7375,8.6125],"rotation":0,"texture":"#4","tintindex":0},"up":{"uv":[3.9875,15.3625,3.8875,15.2625],"rotation":0,"texture":"#4","tintindex":0},"down":{"uv":[4.2375,15.2625,4.1375,15.3625],"rotation":0,"texture":"#4","tintindex":0}}},{"from":[7.867839,7.4597144,6.6019998],"to":[8.149838,7.7417145,6.678],"rotation":{"angle":-45.0,"axis":"z","origin":[7.993839,7.5857143,6.49]},"faces":{"east":{"uv":[2.2625,15.2625,2.3625,15.3625],"rotation":0,"texture":"#4","tintindex":0},"south":{"uv":[15.2625,2.2625,15.3625,2.3625],"rotation":0,"texture":"#4","tintindex":0},"north":{"uv":[2.0125,15.2625,2.1125,15.3625],"rotation":0,"texture":"#4","tintindex":0},"west":{"uv":[15.2625,2.5125,15.3625,2.6125],"rotation":0,"texture":"#4","tintindex":0},"up":{"uv":[15.3625,3.2375,15.2625,3.1375],"rotation":0,"texture":"#4","tintindex":0},"down":{"uv":[15.3625,3.3875,15.2625,3.4875],"rotation":0,"texture":"#4","tintindex":0}}},{"from":[7.867839,8.545428,6.6019998],"to":[8.149838,8.827429,6.678],"rotation":{"angle":-45.0,"axis":"z","origin":[7.993839,8.671429,6.49]},"faces":{"east":{"uv":[1.0125,15.2625,1.1125,15.3625],"rotation":0,"texture":"#4","tintindex":0},"south":{"uv":[1.2625,15.2625,1.3625,15.3625],"rotation":0,"texture":"#4","tintindex":0},"north":{"uv":[0.7625,15.2625,0.8625,15.3625],"rotation":0,"texture":"#4","tintindex":0},"west":{"uv":[15.2625,1.2625,15.3625,1.3625],"rotation":0,"texture":"#4","tintindex":0},"up":{"uv":[1.6125,15.3625,1.5125,15.2625],"rotation":0,"texture":"#4","tintindex":0},"down":{"uv":[1.8625,15.2625,1.7625,15.3625],"rotation":0,"texture":"#4","tintindex":0}}},{"from":[7.214456,7.7285714,6.59984],"to":[7.614456,8.528571,6.68016],"rotation":{"angle":0.0,"axis":"y","origin":[4.56252,7.3150234,4.039384]},"faces":{"east":{"uv":[7.6375,15.2625,7.7375,15.3625],"rotation":0,"texture":"#4","tintindex":0},"south":{"uv":[15.2625,7.6375,15.3625,7.7375],"rotation":0,"texture":"#4","tintindex":0},"north":{"uv":[7.3875,15.2625,7.4875,15.3625],"rotation":0,"texture":"#4","tintindex":0},"west":{"uv":[7.8875,15.2625,7.9875,15.3625],"rotation":0,"texture":"#4","tintindex":0},"up":{"uv":[15.3625,7.9875,15.2625,7.8875],"rotation":0,"texture":"#4","tintindex":0},"down":{"uv":[8.2375,15.2625,8.1375,15.3625],"rotation":0,"texture":"#4","tintindex":0}}},{"from":[7.2678385,7.6025715,6.6019998],"to":[7.5498385,7.8845716,6.678],"rotation":{"angle":-45.0,"axis":"z","origin":[7.393839,7.7285714,6.49]},"faces":{"east":{"uv":[6.3875,15.2625,6.4875,15.3625],"rotation":0,"texture":"#4","tintindex":0},"south":{"uv":[15.2625,6.5125,15.3625,6.6125],"rotation":0,"texture":"#4","tintindex":0},"north":{"uv":[6.1375,15.2625,6.2375,15.3625],"rotation":0,"texture":"#4","tintindex":0},"west":{"uv":[6.6375,15.2625,6.7375,15.3625],"rotation":0,"texture":"#4","tintindex":0},"up":{"uv":[6.9875,15.3625,6.8875,15.2625],"rotation":0,"texture":"#4","tintindex":0},"down":{"uv":[7.2375,15.2625,7.1375,15.3625],"rotation":0,"texture":"#4","tintindex":0}}},{"from":[7.2678385,8.402572,6.6019998],"to":[7.5498385,8.684571,6.678],"rotation":{"angle":-45.0,"axis":"z","origin":[7.393839,8.528571,6.49]},"faces":{"east":{"uv":[4.8875,15.2625,4.9875,15.3625],"rotation":0,"texture":"#4","tintindex":0},"south":{"uv":[5.1375,15.2625,5.2375,15.3625],"rotation":0,"texture":"#4","tintindex":0},"north":{"uv":[4.6375,15.2625,4.7375,15.3625],"rotation":0,"texture":"#4","tintindex":0},"west":{"uv":[5.3875,15.2625,5.4875,15.3625],"rotation":0,"texture":"#4","tintindex":0},"up":{"uv":[5.9875,15.3625,5.8875,15.2625],"rotation":0,"texture":"#4","tintindex":0},"down":{"uv":[15.3625,6.0125,15.2625,6.1125],"rotation":0,"texture":"#4","tintindex":0}}},{"from":[7.428571,7.5714283,6.6142855],"to":[8.571428,8.714286,6.757143],"rotation":{"angle":0.0,"axis":"y","origin":[8.0,0.7142854,8.014286]},"faces":{"east":{"uv":[6.7625,14.6375,6.8625,14.8625],"rotation":0,"texture":"#4","tintindex":0},"south":{"uv":[9.7625,13.7625,9.9875,13.9875],"rotation":0,"texture":"#4","tintindex":0},"north":{"uv":[8.5125,13.7625,8.7375,13.9875],"rotation":0,"texture":"#4","tintindex":0},"west":{"uv":[7.0125,14.6375,7.1125,14.8625],"rotation":0,"texture":"#4","tintindex":0},"up":{"uv":[14.8625,6.1125,14.6375,6.0125],"rotation":0,"texture":"#4","tintindex":0},"down":{"uv":[14.8625,6.7625,14.6375,6.8625],"rotation":0,"texture":"#4","tintindex":0}}},{"from":[5.142857,12.0,6.857143],"to":[10.857143,14.857143,9.142858],"rotation":{"angle":0.0,"axis":"y","origin":[8.0,1.1428566,8.0]},"faces":{"east":{"uv":[7.8875,0.0125,8.3625,0.6125],"rotation":0,"texture":"#4","tintindex":0},"south":{"uv":[1.5125,2.7625,2.7375,3.3625],"rotation":0,"texture":"#4","tintindex":0},"north":{"uv":[2.7625,0.8875,3.9875,1.4875],"rotation":0,"texture":"#4","tintindex":0},"west":{"uv":[7.8875,0.7625,8.3625,1.3625],"rotation":0,"texture":"#4","tintindex":0},"up":{"uv":[5.3625,2.2375,4.1375,1.7625],"rotation":0,"texture":"#4","tintindex":0},"down":{"uv":[5.4875,0.0125,4.2625,0.4875],"rotation":0,"texture":"#4","tintindex":0}}},{"from":[4.8285713,11.571428,6.714286],"to":[11.114285,15.571428,9.857143],"rotation":{"angle":0.0,"axis":"y","origin":[7.714286,0.5714283,8.142858]},"faces":{"east":{"uv":[2.3875,3.6375,3.1125,4.4875],"rotation":0,"texture":"#4","tintindex":0},"south":{"uv":[1.5125,1.7625,2.8625,2.6125],"rotation":0,"texture":"#4","tintindex":0},"north":{"uv":[0.0125,1.7625,1.3625,2.6125],"rotation":0,"texture":"#4","tintindex":0},"west":{"uv":[3.2625,3.6375,3.9875,4.4875],"rotation":0,"texture":"#4","tintindex":0},"up":{"uv":[1.3625,3.4875,0.0125,2.7625],"rotation":0,"texture":"#4","tintindex":0},"down":{"uv":[4.1125,0.0125,2.7625,0.7375],"rotation":0,"texture":"#4","tintindex":0}}},{"from":[5.6142855,10.285714,6.757143],"to":[10.385715,12.0,9.242857],"rotation":{"angle":0.0,"axis":"y","origin":[8.0,1.1428566,8.0]},"faces":{"east":{"uv":[10.8875,4.3875,11.3625,4.7375],"rotation":0,"texture":"#4","tintindex":0},"south":{"uv":[7.3875,6.5125,8.3625,6.8625],"rotation":0,"texture":"#4","tintindex":0},"north":{"uv":[7.0125,2.8875,7.9875,3.2375],"rotation":0,"texture":"#4","tintindex":0},"west":{"uv":[5.6375,10.8875,6.1125,11.2375],"rotation":0,"texture":"#4","tintindex":0},"up":{"uv":[4.8625,5.8625,3.8875,5.3875],"rotation":0,"texture":"#4","tintindex":0},"down":{"uv":[6.4875,1.5125,5.5125,1.9875],"rotation":0,"texture":"#4","tintindex":0}}},{"from":[5.8999996,8.0,6.757143],"to":[10.1,10.285714,9.242857],"rotation":{"angle":0.0,"axis":"y","origin":[8.0,1.1428566,8.0]},"faces":{"east":{"uv":[9.2625,9.6375,9.7375,10.1125],"rotation":0,"texture":"#4","tintindex":0},"south":{"uv":[6.6375,4.2625,7.4875,4.7375],"rotation":0,"texture":"#4","tintindex":0},"north":{"uv":[6.6375,3.6375,7.4875,4.1125],"rotation":0,"texture":"#4","tintindex":0},"west":{"uv":[9.7625,0.0125,10.2375,0.4875],"rotation":0,"texture":"#4","tintindex":0},"up":{"uv":[7.4875,5.3625,6.6375,4.8875],"rotation":0,"texture":"#4","tintindex":0},"down":{"uv":[7.2375,6.6375,6.3875,7.1125],"rotation":0,"texture":"#4","tintindex":0}}},{"from":[5.7285714,10.285714,6.885714],"to":[10.271429,12.0,9.114285],"rotation":{"angle":0.0,"axis":"y","origin":[8.0,1.1428566,8.0]},"faces":{"east":{"uv":[0.0075,7.0075,5.9925,8.9925],"rotation":0,"texture":"#0","tintindex":0},"south":{"uv":[0.0075,7.0075,5.9925,8.9925],"rotation":0,"texture":"#0","tintindex":0},"north":{"uv":[0.0125,0.0125,5.9875,2.9875],"rotation":0,"texture":"#0","tintindex":0},"west":{"uv":[0.0075,7.0075,5.9925,8.9925],"rotation":0,"texture":"#0","tintindex":0},"up":{"uv":[0.71775,1.124,0.46975,1.001],"rotation":0,"texture":"#0","tintindex":0},"down":{"uv":[0.999,1.001,0.751,1.124],"rotation":0,"texture":"#0","tintindex":0}}},{"from":[8.7464285,11.675,6.8714285],"to":[9.889286,11.932143,6.957143],"rotation":{"angle":0.0,"axis":"y","origin":[19.032143,9.660714,5.842857]},"faces":{"east":{"uv":[2.0125,7.0125,3.9875,8.9875],"rotation":270,"texture":"#0","tintindex":0},"south":{"uv":[0.0125,7.0125,5.985,8.985],"rotation":270,"texture":"#0","tintindex":0},"north":{"uv":[2.0125,0.0125,3.9875,3.9875],"rotation":90,"texture":"#0","tintindex":0},"west":{"uv":[2.0125,7.0125,3.9875,8.9875],"rotation":270,"texture":"#0","tintindex":0},"up":{"uv":[2.0125,7.0125,3.9875,8.9875],"rotation":270,"texture":"#0","tintindex":0},"down":{"uv":[2.0125,7.0125,3.9875,8.9875],"rotation":270,"texture":"#0","tintindex":0}}},{"from":[8.7464285,11.2464285,6.8714285],"to":[9.889286,11.5035715,6.957143],"rotation":{"angle":0.0,"axis":"y","origin":[19.032143,9.232143,5.842857]},"faces":{"east":{"uv":[2.0125,7.0125,3.9875,8.9875],"rotation":270,"texture":"#0","tintindex":0},"south":{"uv":[0.0125,7.0125,5.985,8.985],"rotation":270,"texture":"#0","tintindex":0},"north":{"uv":[2.0125,4.5125,3.9875,8.4875],"rotation":90,"texture":"#0","tintindex":0},"west":{"uv":[2.0125,7.0125,3.9875,8.9875],"rotation":270,"texture":"#0","tintindex":0},"up":{"uv":[2.0125,7.0125,3.9875,8.9875],"rotation":270,"texture":"#0","tintindex":0},"down":{"uv":[2.0125,7.0125,3.9875,8.9875],"rotation":270,"texture":"#0","tintindex":0}}},{"from":[6.110714,11.675,6.8714285],"to":[7.2535715,11.932143,6.957143],"rotation":{"angle":0.0,"axis":"y","origin":[-3.0321436,9.660714,5.842857]},"faces":{"east":{"uv":[2.0125,8.9875,3.9875,7.0125],"rotation":270,"texture":"#0","tintindex":0},"south":{"uv":[0.0125,8.985,5.985,7.0125],"rotation":270,"texture":"#0","tintindex":0},"north":{"uv":[2.0125,3.9875,3.9875,0.0125],"rotation":90,"texture":"#0","tintindex":0},"west":{"uv":[2.0125,8.9875,3.9875,7.0125],"rotation":270,"texture":"#0","tintindex":0},"up":{"uv":[2.0125,8.9875,3.9875,7.0125],"rotation":270,"texture":"#0","tintindex":0},"down":{"uv":[2.0125,8.9875,3.9875,7.0125],"rotation":270,"texture":"#0","tintindex":0}}},{"from":[6.110714,11.2464285,6.8714285],"to":[7.2535715,11.5035715,6.957143],"rotation":{"angle":0.0,"axis":"y","origin":[-3.0321436,9.232143,5.842857]},"faces":{"east":{"uv":[2.0125,8.9875,3.9875,7.0125],"rotation":270,"texture":"#0","tintindex":0},"south":{"uv":[0.0125,8.985,5.985,7.0125],"rotation":270,"texture":"#0","tintindex":0},"north":{"uv":[2.0125,8.4875,3.9875,4.5125],"rotation":90,"texture":"#0","tintindex":0},"west":{"uv":[2.0125,8.9875,3.9875,7.0125],"rotation":270,"texture":"#0","tintindex":0},"up":{"uv":[2.0125,8.9875,3.9875,7.0125],"rotation":270,"texture":"#0","tintindex":0},"down":{"uv":[2.0125,8.9875,3.9875,7.0125],"rotation":270,"texture":"#0","tintindex":0}}},{"from":[8.285714,9.714286,6.857143],"to":[10.0,10.285714,9.142858],"rotation":{"angle":0.0,"axis":"y","origin":[8.0,1.1428566,8.0]},"faces":{"east":{"uv":[12.7625,4.0125,13.2375,4.1125],"rotation":0,"texture":"#4","tintindex":0},"south":{"uv":[14.1375,0.0125,14.4875,0.1125],"rotation":0,"texture":"#4","tintindex":0},"north":{"uv":[3.1375,7.6375,3.4875,7.7375],"rotation":0,"texture":"#4","tintindex":0},"west":{"uv":[12.7625,4.2625,13.2375,4.3625],"rotation":0,"texture":"#4","tintindex":0},"up":{"uv":[5.9875,10.7375,5.6375,10.2625],"rotation":0,"texture":"#4","tintindex":0},"down":{"uv":[9.6125,10.2625,9.2625,10.7375],"rotation":0,"texture":"#4","tintindex":0}}},{"from":[9.428572,10.285714,6.857143],"to":[10.0,10.857143,9.142858],"rotation":{"angle":0.0,"axis":"y","origin":[8.0,1.7142854,8.0]},"faces":{"east":{"uv":[2.2625,14.0125,2.7375,14.1125],"rotation":0,"texture":"#4","tintindex":0},"south":{"uv":[15.3875,9.8875,15.4875,9.9875],"rotation":0,"texture":"#4","tintindex":0},"north":{"uv":[8.3875,15.3875,8.4875,15.4875],"rotation":0,"texture":"#4","tintindex":0},"west":{"uv":[14.0125,3.8875,14.4875,3.9875],"rotation":0,"texture":"#4","tintindex":0},"up":{"uv":[0.7375,14.4875,0.6375,14.0125],"rotation":0,"texture":"#4","tintindex":0},"down":{"uv":[4.1125,14.0125,4.0125,14.4875],"rotation":0,"texture":"#4","tintindex":0}}},{"from":[8.285714,8.0,6.857143],"to":[10.0,8.571428,9.142858],"rotation":{"angle":0.0,"axis":"y","origin":[8.0,-0.57142925,8.0]},"faces":{"east":{"uv":[13.3875,4.0125,13.8625,4.1125],"rotation":0,"texture":"#4","tintindex":0},"south":{"uv":[12.2625,14.1375,12.6125,14.2375],"rotation":0,"texture":"#4","tintindex":0},"north":{"uv":[11.7625,14.1375,12.1125,14.2375],"rotation":0,"texture":"#4","tintindex":0},"west":{"uv":[13.3875,4.2625,13.8625,4.3625],"rotation":0,"texture":"#4","tintindex":0},"up":{"uv":[3.3625,10.9875,3.0125,10.5125],"rotation":0,"texture":"#4","tintindex":0},"down":{"uv":[10.1125,10.5125,9.7625,10.9875],"rotation":0,"texture":"#4","tintindex":0}}},{"from":[9.428572,8.571428,6.857143],"to":[10.0,9.714286,9.142858],"rotation":{"angle":0.0,"axis":"y","origin":[8.0,0.5714283,8.0]},"faces":{"east":{"uv":[11.1375,9.2625,11.6125,9.4875],"rotation":0,"texture":"#4","tintindex":0},"south":{"uv":[13.5125,14.5125,13.6125,14.7375],"rotation":0,"texture":"#4","tintindex":0},"north":{"uv":[9.5125,14.5125,9.6125,14.7375],"rotation":0,"texture":"#4","tintindex":0},"west":{"uv":[9.6375,11.1375,10.1125,11.3625],"rotation":0,"texture":"#4","tintindex":0},"up":{"uv":[2.2375,13.7375,2.1375,13.2625],"rotation":0,"texture":"#4","tintindex":0},"down":{"uv":[4.2375,13.3875,4.1375,13.8625],"rotation":0,"texture":"#4","tintindex":0}}},{"from":[8.285714,8.571428,6.942857],"to":[9.428572,9.714286,9.057143],"rotation":{"angle":0.0,"axis":"y","origin":[7.428571,0.5714283,8.0]},"faces":{"east":{"uv":[11.1375,9.6375,11.6125,9.8625],"rotation":0,"texture":"#4","tintindex":0},"south":{"uv":[6.0125,13.3875,6.2375,13.6125],"rotation":0,"texture":"#4","tintindex":0},"north":{"uv":[13.3875,4.7625,13.6125,4.9875],"rotation":0,"texture":"#4","tintindex":0},"west":{"uv":[11.1375,10.8875,11.6125,11.1125],"rotation":0,"texture":"#4","tintindex":0},"up":{"uv":[6.4875,11.6125,6.2625,11.1375],"rotation":0,"texture":"#4","tintindex":0},"down":{"uv":[8.7375,11.1375,8.5125,11.6125],"rotation":0,"texture":"#4","tintindex":0}}},{"from":[6.5714283,8.571428,6.942857],"to":[7.714286,9.714286,9.057143],"rotation":{"angle":0.0,"axis":"y","origin":[8.571428,0.5714283,8.0]},"faces":{"east":{"uv":[11.2625,7.8875,11.7375,8.1125],"rotation":0,"texture":"#4","tintindex":0},"south":{"uv":[6.0125,13.7625,6.2375,13.9875],"rotation":0,"texture":"#4","tintindex":0},"north":{"uv":[3.6375,13.7625,3.8625,13.9875],"rotation":0,"texture":"#4","tintindex":0},"west":{"uv":[11.2625,8.2625,11.7375,8.4875],"rotation":0,"texture":"#4","tintindex":0},"up":{"uv":[10.4875,11.6125,10.2625,11.1375],"rotation":0,"texture":"#4","tintindex":0},"down":{"uv":[0.8625,11.2625,0.6375,11.7375],"rotation":0,"texture":"#4","tintindex":0}}},{"from":[6.0,9.714286,6.857143],"to":[7.714286,10.285714,9.142858],"rotation":{"angle":0.0,"axis":"y","origin":[8.0,1.1428566,8.0]},"faces":{"east":{"uv":[13.7625,5.5125,14.2375,5.6125],"rotation":0,"texture":"#4","tintindex":0},"south":{"uv":[14.2625,2.2625,14.6125,2.3625],"rotation":0,"texture":"#4","tintindex":0},"north":{"uv":[14.2625,2.0125,14.6125,2.1125],"rotation":0,"texture":"#4","tintindex":0},"west":{"uv":[13.7625,8.1375,14.2375,8.2375],"rotation":0,"texture":"#4","tintindex":0},"up":{"uv":[10.9875,4.2375,10.6375,3.7625],"rotation":0,"texture":"#4","tintindex":0},"down":{"uv":[10.9875,9.3875,10.6375,9.8625],"rotation":0,"texture":"#4","tintindex":0}}},{"from":[6.0,8.571428,6.857143],"to":[6.5714283,9.714286,9.142858],"rotation":{"angle":0.0,"axis":"y","origin":[8.0,0.5714283,8.0]},"faces":{"east":{"uv":[0.0125,11.2625,0.4875,11.4875],"rotation":0,"texture":"#4","tintindex":0},"south":{"uv":[6.5125,14.6375,6.6125,14.8625],"rotation":0,"texture":"#4","tintindex":0},"north":{"uv":[6.2625,14.6375,6.3625,14.8625],"rotation":0,"texture":"#4","tintindex":0},"west":{"uv":[4.7625,11.2625,5.2375,11.4875],"rotation":0,"texture":"#4","tintindex":0},"up":{"uv":[0.9875,14.2375,0.8875,13.7625],"rotation":0,"texture":"#4","tintindex":0},"down":{"uv":[3.1125,13.7625,3.0125,14.2375],"rotation":0,"texture":"#4","tintindex":0}}},{"from":[6.0,8.0,6.857143],"to":[7.714286,8.571428,9.142858],"rotation":{"angle":0.0,"axis":"y","origin":[8.0,-0.57142925,8.0]},"faces":{"east":{"uv":[5.1375,13.7625,5.6125,13.8625],"rotation":0,"texture":"#4","tintindex":0},"south":{"uv":[1.8875,14.2625,2.2375,14.3625],"rotation":0,"texture":"#4","tintindex":0},"north":{"uv":[14.2625,1.7625,14.6125,1.8625],"rotation":0,"texture":"#4","tintindex":0},"west":{"uv":[13.7625,5.2625,14.2375,5.3625],"rotation":0,"texture":"#4","tintindex":0},"up":{"uv":[0.8625,11.1125,0.5125,10.6375],"rotation":0,"texture":"#4","tintindex":0},"down":{"uv":[10.9875,3.1375,10.6375,3.6125],"rotation":0,"texture":"#4","tintindex":0}}},{"from":[5.8571424,7.714286,6.6857142],"to":[10.142858,8.285714,9.257143],"rotation":{"angle":0.0,"axis":"y","origin":[8.0,0.85714245,7.9714284]},"faces":{"east":{"uv":[12.3875,8.3875,12.9875,8.4875],"rotation":0,"texture":"#4","tintindex":0},"south":{"uv":[11.2625,7.6375,12.2375,7.7375],"rotation":0,"texture":"#4","tintindex":0},"north":{"uv":[11.2625,7.3875,12.2375,7.4875],"rotation":0,"texture":"#4","tintindex":0},"west":{"uv":[0.8875,12.6375,1.4875,12.7375],"rotation":0,"texture":"#4","tintindex":0},"up":{"uv":[2.7375,5.2375,1.7625,4.6375],"rotation":0,"texture":"#4","tintindex":0},"down":{"uv":[3.8625,4.6375,2.8875,5.2375],"rotation":0,"texture":"#4","tintindex":0}}},{"from":[7.142857,7.428571,6.9],"to":[8.857143,8.0,9.1],"rotation":{"angle":0.0,"axis":"y","origin":[8.0,1.1428566,8.0]},"faces":{"east":{"uv":[11.7625,13.2625,12.2375,13.3625],"rotation":0,"texture":"#4","tintindex":0},"south":{"uv":[14.1375,10.5125,14.4875,10.6125],"rotation":0,"texture":"#4","tintindex":0},"north":{"uv":[10.5125,14.1375,10.8625,14.2375],"rotation":0,"texture":"#4","tintindex":0},"west":{"uv":[1.5125,13.3875,1.9875,13.4875],"rotation":0,"texture":"#4","tintindex":0},"up":{"uv":[2.3625,10.9875,2.0125,10.5125],"rotation":0,"texture":"#4","tintindex":0},"down":{"uv":[2.8625,10.5125,2.5125,10.9875],"rotation":0,"texture":"#4","tintindex":0}}},{"from":[7.714286,8.0,6.985714],"to":[8.285714,8.571428,9.1285715],"rotation":{"angle":0.0,"axis":"y","origin":[8.0,1.1428566,8.0]},"faces":{"east":{"uv":[4.6375,12.7625,5.1125,12.8625],"rotation":0,"texture":"#4","tintindex":0},"south":{"uv":[1.3875,15.0125,1.4875,15.1125],"rotation":0,"texture":"#4","tintindex":0},"north":{"uv":[1.1375,15.0125,1.2375,15.1125],"rotation":0,"texture":"#4","tintindex":0},"west":{"uv":[12.7625,4.7625,13.2375,4.8625],"rotation":0,"texture":"#4","tintindex":0},"up":{"uv":[6.1125,13.2375,6.0125,12.7625],"rotation":0,"texture":"#4","tintindex":0},"down":{"uv":[6.3625,12.7625,6.2625,13.2375],"rotation":0,"texture":"#4","tintindex":0}}},{"from":[6.285714,13.714286,6.285714],"to":[9.714286,15.428572,6.857143],"rotation":{"angle":0.0,"axis":"y","origin":[8.0,1.7142854,8.0]},"faces":{"east":{"uv":[14.1375,3.2625,14.2375,3.6125],"rotation":0,"texture":"#4","tintindex":0},"south":{"uv":[8.1375,2.8875,8.8625,3.2375],"rotation":0,"texture":"#4","tintindex":0},"north":{"uv":[7.7625,5.8875,8.4875,6.2375],"rotation":0,"texture":"#4","tintindex":0},"west":{"uv":[3.5125,14.1375,3.6125,14.4875],"rotation":0,"texture":"#4","tintindex":0},"up":{"uv":[4.9875,0.7375,4.2625,0.6375],"rotation":0,"texture":"#4","tintindex":0},"down":{"uv":[12.4875,9.6375,11.7625,9.7375],"rotation":0,"texture":"#4","tintindex":0}}},{"from":[6.0,13.714286,6.404061],"to":[6.5714283,15.428572,6.9754896],"rotation":{"angle":45.0,"axis":"y","origin":[6.285714,14.0,6.6897755]},"faces":{"east":{"uv":[14.1375,5.7625,14.2375,6.1125],"rotation":0,"texture":"#4","tintindex":0},"south":{"uv":[6.0125,14.1375,6.1125,14.4875],"rotation":0,"texture":"#4","tintindex":0},"north":{"uv":[3.7625,14.1375,3.8625,14.4875],"rotation":0,"texture":"#4","tintindex":0},"west":{"uv":[14.1375,6.2625,14.2375,6.6125],"rotation":0,"texture":"#4","tintindex":0},"up":{"uv":[14.9875,12.9875,14.8875,12.8875],"rotation":0,"texture":"#4","tintindex":0},"down":{"uv":[13.2375,14.8875,13.1375,14.9875],"rotation":0,"texture":"#4","tintindex":0}}},{"from":[9.428572,13.714286,6.404061],"to":[10.0,15.428572,6.9754896],"rotation":{"angle":-45.0,"axis":"y","origin":[9.714286,14.0,6.6897755]},"faces":{"east":{"uv":[5.0125,14.2625,5.1125,14.6125],"rotation":0,"texture":"#4","tintindex":0},"south":{"uv":[5.2625,14.2625,5.3625,14.6125],"rotation":0,"texture":"#4","tintindex":0},"north":{"uv":[4.7625,14.2625,4.8625,14.6125],"rotation":0,"texture":"#4","tintindex":0},"west":{"uv":[5.5125,14.2625,5.6125,14.6125],"rotation":0,"texture":"#4","tintindex":0},"up":{"uv":[15.4875,5.2375,15.3875,5.1375],"rotation":0,"texture":"#4","tintindex":0},"down":{"uv":[15.4875,5.3875,15.3875,5.4875],"rotation":0,"texture":"#4","tintindex":0}}},{"from":[7.457143,14.857143,6.0],"to":[8.542857,15.428572,6.857143],"rotation":{"angle":0.0,"axis":"y","origin":[8.0,1.7142854,7.428571]},"faces":{"east":{"uv":[11.0125,14.5125,11.2375,14.6125],"rotation":0,"texture":"#4","tintindex":0},"south":{"uv":[14.5125,12.6375,14.7375,12.7375],"rotation":0,"texture":"#4","tintindex":0},"north":{"uv":[14.5125,10.7625,14.7375,10.8625],"rotation":0,"texture":"#4","tintindex":0},"west":{"uv":[14.5125,12.8875,14.7375,12.9875],"rotation":0,"texture":"#4","tintindex":0},"up":{"uv":[4.4875,7.1125,4.2625,6.8875],"rotation":0,"texture":"#4","tintindex":0},"down":{"uv":[8.8625,2.5125,8.6375,2.7375],"rotation":0,"texture":"#4","tintindex":0}}},{"from":[6.885714,13.714286,6.0],"to":[9.114285,14.857143,6.285714],"rotation":{"angle":0.0,"axis":"y","origin":[8.0,1.1428566,7.428571]},"faces":{"east":{"uv":[9.2625,14.6375,9.3625,14.8625],"rotation":0,"texture":"#4","tintindex":0},"south":{"uv":[11.3875,0.0125,11.8625,0.2375],"rotation":0,"texture":"#4","tintindex":0},"north":{"uv":[11.1375,11.2625,11.6125,11.4875],"rotation":0,"texture":"#4","tintindex":0},"west":{"uv":[4.3875,14.7625,4.4875,14.9875],"rotation":0,"texture":"#4","tintindex":0},"up":{"uv":[14.2375,11.2375,13.7625,11.1375],"rotation":0,"texture":"#4","tintindex":0},"down":{"uv":[14.3625,4.5125,13.8875,4.6125],"rotation":0,"texture":"#4","tintindex":0}}},{"from":[6.3142858,13.142858,6.428571],"to":[9.685715,13.714286,6.857143],"rotation":{"angle":0.0,"axis":"y","origin":[8.0,0.0,8.0]},"faces":{"east":{"uv":[5.6375,15.3875,5.7375,15.4875],"rotation":0,"texture":"#4","tintindex":0},"south":{"uv":[12.0125,9.1375,12.7375,9.2375],"rotation":0,"texture":"#4","tintindex":0},"north":{"uv":[12.0125,8.8875,12.7375,8.9875],"rotation":0,"texture":"#4","tintindex":0},"west":{"uv":[15.3875,5.6375,15.4875,5.7375],"rotation":0,"texture":"#4","tintindex":0},"up":{"uv":[12.7375,9.4875,12.0125,9.3875],"rotation":0,"texture":"#4","tintindex":0},"down":{"uv":[12.6125,12.0125,11.8875,12.1125],"rotation":0,"texture":"#4","tintindex":0}}},{"from":[6.885714,12.571428,6.428571],"to":[9.114285,13.142858,6.857143],"rotation":{"angle":0.0,"axis":"y","origin":[8.0,-0.57142925,8.0]},"faces":{"east":{"uv":[15.3875,6.2625,15.4875,6.3625],"rotation":0,"texture":"#4","tintindex":0},"south":{"uv":[8.8875,13.8875,9.3625,13.9875],"rotation":0,"texture":"#4","tintindex":0},"north":{"uv":[6.6375,13.8875,7.1125,13.9875],"rotation":0,"texture":"#4","tintindex":0},"west":{"uv":[15.3875,6.7625,15.4875,6.8625],"rotation":0,"texture":"#4","tintindex":0},"up":{"uv":[10.9875,13.9875,10.5125,13.8875],"rotation":0,"texture":"#4","tintindex":0},"down":{"uv":[14.3625,10.8875,13.8875,10.9875],"rotation":0,"texture":"#4","tintindex":0}}},{"from":[7.428571,8.0,6.714286],"to":[8.571428,10.857143,7.857143],"rotation":{"angle":0.0,"axis":"y","origin":[8.0,-3.4285717,8.428572]},"faces":{"east":{"uv":[9.2625,10.8875,9.4875,11.4875],"rotation":0,"texture":"#4","tintindex":0},"south":{"uv":[10.7625,10.8875,10.9875,11.4875],"rotation":0,"texture":"#4","tintindex":0},"north":{"uv":[7.2625,10.8875,7.4875,11.4875],"rotation":0,"texture":"#4","tintindex":0},"west":{"uv":[11.0125,0.0125,11.2375,0.6125],"rotation":0,"texture":"#4","tintindex":0},"up":{"uv":[12.8625,13.4875,12.6375,13.2625],"rotation":0,"texture":"#4","tintindex":0},"down":{"uv":[3.9875,13.3875,3.7625,13.6125],"rotation":0,"texture":"#4","tintindex":0}}},{"from":[7.428571,11.428572,6.714286],"to":[8.571428,13.142858,7.857143],"rotation":{"angle":0.0,"axis":"y","origin":[8.0,-2.285715,8.428572]},"faces":{"east":{"uv":[10.1375,12.1375,10.3625,12.4875],"rotation":0,"texture":"#4","tintindex":0},"south":{"uv":[0.5125,12.2625,0.7375,12.6125],"rotation":0,"texture":"#4","tintindex":0},"north":{"uv":[7.5125,12.1375,7.7375,12.4875],"rotation":0,"texture":"#4","tintindex":0},"west":{"uv":[3.7625,12.2625,3.9875,12.6125],"rotation":0,"texture":"#4","tintindex":0},"up":{"uv":[13.9875,14.1125,13.7625,13.8875],"rotation":0,"texture":"#4","tintindex":0},"down":{"uv":[0.4875,14.0125,0.2625,14.2375],"rotation":0,"texture":"#4","tintindex":0}}},{"from":[6.285714,10.857143,9.142858],"to":[9.714286,14.857143,9.714286],"rotation":{"angle":0.0,"axis":"y","origin":[8.0,0.0,8.0]},"faces":{"east":{"uv":[3.0125,11.7625,3.1125,12.6125],"rotation":0,"texture":"#4","tintindex":0},"south":{"uv":[0.0125,3.6375,0.7375,4.4875],"rotation":0,"texture":"#4","tintindex":0},"north":{"uv":[1.5125,3.5125,2.2375,4.3625],"rotation":0,"texture":"#4","tintindex":0},"west":{"uv":[11.7625,3.0125,11.8625,3.8625],"rotation":0,"texture":"#4","tintindex":0},"up":{"uv":[12.6125,2.8625,11.8875,2.7625],"rotation":0,"texture":"#4","tintindex":0},"down":{"uv":[12.6125,4.2625,11.8875,4.3625],"rotation":0,"texture":"#4","tintindex":0}}},{"from":[6.857143,9.142858,9.142858],"to":[9.142858,10.857143,9.714286],"rotation":{"angle":0.0,"axis":"y","origin":[8.0,-3.4285717,8.0]},"faces":{"east":{"uv":[14.1375,10.0125,14.2375,10.3625],"rotation":0,"texture":"#4","tintindex":0},"south":{"uv":[10.3875,6.3875,10.8625,6.7375],"rotation":0,"texture":"#4","tintindex":0},"north":{"uv":[10.3875,5.8875,10.8625,6.2375],"rotation":0,"texture":"#4","tintindex":0},"west":{"uv":[10.2625,14.1375,10.3625,14.4875],"rotation":0,"texture":"#4","tintindex":0},"up":{"uv":[9.1125,13.1125,8.6375,13.0125],"rotation":0,"texture":"#4","tintindex":0},"down":{"uv":[12.2375,13.0125,11.7625,13.1125],"rotation":0,"texture":"#4","tintindex":0}}},{"from":[6.0,10.857143,9.02451],"to":[6.5714283,14.857143,9.595939],"rotation":{"angle":-45.0,"axis":"y","origin":[6.285714,12.285715,9.310225]},"faces":{"east":{"uv":[11.6375,11.6375,11.7375,12.4875],"rotation":0,"texture":"#4","tintindex":0},"south":{"uv":[2.5125,11.7625,2.6125,12.6125],"rotation":0,"texture":"#4","tintindex":0},"north":{"uv":[11.3875,11.6375,11.4875,12.4875],"rotation":0,"texture":"#4","tintindex":0},"west":{"uv":[2.7625,11.7625,2.8625,12.6125],"rotation":0,"texture":"#4","tintindex":0},"up":{"uv":[15.1125,11.4875,15.0125,11.3875],"rotation":0,"texture":"#4","tintindex":0},"down":{"uv":[11.6125,15.0125,11.5125,15.1125],"rotation":0,"texture":"#4","tintindex":0}}},{"from":[6.285714,10.571428,9.02451],"to":[9.714286,11.142858,9.595939],"rotation":{"angle":45.0,"axis":"x","origin":[8.285714,10.857143,9.310225]},"faces":{"east":{"uv":[11.0125,15.0125,11.1125,15.1125],"rotation":0,"texture":"#4","tintindex":0},"south":{"uv":[11.8875,2.0125,12.6125,2.1125],"rotation":0,"texture":"#4","tintindex":0},"north":{"uv":[11.8875,1.7625,12.6125,1.8625],"rotation":0,"texture":"#4","tintindex":0},"west":{"uv":[11.2625,15.0125,11.3625,15.1125],"rotation":0,"texture":"#4","tintindex":0},"up":{"uv":[12.6125,2.3625,11.8875,2.2625],"rotation":0,"texture":"#4","tintindex":0},"down":{"uv":[12.6125,2.5125,11.8875,2.6125],"rotation":0,"texture":"#4","tintindex":0}}},{"from":[6.8599997,8.285714,9.02451],"to":[9.14,9.428572,9.595939],"rotation":{"angle":45.0,"axis":"x","origin":[8.285714,9.142858,9.310225]},"faces":{"east":{"uv":[2.1375,14.5125,2.2375,14.7375],"rotation":0,"texture":"#4","tintindex":0},"south":{"uv":[11.1375,1.5125,11.6125,1.7375],"rotation":0,"texture":"#4","tintindex":0},"north":{"uv":[7.8875,1.5125,8.3625,1.7375],"rotation":0,"texture":"#4","tintindex":0},"west":{"uv":[8.2625,14.5125,8.3625,14.7375],"rotation":0,"texture":"#4","tintindex":0},"up":{"uv":[13.6125,5.3625,13.1375,5.2625],"rotation":0,"texture":"#4","tintindex":0},"down":{"uv":[13.6125,5.5125,13.1375,5.6125],"rotation":0,"texture":"#4","tintindex":0}}},{"from":[9.428572,10.857143,9.02451],"to":[10.0,14.857143,9.595939],"rotation":{"angle":45.0,"axis":"y","origin":[9.714286,12.285715,9.310225]},"faces":{"east":{"uv":[10.6375,11.6375,10.7375,12.4875],"rotation":0,"texture":"#4","tintindex":0},"south":{"uv":[10.8875,11.6375,10.9875,12.4875],"rotation":0,"texture":"#4","tintindex":0},"north":{"uv":[9.2625,11.6375,9.3625,12.4875],"rotation":0,"texture":"#4","tintindex":0},"west":{"uv":[11.1375,11.6375,11.2375,12.4875],"rotation":0,"texture":"#4","tintindex":0},"up":{"uv":[15.1125,10.6125,15.0125,10.5125],"rotation":0,"texture":"#4","tintindex":0},"down":{"uv":[10.8625,15.0125,10.7625,15.1125],"rotation":0,"texture":"#4","tintindex":0}}},{"from":[7.3389406,13.636549,6.862857],"to":[7.910369,14.207978,9.137143],"rotation":{"angle":-45.0,"axis":"z","origin":[2.4817972,13.922264,8.857143]},"faces":{"east":{"uv":[12.7625,5.0125,13.2375,5.1125],"rotation":0,"texture":"#4","tintindex":0},"south":{"uv":[1.8875,15.0125,1.9875,15.1125],"rotation":0,"texture":"#4","tintindex":0},"north":{"uv":[1.6375,15.0125,1.7375,15.1125],"rotation":0,"texture":"#4","tintindex":0},"west":{"uv":[12.7625,6.8875,13.2375,6.9875],"rotation":0,"texture":"#4","tintindex":0},"up":{"uv":[6.6125,13.2375,6.5125,12.7625],"rotation":0,"texture":"#4","tintindex":0},"down":{"uv":[12.8625,7.1375,12.7625,7.6125],"rotation":0,"texture":"#4","tintindex":0}}},{"from":[8.089631,13.636549,6.862857],"to":[8.661059,14.207978,9.137143],"rotation":{"angle":45.0,"axis":"z","origin":[13.518203,13.922264,8.857143]},"faces":{"east":{"uv":[7.7625,12.7625,8.2375,12.8625],"rotation":0,"texture":"#4","tintindex":0},"south":{"uv":[15.0125,3.2625,15.1125,3.3625],"rotation":0,"texture":"#4","tintindex":0},"north":{"uv":[2.3875,15.0125,2.4875,15.1125],"rotation":0,"texture":"#4","tintindex":0},"west":{"uv":[12.7625,7.7625,13.2375,7.8625],"rotation":0,"texture":"#4","tintindex":0},"up":{"uv":[7.3625,13.2375,7.2625,12.7625],"rotation":0,"texture":"#4","tintindex":0},"down":{"uv":[8.4875,12.7625,8.3875,13.2375],"rotation":0,"texture":"#4","tintindex":0}}},{"from":[7.207978,13.803917,6.862857],"to":[8.207977,14.375345,9.137143],"rotation":{"angle":45.0,"axis":"z","origin":[13.065121,14.089632,8.851429]},"faces":{"east":{"uv":[14.0125,4.1375,14.4875,4.2375],"rotation":0,"texture":"#4","tintindex":0},"south":{"uv":[5.0125,14.7625,5.2375,14.8625],"rotation":0,"texture":"#4","tintindex":0},"north":{"uv":[4.6375,14.7625,4.8625,14.8625],"rotation":0,"texture":"#4","tintindex":0},"west":{"uv":[5.1375,14.0125,5.6125,14.1125],"rotation":0,"texture":"#4","tintindex":0},"up":{"uv":[8.1125,11.7375,7.8875,11.2625],"rotation":0,"texture":"#4","tintindex":0},"down":{"uv":[11.6125,0.3875,11.3875,0.8625],"rotation":0,"texture":"#4","tintindex":0}}},{"from":[6.0,10.285714,6.857143],"to":[6.5714283,10.857143,9.142858],"rotation":{"angle":0.0,"axis":"y","origin":[8.0,1.7142854,8.0]},"faces":{"east":{"uv":[14.0125,7.8875,14.4875,7.9875],"rotation":0,"texture":"#4","tintindex":0},"south":{"uv":[15.3875,10.8875,15.4875,10.9875],"rotation":0,"texture":"#4","tintindex":0},"north":{"uv":[15.3875,10.6375,15.4875,10.7375],"rotation":0,"texture":"#4","tintindex":0},"west":{"uv":[14.0125,9.5125,14.4875,9.6125],"rotation":0,"texture":"#4","tintindex":0},"up":{"uv":[4.3625,14.4875,4.2625,14.0125],"rotation":0,"texture":"#4","tintindex":0},"down":{"uv":[6.4875,14.0125,6.3875,14.4875],"rotation":0,"texture":"#4","tintindex":0}}},{"from":[7.792022,13.803917,6.862857],"to":[8.649165,14.375345,9.137143],"rotation":{"angle":-45.0,"axis":"z","origin":[2.9348793,14.089632,8.851429]},"faces":{"east":{"uv":[14.0125,6.7625,14.4875,6.8625],"rotation":0,"texture":"#4","tintindex":0},"south":{"uv":[7.7625,14.7625,7.9875,14.8625],"rotation":0,"texture":"#4","tintindex":0},"north":{"uv":[5.3875,14.7625,5.6125,14.8625],"rotation":0,"texture":"#4","tintindex":0},"west":{"uv":[14.0125,7.6375,14.4875,7.7375],"rotation":0,"texture":"#4","tintindex":0},"up":{"uv":[11.6125,5.3625,11.3875,4.8875],"rotation":0,"texture":"#4","tintindex":0},"down":{"uv":[5.6125,11.3875,5.3875,11.8625],"rotation":0,"texture":"#4","tintindex":0}}},{"from":[7.8772864,11.907638,6.862857],"to":[8.448715,12.479067,9.137143],"rotation":{"angle":-22.5,"axis":"z","origin":[8.163001,7.0504947,8.851429]},"faces":{"east":{"uv":[13.0125,7.1375,13.4875,7.2375],"rotation":0,"texture":"#4","tintindex":0},"south":{"uv":[15.0125,9.6375,15.1125,9.7375],"rotation":0,"texture":"#4","tintindex":0},"north":{"uv":[15.0125,9.3875,15.1125,9.4875],"rotation":0,"texture":"#4","tintindex":0},"west":{"uv":[13.0125,7.3875,13.4875,7.4875],"rotation":0,"texture":"#4","tintindex":0},"up":{"uv":[7.1125,13.4875,7.0125,13.0125],"rotation":0,"texture":"#4","tintindex":0},"down":{"uv":[7.8625,13.0125,7.7625,13.4875],"rotation":0,"texture":"#4","tintindex":0}}},{"from":[7.5512853,11.907638,6.862857],"to":[8.122714,12.479067,9.137143],"rotation":{"angle":22.5,"axis":"z","origin":[7.8369994,7.0504947,8.851429]},"faces":{"east":{"uv":[12.2625,13.8875,12.7375,13.9875],"rotation":0,"texture":"#4","tintindex":0},"south":{"uv":[15.3875,7.2625,15.4875,7.3625],"rotation":0,"texture":"#4","tintindex":0},"north":{"uv":[15.3875,7.0125,15.4875,7.1125],"rotation":0,"texture":"#4","tintindex":0},"west":{"uv":[12.8875,13.8875,13.3625,13.9875],"rotation":0,"texture":"#4","tintindex":0},"up":{"uv":[9.6125,14.3625,9.5125,13.8875],"rotation":0,"texture":"#4","tintindex":0},"down":{"uv":[13.6125,13.8875,13.5125,14.3625],"rotation":0,"texture":"#4","tintindex":0}}}],"display":{"head":{"translation":[0.0,-6.4,0.0],"scale":[4.0,4.0,4.0]}}}