{"textures":{"4":"modelengine:entity/fallenreaper"},"elements":[{"from":[8.925,-11.5,7.5],"to":[10.925,-8.5,8.15625],"faces":{"east":{"uv":[2.8875,14.3875,2.9875,14.7375],"tintindex":0,"rotation":0,"texture":"#4"},"south":{"uv":[12.2625,10.7625,12.4875,11.1125],"tintindex":0,"rotation":0,"texture":"#4"},"north":{"uv":[12.2625,9.8875,12.4875,10.2375],"tintindex":0,"rotation":0,"texture":"#4"},"west":{"uv":[14.3875,3.2625,14.4875,3.6125],"tintindex":0,"rotation":0,"texture":"#4"},"up":{"uv":[3.7375,14.9875,3.5125,14.8875],"tintindex":0,"rotation":0,"texture":"#4"},"down":{"uv":[15.1125,3.5125,14.8875,3.6125],"tintindex":0,"rotation":0,"texture":"#4"}}},{"from":[8.925,-13.5,7.5],"to":[9.925,-11.5,8.15625],"faces":{"east":{"uv":[14.8875,5.6375,14.9875,5.8625],"tintindex":0,"rotation":0,"texture":"#4"},"south":{"uv":[14.8875,6.2625,14.9875,6.4875],"tintindex":0,"rotation":0,"texture":"#4"},"north":{"uv":[14.8875,5.2625,14.9875,5.4875],"tintindex":0,"rotation":0,"texture":"#4"},"west":{"uv":[14.8875,7.0125,14.9875,7.2375],"tintindex":0,"rotation":0,"texture":"#4"},"up":{"uv":[1.3625,15.6125,1.2625,15.5125],"tintindex":0,"rotation":0,"texture":"#4"},"down":{"uv":[15.6125,1.2625,15.5125,1.3625],"tintindex":0,"rotation":0,"texture":"#4"}}},{"from":[5.925,-13.5,7.5],"to":[6.925,-11.5,8.15625],"faces":{"east":{"uv":[14.8875,4.1375,14.9875,4.3625],"tintindex":0,"rotation":0,"texture":"#4"},"south":{"uv":[14.8875,4.5125,14.9875,4.7375],"tintindex":0,"rotation":0,"texture":"#4"},"north":{"uv":[14.8875,3.7625,14.9875,3.9875],"tintindex":0,"rotation":0,"texture":"#4"},"west":{"uv":[14.8875,4.8875,14.9875,5.1125],"tintindex":0,"rotation":0,"texture":"#4"},"up":{"uv":[0.8625,15.6125,0.7625,15.5125],"tintindex":0,"rotation":0,"texture":"#4"},"down":{"uv":[1.1125,15.5125,1.0125,15.6125],"tintindex":0,"rotation":0,"texture":"#4"}}},{"from":[12.925,-1.5,7.5],"to":[13.925,6.5,8.15625],"faces":{"east":{"uv":[9.6375,11.5125,9.7375,12.4875],"tintindex":0,"rotation":0,"texture":"#4"},"south":{"uv":[9.8875,11.5125,9.9875,12.4875],"tintindex":0,"rotation":0,"texture":"#4"},"north":{"uv":[11.5125,6.1375,11.6125,7.1125],"tintindex":0,"rotation":0,"texture":"#4"},"west":{"uv":[0.0125,11.6375,0.1125,12.6125],"tintindex":0,"rotation":0,"texture":"#4"},"up":{"uv":[15.4875,14.4875,15.3875,14.3875],"tintindex":0,"rotation":0,"texture":"#4"},"down":{"uv":[15.4875,14.8875,15.3875,14.9875],"tintindex":0,"rotation":0,"texture":"#4"}}},{"from":[3.9250002,-8.5,7.5],"to":[6.925,-5.5,8.15625],"faces":{"east":{"uv":[7.7625,14.2625,7.8625,14.6125],"tintindex":0,"rotation":0,"texture":"#4"},"south":{"uv":[6.2625,9.0125,6.6125,9.3625],"tintindex":0,"rotation":0,"texture":"#4"},"north":{"uv":[8.6375,5.8875,8.9875,6.2375],"tintindex":0,"rotation":0,"texture":"#4"},"west":{"uv":[8.0125,14.2625,8.1125,14.6125],"tintindex":0,"rotation":0,"texture":"#4"},"up":{"uv":[14.6125,3.1125,14.2625,3.0125],"tintindex":0,"rotation":0,"texture":"#4"},"down":{"uv":[11.3625,14.2625,11.0125,14.3625],"tintindex":0,"rotation":0,"texture":"#4"}}},{"from":[6.925,-6.5,7.5],"to":[7.925,-5.5,8.15625],"faces":{"east":{"uv":[15.3875,15.1375,15.4875,15.2375],"tintindex":0,"rotation":0,"texture":"#4"},"south":{"uv":[15.3875,15.3875,15.4875,15.4875],"tintindex":0,"rotation":0,"texture":"#4"},"north":{"uv":[15.1375,15.3875,15.2375,15.4875],"tintindex":0,"rotation":0,"texture":"#4"},"west":{"uv":[0.0125,15.5125,0.1125,15.6125],"tintindex":0,"rotation":0,"texture":"#4"},"up":{"uv":[15.6125,0.1125,15.5125,0.0125],"tintindex":0,"rotation":0,"texture":"#4"},"down":{"uv":[0.3625,15.5125,0.2625,15.6125],"tintindex":0,"rotation":0,"texture":"#4"}}},{"from":[2.9250002,-5.5,7.5],"to":[12.925,7.5,8.15625],"faces":{"east":{"uv":[6.6375,10.1375,6.7375,11.7375],"tintindex":0,"rotation":0,"texture":"#4"},"south":{"uv":[1.3875,0.0125,2.6125,1.6125],"tintindex":0,"rotation":0,"texture":"#4"},"north":{"uv":[0.0125,0.0125,1.2375,1.6125],"tintindex":0,"rotation":0,"texture":"#4"},"west":{"uv":[9.0125,10.1375,9.1125,11.7375],"tintindex":0,"rotation":0,"texture":"#4"},"up":{"uv":[12.1125,10.1125,10.8875,10.0125],"tintindex":0,"rotation":0,"texture":"#4"},"down":{"uv":[12.1125,10.2625,10.8875,10.3625],"tintindex":0,"rotation":0,"texture":"#4"}}},{"from":[4.925,-11.5,7.5],"to":[6.925,-8.5,8.15625],"faces":{"east":{"uv":[13.7625,14.2625,13.8625,14.6125],"tintindex":0,"rotation":0,"texture":"#4"},"south":{"uv":[8.1375,12.2625,8.3625,12.6125],"tintindex":0,"rotation":0,"texture":"#4"},"north":{"uv":[4.6375,12.2625,4.8625,12.6125],"tintindex":0,"rotation":0,"texture":"#4"},"west":{"uv":[0.8875,14.3875,0.9875,14.7375],"tintindex":0,"rotation":0,"texture":"#4"},"up":{"uv":[2.9875,14.9875,2.7625,14.8875],"tintindex":0,"rotation":0,"texture":"#4"},"down":{"uv":[3.3625,14.8875,3.1375,14.9875],"tintindex":0,"rotation":0,"texture":"#4"}}},{"from":[8.925,-8.5,7.5],"to":[11.925,-5.5,8.15625],"faces":{"east":{"uv":[11.5125,14.2625,11.6125,14.6125],"tintindex":0,"rotation":0,"texture":"#4"},"south":{"uv":[11.0125,6.8875,11.3625,7.2375],"tintindex":0,"rotation":0,"texture":"#4"},"north":{"uv":[11.0125,6.3875,11.3625,6.7375],"tintindex":0,"rotation":0,"texture":"#4"},"west":{"uv":[14.2625,12.6375,14.3625,12.9875],"tintindex":0,"rotation":0,"texture":"#4"},"up":{"uv":[14.6125,13.2375,14.2625,13.1375],"tintindex":0,"rotation":0,"texture":"#4"},"down":{"uv":[0.3625,14.3875,0.0125,14.4875],"tintindex":0,"rotation":0,"texture":"#4"}}},{"from":[1.9250002,-1.5,7.5],"to":[2.9250002,6.5,8.15625],"faces":{"east":{"uv":[1.0125,11.5125,1.1125,12.4875],"tintindex":0,"rotation":0,"texture":"#4"},"south":{"uv":[4.1375,11.5125,4.2375,12.4875],"tintindex":0,"rotation":0,"texture":"#4"},"north":{"uv":[3.2625,11.1375,3.3625,12.1125],"tintindex":0,"rotation":0,"texture":"#4"},"west":{"uv":[4.3875,11.5125,4.4875,12.4875],"tintindex":0,"rotation":0,"texture":"#4"},"up":{"uv":[14.1125,15.4875,14.0125,15.3875],"tintindex":0,"rotation":0,"texture":"#4"},"down":{"uv":[14.3625,15.3875,14.2625,15.4875],"tintindex":0,"rotation":0,"texture":"#4"}}}],"display":{"gui":{"rotation":[30,225,0]}}}