{
  "textures": {
    "4": "modelengine:entity/fallenreaper"
  },
  "elements": [
    {
      "from": [
        4.9,
        2.0909004,
        7.75
      ],
      "to": [
        5.9,
        7.0909004,
        8.25
      ],
      "faces": {
        "east": {
          "uv": [
            11.5125,
            12.6375,
            11.6125,
            13.2375
          ],
          "tintindex": 0,
          "rotation": 0,
          "texture": "#4"
        },
        "south": {
          "uv": [
            12.6375,
            12.5125,
            12.7375,
            13.1125
          ],
          "tintindex": 0,
          "rotation": 0,
          "texture": "#4"
        },
        "north": {
          "uv": [
            11.2625,
            12.6375,
            11.3625,
            13.2375
          ],
          "tintindex": 0,
          "rotation": 0,
          "texture": "#4"
        },
        "west": {
          "uv": [
            0.0125,
            12.7625,
            0.1125,
            13.3625
          ],
          "tintindex": 0,
          "rotation": 0,
          "texture": "#4"
        },
        "up": {
          "uv": [
            15.6125,
            2.3625,
            15.5125,
            2.2625
          ],
          "tintindex": 0,
          "rotation": 0,
          "texture": "#4"
        },
        "down": {
          "uv": [
            15.6125,
            2.5125,
            15.5125,
            2.6125
          ],
          "tintindex": 0,
          "rotation": 0,
          "texture": "#4"
        }
      }
    },
    {
      "from": [
        5.9,
        -0.9090996,
        7.75
      ],
      "to": [
        9.9,
        8.0909,
        8.25
      ],
      "faces": {
        "east": {
          "uv": [
            1.0125,
            10.2625,
            1.1125,
            11.3625
          ],
          "tintindex": 0,
          "rotation": 0,
          "texture": "#4"
        },
        "south": {
          "uv": [
            3.2625,
            5.3875,
            3.7375,
            6.4875
          ],
          "tintindex": 0,
          "rotation": 0,
          "texture": "#4"
        },
        "north": {
          "uv": [
            2.6375,
            5.3875,
            3.1125,
            6.4875
          ],
          "tintindex": 0,
          "rotation": 0,
          "texture": "#4"
        },
        "west": {
          "uv": [
            7.6375,
            10.8875,
            7.7375,
            11.9875
          ],
          "tintindex": 0,
          "rotation": 0,
          "texture": "#4"
        },
        "up": {
          "uv": [
            14.4875,
            11.9875,
            14.0125,
            11.8875
          ],
          "tintindex": 0,
          "rotation": 0,
          "texture": "#4"
        },
        "down": {
          "uv": [
            14.4875,
            12.1375,
            14.0125,
            12.2375
          ],
          "tintindex": 0,
          "rotation": 0,
          "texture": "#4"
        }
      }
    },
    {
      "from": [
        7.9,
        -5.9090996,
        7.75
      ],
      "to": [
        8.9,
        -4.9090996,
        8.25
      ],
      "faces": {
        "east": {
          "uv": [
            4.8875,
            15.5125,
            4.9875,
            15.6125
          ],
          "tintindex": 0,
          "rotation": 0,
          "texture": "#4"
        },
        "south": {
          "uv": [
            5.1375,
            15.5125,
            5.2375,
            15.6125
          ],
          "tintindex": 0,
          "rotation": 0,
          "texture": "#4"
        },
        "north": {
          "uv": [
            4.6375,
            15.5125,
            4.7375,
            15.6125
          ],
          "tintindex": 0,
          "rotation": 0,
          "texture": "#4"
        },
        "west": {
          "uv": [
            5.3875,
            15.5125,
            5.4875,
            15.6125
          ],
          "tintindex": 0,
          "rotation": 0,
          "texture": "#4"
        },
        "up": {
          "uv": [
            5.9875,
            15.6125,
            5.8875,
            15.5125
          ],
          "tintindex": 0,
          "rotation": 0,
          "texture": "#4"
        },
        "down": {
          "uv": [
            15.6125,
            5.8875,
            15.5125,
            5.9875
          ],
          "tintindex": 0,
          "rotation": 0,
          "texture": "#4"
        }
      }
    },
    {
      "from": [
        9.9,
        2.0909004,
        7.75
      ],
      "to": [
        10.9,
        7.0909004,
        8.25
      ],
      "faces": {
        "east": {
          "uv": [
            0.5125,
            12.7625,
            0.6125,
            13.3625
          ],
          "tintindex": 0,
          "rotation": 0,
          "texture": "#4"
        },
        "south": {
          "uv": [
            12.7625,
            1.3875,
            12.8625,
            1.9875
          ],
          "tintindex": 0,
          "rotation": 0,
          "texture": "#4"
        },
        "north": {
          "uv": [
            0.2625,
            12.7625,
            0.3625,
            13.3625
          ],
          "tintindex": 0,
          "rotation": 0,
          "texture": "#4"
        },
        "west": {
          "uv": [
            12.7625,
            2.1375,
            12.8625,
            2.7375
          ],
          "tintindex": 0,
          "rotation": 0,
          "texture": "#4"
        },
        "up": {
          "uv": [
            15.6125,
            3.1125,
            15.5125,
            3.0125
          ],
          "tintindex": 0,
          "rotation": 0,
          "texture": "#4"
        },
        "down": {
          "uv": [
            15.6125,
            3.2625,
            15.5125,
            3.3625
          ],
          "tintindex": 0,
          "rotation": 0,
          "texture": "#4"
        }
      }
    },
    {
      "from": [
        6.9,
        -4.9090996,
        7.75
      ],
      "to": [
        8.9,
        -0.9090996,
        8.25
      ],
      "faces": {
        "east": {
          "uv": [
            7.2625,
            14.0125,
            7.3625,
            14.4875
          ],
          "tintindex": 0,
          "rotation": 0,
          "texture": "#4"
        },
        "south": {
          "uv": [
            4.6375,
            11.6375,
            4.8625,
            12.1125
          ],
          "tintindex": 0,
          "rotation": 0,
          "texture": "#4"
        },
        "north": {
          "uv": [
            11.5125,
            4.2625,
            11.7375,
            4.7375
          ],
          "tintindex": 0,
          "rotation": 0,
          "texture": "#4"
        },
        "west": {
          "uv": [
            7.5125,
            14.0125,
            7.6125,
            14.4875
          ],
          "tintindex": 0,
          "rotation": 0,
          "texture": "#4"
        },
        "up": {
          "uv": [
            15.1125,
            8.4875,
            14.8875,
            8.3875
          ],
          "tintindex": 0,
          "rotation": 0,
          "texture": "#4"
        },
        "down": {
          "uv": [
            15.1125,
            8.6375,
            14.8875,
            8.7375
          ],
          "tintindex": 0,
          "rotation": 0,
          "texture": "#4"
        }
      }
    }
  ],
  "display": {
    "gui": {
      "rotation": [
        30,
        225,
        0
      ]
    }
  }
}