{
  "textures": {
    "4": "modelengine:entity/fallenreaper"
  },
  "elements": [
    {
      "from": [
        6.340261,
        4.4101305,
        6.4071302
      ],
      "to": [
        10.340261,
        8.4101305,
        10.40713
      ],
      "faces": {
        "east": {
          "uv": [
            1.8875,
            8.8875,
            2.3625,
            9.3625
          ],
          "tintindex": 0,
          "rotation": 0,
          "texture": "#4"
        },
        "south": {
          "uv": [
            2.5125,
            8.8875,
            2.9875,
            9.3625
          ],
          "tintindex": 0,
          "rotation": 0,
          "texture": "#4"
        },
        "north": {
          "uv": [
            1.2625,
            8.8875,
            1.7375,
            9.3625
          ],
          "tintindex": 0,
          "rotation": 0,
          "texture": "#4"
        },
        "west": {
          "uv": [
            4.3875,
            8.8875,
            4.8625,
            9.3625
          ],
          "tintindex": 0,
          "rotation": 0,
          "texture": "#4"
        },
        "up": {
          "uv": [
            7.2375,
            9.3625,
            6.7625,
            8.8875
          ],
          "tintindex": 0,
          "rotation": 0,
          "texture": "#4"
        },
        "down": {
          "uv": [
            9.2375,
            8.8875,
            8.7625,
            9.3625
          ],
          "tintindex": 0,
          "rotation": 0,
          "texture": "#4"
        }
      }
    }
  ],
  "display": {
    "gui": {
      "rotation": [
        30,
        225,
        0
      ]
    }
  }
}