{"textures":{"0":"modelengine:entity/boneshadingreaper","4":"modelengine:entity/fallenreaper"},"elements":[{"from":[11.0,9.5,4.75],"to":[13.0,11.525,12.0],"faces":{"east":{"uv":[10.0125,6.8875,10.8625,7.1125],"tintindex":0,"rotation":0,"texture":"#4"},"south":{"uv":[13.7625,12.3875,13.9875,12.6125],"tintindex":0,"rotation":0,"texture":"#4"},"north":{"uv":[10.1375,13.7625,10.3625,13.9875],"tintindex":0,"rotation":0,"texture":"#4"},"west":{"uv":[7.2625,10.0125,8.1125,10.2375],"tintindex":0,"rotation":0,"texture":"#4"},"up":{"uv":[10.2375,8.1125,10.0125,7.2625],"tintindex":0,"rotation":0,"texture":"#4"},"down":{"uv":[8.4875,10.0125,8.2625,10.8625],"tintindex":0,"rotation":0,"texture":"#4"}}},{"from":[10.5,11.5,4.75],"to":[12.5,14.5,12.0],"faces":{"east":{"uv":[7.5125,7.0125,8.3625,7.3625],"tintindex":0,"rotation":0,"texture":"#4"},"south":{"uv":[12.0125,3.0125,12.2375,3.3625],"tintindex":0,"rotation":0,"texture":"#4"},"north":{"uv":[4.6375,6.0125,4.8625,6.3625],"tintindex":0,"rotation":0,"texture":"#4"},"west":{"uv":[7.5125,7.5125,8.3625,7.8625],"tintindex":0,"rotation":0,"texture":"#4"},"up":{"uv":[7.1125,10.3625,6.8875,9.5125],"tintindex":0,"rotation":0,"texture":"#4"},"down":{"uv":[3.9875,10.0125,3.7625,10.8625],"tintindex":0,"rotation":0,"texture":"#4"}}},{"from":[5.5,9.0,6.25],"to":[10.5,15.0,11.85],"faces":{"east":{"uv":[5.0125,3.8875,5.7375,4.6125],"tintindex":0,"rotation":0,"texture":"#4"},"south":{"uv":[5.8875,4.7625,6.4875,5.4875],"tintindex":0,"rotation":0,"texture":"#4"},"north":{"uv":[5.8875,3.8875,6.4875,4.6125],"tintindex":0,"rotation":0,"texture":"#4"},"west":{"uv":[5.0125,4.7625,5.7375,5.4875],"tintindex":0,"rotation":0,"texture":"#4"},"up":{"uv":[6.6125,0.7375,6.0125,0.0125],"tintindex":0,"rotation":0,"texture":"#4"},"down":{"uv":[4.4875,6.0125,3.8875,6.7375],"tintindex":0,"rotation":0,"texture":"#4"}}},{"from":[5.5,15.5,6.25],"to":[10.5,16.425,11.85],"faces":{"east":{"uv":[12.0125,0.0125,12.7375,0.1125],"tintindex":0,"rotation":0,"texture":"#4"},"south":{"uv":[12.6375,9.6375,13.2375,9.7375],"tintindex":0,"rotation":0,"texture":"#4"},"north":{"uv":[9.2625,12.6375,9.8625,12.7375],"tintindex":0,"rotation":0,"texture":"#4"},"west":{"uv":[12.0125,3.5125,12.7375,3.6125],"tintindex":0,"rotation":0,"texture":"#4"},"up":{"uv":[2.2375,6.9875,1.6375,6.2625],"tintindex":0,"rotation":0,"texture":"#4"},"down":{"uv":[1.3625,6.3875,0.7625,7.1125],"tintindex":0,"rotation":0,"texture":"#4"}}},{"from":[5.0,14.5,12.0],"to":[11.0,16.5,12.25],"faces":{"east":{"uv":[14.6375,8.7625,14.7375,8.9875],"tintindex":0,"rotation":0,"texture":"#4"},"south":{"uv":[10.7625,2.3875,11.4875,2.6125],"tintindex":0,"rotation":0,"texture":"#4"},"north":{"uv":[10.5125,2.0125,11.2375,2.2375],"tintindex":0,"rotation":0,"texture":"#4"},"west":{"uv":[9.0125,14.6375,9.1125,14.8625],"tintindex":0,"rotation":0,"texture":"#4"},"up":{"uv":[12.6125,11.6125,11.8875,11.5125],"tintindex":0,"rotation":0,"texture":"#4"},"down":{"uv":[12.6125,11.7625,11.8875,11.8625],"tintindex":0,"rotation":0,"texture":"#4"}}},{"from":[5.0,12.5,12.0],"to":[11.0,14.5,12.5],"faces":{"east":{"uv":[14.8875,7.3875,14.9875,7.6125],"tintindex":0,"rotation":0,"texture":"#4"},"south":{"uv":[10.7625,10.5125,11.4875,10.7375],"tintindex":0,"rotation":0,"texture":"#4"},"north":{"uv":[10.7625,2.7625,11.4875,2.9875],"tintindex":0,"rotation":0,"texture":"#4"},"west":{"uv":[8.1375,14.8875,8.2375,15.1125],"tintindex":0,"rotation":0,"texture":"#4"},"up":{"uv":[1.9875,12.4875,1.2625,12.3875],"tintindex":0,"rotation":0,"texture":"#4"},"down":{"uv":[13.1125,3.0125,12.3875,3.1125],"tintindex":0,"rotation":0,"texture":"#4"}}},{"from":[4.25,7.5,5.575],"to":[11.75,9.5,11.85],"faces":{"east":{"uv":[6.1375,2.1375,6.8625,2.7375],"tintindex":0,"rotation":0,"texture":"#4"},"south":{"uv":[5.0125,3.1375,5.9875,3.7375],"tintindex":0,"rotation":0,"texture":"#4"},"north":{"uv":[5.0125,2.3875,5.9875,2.9875],"tintindex":0,"rotation":0,"texture":"#4"},"west":{"uv":[6.1375,2.8875,6.8625,3.4875],"tintindex":0,"rotation":0,"texture":"#4"},"up":{"uv":[3.8625,3.4875,2.8875,2.7625],"tintindex":0,"rotation":0,"texture":"#4"},"down":{"uv":[3.9875,1.6375,3.0125,2.3625],"tintindex":0,"rotation":0,"texture":"#4"}}},{"from":[5.25,6.5,6.575],"to":[10.75,7.5,11.6],"faces":{"east":{"uv":[12.6375,9.8875,13.2375,9.9875],"tintindex":0,"rotation":0,"texture":"#4"},"south":{"uv":[11.8875,12.2625,12.6125,12.3625],"tintindex":0,"rotation":0,"texture":"#4"},"north":{"uv":[12.2625,11.2625,12.9875,11.3625],"tintindex":0,"rotation":0,"texture":"#4"},"west":{"uv":[10.0125,12.6375,10.6125,12.7375],"tintindex":0,"rotation":0,"texture":"#4"},"up":{"uv":[5.3625,7.1125,4.6375,6.5125],"tintindex":0,"rotation":0,"texture":"#4"},"down":{"uv":[6.2375,6.5125,5.5125,7.1125],"tintindex":0,"rotation":0,"texture":"#4"}}},{"from":[4.3010874,6.4605007,6.751],"to":[6.3010874,9.210501,11.991],"faces":{"east":{"uv":[9.8875,3.1375,10.4875,3.4875],"tintindex":0,"rotation":0,"texture":"#4"},"south":{"uv":[12.3875,7.3875,12.6125,7.7375],"tintindex":0,"rotation":0,"texture":"#4"},"north":{"uv":[12.3875,4.7625,12.6125,5.1125],"tintindex":0,"rotation":0,"texture":"#4"},"west":{"uv":[9.8875,3.6375,10.4875,3.9875],"tintindex":0,"rotation":0,"texture":"#4"},"up":{"uv":[11.2375,1.3625,11.0125,0.7625],"tintindex":0,"rotation":0,"texture":"#4"},"down":{"uv":[3.7375,11.0125,3.5125,11.6125],"tintindex":0,"rotation":0,"texture":"#4"}},"rotation":{"origin":[3.8010879,7.7105007,8.5],"angle":45.0,"axis":"z"}},{"from":[11.698913,6.435501,4.751],"to":[12.698912,9.210501,11.991],"faces":{"east":{"uv":[7.6375,1.8875,8.4875,2.2375],"tintindex":0,"rotation":0,"texture":"#4"},"south":{"uv":[14.2625,2.5125,14.3625,2.8625],"tintindex":0,"rotation":0,"texture":"#4"},"north":{"uv":[2.3875,14.2625,2.4875,14.6125],"tintindex":0,"rotation":0,"texture":"#4"},"west":{"uv":[2.1375,7.6375,2.9875,7.9875],"tintindex":0,"rotation":0,"texture":"#4"},"up":{"uv":[6.4875,12.6125,6.3875,11.7625],"tintindex":0,"rotation":0,"texture":"#4"},"down":{"uv":[8.6125,11.7625,8.5125,12.6125],"tintindex":0,"rotation":0,"texture":"#4"}},"rotation":{"origin":[12.198912,7.7105007,8.5],"angle":-45.0,"axis":"z"}},{"from":[7.0,7.424999,5.0],"to":[9.0,10.424999,5.25],"faces":{"east":{"uv":[2.6375,14.2625,2.7375,14.6125],"tintindex":0,"rotation":0,"texture":"#4"},"south":{"uv":[5.2625,12.0125,5.4875,12.3625],"tintindex":0,"rotation":0,"texture":"#4"},"north":{"uv":[12.0125,4.8875,12.2375,5.2375],"tintindex":0,"rotation":0,"texture":"#4"},"west":{"uv":[4.5125,14.2625,4.6125,14.6125],"tintindex":0,"rotation":0,"texture":"#4"},"up":{"uv":[9.9875,14.7375,9.7625,14.6375],"tintindex":0,"rotation":0,"texture":"#4"},"down":{"uv":[10.3625,14.6375,10.1375,14.7375],"tintindex":0,"rotation":0,"texture":"#4"}}},{"from":[10.0,14.5,4.75],"to":[11.0,15.5,6.0],"faces":{"east":{"uv":[15.2625,9.3875,15.3625,9.4875],"tintindex":0,"rotation":0,"texture":"#4"},"south":{"uv":[9.6375,15.2625,9.7375,15.3625],"tintindex":0,"rotation":0,"texture":"#4"},"north":{"uv":[9.3875,15.2625,9.4875,15.3625],"tintindex":0,"rotation":0,"texture":"#4"},"west":{"uv":[15.2625,9.6375,15.3625,9.7375],"tintindex":0,"rotation":0,"texture":"#4"},"up":{"uv":[9.9875,15.3625,9.8875,15.2625],"tintindex":0,"rotation":0,"texture":"#4"},"down":{"uv":[10.2375,15.2625,10.1375,15.3625],"tintindex":0,"rotation":0,"texture":"#4"}}},{"from":[5.0,14.5,4.75],"to":[6.0,15.5,6.0],"faces":{"east":{"uv":[10.3875,15.2625,10.4875,15.3625],"tintindex":0,"rotation":0,"texture":"#4"},"south":{"uv":[15.2625,10.3875,15.3625,10.4875],"tintindex":0,"rotation":0,"texture":"#4"},"north":{"uv":[15.2625,10.1375,15.3625,10.2375],"tintindex":0,"rotation":0,"texture":"#4"},"west":{"uv":[10.6375,15.2625,10.7375,15.3625],"tintindex":0,"rotation":0,"texture":"#4"},"up":{"uv":[10.9875,15.3625,10.8875,15.2625],"tintindex":0,"rotation":0,"texture":"#4"},"down":{"uv":[11.2375,15.2625,11.1375,15.3625],"tintindex":0,"rotation":0,"texture":"#4"}}},{"from":[7.0,13.424999,5.0],"to":[9.0,14.424999,5.25],"faces":{"east":{"uv":[15.3875,3.8875,15.4875,3.9875],"tintindex":0,"rotation":0,"texture":"#4"},"south":{"uv":[14.7625,0.2625,14.9875,0.3625],"tintindex":0,"rotation":0,"texture":"#4"},"north":{"uv":[14.6375,14.1375,14.8625,14.2375],"tintindex":0,"rotation":0,"texture":"#4"},"west":{"uv":[15.3875,4.1375,15.4875,4.2375],"tintindex":0,"rotation":0,"texture":"#4"},"up":{"uv":[14.9875,0.6125,14.7625,0.5125],"tintindex":0,"rotation":0,"texture":"#4"},"down":{"uv":[14.9875,0.7625,14.7625,0.8625],"tintindex":0,"rotation":0,"texture":"#4"}}},{"from":[7.0,14.5,4.75],"to":[9.0,15.5,6.0],"faces":{"east":{"uv":[15.2625,11.5125,15.3625,11.6125],"tintindex":0,"rotation":0,"texture":"#4"},"south":{"uv":[14.6375,9.1375,14.8625,9.2375],"tintindex":0,"rotation":0,"texture":"#4"},"north":{"uv":[14.6375,7.8875,14.8625,7.9875],"tintindex":0,"rotation":0,"texture":"#4"},"west":{"uv":[11.6375,15.2625,11.7375,15.3625],"tintindex":0,"rotation":0,"texture":"#4"},"up":{"uv":[14.8625,9.4875,14.6375,9.3875],"tintindex":0,"rotation":0,"texture":"#4"},"down":{"uv":[14.8625,9.6375,14.6375,9.7375],"tintindex":0,"rotation":0,"texture":"#4"}}},{"from":[3.0,9.5,4.75],"to":[5.0,11.525,12.0],"faces":{"east":{"uv":[9.8875,10.1375,10.7375,10.3625],"tintindex":0,"rotation":0,"texture":"#4"},"south":{"uv":[13.8875,2.8875,14.1125,3.1125],"tintindex":0,"rotation":0,"texture":"#4"},"north":{"uv":[1.8875,13.8875,2.1125,14.1125],"tintindex":0,"rotation":0,"texture":"#4"},"west":{"uv":[0.0125,10.2625,0.8625,10.4875],"tintindex":0,"rotation":0,"texture":"#4"},"up":{"uv":[6.4875,10.9875,6.2625,10.1375],"tintindex":0,"rotation":0,"texture":"#4"},"down":{"uv":[8.8625,10.1375,8.6375,10.9875],"tintindex":0,"rotation":0,"texture":"#4"}}},{"from":[5.655377,12.907539,5.025],"to":[7.655377,13.907539,5.275],"faces":{"east":{"uv":[15.3875,4.6375,15.4875,4.7375],"tintindex":0,"rotation":0,"texture":"#4"},"south":{"uv":[14.7625,2.1375,14.9875,2.2375],"tintindex":0,"rotation":0,"texture":"#4"},"north":{"uv":[14.7625,1.8875,14.9875,1.9875],"tintindex":0,"rotation":0,"texture":"#4"},"west":{"uv":[15.3875,4.8875,15.4875,4.9875],"tintindex":0,"rotation":0,"texture":"#4"},"up":{"uv":[2.6125,14.8625,2.3875,14.7625],"tintindex":0,"rotation":0,"texture":"#4"},"down":{"uv":[14.9875,3.0125,14.7625,3.1125],"tintindex":0,"rotation":0,"texture":"#4"}},"rotation":{"origin":[6.655377,13.407539,5.525],"angle":22.5,"axis":"z"}},{"from":[5.0,12.5,5.175],"to":[11.0,15.5,11.85],"faces":{"east":{"uv":[7.6375,2.3875,8.4875,2.7375],"tintindex":0,"rotation":0,"texture":"#4"},"south":{"uv":[4.6375,8.3875,5.3625,8.7375],"tintindex":0,"rotation":0,"texture":"#4"},"north":{"uv":[3.7625,8.2625,4.4875,8.6125],"tintindex":0,"rotation":0,"texture":"#4"},"west":{"uv":[7.6375,3.3875,8.4875,3.7375],"tintindex":0,"rotation":0,"texture":"#4"},"up":{"uv":[4.8625,4.2375,4.1375,3.3875],"tintindex":0,"rotation":0,"texture":"#4"},"down":{"uv":[4.8625,4.3875,4.1375,5.2375],"tintindex":0,"rotation":0,"texture":"#4"}}},{"from":[11.0,14.5,4.75],"to":[11.5,15.5,12.0],"faces":{"east":{"uv":[11.7625,1.5125,12.6125,1.6125],"tintindex":0,"rotation":0,"texture":"#4"},"south":{"uv":[11.3875,15.2625,11.4875,15.3625],"tintindex":0,"rotation":0,"texture":"#4"},"north":{"uv":[15.2625,11.2625,15.3625,11.3625],"tintindex":0,"rotation":0,"texture":"#4"},"west":{"uv":[11.7625,4.0125,12.6125,4.1125],"tintindex":0,"rotation":0,"texture":"#4"},"up":{"uv":[11.8625,6.7375,11.7625,5.8875],"tintindex":0,"rotation":0,"texture":"#4"},"down":{"uv":[6.2375,11.7625,6.1375,12.6125],"tintindex":0,"rotation":0,"texture":"#4"}}},{"from":[5.0,12.424999,5.0],"to":[11.0,13.424999,5.25],"faces":{"east":{"uv":[14.8875,15.2625,14.9875,15.3625],"tintindex":0,"rotation":0,"texture":"#4"},"south":{"uv":[12.0125,6.3875,12.7375,6.4875],"tintindex":0,"rotation":0,"texture":"#4"},"north":{"uv":[12.0125,6.1375,12.7375,6.2375],"tintindex":0,"rotation":0,"texture":"#4"},"west":{"uv":[15.3875,0.2625,15.4875,0.3625],"tintindex":0,"rotation":0,"texture":"#4"},"up":{"uv":[12.7375,6.7375,12.0125,6.6375],"tintindex":0,"rotation":0,"texture":"#4"},"down":{"uv":[12.7375,8.6375,12.0125,8.7375],"tintindex":0,"rotation":0,"texture":"#4"}}},{"from":[8.344624,9.692463,5.025],"to":[10.344624,10.692463,5.275],"faces":{"east":{"uv":[15.2625,13.8875,15.3625,13.9875],"tintindex":0,"rotation":0,"texture":"#4"},"south":{"uv":[14.6375,10.5125,14.8625,10.6125],"tintindex":0,"rotation":0,"texture":"#4"},"north":{"uv":[10.5125,14.6375,10.7375,14.7375],"tintindex":0,"rotation":0,"texture":"#4"},"west":{"uv":[15.2625,14.1375,15.3625,14.2375],"tintindex":0,"rotation":0,"texture":"#4"},"up":{"uv":[14.8625,11.4875,14.6375,11.3875],"tintindex":0,"rotation":0,"texture":"#4"},"down":{"uv":[14.8625,11.6375,14.6375,11.7375],"tintindex":0,"rotation":0,"texture":"#4"}},"rotation":{"origin":[9.344624,10.192463,5.525],"angle":22.5,"axis":"z"}},{"from":[5.655377,9.692463,5.025],"to":[7.655377,10.692463,5.275],"faces":{"east":{"uv":[14.6375,15.2625,14.7375,15.3625],"tintindex":0,"rotation":0,"texture":"#4"},"south":{"uv":[14.6375,12.1375,14.8625,12.2375],"tintindex":0,"rotation":0,"texture":"#4"},"north":{"uv":[14.6375,11.8875,14.8625,11.9875],"tintindex":0,"rotation":0,"texture":"#4"},"west":{"uv":[15.2625,14.6375,15.3625,14.7375],"tintindex":0,"rotation":0,"texture":"#4"},"up":{"uv":[14.8625,12.4875,14.6375,12.3875],"tintindex":0,"rotation":0,"texture":"#4"},"down":{"uv":[12.9875,14.6375,12.7625,14.7375],"tintindex":0,"rotation":0,"texture":"#4"}},"rotation":{"origin":[6.655377,10.192463,5.525],"angle":-22.5,"axis":"z"}},{"from":[2.5401554,8.188206,4.75],"to":[4.5401554,10.188206,12.0],"faces":{"east":{"uv":[10.0125,9.0125,10.8625,9.2375],"tintindex":0,"rotation":0,"texture":"#4"},"south":{"uv":[13.8875,1.5125,14.1125,1.7375],"tintindex":0,"rotation":0,"texture":"#4"},"north":{"uv":[1.5125,13.8875,1.7375,14.1125],"tintindex":0,"rotation":0,"texture":"#4"},"west":{"uv":[2.0125,10.1375,2.8625,10.3625],"tintindex":0,"rotation":0,"texture":"#4"},"up":{"uv":[4.3625,10.9875,4.1375,10.1375],"tintindex":0,"rotation":0,"texture":"#4"},"down":{"uv":[4.7375,10.1375,4.5125,10.9875],"tintindex":0,"rotation":0,"texture":"#4"}},"rotation":{"origin":[3.0401554,8.688206,8.5],"angle":-22.5,"axis":"z"}},{"from":[5.0,15.5,4.75],"to":[11.0,16.5,12.0],"faces":{"east":{"uv":[11.7625,6.8875,12.6125,6.9875],"tintindex":0,"rotation":0,"texture":"#4"},"south":{"uv":[12.3875,1.1375,13.1125,1.2375],"tintindex":0,"rotation":0,"texture":"#4"},"north":{"uv":[12.3875,0.8875,13.1125,0.9875],"tintindex":0,"rotation":0,"texture":"#4"},"west":{"uv":[11.7625,7.1375,12.6125,7.2375],"tintindex":0,"rotation":0,"texture":"#4"},"up":{"uv":[1.6125,5.3625,0.8875,4.5125],"tintindex":0,"rotation":0,"texture":"#4"},"down":{"uv":[0.7375,4.6375,0.0125,5.4875],"tintindex":0,"rotation":0,"texture":"#4"}}},{"from":[3.5,11.5,4.75],"to":[5.5,14.5,12.0],"faces":{"east":{"uv":[7.6375,3.8875,8.4875,4.2375],"tintindex":0,"rotation":0,"texture":"#4"},"south":{"uv":[6.8875,12.0125,7.1125,12.3625],"tintindex":0,"rotation":0,"texture":"#4"},"north":{"uv":[5.6375,12.0125,5.8625,12.3625],"tintindex":0,"rotation":0,"texture":"#4"},"west":{"uv":[7.6375,4.3875,8.4875,4.7375],"tintindex":0,"rotation":0,"texture":"#4"},"up":{"uv":[5.1125,11.1125,4.8875,10.2625],"tintindex":0,"rotation":0,"texture":"#4"},"down":{"uv":[5.4875,10.2625,5.2625,11.1125],"tintindex":0,"rotation":0,"texture":"#4"}}},{"from":[7.5,13.5,4.75],"to":[8.5,14.5,6.0],"faces":{"east":{"uv":[11.8875,15.2625,11.9875,15.3625],"tintindex":0,"rotation":0,"texture":"#4"},"south":{"uv":[15.2625,12.0125,15.3625,12.1125],"tintindex":0,"rotation":0,"texture":"#4"},"north":{"uv":[15.2625,11.7625,15.3625,11.8625],"tintindex":0,"rotation":0,"texture":"#4"},"west":{"uv":[15.2625,12.2625,15.3625,12.3625],"tintindex":0,"rotation":0,"texture":"#4"},"up":{"uv":[15.3625,13.4875,15.2625,13.3875],"tintindex":0,"rotation":0,"texture":"#4"},"down":{"uv":[13.6125,15.2625,13.5125,15.3625],"tintindex":0,"rotation":0,"texture":"#4"}}},{"from":[3.3010879,6.4605007,4.751],"to":[4.3010874,9.210501,11.991],"faces":{"east":{"uv":[7.6375,4.8875,8.4875,5.2375],"tintindex":0,"rotation":0,"texture":"#4"},"south":{"uv":[14.2625,7.0125,14.3625,7.3625],"tintindex":0,"rotation":0,"texture":"#4"},"north":{"uv":[5.7625,14.2625,5.8625,14.6125],"tintindex":0,"rotation":0,"texture":"#4"},"west":{"uv":[7.7625,5.3875,8.6125,5.7375],"tintindex":0,"rotation":0,"texture":"#4"},"up":{"uv":[11.8625,9.4875,11.7625,8.6375],"tintindex":0,"rotation":0,"texture":"#4"},"down":{"uv":[8.8625,11.7625,8.7625,12.6125],"tintindex":0,"rotation":0,"texture":"#4"}},"rotation":{"origin":[3.8010879,7.7105007,8.5],"angle":45.0,"axis":"z"}},{"from":[4.7,8.775,5.15729],"to":[11.275,15.0,6.68229],"faces":{"east":{"uv":[7.8875,10.3875,8.1125,11.1125],"tintindex":0,"rotation":0,"texture":"#4"},"south":{"uv":[4.1375,0.8875,4.9875,1.6125],"tintindex":0,"rotation":0,"texture":"#4"},"north":{"uv":[8.0125,0.0125,15.9875,7.9875],"tintindex":0,"rotation":0,"texture":"#0"},"west":{"uv":[6.8875,10.5125,7.1125,11.2375],"tintindex":0,"rotation":0,"texture":"#4"},"up":{"uv":[10.7375,4.8625,9.8875,4.6375],"tintindex":0,"rotation":0,"texture":"#4"},"down":{"uv":[10.8625,5.0125,10.0125,5.2375],"tintindex":0,"rotation":0,"texture":"#4"}}},{"from":[5.0,11.424999,5.0],"to":[6.0,12.424999,5.25],"faces":{"east":{"uv":[2.5125,15.3875,2.6125,15.4875],"tintindex":0,"rotation":0,"texture":"#4"},"south":{"uv":[2.7625,15.3875,2.8625,15.4875],"tintindex":0,"rotation":0,"texture":"#4"},"north":{"uv":[15.3875,2.0125,15.4875,2.1125],"tintindex":0,"rotation":0,"texture":"#4"},"west":{"uv":[15.3875,2.7625,15.4875,2.8625],"tintindex":0,"rotation":0,"texture":"#4"},"up":{"uv":[3.1125,15.4875,3.0125,15.3875],"tintindex":0,"rotation":0,"texture":"#4"},"down":{"uv":[3.3625,15.3875,3.2625,15.4875],"tintindex":0,"rotation":0,"texture":"#4"}}},{"from":[9.698913,6.4605007,6.751],"to":[11.698913,9.210501,11.991],"faces":{"east":{"uv":[9.8875,4.1375,10.4875,4.4875],"tintindex":0,"rotation":0,"texture":"#4"},"south":{"uv":[5.2625,12.5125,5.4875,12.8625],"tintindex":0,"rotation":0,"texture":"#4"},"north":{"uv":[12.3875,7.8875,12.6125,8.2375],"tintindex":0,"rotation":0,"texture":"#4"},"west":{"uv":[9.8875,9.6375,10.4875,9.9875],"tintindex":0,"rotation":0,"texture":"#4"},"up":{"uv":[11.2375,5.4875,11.0125,4.8875],"tintindex":0,"rotation":0,"texture":"#4"},"down":{"uv":[11.2375,5.6375,11.0125,6.2375],"tintindex":0,"rotation":0,"texture":"#4"}},"rotation":{"origin":[12.198912,7.7105007,8.5],"angle":-45.0,"axis":"z"}},{"from":[7.0,11.424999,5.0],"to":[9.0,12.424999,5.25],"faces":{"east":{"uv":[3.5125,15.3875,3.6125,15.4875],"tintindex":0,"rotation":0,"texture":"#4"},"south":{"uv":[14.6375,13.3875,14.8625,13.4875],"tintindex":0,"rotation":0,"texture":"#4"},"north":{"uv":[13.1375,14.6375,13.3625,14.7375],"tintindex":0,"rotation":0,"texture":"#4"},"west":{"uv":[15.3875,3.6375,15.4875,3.7375],"tintindex":0,"rotation":0,"texture":"#4"},"up":{"uv":[14.8625,13.7375,14.6375,13.6375],"tintindex":0,"rotation":0,"texture":"#4"},"down":{"uv":[14.8625,13.8875,14.6375,13.9875],"tintindex":0,"rotation":0,"texture":"#4"}}},{"from":[5.0,10.424999,5.0],"to":[11.0,11.424999,5.25],"faces":{"east":{"uv":[15.2625,13.6375,15.3625,13.7375],"tintindex":0,"rotation":0,"texture":"#4"},"south":{"uv":[12.0125,5.3875,12.7375,5.4875],"tintindex":0,"rotation":0,"texture":"#4"},"north":{"uv":[12.0125,3.7625,12.7375,3.8625],"tintindex":0,"rotation":0,"texture":"#4"},"west":{"uv":[13.7625,15.2625,13.8625,15.3625],"tintindex":0,"rotation":0,"texture":"#4"},"up":{"uv":[12.7375,5.7375,12.0125,5.6375],"tintindex":0,"rotation":0,"texture":"#4"},"down":{"uv":[12.7375,5.8875,12.0125,5.9875],"tintindex":0,"rotation":0,"texture":"#4"}}},{"from":[10.0,11.424999,5.0],"to":[11.0,12.424999,5.25],"faces":{"east":{"uv":[15.3875,0.5125,15.4875,0.6125],"tintindex":0,"rotation":0,"texture":"#4"},"south":{"uv":[15.3875,0.7625,15.4875,0.8625],"tintindex":0,"rotation":0,"texture":"#4"},"north":{"uv":[0.5125,15.3875,0.6125,15.4875],"tintindex":0,"rotation":0,"texture":"#4"},"west":{"uv":[15.3875,1.0125,15.4875,1.1125],"tintindex":0,"rotation":0,"texture":"#4"},"up":{"uv":[15.4875,1.6125,15.3875,1.5125],"tintindex":0,"rotation":0,"texture":"#4"},"down":{"uv":[15.4875,1.7625,15.3875,1.8625],"tintindex":0,"rotation":0,"texture":"#4"}}},{"from":[4.5,14.5,4.75],"to":[5.0,15.5,12.0],"faces":{"east":{"uv":[11.7625,0.3875,12.6125,0.4875],"tintindex":0,"rotation":0,"texture":"#4"},"south":{"uv":[15.2625,8.3875,15.3625,8.4875],"tintindex":0,"rotation":0,"texture":"#4"},"north":{"uv":[15.2625,8.1375,15.3625,8.2375],"tintindex":0,"rotation":0,"texture":"#4"},"west":{"uv":[11.7625,0.6375,12.6125,0.7375],"tintindex":0,"rotation":0,"texture":"#4"},"up":{"uv":[3.6125,12.6125,3.5125,11.7625],"tintindex":0,"rotation":0,"texture":"#4"},"down":{"uv":[11.8625,4.8875,11.7625,5.7375],"tintindex":0,"rotation":0,"texture":"#4"}}},{"from":[11.459845,8.188206,4.75],"to":[13.459845,10.188206,12.0],"faces":{"east":{"uv":[10.0125,8.2625,10.8625,8.4875],"tintindex":0,"rotation":0,"texture":"#4"},"south":{"uv":[13.8875,1.1375,14.1125,1.3625],"tintindex":0,"rotation":0,"texture":"#4"},"north":{"uv":[13.8875,0.7625,14.1125,0.9875],"tintindex":0,"rotation":0,"texture":"#4"},"west":{"uv":[10.0125,8.6375,10.8625,8.8625],"tintindex":0,"rotation":0,"texture":"#4"},"up":{"uv":[1.4875,10.9875,1.2625,10.1375],"tintindex":0,"rotation":0,"texture":"#4"},"down":{"uv":[1.8625,10.1375,1.6375,10.9875],"tintindex":0,"rotation":0,"texture":"#4"}},"rotation":{"origin":[12.959845,8.688206,8.5],"angle":22.5,"axis":"z"}},{"from":[5.0,6.5,12.0],"to":[11.0,12.5,13.0],"faces":{"east":{"uv":[3.2625,12.2625,3.3625,12.9875],"tintindex":0,"rotation":0,"texture":"#4"},"south":{"uv":[1.7625,5.3875,2.4875,6.1125],"tintindex":0,"rotation":0,"texture":"#4"},"north":{"uv":[5.1375,0.6375,5.8625,1.3625],"tintindex":0,"rotation":0,"texture":"#4"},"west":{"uv":[2.1375,12.3875,2.2375,13.1125],"tintindex":0,"rotation":0,"texture":"#4"},"up":{"uv":[13.1125,3.3625,12.3875,3.2625],"tintindex":0,"rotation":0,"texture":"#4"},"down":{"uv":[13.1125,4.5125,12.3875,4.6125],"tintindex":0,"rotation":0,"texture":"#4"}}},{"from":[8.344624,12.907539,5.025],"to":[10.344624,13.907539,5.275],"faces":{"east":{"uv":[4.3875,15.3875,4.4875,15.4875],"tintindex":0,"rotation":0,"texture":"#4"},"south":{"uv":[1.3875,14.7625,1.6125,14.8625],"tintindex":0,"rotation":0,"texture":"#4"},"north":{"uv":[14.7625,1.0125,14.9875,1.1125],"tintindex":0,"rotation":0,"texture":"#4"},"west":{"uv":[15.3875,4.3875,15.4875,4.4875],"tintindex":0,"rotation":0,"texture":"#4"},"up":{"uv":[14.9875,1.7375,14.7625,1.6375],"tintindex":0,"rotation":0,"texture":"#4"},"down":{"uv":[1.9875,14.7625,1.7625,14.8625],"tintindex":0,"rotation":0,"texture":"#4"}},"rotation":{"origin":[9.344624,13.407539,5.525],"angle":-22.5,"axis":"z"}}],"display":{"gui":{"rotation":[30,225,0]}}}