{"textures":{"4":"modelengine:entity/fallenreaper"},"elements":[{"from":[7.0,7.1636686,2.4047132],"to":[9.0,8.163669,3.4047132],"faces":{"east":{"uv":[14.8875,15.0125,14.9875,15.1125],"tintindex":0,"rotation":0,"texture":"#4"},"south":{"uv":[3.1375,14.6375,3.3625,14.7375],"tintindex":0,"rotation":0,"texture":"#4"},"north":{"uv":[0.3875,14.6375,0.6125,14.7375],"tintindex":0,"rotation":0,"texture":"#4"},"west":{"uv":[15.1375,0.2625,15.2375,0.3625],"tintindex":0,"rotation":0,"texture":"#4"},"up":{"uv":[14.8625,3.3625,14.6375,3.2625],"tintindex":0,"rotation":0,"texture":"#4"},"down":{"uv":[3.7375,14.6375,3.5125,14.7375],"tintindex":0,"rotation":0,"texture":"#4"}}},{"from":[8.392893,7.6636686,3.4147134],"to":[9.792893,8.663669,7.4147134],"faces":{"east":{"uv":[9.2625,12.8875,9.7375,12.9875],"tintindex":0,"rotation":0,"texture":"#4"},"south":{"uv":[6.5125,15.0125,6.6125,15.1125],"tintindex":0,"rotation":0,"texture":"#4"},"north":{"uv":[6.2625,15.0125,6.3625,15.1125],"tintindex":0,"rotation":0,"texture":"#4"},"west":{"uv":[12.8875,9.3875,13.3625,9.4875],"tintindex":0,"rotation":0,"texture":"#4"},"up":{"uv":[9.9875,13.3625,9.8875,12.8875],"tintindex":0,"rotation":0,"texture":"#4"},"down":{"uv":[10.2375,12.8875,10.1375,13.3625],"tintindex":0,"rotation":0,"texture":"#4"}},"rotation":{"origin":[9.292893,8.163669,4.904713],"angle":-45.0,"axis":"z"}},{"from":[7.005,7.632825,2.611147],"to":[8.995,9.057825,3.611147],"faces":{"east":{"uv":[14.6375,15.0125,14.7375,15.1125],"tintindex":0,"rotation":0,"texture":"#4"},"south":{"uv":[14.3875,14.5125,14.6125,14.6125],"tintindex":0,"rotation":0,"texture":"#4"},"north":{"uv":[14.0125,14.5125,14.2375,14.6125],"tintindex":0,"rotation":0,"texture":"#4"},"west":{"uv":[15.0125,14.6375,15.1125,14.7375],"tintindex":0,"rotation":0,"texture":"#4"},"up":{"uv":[0.2375,14.7375,0.0125,14.6375],"tintindex":0,"rotation":0,"texture":"#4"},"down":{"uv":[14.8625,0.0125,14.6375,0.1125],"tintindex":0,"rotation":0,"texture":"#4"}},"rotation":{"origin":[8.0,8.132825,3.111147],"angle":45.0,"axis":"x"}},{"from":[7.0,8.163669,3.4047132],"to":[9.0,9.163669,7.404713],"faces":{"east":{"uv":[12.8875,8.8875,13.3625,8.9875],"tintindex":0,"rotation":0,"texture":"#4"},"south":{"uv":[6.6375,1.8875,6.8625,1.9875],"tintindex":0,"rotation":0,"texture":"#4"},"north":{"uv":[5.1375,1.5125,5.3625,1.6125],"tintindex":0,"rotation":0,"texture":"#4"},"west":{"uv":[12.8875,9.1375,13.3625,9.2375],"tintindex":0,"rotation":0,"texture":"#4"},"up":{"uv":[5.8625,0.4875,5.6375,0.0125],"tintindex":0,"rotation":0,"texture":"#4"},"down":{"uv":[11.2375,8.6375,11.0125,9.1125],"tintindex":0,"rotation":0,"texture":"#4"}}},{"from":[6.1,8.163669,7.404713],"to":[9.9,10.163669,10.304713],"faces":{"east":{"uv":[11.8875,7.8875,12.2375,8.1125],"tintindex":0,"rotation":0,"texture":"#4"},"south":{"uv":[4.1375,11.1375,4.6125,11.3625],"tintindex":0,"rotation":0,"texture":"#4"},"north":{"uv":[11.1375,3.8875,11.6125,4.1125],"tintindex":0,"rotation":0,"texture":"#4"},"west":{"uv":[11.8875,8.2625,12.2375,8.4875],"tintindex":0,"rotation":0,"texture":"#4"},"up":{"uv":[10.8625,8.1125,10.3875,7.7625],"tintindex":0,"rotation":0,"texture":"#4"},"down":{"uv":[10.9875,1.5125,10.5125,1.8625],"tintindex":0,"rotation":0,"texture":"#4"}}},{"from":[6.0,7.1636686,3.4047132],"to":[10.0,8.163669,10.404713],"faces":{"east":{"uv":[11.3875,1.2625,12.2375,1.3625],"tintindex":0,"rotation":0,"texture":"#4"},"south":{"uv":[13.3875,13.0125,13.8625,13.1125],"tintindex":0,"rotation":0,"texture":"#4"},"north":{"uv":[13.0125,13.3875,13.4875,13.4875],"tintindex":0,"rotation":0,"texture":"#4"},"west":{"uv":[11.6375,10.5125,12.4875,10.6125],"tintindex":0,"rotation":0,"texture":"#4"},"up":{"uv":[7.1125,1.7375,6.6375,0.8875],"tintindex":0,"rotation":0,"texture":"#4"},"down":{"uv":[2.8625,6.6375,2.3875,7.4875],"tintindex":0,"rotation":0,"texture":"#4"}}},{"from":[6.2071066,7.6636686,3.4147134],"to":[7.607107,8.663669,7.4147134],"faces":{"east":{"uv":[12.8875,10.1375,13.3625,10.2375],"tintindex":0,"rotation":0,"texture":"#4"},"south":{"uv":[6.7625,15.0125,6.8625,15.1125],"tintindex":0,"rotation":0,"texture":"#4"},"north":{"uv":[15.0125,6.6375,15.1125,6.7375],"tintindex":0,"rotation":0,"texture":"#4"},"west":{"uv":[12.8875,10.3875,13.3625,10.4875],"tintindex":0,"rotation":0,"texture":"#4"},"up":{"uv":[10.4875,13.3625,10.3875,12.8875],"tintindex":0,"rotation":0,"texture":"#4"},"down":{"uv":[12.9875,12.5125,12.8875,12.9875],"tintindex":0,"rotation":0,"texture":"#4"}},"rotation":{"origin":[6.7071066,8.163669,4.8947134],"angle":45.0,"axis":"z"}}],"display":{"gui":{"rotation":[30,225,0]}}}