{"textures":{"0":"modelengine:entity/boneshadingreaper","4":"modelengine:entity/fallenreaper"},"elements":[{"from":[6.25,7.0,7.0],"to":[9.75,8.0,10.25],"faces":{"east":{"uv":[8.5125,14.1375,8.8625,14.2375],"tintindex":0,"rotation":0,"texture":"#4"},"south":{"uv":[12.8875,8.6375,13.3625,8.7375],"tintindex":0,"rotation":0,"texture":"#4"},"north":{"uv":[12.8875,6.6375,13.3625,6.7375],"tintindex":0,"rotation":0,"texture":"#4"},"west":{"uv":[14.1375,8.6375,14.4875,8.7375],"tintindex":0,"rotation":0,"texture":"#4"},"up":{"uv":[10.8625,0.3625,10.3875,0.0125],"tintindex":0,"rotation":0,"texture":"#4"},"down":{"uv":[10.8625,0.5125,10.3875,0.8625],"tintindex":0,"rotation":0,"texture":"#4"}}},{"from":[6.5,7.0,6.0],"to":[9.5,9.0,7.0],"faces":{"east":{"uv":[14.3875,14.1375,14.4875,14.3625],"tintindex":0,"rotation":0,"texture":"#4"},"south":{"uv":[10.1375,11.7625,10.4875,11.9875],"tintindex":0,"rotation":0,"texture":"#4"},"north":{"uv":[3.7625,7.8875,4.1125,8.1125],"tintindex":0,"rotation":0,"texture":"#4"},"west":{"uv":[14.5125,0.2625,14.6125,0.4875],"tintindex":0,"rotation":0,"texture":"#4"},"up":{"uv":[6.9875,14.2375,6.6375,14.1375],"tintindex":0,"rotation":0,"texture":"#4"},"down":{"uv":[14.4875,8.3875,14.1375,8.4875],"tintindex":0,"rotation":0,"texture":"#4"}}},{"from":[6.5,6.0,7.0],"to":[9.5,8.25,10.0],"faces":{"east":{"uv":[0.004,8.004,5.996,11.996],"tintindex":0,"rotation":0,"texture":"#0"},"south":{"uv":[0.004,8.004,5.996,11.996],"tintindex":0,"rotation":0,"texture":"#0"},"north":{"uv":[0.004,8.004,5.996,11.996],"tintindex":0,"rotation":0,"texture":"#0"},"west":{"uv":[0.004,8.004,5.996,11.996],"tintindex":0,"rotation":0,"texture":"#0"},"up":{"uv":[0.004,4.004,5.996,7.996],"tintindex":0,"rotation":0,"texture":"#0"}}},{"from":[5.675,5.0,6.475],"to":[9.825,6.1,10.525],"faces":{"east":{"uv":[13.5125,0.0125,13.9875,0.1125],"tintindex":0,"rotation":0,"texture":"#4"},"south":{"uv":[0.6375,13.5125,1.1125,13.6125],"tintindex":0,"rotation":0,"texture":"#4"},"north":{"uv":[0.0125,13.5125,0.4875,13.6125],"tintindex":0,"rotation":0,"texture":"#4"},"west":{"uv":[2.3875,13.5125,2.8625,13.6125],"tintindex":0,"rotation":0,"texture":"#4"},"up":{"uv":[7.8625,9.8625,7.3875,9.3875],"tintindex":0,"rotation":0,"texture":"#4"},"down":{"uv":[9.8625,7.7625,9.3875,8.2375],"tintindex":0,"rotation":0,"texture":"#4"}}},{"from":[6.0,2.0,6.5],"to":[9.5,6.0,10.5],"faces":{"east":{"uv":[0.6375,9.0125,1.1125,9.4875],"tintindex":0,"rotation":0,"texture":"#4"},"south":{"uv":[9.0125,2.5125,9.4875,2.9875],"tintindex":0,"rotation":0,"texture":"#4"},"north":{"uv":[0.0125,9.0125,0.4875,9.4875],"tintindex":0,"rotation":0,"texture":"#4"},"west":{"uv":[5.0125,9.0125,5.4875,9.4875],"tintindex":0,"rotation":0,"texture":"#4"},"up":{"uv":[6.1125,9.4875,5.6375,9.0125],"tintindex":0,"rotation":0,"texture":"#4"},"down":{"uv":[9.6125,0.0125,9.1375,0.4875],"tintindex":0,"rotation":0,"texture":"#4"}}},{"from":[5.725,1.0,6.5],"to":[9.825,2.0,10.525],"faces":{"east":{"uv":[13.2625,1.0125,13.7375,1.1125],"tintindex":0,"rotation":0,"texture":"#4"},"south":{"uv":[13.2625,2.8875,13.7375,2.9875],"tintindex":0,"rotation":0,"texture":"#4"},"north":{"uv":[13.2625,0.7625,13.7375,0.8625],"tintindex":0,"rotation":0,"texture":"#4"},"west":{"uv":[13.2625,3.1375,13.7375,3.2375],"tintindex":0,"rotation":0,"texture":"#4"},"up":{"uv":[9.7375,4.8625,9.2625,4.3875],"tintindex":0,"rotation":0,"texture":"#4"},"down":{"uv":[4.2375,9.3875,3.7625,9.8625],"tintindex":0,"rotation":0,"texture":"#4"}}}],"display":{"gui":{"rotation":[30,225,0]}}}