{"textures":{"0":"modelengine:entity/boneshadingreaper","4":"modelengine:entity/fallenreaper"},"elements":[{"from":[6.5,9.0,6.0],"to":[8.5,9.5,10.0],"faces":{"east":{"uv":[14.0125,11.3875,14.4875,11.4875],"tintindex":0,"rotation":0,"texture":"#4"},"south":{"uv":[14.8875,1.2625,15.1125,1.3625],"tintindex":0,"rotation":0,"texture":"#4"},"north":{"uv":[0.5125,14.8875,0.7375,14.9875],"tintindex":0,"rotation":0,"texture":"#4"},"west":{"uv":[14.0125,11.6375,14.4875,11.7375],"tintindex":0,"rotation":0,"texture":"#4"},"up":{"uv":[7.1125,11.8625,6.8875,11.3875],"tintindex":0,"rotation":0,"texture":"#4"},"down":{"uv":[11.6125,8.6375,11.3875,9.1125],"tintindex":0,"rotation":0,"texture":"#4"}}},{"from":[5.5,8.0,6.0],"to":[8.5,9.0,10.0],"faces":{"east":{"uv":[5.5125,2.1375,5.9875,2.2375],"tintindex":0,"rotation":0,"texture":"#4"},"south":{"uv":[6.7625,0.6375,7.1125,0.7375],"tintindex":0,"rotation":0,"texture":"#4"},"north":{"uv":[6.1375,3.6375,6.4875,3.7375],"tintindex":0,"rotation":0,"texture":"#4"},"west":{"uv":[7.0125,3.3875,7.4875,3.4875],"tintindex":0,"rotation":0,"texture":"#4"},"up":{"uv":[7.1125,0.4875,6.7625,0.0125],"tintindex":0,"rotation":0,"texture":"#4"},"down":{"uv":[10.6125,2.5125,10.2625,2.9875],"tintindex":0,"rotation":0,"texture":"#4"}}},{"from":[5.0,2.0,6.5],"to":[8.0,4.0,9.5],"faces":{"east":{"uv":[0.004,0.004,5.996,3.996],"tintindex":0,"rotation":0,"texture":"#0"},"south":{"uv":[0.004,0.004,5.996,3.996],"tintindex":0,"rotation":0,"texture":"#0"},"north":{"uv":[0.004,0.004,5.996,3.996],"tintindex":0,"rotation":0,"texture":"#0"},"west":{"uv":[0.004,0.004,5.996,3.996],"tintindex":0,"rotation":0,"texture":"#0"},"up":{"uv":[0.004,0.004,5.996,3.996],"tintindex":0,"rotation":0,"texture":"#0"},"down":{"uv":[0.004,0.004,5.996,3.996],"tintindex":0,"rotation":0,"texture":"#0"}}},{"from":[4.5,4.0,6.0],"to":[8.5,8.0,10.0],"faces":{"east":{"uv":[0.0125,8.3875,0.4875,8.8625],"tintindex":0,"rotation":0,"texture":"#4"},"south":{"uv":[5.5125,8.3875,5.9875,8.8625],"tintindex":0,"rotation":0,"texture":"#4"},"north":{"uv":[6.0125,0.8875,6.4875,1.3625],"tintindex":0,"rotation":0,"texture":"#4"},"west":{"uv":[6.1375,8.3875,6.6125,8.8625],"tintindex":0,"rotation":0,"texture":"#4"},"up":{"uv":[8.9875,0.4875,8.5125,0.0125],"tintindex":0,"rotation":0,"texture":"#4"},"down":{"uv":[8.9875,0.6375,8.5125,1.1125],"tintindex":0,"rotation":0,"texture":"#4"}}},{"from":[5.5,9.0,7.0],"to":[6.5,9.5,9.0],"faces":{"east":{"uv":[14.7625,14.3875,14.9875,14.4875],"tintindex":0,"rotation":0,"texture":"#4"},"south":{"uv":[12.8875,15.3875,12.9875,15.4875],"tintindex":0,"rotation":0,"texture":"#4"},"north":{"uv":[15.3875,12.7625,15.4875,12.8625],"tintindex":0,"rotation":0,"texture":"#4"},"west":{"uv":[14.6375,14.7625,14.8625,14.8625],"tintindex":0,"rotation":0,"texture":"#4"},"up":{"uv":[0.1125,15.1125,0.0125,14.8875],"tintindex":0,"rotation":0,"texture":"#4"},"down":{"uv":[0.3625,14.8875,0.2625,15.1125],"tintindex":0,"rotation":0,"texture":"#4"}}},{"from":[4.75,3.0,6.0],"to":[5.75,4.0,10.0],"faces":{"east":{"uv":[13.1375,11.1375,13.6125,11.2375],"tintindex":0,"rotation":0,"texture":"#4"},"south":{"uv":[12.0125,15.0125,12.1125,15.1125],"tintindex":0,"rotation":0,"texture":"#4"},"north":{"uv":[15.0125,11.8875,15.1125,11.9875],"tintindex":0,"rotation":0,"texture":"#4"},"west":{"uv":[13.1375,12.5125,13.6125,12.6125],"tintindex":0,"rotation":0,"texture":"#4"},"up":{"uv":[3.2375,13.6125,3.1375,13.1375],"tintindex":0,"rotation":0,"texture":"#4"},"down":{"uv":[13.2375,12.7625,13.1375,13.2375],"tintindex":0,"rotation":0,"texture":"#4"}}},{"from":[7.25,9.5,7.0],"to":[8.25,10.0,9.0],"faces":{"east":{"uv":[14.8875,2.3875,15.1125,2.4875],"tintindex":0,"rotation":0,"texture":"#4"},"south":{"uv":[13.1375,15.3875,13.2375,15.4875],"tintindex":0,"rotation":0,"texture":"#4"},"north":{"uv":[15.3875,13.0125,15.4875,13.1125],"tintindex":0,"rotation":0,"texture":"#4"},"west":{"uv":[14.8875,2.6375,15.1125,2.7375],"tintindex":0,"rotation":0,"texture":"#4"},"up":{"uv":[0.9875,15.1125,0.8875,14.8875],"tintindex":0,"rotation":0,"texture":"#4"},"down":{"uv":[2.2375,14.8875,2.1375,15.1125],"tintindex":0,"rotation":0,"texture":"#4"}}},{"from":[5.0031357,7.252096,6.005],"to":[6.0031357,8.502096,9.995],"faces":{"east":{"uv":[10.0125,9.3875,10.4875,9.4875],"tintindex":0,"rotation":0,"texture":"#4"},"south":{"uv":[15.0125,0.0125,15.1125,0.1125],"tintindex":0,"rotation":0,"texture":"#4"},"north":{"uv":[13.3875,14.8875,13.4875,14.9875],"tintindex":0,"rotation":0,"texture":"#4"},"west":{"uv":[12.6375,10.8875,13.1125,10.9875],"tintindex":0,"rotation":0,"texture":"#4"},"up":{"uv":[12.8625,0.7375,12.7625,0.2625],"tintindex":0,"rotation":0,"texture":"#4"},"down":{"uv":[3.8625,12.7625,3.7625,13.2375],"tintindex":0,"rotation":0,"texture":"#4"}},"rotation":{"origin":[6.5031357,8.502096,8.0],"angle":-22.5,"axis":"z"}},{"from":[4.3,0.95000076,5.95],"to":[8.48125,7.049999,10.05],"faces":{"east":{"uv":[0.4875,7.5125,0.0125,8.2375],"tintindex":0,"rotation":0,"texture":"#4"},"south":{"uv":[7.3625,7.2625,6.8875,7.9875],"tintindex":0,"rotation":0,"texture":"#4"},"north":{"uv":[1.3625,3.6375,0.8875,4.3625],"tintindex":0,"rotation":0,"texture":"#4"},"west":{"uv":[7.7375,1.0125,7.2625,1.7375],"tintindex":0,"rotation":0,"texture":"#4"},"up":{"uv":[9.7625,1.1125,10.2375,0.6375],"tintindex":0,"rotation":0,"texture":"#4"},"down":{"uv":[9.7625,1.2625,10.2375,1.7375],"tintindex":0,"rotation":0,"texture":"#4"}}},{"from":[7.25,3.0,6.0],"to":[8.25,4.0,10.0],"faces":{"east":{"uv":[13.1375,8.2625,13.6125,8.3625],"tintindex":0,"rotation":0,"texture":"#4"},"south":{"uv":[11.7625,15.0125,11.8625,15.1125],"tintindex":0,"rotation":0,"texture":"#4"},"north":{"uv":[15.0125,11.6375,15.1125,11.7375],"tintindex":0,"rotation":0,"texture":"#4"},"west":{"uv":[9.2625,13.1375,9.7375,13.2375],"tintindex":0,"rotation":0,"texture":"#4"},"up":{"uv":[8.1125,13.4875,8.0125,13.0125],"tintindex":0,"rotation":0,"texture":"#4"},"down":{"uv":[12.4875,13.0125,12.3875,13.4875],"tintindex":0,"rotation":0,"texture":"#4"}}}],"display":{"gui":{"rotation":[30,225,0]}}}