{
  "textures": {
    "0": "modelengine:entity/boneshadingreaper",
    "4": "modelengine:entity/fallenreaper"
  },
  "elements": [
    {
      "from": [
        5.9500003,
        1.9499998,
        5.95
      ],
      "to": [
        10.05,
        9.05,
        10.05
      ],
      "faces": {
        "east": {
          "uv": [
            3.6375,
            6.8875,
            4.1125,
            7.7375
          ],
          "tintindex": 0,
          "rotation": 0,
          "texture": "#4"
        },
        "south": {
          "uv": [
            7.0125,
            1.8875,
            7.4875,
            2.7375
          ],
          "tintindex": 0,
          "rotation": 0,
          "texture": "#4"
        },
        "north": {
          "uv": [
            3.0125,
            6.6375,
            3.4875,
            7.4875
          ],
          "tintindex": 0,
          "rotation": 0,
          "texture": "#4"
        },
        "west": {
          "uv": [
            1.5125,
            7.1375,
            1.9875,
            7.9875
          ],
          "tintindex": 0,
          "rotation": 0,
          "texture": "#4"
        },
        "up": {
          "uv": [
            10.2375,
            6.1125,
            9.7625,
            5.6375
          ],
          "tintindex": 0,
          "rotation": 0,
          "texture": "#4"
        },
        "down": {
          "uv": [
            10.2375,
            6.2625,
            9.7625,
            6.7375
          ],
          "tintindex": 0,
          "rotation": 0,
          "texture": "#4"
        }
      }
    },
    {
      "from": [
        6.75,
        2,
        6.5
      ],
      "to": [
        9.75,
        4,
        9.5
      ],
      "faces": {
        "east": {
          "uv": [
            0.004,
            4.004,
            5.996,
            7.996
          ],
          "tintindex": 0,
          "rotation": 0,
          "texture": "#0"
        },
        "south": {
          "uv": [
            0.004,
            4.004,
            5.996,
            7.996
          ],
          "tintindex": 0,
          "rotation": 0,
          "texture": "#0"
        },
        "north": {
          "uv": [
            0.004,
            4.004,
            5.996,
            7.996
          ],
          "tintindex": 0,
          "rotation": 0,
          "texture": "#0"
        },
        "west": {
          "uv": [
            0.004,
            4.004,
            5.996,
            7.996
          ],
          "tintindex": 0,
          "rotation": 0,
          "texture": "#0"
        },
        "down": {
          "uv": [
            0.004,
            4.004,
            5.996,
            7.996
          ],
          "tintindex": 0,
          "rotation": 0,
          "texture": "#0"
        }
      }
    },
    {
      "from": [
        6,
        4,
        6
      ],
      "to": [
        10,
        9,
        10
      ],
      "faces": {
        "east": {
          "uv": [
            7.5125,
            8.0125,
            7.9875,
            8.6125
          ],
          "tintindex": 0,
          "rotation": 0,
          "texture": "#4"
        },
        "south": {
          "uv": [
            1.2625,
            8.1375,
            1.7375,
            8.7375
          ],
          "tintindex": 0,
          "rotation": 0,
          "texture": "#4"
        },
        "north": {
          "uv": [
            3.1375,
            7.8875,
            3.6125,
            8.4875
          ],
          "tintindex": 0,
          "rotation": 0,
          "texture": "#4"
        },
        "west": {
          "uv": [
            1.8875,
            8.1375,
            2.3625,
            8.7375
          ],
          "tintindex": 0,
          "rotation": 0,
          "texture": "#4"
        },
        "up": {
          "uv": [
            8.9875,
            1.7375,
            8.5125,
            1.2625
          ],
          "tintindex": 0,
          "rotation": 0,
          "texture": "#4"
        },
        "down": {
          "uv": [
            8.9875,
            6.3875,
            8.5125,
            6.8625
          ],
          "tintindex": 0,
          "rotation": 0,
          "texture": "#4"
        }
      }
    }
  ],
  "display": {
    "gui": {
      "rotation": [
        30,
        225,
        0
      ]
    }
  }
}