{
  "textures": {
    "0": "modelengine:entity/boneshadingreaper",
    "4": "modelengine:entity/fallenreaper"
  },
  "elements": [
    {
      "from": [
        6.5,
        2,
        6.5
      ],
      "to": [
        10,
        6,
        10.5
      ],
      "faces": {
        "east": {
          "uv": [
            9.1375,
            6.5125,
            9.6125,
            6.9875
          ],
          "tintindex": 0,
          "rotation": 0,
          "texture": "#4"
        },
        "south": {
          "uv": [
            9.2625,
            1.8875,
            9.7375,
            2.3625
          ],
          "tintindex": 0,
          "rotation": 0,
          "texture": "#4"
        },
        "north": {
          "uv": [
            9.1375,
            5.8875,
            9.6125,
            6.3625
          ],
          "tintindex": 0,
          "rotation": 0,
          "texture": "#4"
        },
        "west": {
          "uv": [
            3.1375,
            9.2625,
            3.6125,
            9.7375
          ],
          "tintindex": 0,
          "rotation": 0,
          "texture": "#4"
        },
        "up": {
          "uv": [
            9.7375,
            3.6125,
            9.2625,
            3.1375
          ],
          "tintindex": 0,
          "rotation": 0,
          "texture": "#4"
        },
        "down": {
          "uv": [
            9.7375,
            3.7625,
            9.2625,
            4.2375
          ],
          "tintindex": 0,
          "rotation": 0,
          "texture": "#4"
        }
      }
    },
    {
      "from": [
        6.5,
        7,
        6
      ],
      "to": [
        9.5,
        9,
        7
      ],
      "faces": {
        "east": {
          "uv": [
            14.5125,
            0.6375,
            14.6125,
            0.8625
          ],
          "tintindex": 0,
          "rotation": 0,
          "texture": "#4"
        },
        "south": {
          "uv": [
            11.7625,
            11.1375,
            12.1125,
            11.3625
          ],
          "tintindex": 0,
          "rotation": 0,
          "texture": "#4"
        },
        "north": {
          "uv": [
            11.7625,
            10.7625,
            12.1125,
            10.9875
          ],
          "tintindex": 0,
          "rotation": 0,
          "texture": "#4"
        },
        "west": {
          "uv": [
            14.5125,
            1.0125,
            14.6125,
            1.2375
          ],
          "tintindex": 0,
          "rotation": 0,
          "texture": "#4"
        },
        "up": {
          "uv": [
            14.4875,
            8.9875,
            14.1375,
            8.8875
          ],
          "tintindex": 0,
          "rotation": 0,
          "texture": "#4"
        },
        "down": {
          "uv": [
            9.3625,
            14.1375,
            9.0125,
            14.2375
          ],
          "tintindex": 0,
          "rotation": 0,
          "texture": "#4"
        }
      }
    },
    {
      "from": [
        6.5,
        6,
        7
      ],
      "to": [
        9.5,
        8.25,
        10
      ],
      "faces": {
        "east": {
          "uv": [
            0.004,
            8.004,
            5.996,
            11.996
          ],
          "tintindex": 0,
          "rotation": 0,
          "texture": "#0"
        },
        "south": {
          "uv": [
            0.004,
            8.004,
            5.996,
            11.996
          ],
          "tintindex": 0,
          "rotation": 0,
          "texture": "#0"
        },
        "north": {
          "uv": [
            5.996,
            8.004,
            0.004,
            11.996
          ],
          "tintindex": 0,
          "rotation": 0,
          "texture": "#0"
        },
        "west": {
          "uv": [
            0.004,
            8.004,
            5.996,
            11.996
          ],
          "tintindex": 0,
          "rotation": 0,
          "texture": "#0"
        },
        "up": {
          "uv": [
            0.004,
            4.004,
            5.996,
            7.996
          ],
          "tintindex": 0,
          "rotation": 0,
          "texture": "#0"
        }
      }
    },
    {
      "from": [
        6.175,
        5,
        6.475
      ],
      "to": [
        10.325,
        6.1,
        10.525
      ],
      "faces": {
        "east": {
          "uv": [
            2.3875,
            13.7625,
            2.8625,
            13.8625
          ],
          "tintindex": 0,
          "rotation": 0,
          "texture": "#4"
        },
        "south": {
          "uv": [
            13.7625,
            4.7625,
            14.2375,
            4.8625
          ],
          "tintindex": 0,
          "rotation": 0,
          "texture": "#4"
        },
        "north": {
          "uv": [
            0.2625,
            13.7625,
            0.7375,
            13.8625
          ],
          "tintindex": 0,
          "rotation": 0,
          "texture": "#4"
        },
        "west": {
          "uv": [
            13.7625,
            5.0125,
            14.2375,
            5.1125
          ],
          "tintindex": 0,
          "rotation": 0,
          "texture": "#4"
        },
        "up": {
          "uv": [
            5.4875,
            10.1125,
            5.0125,
            9.6375
          ],
          "tintindex": 0,
          "rotation": 0,
          "texture": "#4"
        },
        "down": {
          "uv": [
            6.1125,
            9.6375,
            5.6375,
            10.1125
          ],
          "tintindex": 0,
          "rotation": 0,
          "texture": "#4"
        }
      }
    },
    {
      "from": [
        6.25,
        7,
        7
      ],
      "to": [
        9.75,
        8,
        10.25
      ],
      "faces": {
        "east": {
          "uv": [
            14.1375,
            9.1375,
            14.4875,
            9.2375
          ],
          "tintindex": 0,
          "rotation": 0,
          "texture": "#4"
        },
        "south": {
          "uv": [
            13.0125,
            0.2625,
            13.4875,
            0.3625
          ],
          "tintindex": 0,
          "rotation": 0,
          "texture": "#4"
        },
        "north": {
          "uv": [
            12.8875,
            10.6375,
            13.3625,
            10.7375
          ],
          "tintindex": 0,
          "rotation": 0,
          "texture": "#4"
        },
        "west": {
          "uv": [
            9.7625,
            14.1375,
            10.1125,
            14.2375
          ],
          "tintindex": 0,
          "rotation": 0,
          "texture": "#4"
        },
        "up": {
          "uv": [
            10.8625,
            1.3625,
            10.3875,
            1.0125
          ],
          "tintindex": 0,
          "rotation": 0,
          "texture": "#4"
        },
        "down": {
          "uv": [
            10.8625,
            5.3875,
            10.3875,
            5.7375
          ],
          "tintindex": 0,
          "rotation": 0,
          "texture": "#4"
        }
      }
    },
    {
      "from": [
        6.175,
        1,
        6.5
      ],
      "to": [
        10.275,
        2,
        10.525
      ],
      "faces": {
        "east": {
          "uv": [
            5.1375,
            13.2625,
            5.6125,
            13.3625
          ],
          "tintindex": 0,
          "rotation": 0,
          "texture": "#4"
        },
        "south": {
          "uv": [
            8.6375,
            13.2625,
            9.1125,
            13.3625
          ],
          "tintindex": 0,
          "rotation": 0,
          "texture": "#4"
        },
        "north": {
          "uv": [
            13.2625,
            4.5125,
            13.7375,
            4.6125
          ],
          "tintindex": 0,
          "rotation": 0,
          "texture": "#4"
        },
        "west": {
          "uv": [
            13.2625,
            10.8875,
            13.7375,
            10.9875
          ],
          "tintindex": 0,
          "rotation": 0,
          "texture": "#4"
        },
        "up": {
          "uv": [
            9.8625,
            5.4875,
            9.3875,
            5.0125
          ],
          "tintindex": 0,
          "rotation": 0,
          "texture": "#4"
        },
        "down": {
          "uv": [
            9.8625,
            7.1375,
            9.3875,
            7.6125
          ],
          "tintindex": 0,
          "rotation": 0,
          "texture": "#4"
        }
      }
    }
  ],
  "display": {
    "gui": {
      "rotation": [
        30,
        225,
        0
      ]
    }
  }
}