{
  "textures": {
    "4": "modelengine:entity/fallenreaper"
  },
  "elements": [
    {
      "from": [
        6.1,
        8.1637,
        7.4047003
      ],
      "to": [
        9.9,
        10.1637,
        10.3047
      ],
      "faces": {
        "east": {
          "uv": [
            0.5125,
            11.8875,
            0.8625,
            12.1125
          ],
          "tintindex": 0,
          "rotation": 0,
          "texture": "#4"
        },
        "south": {
          "uv": [
            11.1375,
            3.5125,
            11.6125,
            3.7375
          ],
          "tintindex": 0,
          "rotation": 0,
          "texture": "#4"
        },
        "north": {
          "uv": [
            11.1375,
            3.1375,
            11.6125,
            3.3625
          ],
          "tintindex": 0,
          "rotation": 0,
          "texture": "#4"
        },
        "west": {
          "uv": [
            11.8875,
            4.5125,
            12.2375,
            4.7375
          ],
          "tintindex": 0,
          "rotation": 0,
          "texture": "#4"
        },
        "up": {
          "uv": [
            7.7375,
            10.7375,
            7.2625,
            10.3875
          ],
          "tintindex": 0,
          "rotation": 0,
          "texture": "#4"
        },
        "down": {
          "uv": [
            10.8625,
            7.2625,
            10.3875,
            7.6125
          ],
          "tintindex": 0,
          "rotation": 0,
          "texture": "#4"
        }
      }
    },
    {
      "from": [
        6,
        7.1637,
        3.4046998
      ],
      "to": [
        10,
        8.1637,
        10.4047
      ],
      "faces": {
        "east": {
          "uv": [
            3.0125,
            2.5125,
            3.8625,
            2.6125
          ],
          "tintindex": 0,
          "rotation": 0,
          "texture": "#4"
        },
        "south": {
          "uv": [
            13.0125,
            1.3875,
            13.4875,
            1.4875
          ],
          "tintindex": 0,
          "rotation": 0,
          "texture": "#4"
        },
        "north": {
          "uv": [
            13.0125,
            0.5125,
            13.4875,
            0.6125
          ],
          "tintindex": 0,
          "rotation": 0,
          "texture": "#4"
        },
        "west": {
          "uv": [
            11.3875,
            1.0125,
            12.2375,
            1.1125
          ],
          "tintindex": 0,
          "rotation": 0,
          "texture": "#4"
        },
        "up": {
          "uv": [
            0.4875,
            7.3625,
            0.0125,
            6.5125
          ],
          "tintindex": 0,
          "rotation": 0,
          "texture": "#4"
        },
        "down": {
          "uv": [
            6.9875,
            5.6375,
            6.5125,
            6.4875
          ],
          "tintindex": 0,
          "rotation": 0,
          "texture": "#4"
        }
      }
    },
    {
      "from": [
        7,
        8.1637,
        3.4046998
      ],
      "to": [
        9,
        9.1637,
        7.4047003
      ],
      "faces": {
        "east": {
          "uv": [
            13.0125,
            1.6375,
            13.4875,
            1.7375
          ],
          "tintindex": 0,
          "rotation": 0,
          "texture": "#4"
        },
        "south": {
          "uv": [
            14.5125,
            7.2625,
            14.7375,
            7.3625
          ],
          "tintindex": 0,
          "rotation": 0,
          "texture": "#4"
        },
        "north": {
          "uv": [
            14.5125,
            7.0125,
            14.7375,
            7.1125
          ],
          "tintindex": 0,
          "rotation": 0,
          "texture": "#4"
        },
        "west": {
          "uv": [
            13.0125,
            1.8875,
            13.4875,
            1.9875
          ],
          "tintindex": 0,
          "rotation": 0,
          "texture": "#4"
        },
        "up": {
          "uv": [
            2.7375,
            11.6125,
            2.5125,
            11.1375
          ],
          "tintindex": 0,
          "rotation": 0,
          "texture": "#4"
        },
        "down": {
          "uv": [
            3.1125,
            11.1375,
            2.8875,
            11.6125
          ],
          "tintindex": 0,
          "rotation": 0,
          "texture": "#4"
        }
      }
    },
    {
      "from": [
        7.005,
        7.6328564,
        2.6111336
      ],
      "to": [
        8.995,
        9.057857,
        3.6111336
      ],
      "faces": {
        "east": {
          "uv": [
            7.5125,
            15.0125,
            7.6125,
            15.1125
          ],
          "tintindex": 0,
          "rotation": 0,
          "texture": "#4"
        },
        "south": {
          "uv": [
            14.5125,
            2.5125,
            14.7375,
            2.6125
          ],
          "tintindex": 0,
          "rotation": 0,
          "texture": "#4"
        },
        "north": {
          "uv": [
            1.7625,
            14.5125,
            1.9875,
            14.6125
          ],
          "tintindex": 0,
          "rotation": 0,
          "texture": "#4"
        },
        "west": {
          "uv": [
            7.7625,
            15.0125,
            7.8625,
            15.1125
          ],
          "tintindex": 0,
          "rotation": 0,
          "texture": "#4"
        },
        "up": {
          "uv": [
            14.7375,
            2.8625,
            14.5125,
            2.7625
          ],
          "tintindex": 0,
          "rotation": 0,
          "texture": "#4"
        },
        "down": {
          "uv": [
            14.7375,
            4.3875,
            14.5125,
            4.4875
          ],
          "tintindex": 0,
          "rotation": 0,
          "texture": "#4"
        }
      },
      "rotation": {
        "origin": [
          8,
          8.132856,
          3.1111336
        ],
        "angle": 45,
        "axis": "x"
      }
    },
    {
      "from": [
        6.2071066,
        7.6637,
        3.4147
      ],
      "to": [
        7.6071067,
        8.6637,
        7.4147
      ],
      "faces": {
        "east": {
          "uv": [
            13.0125,
            2.1375,
            13.4875,
            2.2375
          ],
          "tintindex": 0,
          "rotation": 0,
          "texture": "#4"
        },
        "south": {
          "uv": [
            9.0125,
            15.0125,
            9.1125,
            15.1125
          ],
          "tintindex": 0,
          "rotation": 0,
          "texture": "#4"
        },
        "north": {
          "uv": [
            15.0125,
            7.7625,
            15.1125,
            7.8625
          ],
          "tintindex": 0,
          "rotation": 0,
          "texture": "#4"
        },
        "west": {
          "uv": [
            13.0125,
            2.3875,
            13.4875,
            2.4875
          ],
          "tintindex": 0,
          "rotation": 0,
          "texture": "#4"
        },
        "up": {
          "uv": [
            4.7375,
            13.4875,
            4.6375,
            13.0125
          ],
          "tintindex": 0,
          "rotation": 0,
          "texture": "#4"
        },
        "down": {
          "uv": [
            4.9875,
            13.0125,
            4.8875,
            13.4875
          ],
          "tintindex": 0,
          "rotation": 0,
          "texture": "#4"
        }
      },
      "rotation": {
        "origin": [
          6.7071066,
          8.1637,
          4.9047003
        ],
        "angle": 45,
        "axis": "z"
      }
    },
    {
      "from": [
        8.392893,
        7.6637,
        3.4147
      ],
      "to": [
        9.792893,
        8.6637,
        7.4147
      ],
      "faces": {
        "east": {
          "uv": [
            13.0125,
            2.6375,
            13.4875,
            2.7375
          ],
          "tintindex": 0,
          "rotation": 0,
          "texture": "#4"
        },
        "south": {
          "uv": [
            9.2625,
            15.0125,
            9.3625,
            15.1125
          ],
          "tintindex": 0,
          "rotation": 0,
          "texture": "#4"
        },
        "north": {
          "uv": [
            15.0125,
            9.1375,
            15.1125,
            9.2375
          ],
          "tintindex": 0,
          "rotation": 0,
          "texture": "#4"
        },
        "west": {
          "uv": [
            5.1375,
            13.0125,
            5.6125,
            13.1125
          ],
          "tintindex": 0,
          "rotation": 0,
          "texture": "#4"
        },
        "up": {
          "uv": [
            5.8625,
            13.4875,
            5.7625,
            13.0125
          ],
          "tintindex": 0,
          "rotation": 0,
          "texture": "#4"
        },
        "down": {
          "uv": [
            6.8625,
            13.0125,
            6.7625,
            13.4875
          ],
          "tintindex": 0,
          "rotation": 0,
          "texture": "#4"
        }
      },
      "rotation": {
        "origin": [
          9.292893,
          8.1637,
          4.8947
        ],
        "angle": -45,
        "axis": "z"
      }
    },
    {
      "from": [
        7,
        7.1637,
        2.4046998
      ],
      "to": [
        9,
        8.1637,
        3.4046998
      ],
      "faces": {
        "east": {
          "uv": [
            7.0125,
            15.0125,
            7.1125,
            15.1125
          ],
          "tintindex": 0,
          "rotation": 0,
          "texture": "#4"
        },
        "south": {
          "uv": [
            10.0125,
            5.3875,
            10.2375,
            5.4875
          ],
          "tintindex": 0,
          "rotation": 0,
          "texture": "#4"
        },
        "north": {
          "uv": [
            9.3875,
            5.6375,
            9.6125,
            5.7375
          ],
          "tintindex": 0,
          "rotation": 0,
          "texture": "#4"
        },
        "west": {
          "uv": [
            7.2625,
            15.0125,
            7.3625,
            15.1125
          ],
          "tintindex": 0,
          "rotation": 0,
          "texture": "#4"
        },
        "up": {
          "uv": [
            1.6125,
            14.6125,
            1.3875,
            14.5125
          ],
          "tintindex": 0,
          "rotation": 0,
          "texture": "#4"
        },
        "down": {
          "uv": [
            14.7375,
            1.3875,
            14.5125,
            1.4875
          ],
          "tintindex": 0,
          "rotation": 0,
          "texture": "#4"
        }
      }
    }
  ],
  "display": {
    "gui": {
      "rotation": [
        30,
        225,
        0
      ]
    }
  }
}