{"textures":{"0":"modelengine:entity/boneshadingreaper","4":"modelengine:entity/fallenreaper"},"elements":[{"from":[7.5,8.0,6.0],"to":[10.5,9.0,10.0],"faces":{"east":{"uv":[9.1375,13.6375,9.6125,13.7375],"tintindex":0,"rotation":0,"texture":"#4"},"south":{"uv":[1.3875,14.2625,1.7375,14.3625],"tintindex":0,"rotation":0,"texture":"#4"},"north":{"uv":[14.1375,12.3875,14.4875,12.4875],"tintindex":0,"rotation":0,"texture":"#4"},"west":{"uv":[10.5125,13.6375,10.9875,13.7375],"tintindex":0,"rotation":0,"texture":"#4"},"up":{"uv":[10.6125,10.9875,10.2625,10.5125],"tintindex":0,"rotation":0,"texture":"#4"},"down":{"uv":[0.3625,10.6375,0.0125,11.1125],"tintindex":0,"rotation":0,"texture":"#4"}}},{"from":[7.75,9.5,7.0],"to":[8.75,10.0,9.0],"faces":{"east":{"uv":[11.6375,14.7625,11.8625,14.8625],"tintindex":0,"rotation":0,"texture":"#4"},"south":{"uv":[12.3875,15.3875,12.4875,15.4875],"tintindex":0,"rotation":0,"texture":"#4"},"north":{"uv":[12.1375,15.3875,12.2375,15.4875],"tintindex":0,"rotation":0,"texture":"#4"},"west":{"uv":[12.0125,14.7625,12.2375,14.8625],"tintindex":0,"rotation":0,"texture":"#4"},"up":{"uv":[5.8625,14.9875,5.7625,14.7625],"tintindex":0,"rotation":0,"texture":"#4"},"down":{"uv":[12.4875,14.7625,12.3875,14.9875],"tintindex":0,"rotation":0,"texture":"#4"}}},{"from":[9.5,9.0,7.0],"to":[10.5,9.5,9.0],"faces":{"east":{"uv":[14.7625,13.1375,14.9875,13.2375],"tintindex":0,"rotation":0,"texture":"#4"},"south":{"uv":[12.6375,15.3875,12.7375,15.4875],"tintindex":0,"rotation":0,"texture":"#4"},"north":{"uv":[15.3875,12.5125,15.4875,12.6125],"tintindex":0,"rotation":0,"texture":"#4"},"west":{"uv":[13.7625,14.7625,13.9875,14.8625],"tintindex":0,"rotation":0,"texture":"#4"},"up":{"uv":[14.2375,14.9875,14.1375,14.7625],"tintindex":0,"rotation":0,"texture":"#4"},"down":{"uv":[14.4875,14.7625,14.3875,14.9875],"tintindex":0,"rotation":0,"texture":"#4"}}},{"from":[8.0,2.0,6.5],"to":[11.0,4.0,9.5],"faces":{"east":{"uv":[5.996,0.004,0.004,3.996],"tintindex":0,"rotation":0,"texture":"#0"},"south":{"uv":[5.996,0.004,0.004,3.996],"tintindex":0,"rotation":0,"texture":"#0"},"north":{"uv":[5.996,0.004,0.004,3.996],"tintindex":0,"rotation":0,"texture":"#0"},"west":{"uv":[5.996,0.004,0.004,3.996],"tintindex":0,"rotation":0,"texture":"#0"},"up":{"uv":[0.004,0.004,5.996,3.996],"tintindex":0,"rotation":0,"texture":"#0"},"down":{"uv":[0.004,0.004,5.996,3.996],"tintindex":0,"rotation":0,"texture":"#0"}}},{"from":[7.51875,-0.049999237,5.95],"to":[11.7,6.049999,10.05],"faces":{"east":{"uv":[7.2625,1.0125,7.7375,1.7375],"tintindex":0,"rotation":0,"texture":"#4"},"south":{"uv":[6.8875,7.2625,7.3625,7.9875],"tintindex":0,"rotation":0,"texture":"#4"},"north":{"uv":[0.8875,3.6375,1.3625,4.3625],"tintindex":0,"rotation":0,"texture":"#4"},"west":{"uv":[0.0125,7.5125,0.4875,8.2375],"tintindex":0,"rotation":0,"texture":"#4"},"up":{"uv":[10.2375,1.1125,9.7625,0.6375],"tintindex":0,"rotation":0,"texture":"#4"},"down":{"uv":[10.2375,1.2625,9.7625,1.7375],"tintindex":0,"rotation":0,"texture":"#4"}}},{"from":[7.5,4.0,6.0],"to":[11.5,8.0,10.0],"faces":{"east":{"uv":[6.2625,9.5125,6.7375,9.9875],"tintindex":0,"rotation":0,"texture":"#4"},"south":{"uv":[8.6375,9.5125,9.1125,9.9875],"tintindex":0,"rotation":0,"texture":"#4"},"north":{"uv":[4.3875,9.5125,4.8625,9.9875],"tintindex":0,"rotation":0,"texture":"#4"},"west":{"uv":[0.0125,9.6375,0.4875,10.1125],"tintindex":0,"rotation":0,"texture":"#4"},"up":{"uv":[1.1125,10.1125,0.6375,9.6375],"tintindex":0,"rotation":0,"texture":"#4"},"down":{"uv":[10.1125,2.5125,9.6375,2.9875],"tintindex":0,"rotation":0,"texture":"#4"}}},{"from":[7.75,3.0,6.0],"to":[8.75,4.0,10.0],"faces":{"east":{"uv":[13.6375,13.2625,14.1125,13.3625],"tintindex":0,"rotation":0,"texture":"#4"},"south":{"uv":[15.1375,9.8875,15.2375,9.9875],"tintindex":0,"rotation":0,"texture":"#4"},"north":{"uv":[8.3875,15.1375,8.4875,15.2375],"tintindex":0,"rotation":0,"texture":"#4"},"west":{"uv":[13.5125,13.6375,13.9875,13.7375],"tintindex":0,"rotation":0,"texture":"#4"},"up":{"uv":[8.1125,14.1125,8.0125,13.6375],"tintindex":0,"rotation":0,"texture":"#4"},"down":{"uv":[0.1125,13.7625,0.0125,14.2375],"tintindex":0,"rotation":0,"texture":"#4"}}},{"from":[9.996864,7.252096,6.005],"to":[10.996864,8.502096,9.995],"faces":{"east":{"uv":[13.6375,7.1375,14.1125,7.2375],"tintindex":0,"rotation":0,"texture":"#4"},"south":{"uv":[15.1375,6.8875,15.2375,6.9875],"tintindex":0,"rotation":0,"texture":"#4"},"north":{"uv":[15.1375,6.2625,15.2375,6.3625],"tintindex":0,"rotation":0,"texture":"#4"},"west":{"uv":[13.6375,7.3875,14.1125,7.4875],"tintindex":0,"rotation":0,"texture":"#4"},"up":{"uv":[4.7375,14.1125,4.6375,13.6375],"tintindex":0,"rotation":0,"texture":"#4"},"down":{"uv":[4.9875,13.6375,4.8875,14.1125],"tintindex":0,"rotation":0,"texture":"#4"}},"rotation":{"origin":[9.496864,8.502096,8.0],"angle":22.5,"axis":"z"}},{"from":[7.5,9.0,6.0],"to":[9.5,9.5,10.0],"faces":{"east":{"uv":[14.0125,9.7625,14.4875,9.8625],"tintindex":0,"rotation":0,"texture":"#4"},"south":{"uv":[11.2625,14.7625,11.4875,14.8625],"tintindex":0,"rotation":0,"texture":"#4"},"north":{"uv":[10.8875,14.7625,11.1125,14.8625],"tintindex":0,"rotation":0,"texture":"#4"},"west":{"uv":[11.1375,14.0125,11.6125,14.1125],"tintindex":0,"rotation":0,"texture":"#4"},"up":{"uv":[11.6125,5.9875,11.3875,5.5125],"tintindex":0,"rotation":0,"texture":"#4"},"down":{"uv":[5.9875,11.3875,5.7625,11.8625],"tintindex":0,"rotation":0,"texture":"#4"}}},{"from":[10.25,3.0,6.0],"to":[11.25,4.0,10.0],"faces":{"east":{"uv":[12.2625,13.6375,12.7375,13.7375],"tintindex":0,"rotation":0,"texture":"#4"},"south":{"uv":[15.1375,7.3875,15.2375,7.4875],"tintindex":0,"rotation":0,"texture":"#4"},"north":{"uv":[15.1375,7.1375,15.2375,7.2375],"tintindex":0,"rotation":0,"texture":"#4"},"west":{"uv":[12.8875,13.6375,13.3625,13.7375],"tintindex":0,"rotation":0,"texture":"#4"},"up":{"uv":[5.8625,14.1125,5.7625,13.6375],"tintindex":0,"rotation":0,"texture":"#4"},"down":{"uv":[7.8625,13.6375,7.7625,14.1125],"tintindex":0,"rotation":0,"texture":"#4"}}}],"display":{"gui":{"rotation":[30,225,0]}}}