{"textures":{"0":"lunar_studios:enderkariz/ares_set/ares_greatsword_mob"},"elements":[{"from":[6.7980323,3.9586663,2.7769446],"to":[9.201967,4.7599792,7.5848155],"faces":{"east":{"uv":[1.375,2.25,2.875,2.0],"tintindex":0,"rotation":0,"texture":"#0"},"south":{"uv":[1.625,2.125,1.375,2.0],"tintindex":0,"rotation":90,"texture":"#0"},"north":{"uv":[1.625,3.5,1.375,3.375],"tintindex":0,"rotation":90,"texture":"#0"},"west":{"uv":[2.875,2.25,1.375,2.0],"tintindex":0,"rotation":0,"texture":"#0"},"up":{"uv":[1.5,5.25,0.0,4.5],"tintindex":0,"rotation":90,"texture":"#0"},"down":{"uv":[1.375,4.375,2.875,3.625],"tintindex":0,"rotation":90,"texture":"#0"}},"rotation":{"origin":[8.0,3.558011,7.9854712],"angle":45.0,"axis":"x"}},{"from":[7.198688,1.5547318,5.982192],"to":[8.8013115,3.9586663,6.7835035],"faces":{"east":{"uv":[2.875,0.5,3.125,1.25],"tintindex":0,"rotation":0,"texture":"#0"},"south":{"uv":[2.875,0.5,3.0,1.25],"tintindex":0,"rotation":0,"texture":"#0"},"north":{"uv":[3.0,0.5,3.125,1.25],"tintindex":0,"rotation":0,"texture":"#0"},"west":{"uv":[3.125,0.5,2.875,1.25],"tintindex":0,"rotation":0,"texture":"#0"},"up":{"uv":[2.875,0.5,3.125,0.625],"tintindex":0,"rotation":0,"texture":"#0"},"down":{"uv":[3.0,1.125,3.125,1.25],"tintindex":0,"rotation":0,"texture":"#0"}},"rotation":{"origin":[8.0,3.558011,7.9854712],"angle":45.0,"axis":"x"}},{"from":[7.799672,23.991463,4.7802243],"to":[8.200328,27.998022,8.786783],"faces":{"east":{"uv":[4.75,5.375,3.5,6.625],"tintindex":0,"rotation":0,"texture":"#0"},"south":{"uv":[4.75,5.375,4.625,6.625],"tintindex":0,"rotation":0,"texture":"#0"},"north":{"uv":[3.625,5.375,3.5,6.625],"tintindex":0,"rotation":0,"texture":"#0"},"west":{"uv":[3.5,5.375,4.75,6.625],"tintindex":0,"rotation":0,"texture":"#0"},"up":{"uv":[4.75,6.625,4.625,5.375],"tintindex":0,"rotation":0,"texture":"#0"},"down":{"uv":[3.625,5.375,3.5,6.625],"tintindex":0,"rotation":0,"texture":"#0"}},"rotation":{"origin":[8.0,27.196709,7.9854712],"angle":-45.0,"axis":"x"}},{"from":[8.0,5.0717607,9.733918],"to":[8.0,6.674385,12.137854],"faces":{"east":{"uv":[1.375,1.75,0.625,1.25],"tintindex":0,"rotation":0,"texture":"#0"},"west":{"uv":[0.625,1.75,1.375,1.25],"tintindex":0,"rotation":0,"texture":"#0"}}},{"from":[7.799672,19.183592,4.299437],"to":[8.200328,20.786215,5.9020605],"faces":{"east":{"uv":[3.5,3.625,3.0,4.125],"tintindex":0,"rotation":0,"texture":"#0"},"south":{"uv":[3.125,3.625,3.0,4.125],"tintindex":0,"rotation":0,"texture":"#0"},"north":{"uv":[3.5,3.625,3.375,4.125],"tintindex":0,"rotation":0,"texture":"#0"},"west":{"uv":[3.5,3.625,3.0,4.125],"tintindex":0,"rotation":0,"texture":"#0"},"up":{"uv":[3.0,4.125,3.125,3.625],"tintindex":0,"rotation":0,"texture":"#0"},"down":{"uv":[3.375,3.625,3.5,4.125],"tintindex":0,"rotation":0,"texture":"#0"}},"rotation":{"origin":[7.919869,19.984905,5.100749],"angle":45.0,"axis":"x"}},{"from":[7.399016,5.9619455,8.786783],"to":[8.600984,12.773097,10.389407],"faces":{"east":{"uv":[0.0,9.375,0.5,11.5],"tintindex":0,"rotation":0,"texture":"#0"},"south":{"uv":[0.125,9.375,0.0,11.5],"tintindex":0,"rotation":0,"texture":"#0"},"north":{"uv":[0.5,9.375,0.375,11.5],"tintindex":0,"rotation":0,"texture":"#0"},"west":{"uv":[0.5,9.375,0.0,11.5],"tintindex":0,"rotation":0,"texture":"#0"},"up":{"uv":[0.0,9.5,0.5,9.375],"tintindex":0,"rotation":0,"texture":"#0"},"down":{"uv":[0.0,11.375,0.5,11.5],"tintindex":0,"rotation":90,"texture":"#0"}}},{"from":[7.5993443,-0.027754784,9.00135],"to":[8.400656,1.9755249,9.802662],"faces":{"east":{"uv":[1.5,0.375,1.25,1.0],"tintindex":0,"rotation":0,"texture":"#0"},"south":{"uv":[1.5,0.375,1.375,1.0],"tintindex":0,"rotation":0,"texture":"#0"},"north":{"uv":[1.375,0.375,1.25,1.0],"tintindex":0,"rotation":0,"texture":"#0"},"west":{"uv":[1.25,0.375,1.5,1.0],"tintindex":0,"rotation":0,"texture":"#0"},"up":{"uv":[1.25,0.5,1.375,0.375],"tintindex":0,"rotation":0,"texture":"#0"},"down":{"uv":[1.375,1.0,1.5,0.875],"tintindex":0,"rotation":0,"texture":"#0"}},"rotation":{"origin":[8.0,1.5748682,9.402006],"angle":45.0,"axis":"x"}},{"from":[7.5192127,19.584248,10.068882],"to":[8.480787,20.786215,11.27085],"faces":{"east":{"uv":[3.0,3.625,3.375,4.0],"tintindex":0,"rotation":0,"texture":"#0"},"south":{"uv":[3.25,3.625,3.375,4.0],"tintindex":0,"rotation":0,"texture":"#0"},"north":{"uv":[3.0,3.625,3.125,4.0],"tintindex":0,"rotation":0,"texture":"#0"},"west":{"uv":[3.0,3.625,3.375,4.0],"tintindex":0,"rotation":0,"texture":"#0"},"up":{"uv":[3.0,3.625,3.125,4.0],"tintindex":0,"rotation":0,"texture":"#0"},"down":{"uv":[3.25,4.0,3.375,3.625],"tintindex":0,"rotation":0,"texture":"#0"}},"rotation":{"origin":[7.919869,19.984905,10.870194],"angle":-45.0,"axis":"x"}},{"from":[7.5993443,-8.862324,7.1841598],"to":[8.400656,-7.259699,8.786783],"faces":{"east":{"uv":[1.125,1.875,0.625,2.375],"tintindex":0,"rotation":0,"texture":"#0"},"south":{"uv":[1.0,1.875,1.125,2.375],"tintindex":0,"rotation":0,"texture":"#0"},"north":{"uv":[0.625,1.875,0.75,2.375],"tintindex":0,"rotation":0,"texture":"#0"},"west":{"uv":[0.625,1.875,1.125,2.375],"tintindex":0,"rotation":0,"texture":"#0"},"up":{"uv":[0.625,1.875,0.75,2.375],"tintindex":0,"rotation":0,"texture":"#0"},"down":{"uv":[1.0,2.375,1.125,1.875],"tintindex":0,"rotation":0,"texture":"#0"}},"rotation":{"origin":[8.0,-8.06101,7.9854712],"angle":45.0,"axis":"x"}},{"from":[7.5993443,12.773097,9.187439],"to":[8.400656,25.594086,10.389407],"faces":{"east":{"uv":[0.0,5.375,0.375,9.375],"tintindex":0,"rotation":0,"texture":"#0"},"south":{"uv":[0.125,5.375,0.0,9.375],"tintindex":0,"rotation":0,"texture":"#0"},"north":{"uv":[0.375,5.375,0.25,9.375],"tintindex":0,"rotation":0,"texture":"#0"},"west":{"uv":[0.375,5.375,0.0,9.375],"tintindex":0,"rotation":0,"texture":"#0"},"up":{"uv":[0.375,5.375,0.0,5.5],"tintindex":0,"rotation":90,"texture":"#0"},"down":{"uv":[0.0,9.375,0.375,5.375],"tintindex":0,"rotation":0,"texture":"#0"}}},{"from":[7.5993443,16.779655,6.7835035],"to":[8.400656,25.594086,9.187439],"faces":{"east":{"uv":[0.375,5.375,1.125,8.125],"tintindex":0,"rotation":0,"texture":"#0"},"south":{"uv":[1.0,5.375,1.125,8.125],"tintindex":0,"rotation":0,"texture":"#0"},"north":{"uv":[0.375,5.375,0.5,8.125],"tintindex":0,"rotation":0,"texture":"#0"},"west":{"uv":[0.375,5.375,1.125,8.125],"tintindex":0,"rotation":0,"texture":"#0"},"up":{"uv":[0.375,5.375,1.125,5.5],"tintindex":0,"rotation":90,"texture":"#0"},"down":{"uv":[0.375,8.0,1.125,8.125],"tintindex":0,"rotation":90,"texture":"#0"}}},{"from":[7.198688,1.5547318,6.7835035],"to":[8.8013115,2.3560433,9.988751],"faces":{"east":{"uv":[1.875,1.0,2.875,1.25],"tintindex":0,"rotation":0,"texture":"#0"},"south":{"uv":[1.875,1.0,2.0,1.125],"tintindex":0,"rotation":0,"texture":"#0"},"north":{"uv":[1.875,1.0,2.0,1.125],"tintindex":0,"rotation":0,"texture":"#0"},"west":{"uv":[2.875,1.0,1.875,1.25],"tintindex":0,"rotation":0,"texture":"#0"},"up":{"uv":[2.875,1.0,1.875,1.125],"tintindex":0,"rotation":90,"texture":"#0"},"down":{"uv":[1.875,1.125,2.875,1.25],"tintindex":0,"rotation":90,"texture":"#0"}},"rotation":{"origin":[8.0,3.558011,7.9854712],"angle":45.0,"axis":"x"}},{"from":[8.0,5.0717607,3.8330898],"to":[8.0,6.674385,6.2370253],"faces":{"east":{"uv":[0.625,1.75,1.375,1.25],"tintindex":0,"rotation":0,"texture":"#0"},"west":{"uv":[1.375,1.75,0.625,1.25],"tintindex":0,"rotation":0,"texture":"#0"}}},{"from":[7.399016,5.9619455,5.581536],"to":[8.600984,12.773097,7.1841598],"faces":{"east":{"uv":[0.5,9.375,0.0,11.5],"tintindex":0,"rotation":0,"texture":"#0"},"south":{"uv":[0.375,9.375,0.5,11.5],"tintindex":0,"rotation":0,"texture":"#0"},"north":{"uv":[0.0,9.375,0.125,11.5],"tintindex":0,"rotation":0,"texture":"#0"},"west":{"uv":[0.0,9.375,0.5,11.5],"tintindex":0,"rotation":0,"texture":"#0"},"up":{"uv":[0.0,9.375,0.5,9.5],"tintindex":0,"rotation":0,"texture":"#0"},"down":{"uv":[0.5,11.375,0.0,11.5],"tintindex":0,"rotation":90,"texture":"#0"}}},{"from":[7.799672,11.971785,4.299437],"to":[8.200328,13.5744095,5.9020605],"faces":{"east":{"uv":[3.5,3.625,3.0,4.125],"tintindex":0,"rotation":0,"texture":"#0"},"south":{"uv":[3.125,3.625,3.0,4.125],"tintindex":0,"rotation":0,"texture":"#0"},"north":{"uv":[3.5,3.625,3.375,4.125],"tintindex":0,"rotation":0,"texture":"#0"},"west":{"uv":[3.5,3.625,3.0,4.125],"tintindex":0,"rotation":0,"texture":"#0"},"up":{"uv":[3.0,4.125,3.125,3.625],"tintindex":0,"rotation":0,"texture":"#0"},"down":{"uv":[3.375,3.625,3.5,4.125],"tintindex":0,"rotation":0,"texture":"#0"}},"rotation":{"origin":[7.919869,12.773097,5.100749],"angle":45.0,"axis":"x"}},{"from":[7.198688,-0.44854736,7.1841598],"to":[8.8013115,0.35276413,8.786783],"faces":{"east":{"uv":[1.25,0.0,1.75,0.25],"tintindex":0,"rotation":0,"texture":"#0"},"south":{"uv":[1.25,0.0,1.75,0.25],"tintindex":0,"rotation":0,"texture":"#0"},"north":{"uv":[1.25,0.0,1.75,0.25],"tintindex":0,"rotation":0,"texture":"#0"},"west":{"uv":[1.25,0.0,1.75,0.25],"tintindex":0,"rotation":0,"texture":"#0"},"up":{"uv":[0.625,0.0,1.125,0.5],"tintindex":0,"rotation":0,"texture":"#0"},"down":{"uv":[0.625,0.625,1.125,1.125],"tintindex":0,"rotation":0,"texture":"#0"}},"rotation":{"origin":[8.0,-0.04789257,7.9854712],"angle":-45.0,"axis":"y"}},{"from":[7.799672,11.971785,10.068882],"to":[8.200328,13.5744095,11.671507],"faces":{"east":{"uv":[3.0,3.625,3.5,4.125],"tintindex":0,"rotation":0,"texture":"#0"},"south":{"uv":[3.375,3.625,3.5,4.125],"tintindex":0,"rotation":0,"texture":"#0"},"north":{"uv":[3.0,3.625,3.125,4.125],"tintindex":0,"rotation":0,"texture":"#0"},"west":{"uv":[3.0,3.625,3.5,4.125],"tintindex":0,"rotation":0,"texture":"#0"},"up":{"uv":[3.0,3.625,3.125,4.125],"tintindex":0,"rotation":0,"texture":"#0"},"down":{"uv":[3.375,4.125,3.5,3.625],"tintindex":0,"rotation":0,"texture":"#0"}},"rotation":{"origin":[7.919869,12.773097,10.870194],"angle":-45.0,"axis":"x"}},{"from":[7.198688,4.7599792,7.5848155],"to":[8.8013115,5.5612907,9.988751],"faces":{"east":{"uv":[1.875,0.0,2.625,0.25],"tintindex":0,"rotation":0,"texture":"#0"},"south":{"uv":[1.875,0.0,2.0,0.125],"tintindex":0,"rotation":0,"texture":"#0"},"north":{"uv":[2.5,0.0,2.625,0.125],"tintindex":0,"rotation":0,"texture":"#0"},"west":{"uv":[2.625,0.0,1.875,0.25],"tintindex":0,"rotation":0,"texture":"#0"},"up":{"uv":[2.625,0.0,1.875,0.125],"tintindex":0,"rotation":90,"texture":"#0"},"down":{"uv":[1.875,0.125,2.625,0.25],"tintindex":0,"rotation":90,"texture":"#0"}},"rotation":{"origin":[8.0,3.558011,7.9854712],"angle":45.0,"axis":"x"}},{"from":[7.5192127,-7.3398285,7.5046844],"to":[8.480787,0.83355045,8.466259],"faces":{"east":{"uv":[0.5,0.0,0.25,2.5],"tintindex":0,"rotation":0,"texture":"#0"},"south":{"uv":[0.25,0.0,0.5,2.5],"tintindex":0,"rotation":0,"texture":"#0"},"north":{"uv":[0.25,0.0,0.5,2.5],"tintindex":0,"rotation":0,"texture":"#0"},"west":{"uv":[0.5,0.0,0.25,2.5],"tintindex":0,"rotation":0,"texture":"#0"},"up":{"uv":[0.25,0.0,0.375,0.125],"tintindex":0,"rotation":0,"texture":"#0"},"down":{"uv":[0.375,0.5,0.5,0.625],"tintindex":0,"rotation":0,"texture":"#0"}},"rotation":{"origin":[8.0,-3.6537962,7.9854712],"angle":-45.0,"axis":"y"}},{"from":[7.799672,19.183592,10.068882],"to":[8.200328,20.786215,11.671507],"faces":{"east":{"uv":[3.0,3.625,3.5,4.125],"tintindex":0,"rotation":0,"texture":"#0"},"south":{"uv":[3.375,3.625,3.5,4.125],"tintindex":0,"rotation":0,"texture":"#0"},"north":{"uv":[3.0,3.625,3.125,4.125],"tintindex":0,"rotation":0,"texture":"#0"},"west":{"uv":[3.0,3.625,3.5,4.125],"tintindex":0,"rotation":0,"texture":"#0"},"up":{"uv":[3.0,3.625,3.125,4.125],"tintindex":0,"rotation":0,"texture":"#0"},"down":{"uv":[3.375,4.125,3.5,3.625],"tintindex":0,"rotation":0,"texture":"#0"}},"rotation":{"origin":[7.919869,19.984905,10.870194],"angle":-45.0,"axis":"x"}},{"from":[7.5993443,-7.259699,7.5848155],"to":[8.400656,0.7534189,8.386127],"faces":{"east":{"uv":[0.25,0.0,0.0,2.5],"tintindex":0,"rotation":0,"texture":"#0"},"south":{"uv":[0.0,0.0,0.25,2.5],"tintindex":0,"rotation":0,"texture":"#0"},"north":{"uv":[0.0,0.0,0.25,2.5],"tintindex":0,"rotation":0,"texture":"#0"},"west":{"uv":[0.25,0.0,0.0,2.5],"tintindex":0,"rotation":0,"texture":"#0"},"up":{"uv":[0.0,0.0,0.125,0.125],"tintindex":0,"rotation":0,"texture":"#0"},"down":{"uv":[0.0,0.0,0.125,0.125],"tintindex":0,"rotation":0,"texture":"#0"}},"rotation":{"origin":[8.0,-3.6537962,7.9854712],"angle":-45.0,"axis":"y"}},{"from":[7.198688,-6.4583874,7.1841598],"to":[8.8013115,-5.657074,8.786783],"faces":{"east":{"uv":[1.25,0.0,1.75,0.25],"tintindex":0,"rotation":0,"texture":"#0"},"south":{"uv":[1.25,0.0,1.75,0.25],"tintindex":0,"rotation":0,"texture":"#0"},"north":{"uv":[1.25,0.0,1.75,0.25],"tintindex":0,"rotation":0,"texture":"#0"},"west":{"uv":[1.25,0.0,1.75,0.25],"tintindex":0,"rotation":0,"texture":"#0"},"up":{"uv":[0.625,0.0,1.125,0.5],"tintindex":0,"rotation":0,"texture":"#0"},"down":{"uv":[0.625,0.625,1.125,1.125],"tintindex":0,"rotation":0,"texture":"#0"}}},{"from":[7.5993443,-0.027754784,6.1682806],"to":[8.400656,1.9755249,6.969592],"faces":{"east":{"uv":[1.25,0.375,1.5,1.0],"tintindex":0,"rotation":0,"texture":"#0"},"south":{"uv":[1.25,0.375,1.375,1.0],"tintindex":0,"rotation":0,"texture":"#0"},"north":{"uv":[1.375,0.375,1.5,1.0],"tintindex":0,"rotation":0,"texture":"#0"},"west":{"uv":[1.5,0.375,1.25,1.0],"tintindex":0,"rotation":0,"texture":"#0"},"up":{"uv":[1.25,0.375,1.375,0.5],"tintindex":0,"rotation":0,"texture":"#0"},"down":{"uv":[1.375,0.875,1.5,1.0],"tintindex":0,"rotation":0,"texture":"#0"}},"rotation":{"origin":[8.0,1.5748682,6.5689363],"angle":-45.0,"axis":"x"}},{"from":[7.5993443,4.3593225,8.786783],"to":[8.400656,5.9619455,10.389407],"faces":{"east":{"uv":[1.5,1.375,2.0,1.875],"tintindex":0,"rotation":0,"texture":"#0"},"south":{"uv":[1.875,1.375,2.0,1.875],"tintindex":0,"rotation":0,"texture":"#0"},"north":{"uv":[1.5,1.375,1.625,1.875],"tintindex":0,"rotation":0,"texture":"#0"},"west":{"uv":[1.5,1.375,2.0,1.875],"tintindex":0,"rotation":0,"texture":"#0"},"up":{"uv":[1.875,1.875,2.0,1.375],"tintindex":0,"rotation":0,"texture":"#0"},"down":{"uv":[1.5,1.375,1.625,1.875],"tintindex":0,"rotation":0,"texture":"#0"}},"rotation":{"origin":[8.0,3.558011,7.9854712],"angle":45.0,"axis":"x"}},{"from":[7.5993443,4.505146,10.134574],"to":[8.400656,6.508425,10.935885],"faces":{"east":{"uv":[1.5,0.375,1.25,1.0],"tintindex":0,"rotation":0,"texture":"#0"},"south":{"uv":[1.5,0.375,1.375,1.0],"tintindex":0,"rotation":0,"texture":"#0"},"north":{"uv":[1.375,0.375,1.25,1.0],"tintindex":0,"rotation":0,"texture":"#0"},"west":{"uv":[1.25,0.375,1.5,1.0],"tintindex":0,"rotation":0,"texture":"#0"},"up":{"uv":[1.25,0.5,1.375,0.375],"tintindex":0,"rotation":0,"texture":"#0"},"down":{"uv":[1.375,1.0,1.5,0.875],"tintindex":0,"rotation":0,"texture":"#0"}},"rotation":{"origin":[8.0,6.107769,10.53523],"angle":45.0,"axis":"x"}},{"from":[7.5192127,12.372442,4.7000933],"to":[8.480787,13.5744095,5.9020605],"faces":{"east":{"uv":[3.375,3.625,3.0,4.0],"tintindex":0,"rotation":0,"texture":"#0"},"south":{"uv":[3.125,3.625,3.0,4.0],"tintindex":0,"rotation":0,"texture":"#0"},"north":{"uv":[3.375,3.625,3.25,4.0],"tintindex":0,"rotation":0,"texture":"#0"},"west":{"uv":[3.375,3.625,3.0,4.0],"tintindex":0,"rotation":0,"texture":"#0"},"up":{"uv":[3.0,4.0,3.125,3.625],"tintindex":0,"rotation":0,"texture":"#0"},"down":{"uv":[3.25,3.625,3.375,4.0],"tintindex":0,"rotation":0,"texture":"#0"}},"rotation":{"origin":[7.919869,12.773097,5.100749],"angle":45.0,"axis":"x"}},{"from":[7.5993443,12.773097,5.581536],"to":[8.400656,25.594086,6.7835035],"faces":{"east":{"uv":[0.375,5.375,0.0,9.375],"tintindex":0,"rotation":0,"texture":"#0"},"south":{"uv":[0.25,5.375,0.375,9.375],"tintindex":0,"rotation":0,"texture":"#0"},"north":{"uv":[0.0,5.375,0.125,9.375],"tintindex":0,"rotation":0,"texture":"#0"},"west":{"uv":[0.0,5.375,0.375,9.375],"tintindex":0,"rotation":0,"texture":"#0"},"up":{"uv":[0.0,5.375,0.375,5.5],"tintindex":0,"rotation":90,"texture":"#0"},"down":{"uv":[0.0,5.375,0.375,9.375],"tintindex":0,"rotation":0,"texture":"#0"}}},{"from":[7.5993443,4.505146,5.0350575],"to":[8.400656,6.508425,5.836369],"faces":{"east":{"uv":[1.25,0.375,1.5,1.0],"tintindex":0,"rotation":0,"texture":"#0"},"south":{"uv":[1.25,0.375,1.375,1.0],"tintindex":0,"rotation":0,"texture":"#0"},"north":{"uv":[1.375,0.375,1.5,1.0],"tintindex":0,"rotation":0,"texture":"#0"},"west":{"uv":[1.5,0.375,1.25,1.0],"tintindex":0,"rotation":0,"texture":"#0"},"up":{"uv":[1.25,0.375,1.375,0.5],"tintindex":0,"rotation":0,"texture":"#0"},"down":{"uv":[1.375,0.875,1.5,1.0],"tintindex":0,"rotation":0,"texture":"#0"}},"rotation":{"origin":[8.0,6.107769,5.4357133],"angle":-45.0,"axis":"x"}},{"from":[8.0,23.991463,4.7802243],"to":[8.0,28.799332,9.588095],"faces":{"east":{"uv":[5.0,5.125,3.5,6.625],"tintindex":0,"rotation":0,"texture":"#0"},"west":{"uv":[3.5,5.125,5.0,6.625],"tintindex":0,"rotation":0,"texture":"#0"}},"rotation":{"origin":[8.0,27.196709,7.9854712],"angle":-45.0,"axis":"x"}},{"from":[7.198688,2.3560433,9.187439],"to":[8.8013115,4.7599792,9.988751],"faces":{"east":{"uv":[1.875,0.25,2.125,1.0],"tintindex":0,"rotation":0,"texture":"#0"},"south":{"uv":[1.875,0.25,2.0,1.0],"tintindex":0,"rotation":0,"texture":"#0"},"north":{"uv":[2.0,0.25,2.125,1.0],"tintindex":0,"rotation":0,"texture":"#0"},"west":{"uv":[2.125,0.25,1.875,1.0],"tintindex":0,"rotation":0,"texture":"#0"},"up":{"uv":[1.875,1.0,2.0,1.125],"tintindex":0,"rotation":0,"texture":"#0"},"down":{"uv":[1.875,1.0,2.0,1.125],"tintindex":0,"rotation":0,"texture":"#0"}},"rotation":{"origin":[8.0,3.558011,7.9854712],"angle":45.0,"axis":"x"}},{"from":[6.7980323,4.7599792,6.7835035],"to":[9.201967,8.766538,7.5848155],"faces":{"east":{"uv":[1.375,3.5,1.625,2.25],"tintindex":0,"rotation":0,"texture":"#0"},"south":{"uv":[2.875,4.375,1.625,3.625],"tintindex":0,"rotation":90,"texture":"#0"},"north":{"uv":[1.5,5.25,0.25,4.5],"tintindex":0,"rotation":90,"texture":"#0"},"west":{"uv":[1.625,3.5,1.375,2.25],"tintindex":0,"rotation":0,"texture":"#0"},"up":{"uv":[2.875,2.25,2.75,2.0],"tintindex":0,"rotation":0,"texture":"#0"},"down":{"uv":[1.5,2.25,1.375,2.0],"tintindex":0,"rotation":0,"texture":"#0"}},"rotation":{"origin":[8.0,3.558011,7.9854712],"angle":45.0,"axis":"x"}},{"from":[8.0,-9.663635,5.581536],"to":[8.0,-5.657074,9.588095],"faces":{"east":{"uv":[1.25,2.625,0.0,3.875],"tintindex":0,"rotation":0,"texture":"#0"},"west":{"uv":[0.0,2.625,1.25,3.875],"tintindex":0,"rotation":0,"texture":"#0"}},"rotation":{"origin":[8.0,-8.06101,7.9854712],"angle":45.0,"axis":"x"}},{"from":[8.0,-0.84920406,3.5782566],"to":[8.0,7.965225,12.392687],"faces":{"east":{"uv":[6.0,0.0,3.25,2.75],"tintindex":0,"rotation":0,"texture":"#0"},"west":{"uv":[3.25,0.0,6.0,2.75],"tintindex":0,"rotation":0,"texture":"#0"}},"rotation":{"origin":[8.0,3.558011,7.9854712],"angle":45.0,"axis":"x"}},{"from":[8.0,-0.04789257,5.2496247],"to":[8.0,1.5547318,7.65356],"faces":{"east":{"uv":[0.625,1.25,1.375,1.75],"tintindex":0,"rotation":0,"texture":"#0"},"west":{"uv":[1.375,1.25,0.625,1.75],"tintindex":0,"rotation":0,"texture":"#0"}}},{"from":[8.0,-0.04789257,8.317383],"to":[8.0,1.5547318,10.721319],"faces":{"east":{"uv":[1.375,1.25,0.625,1.75],"tintindex":0,"rotation":0,"texture":"#0"},"west":{"uv":[0.625,1.25,1.375,1.75],"tintindex":0,"rotation":0,"texture":"#0"}}},{"from":[7.5192127,12.372442,10.068882],"to":[8.480787,13.5744095,11.27085],"faces":{"east":{"uv":[3.0,3.625,3.375,4.0],"tintindex":0,"rotation":0,"texture":"#0"},"south":{"uv":[3.25,3.625,3.375,4.0],"tintindex":0,"rotation":0,"texture":"#0"},"north":{"uv":[3.0,3.625,3.125,4.0],"tintindex":0,"rotation":0,"texture":"#0"},"west":{"uv":[3.0,3.625,3.375,4.0],"tintindex":0,"rotation":0,"texture":"#0"},"up":{"uv":[3.0,3.625,3.125,4.0],"tintindex":0,"rotation":0,"texture":"#0"},"down":{"uv":[3.25,4.0,3.375,3.625],"tintindex":0,"rotation":0,"texture":"#0"}},"rotation":{"origin":[7.919869,12.773097,10.870194],"angle":-45.0,"axis":"x"}},{"from":[7.5192127,19.584248,4.7000933],"to":[8.480787,20.786215,5.9020605],"faces":{"east":{"uv":[3.375,3.625,3.0,4.0],"tintindex":0,"rotation":0,"texture":"#0"},"south":{"uv":[3.125,3.625,3.0,4.0],"tintindex":0,"rotation":0,"texture":"#0"},"north":{"uv":[3.375,3.625,3.25,4.0],"tintindex":0,"rotation":0,"texture":"#0"},"west":{"uv":[3.375,3.625,3.0,4.0],"tintindex":0,"rotation":0,"texture":"#0"},"up":{"uv":[3.0,4.0,3.125,3.625],"tintindex":0,"rotation":0,"texture":"#0"},"down":{"uv":[3.25,3.625,3.375,4.0],"tintindex":0,"rotation":0,"texture":"#0"}},"rotation":{"origin":[7.919869,19.984905,5.100749],"angle":45.0,"axis":"x"}},{"from":[7.5993443,4.3593225,5.581536],"to":[8.400656,5.9619455,7.1841598],"faces":{"east":{"uv":[2.0,1.375,1.5,1.875],"tintindex":0,"rotation":0,"texture":"#0"},"south":{"uv":[1.625,1.375,1.5,1.875],"tintindex":0,"rotation":0,"texture":"#0"},"north":{"uv":[2.0,1.375,1.875,1.875],"tintindex":0,"rotation":0,"texture":"#0"},"west":{"uv":[2.0,1.375,1.5,1.875],"tintindex":0,"rotation":0,"texture":"#0"},"up":{"uv":[1.875,1.375,2.0,1.875],"tintindex":0,"rotation":0,"texture":"#0"},"down":{"uv":[1.5,1.875,1.625,1.375],"tintindex":0,"rotation":0,"texture":"#0"}},"rotation":{"origin":[8.0,3.558011,7.9854712],"angle":-45.0,"axis":"x"}},{"from":[8.0,7.1639137,5.18088],"to":[8.0,25.594086,10.790064],"faces":{"east":{"uv":[1.625,5.375,3.375,11.125],"tintindex":0,"rotation":0,"texture":"#0"},"west":{"uv":[1.625,5.375,3.375,11.125],"tintindex":0,"rotation":0,"texture":"#0"}}}],"display":{"gui":{"rotation":[30,225,0]}}}