{"textures":{"0":"modelengine:entity/dragonskrill"},"elements":[{"from":[12.808572,-9.548573,-7.745715],"to":[12.808572,-2.9485722,0.7399998],"rotation":{"angle":45.0,"axis":"z","origin":[4.605714,2.2371426,14.317143]},"faces":{"east":{"uv":[8.59375,5.53125,8.875,5.75],"rotation":0,"texture":"#0","tintindex":0},"south":{"uv":[0.0,0.0,0.0,0.21875],"rotation":0,"texture":"#0","tintindex":0},"north":{"uv":[0.0,0.0,0.0,0.21875],"rotation":0,"texture":"#0","tintindex":0},"west":{"uv":[5.75,8.59375,6.03125,8.8125],"rotation":0,"texture":"#0","tintindex":0},"up":{"uv":[0.0,0.28125,0.0,0.0],"rotation":0,"texture":"#0","tintindex":0},"down":{"uv":[0.0,0.0,0.0,0.28125],"rotation":0,"texture":"#0","tintindex":0}}},{"from":[3.1914282,-9.548573,-7.745715],"to":[3.1914282,-2.9485722,0.7399998],"rotation":{"angle":-45.0,"axis":"z","origin":[11.394286,2.2371426,14.317143]},"faces":{"east":{"uv":[7.03125,8.59375,7.3125,8.8125],"rotation":0,"texture":"#0","tintindex":0},"south":{"uv":[0.0,0.0,0.0,0.21875],"rotation":0,"texture":"#0","tintindex":0},"north":{"uv":[0.0,0.0,0.0,0.21875],"rotation":0,"texture":"#0","tintindex":0},"west":{"uv":[7.3125,8.59375,7.59375,8.8125],"rotation":0,"texture":"#0","tintindex":0},"up":{"uv":[0.0,0.28125,0.0,0.0],"rotation":0,"texture":"#0","tintindex":0},"down":{"uv":[0.0,0.0,0.0,0.28125],"rotation":0,"texture":"#0","tintindex":0}}},{"from":[8.0,10.6285715,3.0028572],"to":[8.0,17.228573,11.488571],"rotation":{"angle":0.0,"axis":"y","origin":[11.394286,2.2371426,14.317143]},"faces":{"east":{"uv":[7.59375,8.59375,7.875,8.8125],"rotation":0,"texture":"#0","tintindex":0},"south":{"uv":[0.0,0.0,0.0,0.21875],"rotation":0,"texture":"#0","tintindex":0},"north":{"uv":[0.0,0.0,0.0,0.21875],"rotation":0,"texture":"#0","tintindex":0},"west":{"uv":[7.875,8.59375,8.15625,8.8125],"rotation":0,"texture":"#0","tintindex":0},"up":{"uv":[0.0,0.28125,0.0,0.0],"rotation":0,"texture":"#0","tintindex":0},"down":{"uv":[0.0,0.0,0.0,0.28125],"rotation":0,"texture":"#0","tintindex":0}}},{"from":[2.342857,2.142857,1.0228567],"to":[13.657143,10.6285715,12.620001],"rotation":{"angle":0.0,"axis":"y","origin":[8.0,4.9714284,1.965714]},"faces":{"east":{"uv":[7.71875,6.34375,8.109375,6.625],"rotation":0,"texture":"#0","tintindex":0},"south":{"uv":[7.71875,7.65625,8.09375,7.9375],"rotation":0,"texture":"#0","tintindex":0},"north":{"uv":[5.28125,7.6875,5.65625,7.96875],"rotation":0,"texture":"#0","tintindex":0},"west":{"uv":[7.71875,6.625,8.109375,6.90625],"rotation":0,"texture":"#0","tintindex":0},"up":{"uv":[5.9375,4.421875,5.5625,4.03125],"rotation":0,"texture":"#0","tintindex":0},"down":{"uv":[5.65625,7.28125,5.28125,7.671875],"rotation":0,"texture":"#0","tintindex":0}}}],"display":{"head":{"translation":[0.0,-6.4,0.0],"scale":[4.0,4.0,4.0]}}}