{"textures":{"0":"modelengine:entity/dragonskrill"},"elements":[{"from":[4.7,-1.4172621,5.339759],"to":[9.414286,8.954167,10.996902],"rotation":{"angle":0.0,"axis":"y","origin":[19.785715,-31.588692,8.16833]},"faces":{"east":{"uv":[6.40625,8.3125,6.59375,8.65625],"rotation":0,"texture":"#0","tintindex":0},"south":{"uv":[5.1875,8.625,5.34375,8.96875],"rotation":0,"texture":"#0","tintindex":0},"north":{"uv":[4.65625,8.625,4.8125,8.96875],"rotation":0,"texture":"#0","tintindex":0},"west":{"uv":[8.34375,2.0,8.53125,2.34375],"rotation":0,"texture":"#0","tintindex":0},"up":{"uv":[2.21875,9.03125,2.0625,8.84375],"rotation":0,"texture":"#0","tintindex":0},"down":{"uv":[2.96875,8.84375,2.8125,9.03125],"rotation":0,"texture":"#0","tintindex":0}}}],"display":{"head":{"translation":[0.0,-6.4,0.0],"scale":[4.0,4.0,4.0]}}}