{"textures":{"0":"modelengine:entity/dragonskrill"},"elements":[{"from":[7.9057145,12.42,-2.9371433],"to":[7.9057145,19.02,5.5485716],"rotation":{"angle":0.0,"axis":"y","origin":[11.3,3.0857139,19.314285]},"faces":{"east":{"uv":[8.59375,7.875,8.875,8.09375],"rotation":0,"texture":"#0","tintindex":0},"south":{"uv":[0.0,0.0,0.0,0.21875],"rotation":0,"texture":"#0","tintindex":0},"north":{"uv":[0.0,0.0,0.0,0.21875],"rotation":0,"texture":"#0","tintindex":0},"west":{"uv":[8.15625,8.59375,8.4375,8.8125],"rotation":0,"texture":"#0","tintindex":0},"up":{"uv":[0.0,0.28125,0.0,0.0],"rotation":0,"texture":"#0","tintindex":0},"down":{"uv":[0.0,0.0,0.0,0.28125],"rotation":0,"texture":"#0","tintindex":0}}},{"from":[1.3057141,2.048571,-8.122858],"to":[14.505714,12.42,9.225715],"rotation":{"angle":0.0,"axis":"y","origin":[7.9057145,4.877143,-8.122858]},"faces":{"east":{"uv":[3.4375,2.4375,4.015625,2.78125],"rotation":0,"texture":"#0","tintindex":0},"south":{"uv":[5.0625,2.4375,5.5,2.78125],"rotation":0,"texture":"#0","tintindex":0},"north":{"uv":[4.625,2.4375,5.0625,2.78125],"rotation":0,"texture":"#0","tintindex":0},"west":{"uv":[4.03125,2.4375,4.609375,2.78125],"rotation":0,"texture":"#0","tintindex":0},"up":{"uv":[6.0,4.015625,5.5625,3.4375],"rotation":0,"texture":"#0","tintindex":0},"down":{"uv":[3.90625,7.28125,3.46875,7.859375],"rotation":0,"texture":"#0","tintindex":0}}}],"display":{"head":{"translation":[0.0,-6.4,0.0],"scale":[4.0,4.0,4.0]}}}