{"textures":{"0":"modelengine:entity/dragonskrill"},"elements":[{"from":[13.154106,13.831772,9.767568],"to":[14.376049,14.465372,21.262882],"rotation":{"angle":45.0,"axis":"y","origin":[7.860676,14.148572,6.3697367]},"faces":{"east":{"uv":[8.8125,7.03125,9.609375,7.078125],"rotation":0,"texture":"#0","tintindex":0},"south":{"uv":[2.96875,9.125,3.046875,9.171875],"rotation":0,"texture":"#0","tintindex":0},"north":{"uv":[2.875,9.125,2.953125,9.171875],"rotation":0,"texture":"#0","tintindex":0},"west":{"uv":[8.8125,7.09375,9.609375,7.140625],"rotation":0,"texture":"#0","tintindex":0},"up":{"uv":[4.234375,9.140625,4.15625,8.34375],"rotation":0,"texture":"#0","tintindex":0},"down":{"uv":[4.328125,8.34375,4.25,9.140625],"rotation":0,"texture":"#0","tintindex":0}}},{"from":[-8.188347,14.103315,0.02159357],"to":[32.0,14.193829,24.686737],"rotation":{"angle":0.0,"axis":"y","origin":[7.860676,14.148572,6.3697367]},"faces":{"east":{"uv":[8.9375,7.8125,10.640625,7.828125],"rotation":0,"texture":"#0","tintindex":0},"south":{"uv":[8.71875,2.34375,11.5,2.359375],"rotation":0,"texture":"#0","tintindex":0},"north":{"uv":[8.65625,8.5625,11.4375,8.578125],"rotation":0,"texture":"#0","tintindex":0},"west":{"uv":[8.9375,7.84375,10.640625,7.859375],"rotation":0,"texture":"#0","tintindex":0},"up":{"uv":[9.0,1.703125,6.21875,0.0],"rotation":0,"texture":"#0","tintindex":0},"down":{"uv":[9.0,3.4375,6.21875,5.140625],"rotation":0,"texture":"#0","tintindex":0}}},{"from":[1.5461998,13.718629,1.6533523],"to":[13.946659,14.578514,3.1920953],"rotation":{"angle":-22.5,"axis":"y","origin":[7.860676,14.148572,6.3697367]},"faces":{"east":{"uv":[5.25,9.09375,5.359375,9.15625],"rotation":0,"texture":"#0","tintindex":0},"south":{"uv":[8.65625,6.15625,9.515625,6.21875],"rotation":0,"texture":"#0","tintindex":0},"north":{"uv":[8.65625,6.09375,9.515625,6.15625],"rotation":0,"texture":"#0","tintindex":0},"west":{"uv":[5.375,9.09375,5.484375,9.15625],"rotation":0,"texture":"#0","tintindex":0},"up":{"uv":[8.578125,8.046875,7.71875,7.9375],"rotation":0,"texture":"#0","tintindex":0},"down":{"uv":[8.828125,5.15625,7.96875,5.265625],"rotation":0,"texture":"#0","tintindex":0}}},{"from":[-9.434002,13.628115,-0.4745779],"to":[3.8715973,14.669029,1.245194],"rotation":{"angle":0.0,"axis":"y","origin":[7.860676,14.148572,6.3697367]},"faces":{"east":{"uv":[8.9375,9.0625,9.0625,9.140625],"rotation":0,"texture":"#0","tintindex":0},"south":{"uv":[8.34375,1.90625,9.265625,1.984375],"rotation":0,"texture":"#0","tintindex":0},"north":{"uv":[8.34375,1.8125,9.265625,1.890625],"rotation":0,"texture":"#0","tintindex":0},"west":{"uv":[9.0625,9.0625,9.1875,9.140625],"rotation":0,"texture":"#0","tintindex":0},"up":{"uv":[7.078125,7.84375,6.15625,7.71875],"rotation":0,"texture":"#0","tintindex":0},"down":{"uv":[8.640625,6.21875,7.71875,6.34375],"rotation":0,"texture":"#0","tintindex":0}}}],"display":{"head":{"translation":[104.98793,-6.4,0.0],"scale":[4.0,4.0,4.0]}}}