{"textures":{"0":"modelengine:entity/demonground"},"elements":[{"from":[7.267322,7.160983,7.3142858],"to":[8.524465,8.70384,8.857143],"rotation":{"angle":0.0,"axis":"y","origin":[8.0,9.3714285,11.657143]},"faces":{"east":{"uv":[6.125,2.125,6.46875,2.46875],"rotation":0,"texture":"#0","tintindex":0},"south":{"uv":[6.78125,6.125,6.5,6.46875],"rotation":0,"texture":"#0","tintindex":0},"north":{"uv":[6.5,6.125,6.78125,6.46875],"rotation":0,"texture":"#0","tintindex":0},"west":{"uv":[2.0,6.25,2.34375,6.59375],"rotation":0,"texture":"#0","tintindex":0},"up":{"uv":[6.90625,0.96875,6.625,0.625],"rotation":0,"texture":"#0","tintindex":0},"down":{"uv":[1.28125,6.625,1.0,6.96875],"rotation":0,"texture":"#0","tintindex":0}}},{"from":[7.653891,4.3609834,7.6],"to":[8.682463,8.189555,8.571428],"rotation":{"angle":0.0,"axis":"y","origin":[8.0,9.3714285,11.657143]},"faces":{"east":{"uv":[5.625,0.875,5.84375,1.71875],"rotation":0,"texture":"#0","tintindex":0},"south":{"uv":[1.5,5.625,1.71875,6.46875],"rotation":0,"texture":"#0","tintindex":0},"north":{"uv":[5.5,5.375,5.71875,6.21875],"rotation":0,"texture":"#0","tintindex":0},"west":{"uv":[1.75,5.625,1.96875,6.46875],"rotation":0,"texture":"#0","tintindex":0},"up":{"uv":[7.71875,2.46875,7.5,2.25],"rotation":0,"texture":"#0","tintindex":0},"down":{"uv":[2.71875,7.5,2.5,7.71875],"rotation":0,"texture":"#0","tintindex":0}}}],"display":{"head":{"translation":[0.0,-6.4,0.0],"scale":[4.0,4.0,4.0]}}}