{"credit":"MadewithBlockbench","textures":{"0":"the_skrill_boss:lightning","1":"the_skrill_boss:electric","2":"the_skrill_boss:electric2","particle":"the_skrill_boss:lightning"},"elements":[{"from":[7.1306,3.75,-2.33658],"to":[7.1306,13.75,17.66342],"rotation":{"angle":0,"axis":"y","origin":[3.3806,10,8.66342]},"faces":{"north":{"uv":[0,0,16,0],"rotation":270,"texture":"#missing"},"east":{"uv":[16,16,0,0],"rotation":270,"texture":"#0"},"south":{"uv":[0,0,16,0],"rotation":270,"texture":"#missing"},"west":{"uv":[4,16,12,0],"rotation":90,"texture":"#0"},"up":{"uv":[0,16,0,0],"rotation":180,"texture":"#missing"},"down":{"uv":[0,16,0,0],"texture":"#missing"}}},{"from":[2.1306,8.4375,-3.66342],"to":[12.1306,8.4375,16.33658],"rotation":{"angle":0,"axis":"y","origin":[3.3806,10,7.33658]},"faces":{"north":{"uv":[0,0,16,0],"texture":"#missing"},"east":{"uv":[0,0,0,16],"rotation":270,"texture":"#missing"},"south":{"uv":[0,0,16,0],"rotation":180,"texture":"#missing"},"west":{"uv":[0,0,0,16],"rotation":90,"texture":"#missing"},"up":{"uv":[16,0,0,16],"rotation":180,"texture":"#0"},"down":{"uv":[4,0,12,16],"texture":"#0"}}},{"from":[1.42152,7.83853,-3.94303],"to":[12.62152,7.83853,18.45697],"rotation":{"angle":45,"axis":"z","origin":[7.01005,7.85,7.25697]},"faces":{"north":{"uv":[0,0,16,0],"texture":"#1"},"east":{"uv":[0,0,0,16],"rotation":270,"texture":"#1"},"south":{"uv":[0,0,16,0],"rotation":180,"texture":"#1"},"west":{"uv":[0,0,0,16],"rotation":90,"texture":"#1"},"up":{"uv":[11.83333,0,3.83333,16],"rotation":180,"texture":"#1"},"down":{"uv":[11.83333,16,3.83333,0],"rotation":180,"texture":"#1"}}},{"from":[1.39858,7.83853,-3.94303],"to":[12.59858,7.83853,18.45697],"rotation":{"angle":-45,"axis":"z","origin":[7.01005,7.85,7.25697]},"faces":{"north":{"uv":[16,0,0,0],"texture":"#1"},"east":{"uv":[0,16,0,0],"rotation":90,"texture":"#1"},"south":{"uv":[16,0,0,0],"rotation":180,"texture":"#1"},"west":{"uv":[0,16,0,0],"rotation":270,"texture":"#1"},"up":{"uv":[3.83333,0,11.83333,16],"rotation":180,"texture":"#1"},"down":{"uv":[3.83333,16,11.83333,0],"rotation":180,"texture":"#1"}}},{"from":[2.18068,7.92617,2.05697],"to":[13.38068,7.92617,24.45697],"rotation":{"angle":-22.5,"axis":"z","origin":[7.78068,7.92617,13.25697]},"faces":{"north":{"uv":[16,0,0,0],"texture":"#2"},"east":{"uv":[0,16,0,0],"rotation":90,"texture":"#2"},"south":{"uv":[16,0,0,0],"rotation":180,"texture":"#2"},"west":{"uv":[0,16,0,0],"rotation":270,"texture":"#2"},"up":{"uv":[3.83333,0,11.83333,16],"rotation":180,"texture":"#2"},"down":{"uv":[3.83333,16,11.83333,0],"rotation":180,"texture":"#2"}}},{"from":[2.18068,7.92617,2.05697],"to":[13.38068,7.92617,24.45697],"rotation":{"angle":22.5,"axis":"z","origin":[7.78068,7.92617,13.25697]},"faces":{"north":{"uv":[16,0,0,0],"texture":"#2"},"east":{"uv":[0,16,0,0],"rotation":90,"texture":"#2"},"south":{"uv":[16,0,0,0],"rotation":180,"texture":"#2"},"west":{"uv":[0,16,0,0],"rotation":270,"texture":"#2"},"up":{"uv":[3.83333,0,11.83333,16],"rotation":180,"texture":"#2"},"down":{"uv":[3.83333,16,11.83333,0],"rotation":180,"texture":"#2"}}}],"display":{"thirdperson_righthand":{"rotation":[90,0,0],"translation":[-6,2,4.75],"scale":[3.2793,3.2793,3.2793]},"thirdperson_lefthand":{"rotation":[90,0,0],"translation":[-6,2,4.75],"scale":[3.2793,3.2793,3.2793]},"head":{"translation":[1.75,-11.5,12],"scale":[4,4,4]}}}