{"textures":{"0":"must_have_props:/glass_jar"},"elements":[{"from":[11.142858,7.9994287,11.142858],"to":[14.0,10.856571,11.142858],"rotation":{"angle":0.0,"axis":"y","origin":[11.028572,10.570857,12.400286]},"faces":{"east":{"uv":[0.0,0.0,0.0,2.5],"rotation":0,"texture":"#0","tintindex":0},"south":{"uv":[0.0,2.5,2.5,5.0],"rotation":0,"texture":"#0","tintindex":0},"north":{"uv":[0.0,0.0,2.5,2.5],"rotation":0,"texture":"#0","tintindex":0},"west":{"uv":[0.0,0.0,0.0,2.5],"rotation":0,"texture":"#0","tintindex":0},"up":{"uv":[2.5,0.0,0.0,0.0],"rotation":0,"texture":"#0","tintindex":0},"down":{"uv":[2.5,0.0,0.0,0.0],"rotation":0,"texture":"#0","tintindex":0}}},{"from":[11.142858,7.9994287,11.142858],"to":[14.0,7.9994287,14.0],"rotation":{"angle":0.0,"axis":"y","origin":[11.028572,10.570857,12.400286]},"faces":{"east":{"uv":[0.0,0.0,2.5,0.0],"rotation":0,"texture":"#0","tintindex":0},"south":{"uv":[0.0,0.0,2.5,0.0],"rotation":0,"texture":"#0","tintindex":0},"north":{"uv":[0.0,0.0,2.5,0.0],"rotation":0,"texture":"#0","tintindex":0},"west":{"uv":[0.0,0.0,2.5,0.0],"rotation":0,"texture":"#0","tintindex":0},"up":{"uv":[5.0,2.5,2.5,0.0],"rotation":0,"texture":"#0","tintindex":0},"down":{"uv":[5.0,2.5,2.5,5.0],"rotation":0,"texture":"#0","tintindex":0}}},{"from":[11.142858,10.856571,11.142858],"to":[14.0,10.856571,14.0],"rotation":{"angle":0.0,"axis":"y","origin":[11.028572,10.570857,12.400286]},"faces":{"east":{"uv":[0.0,0.0,2.5,0.0],"rotation":0,"texture":"#0","tintindex":0},"south":{"uv":[0.0,0.0,2.5,0.0],"rotation":0,"texture":"#0","tintindex":0},"north":{"uv":[0.0,0.0,2.5,0.0],"rotation":0,"texture":"#0","tintindex":0},"west":{"uv":[0.0,0.0,2.5,0.0],"rotation":0,"texture":"#0","tintindex":0},"up":{"uv":[2.5,7.5,0.0,5.0],"rotation":0,"texture":"#0","tintindex":0},"down":{"uv":[7.5,0.0,5.0,2.5],"rotation":0,"texture":"#0","tintindex":0}}},{"from":[11.428572,10.856571,11.428572],"to":[13.714286,11.428,11.428572],"rotation":{"angle":0.0,"axis":"y","origin":[11.028572,10.570857,12.400286]},"faces":{"east":{"uv":[0.0,0.0,0.0,0.5],"rotation":0,"texture":"#0","tintindex":0},"south":{"uv":[9.5,7.0,11.5,7.5],"rotation":0,"texture":"#0","tintindex":0},"north":{"uv":[9.5,6.5,11.5,7.0],"rotation":0,"texture":"#0","tintindex":0},"west":{"uv":[0.0,0.0,0.0,0.5],"rotation":0,"texture":"#0","tintindex":0},"up":{"uv":[2.0,0.0,0.0,0.0],"rotation":0,"texture":"#0","tintindex":0},"down":{"uv":[2.0,0.0,0.0,0.0],"rotation":0,"texture":"#0","tintindex":0}}},{"from":[14.0,7.9994287,11.143429],"to":[14.0,10.856571,14.000572],"rotation":{"angle":0.0,"axis":"y","origin":[11.028572,10.570857,12.400286]},"faces":{"east":{"uv":[2.5,5.0,5.0,7.5],"rotation":0,"texture":"#0","tintindex":0},"south":{"uv":[0.0,0.0,0.0,2.5],"rotation":0,"texture":"#0","tintindex":0},"north":{"uv":[0.0,0.0,0.0,2.5],"rotation":0,"texture":"#0","tintindex":0},"west":{"uv":[5.0,2.5,7.5,5.0],"rotation":0,"texture":"#0","tintindex":0},"up":{"uv":[0.0,2.5,0.0,0.0],"rotation":0,"texture":"#0","tintindex":0},"down":{"uv":[0.0,0.0,0.0,2.5],"rotation":0,"texture":"#0","tintindex":0}}},{"from":[11.142858,7.9994287,14.0],"to":[14.0,10.856571,14.0],"rotation":{"angle":0.0,"axis":"y","origin":[11.028572,10.570857,12.400286]},"faces":{"east":{"uv":[0.0,0.0,0.0,2.5],"rotation":0,"texture":"#0","tintindex":0},"south":{"uv":[0.0,7.5,2.5,10.0],"rotation":0,"texture":"#0","tintindex":0},"north":{"uv":[5.0,5.0,7.5,7.5],"rotation":0,"texture":"#0","tintindex":0},"west":{"uv":[0.0,0.0,0.0,2.5],"rotation":0,"texture":"#0","tintindex":0},"up":{"uv":[2.5,0.0,0.0,0.0],"rotation":0,"texture":"#0","tintindex":0},"down":{"uv":[2.5,0.0,0.0,0.0],"rotation":0,"texture":"#0","tintindex":0}}},{"from":[11.142858,7.9994287,11.143429],"to":[11.142858,10.856571,14.000572],"rotation":{"angle":0.0,"axis":"y","origin":[11.028572,10.570857,12.400286]},"faces":{"east":{"uv":[7.5,0.0,10.0,2.5],"rotation":0,"texture":"#0","tintindex":0},"south":{"uv":[0.0,0.0,0.0,2.5],"rotation":0,"texture":"#0","tintindex":0},"north":{"uv":[0.0,0.0,0.0,2.5],"rotation":0,"texture":"#0","tintindex":0},"west":{"uv":[2.5,7.5,5.0,10.0],"rotation":0,"texture":"#0","tintindex":0},"up":{"uv":[0.0,2.5,0.0,0.0],"rotation":0,"texture":"#0","tintindex":0},"down":{"uv":[0.0,0.0,0.0,2.5],"rotation":0,"texture":"#0","tintindex":0}}},{"from":[11.428572,10.856571,13.714286],"to":[13.714286,11.428,13.714286],"rotation":{"angle":0.0,"axis":"y","origin":[11.028572,10.570857,12.400286]},"faces":{"east":{"uv":[0.0,0.0,0.0,0.5],"rotation":0,"texture":"#0","tintindex":0},"south":{"uv":[9.5,7.5,11.5,8.0],"rotation":0,"texture":"#0","tintindex":0},"north":{"uv":[7.5,9.5,9.5,10.0],"rotation":0,"texture":"#0","tintindex":0},"west":{"uv":[0.0,0.0,0.0,0.5],"rotation":0,"texture":"#0","tintindex":0},"up":{"uv":[2.0,0.0,0.0,0.0],"rotation":0,"texture":"#0","tintindex":0},"down":{"uv":[2.0,0.0,0.0,0.0],"rotation":0,"texture":"#0","tintindex":0}}},{"from":[13.714286,10.856571,11.428572],"to":[13.714286,11.428,13.714286],"rotation":{"angle":0.0,"axis":"y","origin":[11.028572,10.570857,12.400286]},"faces":{"east":{"uv":[9.5,8.0,11.5,8.5],"rotation":0,"texture":"#0","tintindex":0},"south":{"uv":[0.0,0.0,0.0,0.5],"rotation":0,"texture":"#0","tintindex":0},"north":{"uv":[0.0,0.0,0.0,0.5],"rotation":0,"texture":"#0","tintindex":0},"west":{"uv":[9.5,8.5,11.5,9.0],"rotation":0,"texture":"#0","tintindex":0},"up":{"uv":[0.0,2.0,0.0,0.0],"rotation":0,"texture":"#0","tintindex":0},"down":{"uv":[0.0,0.0,0.0,2.0],"rotation":0,"texture":"#0","tintindex":0}}},{"from":[11.428572,10.856571,11.428572],"to":[11.428572,11.428,13.714286],"rotation":{"angle":0.0,"axis":"y","origin":[11.028572,10.570857,12.400286]},"faces":{"east":{"uv":[9.5,9.5,11.5,10.0],"rotation":0,"texture":"#0","tintindex":0},"south":{"uv":[0.0,0.0,0.0,0.5],"rotation":0,"texture":"#0","tintindex":0},"north":{"uv":[0.0,0.0,0.0,0.5],"rotation":0,"texture":"#0","tintindex":0},"west":{"uv":[0.0,10.0,2.0,10.5],"rotation":0,"texture":"#0","tintindex":0},"up":{"uv":[0.0,2.0,0.0,0.0],"rotation":0,"texture":"#0","tintindex":0},"down":{"uv":[0.0,0.0,0.0,2.0],"rotation":0,"texture":"#0","tintindex":0}}},{"from":[11.428572,11.428,11.428572],"to":[13.714286,11.428,13.714286],"rotation":{"angle":0.0,"axis":"y","origin":[11.028572,10.570857,12.400286]},"faces":{"east":{"uv":[0.0,0.0,2.0,0.0],"rotation":0,"texture":"#0","tintindex":0},"south":{"uv":[0.0,0.0,2.0,0.0],"rotation":0,"texture":"#0","tintindex":0},"north":{"uv":[0.0,0.0,2.0,0.0],"rotation":0,"texture":"#0","tintindex":0},"west":{"uv":[0.0,0.0,2.0,0.0],"rotation":0,"texture":"#0","tintindex":0},"up":{"uv":[9.5,7.0,7.5,5.0],"rotation":0,"texture":"#0","tintindex":0},"down":{"uv":[9.5,7.0,7.5,9.0],"rotation":0,"texture":"#0","tintindex":0}}},{"from":[11.142858,11.142286,11.142858],"to":[14.0,11.713715,14.0],"rotation":{"angle":0.0,"axis":"y","origin":[11.028572,10.570857,12.400286]},"faces":{"east":{"uv":[9.5,5.0,12.0,5.5],"rotation":0,"texture":"#0","tintindex":0},"south":{"uv":[9.5,5.5,12.0,6.0],"rotation":0,"texture":"#0","tintindex":0},"north":{"uv":[7.5,9.0,10.0,9.5],"rotation":0,"texture":"#0","tintindex":0},"west":{"uv":[9.5,6.0,12.0,6.5],"rotation":0,"texture":"#0","tintindex":0},"up":{"uv":[10.0,5.0,7.5,2.5],"rotation":0,"texture":"#0","tintindex":0},"down":{"uv":[7.5,7.5,5.0,10.0],"rotation":0,"texture":"#0","tintindex":0}}}],"display":{"head":{"translation":[0.0,-6.4,0.0],"scale":[4.0,4.0,4.0]}}}