{"textures":{"8":"modelengine:entity/fallendefender_dead"},"elements":[{"from":[5.624224,4.582286,6.753714],"to":[6.086853,6.874857,7.332],"rotation":{"angle":22.5,"axis":"y","origin":[5.8555384,6.8714285,7.2714286]},"faces":{"east":{"uv":[4.125,7.6875,4.0625,7.9375],"rotation":0,"texture":"#8","tintindex":0},"south":{"uv":[3.3125,7.6875,3.25,7.9375],"rotation":0,"texture":"#8","tintindex":0},"north":{"uv":[3.0625,7.6875,3.0,7.9375],"rotation":0,"texture":"#8","tintindex":0},"west":{"uv":[3.1875,7.6875,3.125,7.9375],"rotation":0,"texture":"#8","tintindex":0},"up":{"uv":[5.5,9.4375,5.5625,9.375],"rotation":0,"texture":"#8","tintindex":0},"down":{"uv":[9.375,5.5625,9.4375,5.625],"rotation":0,"texture":"#8","tintindex":0}}},{"from":[5.624224,4.582286,8.796572],"to":[6.086853,6.874857,9.374857],"rotation":{"angle":-22.5,"axis":"y","origin":[5.8555384,6.8714285,8.857143]},"faces":{"east":{"uv":[2.9375,7.6875,2.875,7.9375],"rotation":0,"texture":"#8","tintindex":0},"south":{"uv":[2.1875,7.6875,2.125,7.9375],"rotation":0,"texture":"#8","tintindex":0},"north":{"uv":[2.6875,7.5625,2.625,7.8125],"rotation":0,"texture":"#8","tintindex":0},"west":{"uv":[3.8125,7.625,3.75,7.875],"rotation":0,"texture":"#8","tintindex":0},"up":{"uv":[9.375,5.375,9.4375,5.3125],"rotation":0,"texture":"#8","tintindex":0},"down":{"uv":[9.375,5.4375,9.4375,5.5],"rotation":0,"texture":"#8","tintindex":0}}},{"from":[5.5926814,6.257143,6.857143],"to":[6.506967,7.285714,9.142858],"rotation":{"angle":0.0,"axis":"y","origin":[8.335539,-4.6571436,8.0]},"faces":{"east":{"uv":[0.25,5.8125,0.0,5.9375],"rotation":0,"texture":"#8","tintindex":0},"south":{"uv":[7.6875,4.875,7.5625,5.0],"rotation":0,"texture":"#8","tintindex":0},"north":{"uv":[7.6875,4.6875,7.5625,4.8],"rotation":0,"texture":"#8","tintindex":0},"west":{"uv":[6.0,4.4375,5.75,4.5625],"rotation":0,"texture":"#8","tintindex":0},"up":{"uv":[1.5,6.0625,1.625,5.8125],"rotation":0,"texture":"#8","tintindex":0},"down":{"uv":[5.8125,3.4375,5.9375,3.6875],"rotation":0,"texture":"#8","tintindex":0}}},{"from":[6.598396,6.257143,6.857143],"to":[7.5126815,7.3428574,9.142858],"rotation":{"angle":0.0,"axis":"y","origin":[9.341253,-4.6571436,8.0]},"faces":{"east":{"uv":[6.125,0.0,5.875,0.125],"rotation":0,"texture":"#8","tintindex":0},"south":{"uv":[5.6875,7.5625,5.5625,7.6875],"rotation":0,"texture":"#8","tintindex":0},"north":{"uv":[7.6875,5.0625,7.5625,5.18125],"rotation":0,"texture":"#8","tintindex":0},"west":{"uv":[6.0625,1.75,5.8125,1.875],"rotation":0,"texture":"#8","tintindex":0},"up":{"uv":[5.4375,6.0625,5.5625,5.8125],"rotation":0,"texture":"#8","tintindex":0},"down":{"uv":[5.875,0.1875,6.0,0.4375],"rotation":0,"texture":"#8","tintindex":0}}},{"from":[5.5926814,5.1499996,6.857143],"to":[6.506967,6.178571,9.142858],"rotation":{"angle":0.0,"axis":"y","origin":[8.335539,-5.764286,8.0]},"faces":{"east":{"uv":[6.0,4.25,5.75,4.375],"rotation":0,"texture":"#8","tintindex":0},"south":{"uv":[7.6875,4.5,7.5625,4.625],"rotation":0,"texture":"#8","tintindex":0},"north":{"uv":[7.6875,4.0625,7.5625,4.175],"rotation":0,"texture":"#8","tintindex":0},"west":{"uv":[3.6875,5.75,3.4375,5.875],"rotation":0,"texture":"#8","tintindex":0},"up":{"uv":[2.75,6.0,2.875,5.75],"rotation":0,"texture":"#8","tintindex":0},"down":{"uv":[3.875,5.75,4.0,6.0],"rotation":0,"texture":"#8","tintindex":0}}},{"from":[5.5926814,4.578572,6.857143],"to":[6.506967,5.0357146,9.142858],"rotation":{"angle":0.0,"axis":"y","origin":[8.335539,-6.3357143,8.0]},"faces":{"east":{"uv":[7.8125,5.6875,7.5625,5.75],"rotation":0,"texture":"#8","tintindex":0},"south":{"uv":[5.4375,8.875,5.3125,8.9375],"rotation":0,"texture":"#8","tintindex":0},"north":{"uv":[9.0,5.1875,8.875,5.2375],"rotation":0,"texture":"#8","tintindex":0},"west":{"uv":[7.8125,5.5625,7.5625,5.625],"rotation":0,"texture":"#8","tintindex":0},"up":{"uv":[3.125,6.125,3.25,5.875],"rotation":0,"texture":"#8","tintindex":0},"down":{"uv":[5.875,3.75,6.0,4.0],"rotation":0,"texture":"#8","tintindex":0}}},{"from":[6.598396,4.5785713,6.857143],"to":[7.5126815,5.035714,9.142858],"rotation":{"angle":0.0,"axis":"y","origin":[9.341253,-6.3357143,8.0]},"faces":{"east":{"uv":[7.8125,3.3125,7.5625,3.375],"rotation":0,"texture":"#8","tintindex":0},"south":{"uv":[5.25,8.875,5.125,8.9375],"rotation":0,"texture":"#8","tintindex":0},"north":{"uv":[5.0625,8.875,4.9375,8.925],"rotation":0,"texture":"#8","tintindex":0},"west":{"uv":[7.75,6.375,7.5,6.4375],"rotation":0,"texture":"#8","tintindex":0},"up":{"uv":[5.875,1.25,6.0,1.0],"rotation":0,"texture":"#8","tintindex":0},"down":{"uv":[2.9375,5.875,3.0625,6.125],"rotation":0,"texture":"#8","tintindex":0}}},{"from":[6.598396,5.1499996,6.857143],"to":[7.5126815,6.178571,9.142858],"rotation":{"angle":0.0,"axis":"y","origin":[9.341253,-5.764286,8.0]},"faces":{"east":{"uv":[6.0,2.25,5.75,2.375],"rotation":0,"texture":"#8","tintindex":0},"south":{"uv":[4.0,7.5625,3.875,7.6875],"rotation":0,"texture":"#8","tintindex":0},"north":{"uv":[7.6875,3.125,7.5625,3.2375],"rotation":0,"texture":"#8","tintindex":0},"west":{"uv":[1.4375,5.75,1.1875,5.875],"rotation":0,"texture":"#8","tintindex":0},"up":{"uv":[0.5625,6.0,0.6875,5.75],"rotation":0,"texture":"#8","tintindex":0},"down":{"uv":[2.5625,5.75,2.6875,6.0],"rotation":0,"texture":"#8","tintindex":0}}},{"from":[6.0841103,7.385714,6.857143],"to":[7.4555387,8.528571,9.142858],"rotation":{"angle":0.0,"axis":"y","origin":[9.28411,-5.1857157,8.0]},"faces":{"east":{"uv":[5.6875,4.4375,5.4375,4.5625],"rotation":0,"texture":"#8","tintindex":0},"south":{"uv":[6.75,0.6875,6.5625,0.8125],"rotation":0,"texture":"#8","tintindex":0},"north":{"uv":[6.1875,6.5,6.0,6.625],"rotation":0,"texture":"#8","tintindex":0},"west":{"uv":[5.6875,4.25,5.4375,4.375],"rotation":0,"texture":"#8","tintindex":0},"up":{"uv":[4.4375,2.875,4.625,2.625],"rotation":0,"texture":"#8","tintindex":0},"down":{"uv":[1.4375,4.5,1.625,4.75],"rotation":0,"texture":"#8","tintindex":0}}},{"from":[5.8569717,6.95834,6.8599997],"to":[6.771258,8.244055,9.14],"rotation":{"angle":-22.5,"axis":"z","origin":[6.5426865,8.244055,8.0]},"faces":{"east":{"uv":[5.4375,5.5,5.1875,5.625],"rotation":0,"texture":"#8","tintindex":0},"south":{"uv":[7.25,0.5,7.125,0.625],"rotation":0,"texture":"#8","tintindex":0},"north":{"uv":[7.25,0.125,7.125,0.265625],"rotation":0,"texture":"#8","tintindex":0},"west":{"uv":[5.75,1.75,5.5,1.875],"rotation":0,"texture":"#8","tintindex":0},"up":{"uv":[1.5,5.75,1.625,5.5],"rotation":0,"texture":"#8","tintindex":0},"down":{"uv":[5.5,5.5,5.625,5.75],"rotation":0,"texture":"#8","tintindex":0}}},{"from":[4.428571,7.2285714,7.428571],"to":[5.0,8.3714285,8.571428],"rotation":{"angle":45.0,"axis":"x","origin":[4.714286,7.8,8.0]},"faces":{"east":{"uv":[7.5625,2.75,7.6875,2.875],"rotation":0,"texture":"#8","tintindex":0},"south":{"uv":[8.875,4.6875,8.9375,4.8125],"rotation":0,"texture":"#8","tintindex":0},"north":{"uv":[4.6875,8.875,4.75,9.0],"rotation":0,"texture":"#8","tintindex":0},"west":{"uv":[7.5625,2.9375,7.6875,3.0625],"rotation":0,"texture":"#8","tintindex":0},"up":{"uv":[4.875,9.0,4.8125,8.875],"rotation":0,"texture":"#8","tintindex":0},"down":{"uv":[8.9375,4.875,8.875,5.0],"rotation":0,"texture":"#8","tintindex":0}}},{"from":[4.9617143,5.9142857,9.322408],"to":[6.1,6.481143,9.889265],"rotation":{"angle":0.0,"axis":"y","origin":[8.388,-10.088001,7.0344076]},"faces":{"east":{"uv":[3.25,9.125,3.3125,9.1875],"rotation":0,"texture":"#8","tintindex":0},"south":{"uv":[8.0,3.4375,8.125,3.5],"rotation":0,"texture":"#8","tintindex":0},"north":{"uv":[3.125,8.0,3.3125,8.0625],"rotation":0,"texture":"#8","tintindex":0},"west":{"uv":[9.125,3.3125,9.1875,3.375],"rotation":0,"texture":"#8","tintindex":0},"up":{"uv":[8.1875,3.8125,8.0,3.75],"rotation":0,"texture":"#8","tintindex":0},"down":{"uv":[8.1875,3.875,8.0,3.9375],"rotation":0,"texture":"#8","tintindex":0}}},{"from":[3.878571,6.142857,6.2714286],"to":[5.135714,7.4,9.814285],"rotation":{"angle":-45.0,"axis":"z","origin":[4.6714287,6.2,8.042857]},"faces":{"east":{"uv":[4.4375,3.125,4.8125,3.25],"rotation":0,"texture":"#8","tintindex":0},"south":{"uv":[7.3125,0.125,7.4375,0.25],"rotation":0,"texture":"#8","tintindex":0},"north":{"uv":[7.25,6.5625,7.375,6.6875],"rotation":0,"texture":"#8","tintindex":0},"west":{"uv":[4.5625,3.3125,4.9375,3.4375],"rotation":0,"texture":"#8","tintindex":0},"up":{"uv":[4.6875,3.875,4.5625,3.5],"rotation":0,"texture":"#8","tintindex":0},"down":{"uv":[4.6875,3.9375,4.5625,4.3125],"rotation":0,"texture":"#8","tintindex":0}}},{"from":[4.957143,5.9142857,6.2285714],"to":[6.1,6.485714,6.8],"rotation":{"angle":0.0,"axis":"y","origin":[8.385715,-10.085714,9.085714]},"faces":{"east":{"uv":[9.125,3.0625,9.1875,3.125],"rotation":0,"texture":"#8","tintindex":0},"south":{"uv":[8.0,0.0,8.1875,0.0625],"rotation":0,"texture":"#8","tintindex":0},"north":{"uv":[7.9375,6.5,8.0625,6.5625],"rotation":0,"texture":"#8","tintindex":0},"west":{"uv":[9.125,3.1875,9.1875,3.25],"rotation":0,"texture":"#8","tintindex":0},"up":{"uv":[8.1875,1.8125,8.0,1.75],"rotation":0,"texture":"#8","tintindex":0},"down":{"uv":[3.0625,8.0,2.875,8.0625],"rotation":0,"texture":"#8","tintindex":0}}},{"from":[7.0240717,8.838358,9.2063465],"to":[7.590929,9.405215,9.773204],"rotation":{"angle":-45.0,"axis":"x","origin":[7.3075004,9.121786,9.489776]},"faces":{"east":{"uv":[9.125,1.75,9.1875,1.8125],"rotation":0,"texture":"#8","tintindex":0},"south":{"uv":[9.125,1.875,9.1875,1.9375],"rotation":0,"texture":"#8","tintindex":0},"north":{"uv":[9.125,1.625,9.1875,1.6875],"rotation":0,"texture":"#8","tintindex":0},"west":{"uv":[9.125,2.25,9.1875,2.3125],"rotation":0,"texture":"#8","tintindex":0},"up":{"uv":[9.1875,2.875,9.125,2.8125],"rotation":0,"texture":"#8","tintindex":0},"down":{"uv":[9.1875,2.9375,9.125,3.0],"rotation":0,"texture":"#8","tintindex":0}}},{"from":[7.021786,8.954419,6.6326323],"to":[7.593215,9.525847,9.489776],"rotation":{"angle":0.0,"axis":"y","origin":[8.164643,6.38299,6.9183464]},"faces":{"east":{"uv":[6.6875,6.125,7.0,6.1875],"rotation":0,"texture":"#8","tintindex":0},"south":{"uv":[9.125,1.25,9.1875,1.3125],"rotation":0,"texture":"#8","tintindex":0},"north":{"uv":[9.125,1.125,9.1875,1.1875],"rotation":0,"texture":"#8","tintindex":0},"west":{"uv":[6.75,0.5625,7.0625,0.625],"rotation":0,"texture":"#8","tintindex":0},"up":{"uv":[0.5625,7.0,0.5,6.6875],"rotation":0,"texture":"#8","tintindex":0},"down":{"uv":[2.8125,6.6875,2.75,7.0],"rotation":0,"texture":"#8","tintindex":0}}},{"from":[7.0240717,8.838358,6.3492036],"to":[7.590929,9.405215,6.916061],"rotation":{"angle":45.0,"axis":"x","origin":[7.3075004,9.121786,6.6326323]},"faces":{"east":{"uv":[0.6875,9.125,0.75,9.1875],"rotation":0,"texture":"#8","tintindex":0},"south":{"uv":[9.125,0.75,9.1875,0.8125],"rotation":0,"texture":"#8","tintindex":0},"north":{"uv":[9.125,0.625,9.1875,0.6875],"rotation":0,"texture":"#8","tintindex":0},"west":{"uv":[0.8125,9.125,0.875,9.1875],"rotation":0,"texture":"#8","tintindex":0},"up":{"uv":[9.1875,0.9375,9.125,0.875],"rotation":0,"texture":"#8","tintindex":0},"down":{"uv":[9.1875,1.0,9.125,1.0625],"rotation":0,"texture":"#8","tintindex":0}}},{"from":[6.647989,6.111213,9.319176],"to":[7.2148457,7.249499,9.886032],"rotation":{"angle":-22.5,"axis":"z","origin":[7.7885604,6.394642,9.602604]},"faces":{"east":{"uv":[8.375,3.0,8.4375,3.125],"rotation":0,"texture":"#8","tintindex":0},"south":{"uv":[3.125,8.375,3.1875,8.5],"rotation":0,"texture":"#8","tintindex":0},"north":{"uv":[3.0,8.375,3.0625,8.5],"rotation":0,"texture":"#8","tintindex":0},"west":{"uv":[3.25,8.375,3.3125,8.5],"rotation":0,"texture":"#8","tintindex":0},"up":{"uv":[0.0625,9.1875,0.0,9.125],"rotation":0,"texture":"#8","tintindex":0},"down":{"uv":[9.1875,0.125,9.125,0.1875],"rotation":0,"texture":"#8","tintindex":0}}},{"from":[5.8968096,6.3253183,9.314604],"to":[7.0442386,6.901318,9.890604],"rotation":{"angle":22.5,"axis":"z","origin":[7.0419526,6.613318,9.602604]},"faces":{"east":{"uv":[8.9375,9.0625,9.0,9.125],"rotation":0,"texture":"#8","tintindex":0},"south":{"uv":[8.375,2.75,8.5,2.8125],"rotation":0,"texture":"#8","tintindex":0},"north":{"uv":[8.375,2.625,8.5,2.6875],"rotation":0,"texture":"#8","tintindex":0},"west":{"uv":[9.0625,9.0625,9.125,9.125],"rotation":0,"texture":"#8","tintindex":0},"up":{"uv":[2.9375,8.4375,2.8125,8.375],"rotation":0,"texture":"#8","tintindex":0},"down":{"uv":[8.5,2.875,8.375,2.9375],"rotation":0,"texture":"#8","tintindex":0}}},{"from":[7.0183578,7.406358,9.318032],"to":[7.5875006,9.118358,9.887176],"rotation":{"angle":0.0,"axis":"y","origin":[8.160072,7.1195006,9.602604]},"faces":{"east":{"uv":[8.0,0.9375,8.0625,1.125],"rotation":0,"texture":"#8","tintindex":0},"south":{"uv":[1.0625,8.0,1.125,8.1875],"rotation":0,"texture":"#8","tintindex":0},"north":{"uv":[0.75,8.0,0.8125,8.1875],"rotation":0,"texture":"#8","tintindex":0},"west":{"uv":[1.5625,8.0,1.625,8.1875],"rotation":0,"texture":"#8","tintindex":0},"up":{"uv":[8.75,9.125,8.6875,9.0625],"rotation":0,"texture":"#8","tintindex":0},"down":{"uv":[9.125,8.75,9.0625,8.8125],"rotation":0,"texture":"#8","tintindex":0}}},{"from":[7.0195007,7.405215,6.226286],"to":[7.5955005,9.124072,6.8022857],"rotation":{"angle":0.0,"axis":"y","origin":[8.164643,7.121786,6.5142856]},"faces":{"east":{"uv":[1.0625,6.0,1.125,6.1875],"rotation":0,"texture":"#8","tintindex":0},"south":{"uv":[8.0,0.4375,8.0625,0.625],"rotation":0,"texture":"#8","tintindex":0},"north":{"uv":[2.25,5.75,2.3125,5.9375],"rotation":0,"texture":"#8","tintindex":0},"west":{"uv":[8.0,0.6875,8.0625,0.875],"rotation":0,"texture":"#8","tintindex":0},"up":{"uv":[8.5,9.125,8.4375,9.0625],"rotation":0,"texture":"#8","tintindex":0},"down":{"uv":[8.625,9.0625,8.5625,9.125],"rotation":0,"texture":"#8","tintindex":0}}},{"from":[5.9013815,6.327604,6.226286],"to":[7.04881,6.9036036,6.8022857],"rotation":{"angle":22.5,"axis":"z","origin":[7.046524,6.615604,6.5142856]},"faces":{"east":{"uv":[9.0625,8.125,9.125,8.1875],"rotation":0,"texture":"#8","tintindex":0},"south":{"uv":[8.375,2.25,8.5,2.3125],"rotation":0,"texture":"#8","tintindex":0},"north":{"uv":[8.375,0.125,8.5,0.1875],"rotation":0,"texture":"#8","tintindex":0},"west":{"uv":[8.3125,9.0625,8.375,9.125],"rotation":0,"texture":"#8","tintindex":0},"up":{"uv":[8.5,2.4375,8.375,2.375],"rotation":0,"texture":"#8","tintindex":0},"down":{"uv":[8.5,2.5,8.375,2.5625],"rotation":0,"texture":"#8","tintindex":0}}},{"from":[6.6502743,6.111213,6.2285714],"to":[7.221703,7.2540703,6.8],"rotation":{"angle":-22.5,"axis":"z","origin":[7.793132,6.3969274,6.5142856]},"faces":{"east":{"uv":[8.375,0.9375,8.4375,1.0625],"rotation":0,"texture":"#8","tintindex":0},"south":{"uv":[8.375,1.125,8.4375,1.25],"rotation":0,"texture":"#8","tintindex":0},"north":{"uv":[8.375,0.75,8.4375,0.875],"rotation":0,"texture":"#8","tintindex":0},"west":{"uv":[8.375,1.5,8.4375,1.625],"rotation":0,"texture":"#8","tintindex":0},"up":{"uv":[8.0,9.125,7.9375,9.0625],"rotation":0,"texture":"#8","tintindex":0},"down":{"uv":[8.125,9.0625,8.0625,9.125],"rotation":0,"texture":"#8","tintindex":0}}},{"from":[4.7360716,6.4277678,9.288661],"to":[7.021786,7.5706253,9.86009],"rotation":{"angle":0.0,"axis":"y","origin":[8.736072,4.284911,9.574375]},"faces":{"east":{"uv":[8.625,4.125,8.6875,4.25],"rotation":0,"texture":"#8","tintindex":0},"south":{"uv":[4.75,4.0625,5.0,4.1875],"rotation":0,"texture":"#8","tintindex":0},"north":{"uv":[4.75,3.875,5.0625,4.0],"rotation":0,"texture":"#8","tintindex":0},"west":{"uv":[4.1875,8.625,4.25,8.75],"rotation":0,"texture":"#8","tintindex":0},"up":{"uv":[4.5625,6.8125,4.25,6.75],"rotation":0,"texture":"#8","tintindex":0},"down":{"uv":[7.0625,5.0,6.75,5.0625],"rotation":0,"texture":"#8","tintindex":0}}},{"from":[4.738929,7.475613,8.799497],"to":[7.590358,9.184185,9.3652115],"rotation":{"angle":-22.5,"axis":"x","origin":[6.736072,8.758471,9.368069]},"faces":{"east":{"uv":[8.0625,6.625,8.125,6.8125],"rotation":0,"texture":"#8","tintindex":0},"south":{"uv":[4.1875,3.5625,4.5,3.75],"rotation":0,"texture":"#8","tintindex":0},"north":{"uv":[4.1875,3.3125,4.5,3.5],"rotation":0,"texture":"#8","tintindex":0},"west":{"uv":[8.0625,6.875,8.125,7.0625],"rotation":0,"texture":"#8","tintindex":0},"up":{"uv":[6.5625,6.8125,6.25,6.75],"rotation":0,"texture":"#8","tintindex":0},"down":{"uv":[6.9375,6.75,6.625,6.8125],"rotation":0,"texture":"#8","tintindex":0}}},{"from":[4.738929,7.475613,6.7571964],"to":[7.590358,9.184185,7.322911],"rotation":{"angle":22.5,"axis":"x","origin":[6.736072,8.758471,6.754339]},"faces":{"east":{"uv":[8.0625,5.8125,8.125,6.0],"rotation":0,"texture":"#8","tintindex":0},"south":{"uv":[0.3125,4.1875,0.625,4.375],"rotation":0,"texture":"#8","tintindex":0},"north":{"uv":[3.125,4.125,3.4375,4.3125],"rotation":0,"texture":"#8","tintindex":0},"west":{"uv":[5.875,8.0625,5.9375,8.25],"rotation":0,"texture":"#8","tintindex":0},"up":{"uv":[7.0625,1.9375,6.75,1.875],"rotation":0,"texture":"#8","tintindex":0},"down":{"uv":[2.6875,6.75,2.375,6.8125],"rotation":0,"texture":"#8","tintindex":0}}},{"from":[4.7360716,6.4277678,6.2623177],"to":[7.021786,7.5706253,6.8337464],"rotation":{"angle":0.0,"axis":"y","origin":[8.736072,4.284911,6.5480323]},"faces":{"east":{"uv":[8.625,3.0,8.6875,3.125],"rotation":0,"texture":"#8","tintindex":0},"south":{"uv":[4.75,2.4375,5.0625,2.5625],"rotation":0,"texture":"#8","tintindex":0},"north":{"uv":[4.6875,2.8125,4.9375,2.9375],"rotation":0,"texture":"#8","tintindex":0},"west":{"uv":[8.625,3.9375,8.6875,4.0625],"rotation":0,"texture":"#8","tintindex":0},"up":{"uv":[3.1875,6.8125,2.875,6.75],"rotation":0,"texture":"#8","tintindex":0},"down":{"uv":[7.0625,3.5,6.75,3.5625],"rotation":0,"texture":"#8","tintindex":0}}},{"from":[4.891786,6.2172756,6.8383465],"to":[6.1946435,8.662991,9.284061],"rotation":{"angle":0.0,"axis":"y","origin":[8.400357,4.7258472,7.204061]},"faces":{"east":{"uv":[3.8125,0.0,4.0625,0.25],"rotation":0,"texture":"#8","tintindex":0},"south":{"uv":[5.625,3.4375,5.75,3.6875],"rotation":0,"texture":"#8","tintindex":0},"north":{"uv":[2.9375,5.5625,3.0625,5.8125],"rotation":0,"texture":"#8","tintindex":0},"west":{"uv":[3.8125,0.3125,4.0625,0.5625],"rotation":0,"texture":"#8","tintindex":0},"up":{"uv":[4.25,5.875,4.125,5.625],"rotation":0,"texture":"#8","tintindex":0},"down":{"uv":[4.875,5.625,4.75,5.875],"rotation":0,"texture":"#8","tintindex":0}}},{"from":[4.7360716,8.58299,6.9183464],"to":[7.593215,9.154419,9.2040615],"rotation":{"angle":0.0,"axis":"y","origin":[8.736072,5.8687043,7.204061]},"faces":{"east":{"uv":[6.9375,2.625,7.1875,2.6875],"rotation":0,"texture":"#8","tintindex":0},"south":{"uv":[6.6875,6.0,7.0,6.0625],"rotation":0,"texture":"#8","tintindex":0},"north":{"uv":[6.6875,5.75,7.0,5.8125],"rotation":0,"texture":"#8","tintindex":0},"west":{"uv":[6.9375,4.125,7.1875,4.1875],"rotation":0,"texture":"#8","tintindex":0},"up":{"uv":[0.875,1.625,0.5625,1.375],"rotation":0,"texture":"#8","tintindex":0},"down":{"uv":[1.0,3.3125,0.6875,3.5625],"rotation":0,"texture":"#8","tintindex":0}}}],"display":{"head":{"translation":[0.0,-6.4,0.0],"scale":[4.0,4.0,4.0]}}}