{"textures":{"0":"modelengine:entity/bolitum1"},"elements":[{"from":[6.857143,7.014286,6.857143],"to":[9.142858,9.3,9.142858],"rotation":{"angle":0.0,"axis":"y","origin":[12.857143,0.15714264,8.114285]},"faces":{"east":{"uv":[0.0,2.5,2.0,4.5],"rotation":0,"texture":"#0","tintindex":0},"south":{"uv":[2.5,0.0,4.5,2.0],"rotation":0,"texture":"#0","tintindex":0},"north":{"uv":[0.0,0.0,2.0,2.0],"rotation":0,"texture":"#0","tintindex":0},"west":{"uv":[2.5,2.5,4.5,4.5],"rotation":0,"texture":"#0","tintindex":0},"up":{"uv":[2.0,7.0,0.0,5.0],"rotation":0,"texture":"#0","tintindex":0},"down":{"uv":[7.0,0.0,5.0,2.0],"rotation":0,"texture":"#0","tintindex":0}}},{"from":[7.428571,9.157143,7.428571],"to":[8.571428,9.728572,8.571428],"rotation":{"angle":0.0,"axis":"y","origin":[12.857143,0.15714264,8.114285]},"faces":{"east":{"uv":[2.5,6.5,3.5,7.0],"rotation":0,"texture":"#0","tintindex":0},"south":{"uv":[6.5,2.5,7.5,3.0],"rotation":0,"texture":"#0","tintindex":0},"north":{"uv":[5.5,5.5,6.5,6.0],"rotation":0,"texture":"#0","tintindex":0},"west":{"uv":[4.0,6.5,5.0,7.0],"rotation":0,"texture":"#0","tintindex":0},"up":{"uv":[3.5,6.0,2.5,5.0],"rotation":0,"texture":"#0","tintindex":0},"down":{"uv":[6.0,2.5,5.0,3.5],"rotation":0,"texture":"#0","tintindex":0}}},{"from":[8.228572,9.700001,7.9428573],"to":[8.342857,9.814286,8.057143],"rotation":{"angle":0.0,"axis":"y","origin":[12.857143,0.15714264,8.114285]},"faces":{"east":{"uv":[2.5,7.5,3.0,8.0],"rotation":0,"texture":"#0","tintindex":0},"south":{"uv":[3.5,7.5,4.0,8.0],"rotation":0,"texture":"#0","tintindex":0},"north":{"uv":[1.5,7.5,2.0,8.0],"rotation":0,"texture":"#0","tintindex":0},"west":{"uv":[4.5,7.5,5.0,8.0],"rotation":0,"texture":"#0","tintindex":0},"up":{"uv":[6.0,8.0,5.5,7.5],"rotation":0,"texture":"#0","tintindex":0},"down":{"uv":[7.0,7.5,6.5,8.0],"rotation":0,"texture":"#0","tintindex":0}}},{"from":[7.6571426,9.700001,7.9428573],"to":[7.7714286,9.814286,8.057143],"rotation":{"angle":0.0,"axis":"y","origin":[12.857143,0.15714264,8.114285]},"faces":{"east":{"uv":[8.0,2.0,8.5,2.5],"rotation":0,"texture":"#0","tintindex":0},"south":{"uv":[0.0,8.5,0.5,9.0],"rotation":0,"texture":"#0","tintindex":0},"north":{"uv":[7.5,7.5,8.0,8.0],"rotation":0,"texture":"#0","tintindex":0},"west":{"uv":[1.0,8.5,1.5,9.0],"rotation":0,"texture":"#0","tintindex":0},"up":{"uv":[2.5,9.0,2.0,8.5],"rotation":0,"texture":"#0","tintindex":0},"down":{"uv":[3.5,8.5,3.0,9.0],"rotation":0,"texture":"#0","tintindex":0}}},{"from":[7.6571426,9.814285,7.9428573],"to":[8.342857,9.928571,8.057143],"rotation":{"angle":0.0,"axis":"y","origin":[12.857143,0.12857056,8.114285]},"faces":{"east":{"uv":[8.5,3.0,9.0,3.5],"rotation":0,"texture":"#0","tintindex":0},"south":{"uv":[7.0,3.5,8.0,4.0],"rotation":0,"texture":"#0","tintindex":0},"north":{"uv":[5.5,6.5,6.5,7.0],"rotation":0,"texture":"#0","tintindex":0},"west":{"uv":[4.0,8.5,4.5,9.0],"rotation":0,"texture":"#0","tintindex":0},"up":{"uv":[8.0,5.0,7.0,4.5],"rotation":0,"texture":"#0","tintindex":0},"down":{"uv":[8.0,5.5,7.0,6.0],"rotation":0,"texture":"#0","tintindex":0}}},{"from":[7.3142858,6.6142855,7.3142858],"to":[8.685715,7.4142857,8.685715],"rotation":{"angle":0.0,"axis":"y","origin":[12.857143,0.15714264,8.114285]},"faces":{"east":{"uv":[0.0,7.5,1.0,8.0],"rotation":0,"texture":"#0","tintindex":0},"south":{"uv":[7.5,0.0,8.5,0.5],"rotation":0,"texture":"#0","tintindex":0},"north":{"uv":[7.0,6.5,8.0,7.0],"rotation":0,"texture":"#0","tintindex":0},"west":{"uv":[7.5,1.0,8.5,1.5],"rotation":0,"texture":"#0","tintindex":0},"up":{"uv":[5.0,6.0,4.0,5.0],"rotation":0,"texture":"#0","tintindex":0},"down":{"uv":[6.5,4.0,5.5,5.0],"rotation":0,"texture":"#0","tintindex":0}}}],"display":{"head":{"translation":[0.0,-6.4,0.0],"scale":[4.0,4.0,4.0]}}}