{ "custom.fallenreaper.laugha": { "category": "hostile", "sounds": [ { "name": "custom/mobs/fallenreaper/laugha1" }, { "name": "custom/mobs/fallenreaper/laugha2" }, { "name": "custom/mobs/fallenreaper/laugha3" }, { "name": "custom/mobs/fallenreaper/laugha4" } ], "subtitle": "Spectral voice Laughs", "attenuation_distance": "0.8"  }, 
"custom.fallenreaper.efforta": { "category": "hostile", "sounds": [ { "name": "custom/mobs/fallenreaper/efforta1" }, { "name": "custom/mobs/fallenreaper/efforta2" }, { "name": "custom/mobs/fallenreaper/efforta3" }, { "name": "custom/mobs/fallenreaper/efforta4" } ], "subtitle": "Spectral voice efforts", "attenuation_distance": "0.8"  }, 
"custom.fallenreaper.refforta": { "category": "hostile", "sounds": [ { "name": "custom/mobs/fallenreaper/refforta1" }, { "name": "custom/mobs/fallenreaper/refforta2" }, { "name": "custom/mobs/fallenreaper/refforta3" }, { "name": "custom/mobs/fallenreaper/refforta4" } ], "subtitle": "Spectral voice efforts", "attenuation_distance": "0.8"  }, 
"custom.fallenreaper.reffortb": { "category": "hostile", "sounds": [ { "name": "custom/mobs/fallenreaper/reffortb1" }, { "name": "custom/mobs/fallenreaper/reffortb2" }, { "name": "custom/mobs/fallenreaper/reffortb3" }, { "name": "custom/mobs/fallenreaper/reffortb4" } ], "subtitle": "Spectral voice efforts", "attenuation_distance": "0.8"  }, 
"custom.fallenreaper.reffortd": { "category": "hostile", "sounds": [ { "name": "custom/mobs/fallenreaper/reffortd1" }, { "name": "custom/mobs/fallenreaper/reffortd2" }, { "name": "custom/mobs/fallenreaper/reffortd3" }, { "name": "custom/mobs/fallenreaper/reffortd4" } ], "subtitle": "Spectral voice efforts", "attenuation_distance": "0.8"  }, 
"custom.fallenreaper.rlaugha": { "category": "hostile", "sounds": [ { "name": "custom/mobs/fallenreaper/rlaugha1" }, { "name": "custom/mobs/fallenreaper/rlaugha2" }, { "name": "custom/mobs/fallenreaper/rlaugha3" }, { "name": "custom/mobs/fallenreaper/rlaugha4" } ], "subtitle": "Spectral Laugh", "attenuation_distance": "0.8"  }, 
"custom.fallenreaper.reffortc": { "category": "hostile", "sounds": [ { "name": "custom/mobs/fallenreaper/reffortc1" }, { "name": "custom/mobs/fallenreaper/reffortc2" }, { "name": "custom/mobs/fallenreaper/reffortc3" } ], "subtitle": "Spectral voice efforts", "attenuation_distance": "0.8"  }, 
"custom.fallenreaper.hurt": { "category": "hostile", "sounds": [ { "name": "custom/mobs/fallenreaper/hurtgen1" }, { "name": "custom/mobs/fallenreaper/hurtgen2" }, { "name": "custom/mobs/fallenreaper/hurtgen3" } ], "subtitle": "Spectral voices cry" }, 
"custom.spell.leap3front": { "category": "hostile", "sounds": [ { "name": "custom/spell/fallenhero/leap3front1" }, { "name": "custom/spell/fallenhero/leap3front2" } ], "subtitle": "Dark blade swing" }, 
"custom.spell.attack4reaper": { "category": "hostile", "sounds": [ { "name": "custom/spell/fallenreaper/attack4reaper1" }, { "name": "custom/spell/fallenhero/attack4reaper2" }, { "name": "custom/spell/fallenhero/attack4reaper3" } ], "subtitle": "Dark blade swing" }, 
"custom.spell.attack7reapercast": { "category": "hostile", "sounds": [ { "name": "custom/spell/fallenhero/attack7reaper" }, { "name": "custom/spell/fallenhero/attack7reaper2" } ], "subtitle": "Reaper Casting" }, 
"custom.spell.attack7reaperhit": { "category": "hostile", "sounds": [ { "name": "custom/spell/fallenhero/attack7reaperhit1" }, { "name": "custom/spell/fallenhero/attack7reaperhit2" }, { "name": "custom/spell/fallenhero/attack7reaperhit3" } ], "subtitle": "Executioner's call" }, 
"custom.spell.grandslashtick": { "category": "hostile", "sounds": [ { "name": "custom/spell/fallenhero/granslashtick1" }, { "name": "custom/spell/fallenhero/granslashtick2" }, { "name": "custom/spell/fallenhero/granslashtick3" } ], "subtitle": "Dark magical Scythe" }, 
"custom.spell.reaperattract": { "category": "hostile", "sounds": [ { "name": "custom/spell/fallenhero/reaperattract1" }, { "name": "custom/spell/fallenhero/reaperattract2" }, { "name": "custom/spell/fallenhero/reaperattract3" } ], "subtitle": "Abyssal Grasp" }, 
"custom.spell.rslash": { "category": "hostile", "sounds": [ { "name": "custom/spell/fallenhero/rslash1" }, { "name": "custom/spell/fallenhero/rslash2" } ], "subtitle": "Reaper Slashing" }, 
"custom.spell.grandslashcast": { "category": "hostile", "sounds": [ { "name": "custom/spell/fallenhero/granslashcast1" }, { "name": "custom/spell/fallenhero/granslashcast2" } ], "subtitle": "Reaper Casting" }, 
"custom.spell.land": { "category": "hostile", "sounds": [ { "name": "custom/mobs/fallenreaper/rland1" }, { "name": "custom/mobs/fallenreaper/rland2" } ] }, 
"custom.fallenreaper.death": { "category": "hostile", "sounds": [ { "name": "custom/mobs/fallenreaper/reaperdeath" } ], "subtitle": "Empty armor falls" }
}