{"textures":{"0":"modelengine:entity/demonchest"},"elements":[{"from":[7.7809367,5.3415375,11.54575],"to":[8.666651,5.5186806,12.431463],"rotation":{"angle":22.5,"axis":"y","origin":[7.4728336,7.1764307,10.981586]},"faces":{"east":{"uv":[11.71875,3.40625,11.875,3.4375],"rotation":0,"texture":"#0","tintindex":0},"south":{"uv":[11.71875,3.28125,11.875,3.3125],"rotation":0,"texture":"#0","tintindex":0},"north":{"uv":[11.71875,3.28125,11.875,3.3125],"rotation":0,"texture":"#0","tintindex":0},"west":{"uv":[11.71875,3.40625,11.875,3.4375],"rotation":0,"texture":"#0","tintindex":0},"up":{"uv":[11.71875,3.28125,11.875,3.4375],"rotation":0,"texture":"#0","tintindex":0},"down":{"uv":[11.71875,3.28125,11.875,3.4375],"rotation":0,"texture":"#0","tintindex":0}}},{"from":[9.629413,5.3415375,10.907005],"to":[10.515127,5.5186806,11.792719],"rotation":{"angle":-22.5,"axis":"y","origin":[7.4728336,7.1764307,10.981586]},"faces":{"east":{"uv":[11.71875,3.40625,11.875,3.4375],"rotation":0,"texture":"#0","tintindex":0},"south":{"uv":[11.71875,3.28125,11.875,3.3125],"rotation":0,"texture":"#0","tintindex":0},"north":{"uv":[11.71875,3.28125,11.875,3.3125],"rotation":0,"texture":"#0","tintindex":0},"west":{"uv":[11.71875,3.40625,11.875,3.4375],"rotation":0,"texture":"#0","tintindex":0},"up":{"uv":[11.71875,3.28125,11.875,3.4375],"rotation":0,"texture":"#0","tintindex":0},"down":{"uv":[11.71875,3.28125,11.875,3.4375],"rotation":0,"texture":"#0","tintindex":0}}},{"from":[7.5701456,5.3415375,12.495504],"to":[8.45586,5.5186806,13.38122],"rotation":{"angle":22.5,"axis":"y","origin":[7.4728336,7.1764307,10.981586]},"faces":{"east":{"uv":[11.71875,3.40625,11.875,3.4375],"rotation":0,"texture":"#0","tintindex":0},"south":{"uv":[11.71875,3.28125,11.875,3.3125],"rotation":0,"texture":"#0","tintindex":0},"north":{"uv":[11.71875,3.28125,11.875,3.3125],"rotation":0,"texture":"#0","tintindex":0},"west":{"uv":[11.71875,3.40625,11.875,3.4375],"rotation":0,"texture":"#0","tintindex":0},"up":{"uv":[11.71875,3.28125,11.875,3.4375],"rotation":0,"texture":"#0","tintindex":0},"down":{"uv":[11.71875,3.28125,11.875,3.4375],"rotation":0,"texture":"#0","tintindex":0}}},{"from":[10.234858,5.3415375,12.598858],"to":[11.120571,5.5186806,13.484571],"rotation":{"angle":0.0,"axis":"y","origin":[7.4728336,7.1764307,10.981586]},"faces":{"east":{"uv":[11.71875,3.40625,11.875,3.4375],"rotation":0,"texture":"#0","tintindex":0},"south":{"uv":[11.71875,3.28125,11.875,3.3125],"rotation":0,"texture":"#0","tintindex":0},"north":{"uv":[11.71875,3.28125,11.875,3.3125],"rotation":0,"texture":"#0","tintindex":0},"west":{"uv":[11.71875,3.40625,11.875,3.4375],"rotation":0,"texture":"#0","tintindex":0},"up":{"uv":[11.71875,3.28125,11.875,3.4375],"rotation":0,"texture":"#0","tintindex":0},"down":{"uv":[11.71875,3.28125,11.875,3.4375],"rotation":0,"texture":"#0","tintindex":0}}},{"from":[10.766286,5.5186806,12.598858],"to":[11.652,5.695823,13.484571],"rotation":{"angle":0.0,"axis":"y","origin":[7.4728336,7.1764307,10.981586]},"faces":{"east":{"uv":[11.71875,3.40625,11.875,3.4375],"rotation":0,"texture":"#0","tintindex":0},"south":{"uv":[11.71875,3.28125,11.875,3.3125],"rotation":0,"texture":"#0","tintindex":0},"north":{"uv":[11.71875,3.28125,11.875,3.3125],"rotation":0,"texture":"#0","tintindex":0},"west":{"uv":[11.71875,3.40625,11.875,3.4375],"rotation":0,"texture":"#0","tintindex":0},"up":{"uv":[11.71875,3.28125,11.875,3.4375],"rotation":0,"texture":"#0","tintindex":0},"down":{"uv":[11.71875,3.28125,11.875,3.4375],"rotation":0,"texture":"#0","tintindex":0}}},{"from":[10.589143,5.695823,12.244572],"to":[11.474857,5.872966,13.130285],"rotation":{"angle":0.0,"axis":"y","origin":[7.4728336,7.1764307,10.981586]},"faces":{"east":{"uv":[11.71875,3.40625,11.875,3.4375],"rotation":0,"texture":"#0","tintindex":0},"south":{"uv":[11.71875,3.28125,11.875,3.3125],"rotation":0,"texture":"#0","tintindex":0},"north":{"uv":[11.71875,3.28125,11.875,3.3125],"rotation":0,"texture":"#0","tintindex":0},"west":{"uv":[11.71875,3.40625,11.875,3.4375],"rotation":0,"texture":"#0","tintindex":0},"up":{"uv":[11.71875,3.28125,11.875,3.4375],"rotation":0,"texture":"#0","tintindex":0},"down":{"uv":[11.71875,3.28125,11.875,3.4375],"rotation":0,"texture":"#0","tintindex":0}}},{"from":[10.766286,5.872966,12.421715],"to":[11.652,6.050109,13.307428],"rotation":{"angle":0.0,"axis":"y","origin":[7.4728336,7.1764307,10.981586]},"faces":{"east":{"uv":[11.71875,3.40625,11.875,3.4375],"rotation":0,"texture":"#0","tintindex":0},"south":{"uv":[11.71875,3.28125,11.875,3.3125],"rotation":0,"texture":"#0","tintindex":0},"north":{"uv":[11.71875,3.28125,11.875,3.3125],"rotation":0,"texture":"#0","tintindex":0},"west":{"uv":[11.71875,3.40625,11.875,3.4375],"rotation":0,"texture":"#0","tintindex":0},"up":{"uv":[11.71875,3.28125,11.875,3.4375],"rotation":0,"texture":"#0","tintindex":0},"down":{"uv":[11.71875,3.28125,11.875,3.4375],"rotation":0,"texture":"#0","tintindex":0}}},{"from":[10.589143,6.050109,12.598858],"to":[11.474857,6.227252,13.484571],"rotation":{"angle":0.0,"axis":"y","origin":[7.4728336,7.1764307,10.981586]},"faces":{"east":{"uv":[11.71875,3.40625,11.875,3.4375],"rotation":0,"texture":"#0","tintindex":0},"south":{"uv":[11.71875,3.28125,11.875,3.3125],"rotation":0,"texture":"#0","tintindex":0},"north":{"uv":[11.71875,3.28125,11.875,3.3125],"rotation":0,"texture":"#0","tintindex":0},"west":{"uv":[11.71875,3.40625,11.875,3.4375],"rotation":0,"texture":"#0","tintindex":0},"up":{"uv":[11.71875,3.28125,11.875,3.4375],"rotation":0,"texture":"#0","tintindex":0},"down":{"uv":[11.71875,3.28125,11.875,3.4375],"rotation":0,"texture":"#0","tintindex":0}}},{"from":[11.191429,5.3415375,12.386286],"to":[12.077143,5.5186806,13.272],"rotation":{"angle":0.0,"axis":"y","origin":[7.4728336,7.1764307,10.981586]},"faces":{"east":{"uv":[11.71875,3.40625,11.875,3.4375],"rotation":0,"texture":"#0","tintindex":0},"south":{"uv":[11.71875,3.28125,11.875,3.3125],"rotation":0,"texture":"#0","tintindex":0},"north":{"uv":[11.71875,3.28125,11.875,3.3125],"rotation":0,"texture":"#0","tintindex":0},"west":{"uv":[11.71875,3.40625,11.875,3.4375],"rotation":0,"texture":"#0","tintindex":0},"up":{"uv":[11.71875,3.28125,11.875,3.4375],"rotation":0,"texture":"#0","tintindex":0},"down":{"uv":[11.71875,3.28125,11.875,3.4375],"rotation":0,"texture":"#0","tintindex":0}}},{"from":[10.624572,5.3249893,10.1862135],"to":[11.510286,5.502132,11.071928],"rotation":{"angle":-45.0,"axis":"x","origin":[7.4728336,7.1764307,10.981586]},"faces":{"east":{"uv":[11.71875,3.40625,11.875,3.4375],"rotation":0,"texture":"#0","tintindex":0},"south":{"uv":[11.71875,3.28125,11.875,3.3125],"rotation":0,"texture":"#0","tintindex":0},"north":{"uv":[11.71875,3.28125,11.875,3.3125],"rotation":0,"texture":"#0","tintindex":0},"west":{"uv":[11.71875,3.40625,11.875,3.4375],"rotation":0,"texture":"#0","tintindex":0},"up":{"uv":[11.71875,3.28125,11.875,3.4375],"rotation":0,"texture":"#0","tintindex":0},"down":{"uv":[11.71875,3.28125,11.875,3.4375],"rotation":0,"texture":"#0","tintindex":0}}},{"from":[10.420135,5.3415375,8.077888],"to":[11.305849,5.5186806,8.963602],"rotation":{"angle":-22.5,"axis":"y","origin":[7.4728336,7.1764307,10.981586]},"faces":{"east":{"uv":[11.71875,3.40625,11.875,3.4375],"rotation":0,"texture":"#0","tintindex":0},"south":{"uv":[11.71875,3.28125,11.875,3.3125],"rotation":0,"texture":"#0","tintindex":0},"north":{"uv":[11.71875,3.28125,11.875,3.3125],"rotation":0,"texture":"#0","tintindex":0},"west":{"uv":[11.71875,3.40625,11.875,3.4375],"rotation":0,"texture":"#0","tintindex":0},"up":{"uv":[11.71875,3.28125,11.875,3.4375],"rotation":0,"texture":"#0","tintindex":0},"down":{"uv":[11.71875,3.28125,11.875,3.4375],"rotation":0,"texture":"#0","tintindex":0}}},{"from":[9.75393,5.3415375,13.319019],"to":[10.639645,5.5186806,14.204733],"rotation":{"angle":45.0,"axis":"y","origin":[7.4728336,7.1764307,10.981586]},"faces":{"east":{"uv":[11.71875,3.40625,11.875,3.4375],"rotation":0,"texture":"#0","tintindex":0},"south":{"uv":[11.71875,3.28125,11.875,3.3125],"rotation":0,"texture":"#0","tintindex":0},"north":{"uv":[11.71875,3.28125,11.875,3.3125],"rotation":0,"texture":"#0","tintindex":0},"west":{"uv":[11.71875,3.40625,11.875,3.4375],"rotation":0,"texture":"#0","tintindex":0},"up":{"uv":[11.71875,3.28125,11.875,3.4375],"rotation":0,"texture":"#0","tintindex":0},"down":{"uv":[11.71875,3.28125,11.875,3.4375],"rotation":0,"texture":"#0","tintindex":0}}},{"from":[8.640572,5.5186806,11.004572],"to":[9.526286,5.695823,11.8902855],"rotation":{"angle":0.0,"axis":"y","origin":[7.4728336,7.1764307,10.981586]},"faces":{"east":{"uv":[11.71875,3.40625,11.875,3.4375],"rotation":0,"texture":"#0","tintindex":0},"south":{"uv":[11.71875,3.28125,11.875,3.3125],"rotation":0,"texture":"#0","tintindex":0},"north":{"uv":[11.71875,3.28125,11.875,3.3125],"rotation":0,"texture":"#0","tintindex":0},"west":{"uv":[11.71875,3.40625,11.875,3.4375],"rotation":0,"texture":"#0","tintindex":0},"up":{"uv":[11.71875,3.28125,11.875,3.4375],"rotation":0,"texture":"#0","tintindex":0},"down":{"uv":[11.71875,3.28125,11.875,3.4375],"rotation":0,"texture":"#0","tintindex":0}}},{"from":[8.924,5.5186806,11.9257145],"to":[9.809714,5.695823,12.811429],"rotation":{"angle":0.0,"axis":"y","origin":[7.4728336,7.1764307,10.981586]},"faces":{"east":{"uv":[11.71875,3.40625,11.875,3.4375],"rotation":0,"texture":"#0","tintindex":0},"south":{"uv":[11.71875,3.28125,11.875,3.3125],"rotation":0,"texture":"#0","tintindex":0},"north":{"uv":[11.71875,3.28125,11.875,3.3125],"rotation":0,"texture":"#0","tintindex":0},"west":{"uv":[11.71875,3.40625,11.875,3.4375],"rotation":0,"texture":"#0","tintindex":0},"up":{"uv":[11.71875,3.28125,11.875,3.4375],"rotation":0,"texture":"#0","tintindex":0},"down":{"uv":[11.71875,3.28125,11.875,3.4375],"rotation":0,"texture":"#0","tintindex":0}}},{"from":[10.157539,5.5186806,8.788784],"to":[11.043254,5.695823,9.674499],"rotation":{"angle":-22.5,"axis":"y","origin":[7.4728336,7.1764307,10.981586]},"faces":{"east":{"uv":[11.71875,3.40625,11.875,3.4375],"rotation":0,"texture":"#0","tintindex":0},"south":{"uv":[11.71875,3.28125,11.875,3.3125],"rotation":0,"texture":"#0","tintindex":0},"north":{"uv":[11.71875,3.28125,11.875,3.3125],"rotation":0,"texture":"#0","tintindex":0},"west":{"uv":[11.71875,3.40625,11.875,3.4375],"rotation":0,"texture":"#0","tintindex":0},"up":{"uv":[11.71875,3.28125,11.875,3.4375],"rotation":0,"texture":"#0","tintindex":0},"down":{"uv":[11.71875,3.28125,11.875,3.4375],"rotation":0,"texture":"#0","tintindex":0}}},{"from":[5.1349077,6.1723495,12.067429],"to":[6.020622,6.349492,12.953143],"rotation":{"angle":22.5,"axis":"z","origin":[7.4728336,7.1764307,10.981586]},"faces":{"east":{"uv":[11.71875,3.40625,11.875,3.4375],"rotation":0,"texture":"#0","tintindex":0},"south":{"uv":[11.71875,3.28125,11.875,3.3125],"rotation":0,"texture":"#0","tintindex":0},"north":{"uv":[11.71875,3.28125,11.875,3.3125],"rotation":0,"texture":"#0","tintindex":0},"west":{"uv":[11.71875,3.40625,11.875,3.4375],"rotation":0,"texture":"#0","tintindex":0},"up":{"uv":[11.71875,3.28125,11.875,3.4375],"rotation":0,"texture":"#0","tintindex":0},"down":{"uv":[11.71875,3.28125,11.875,3.4375],"rotation":0,"texture":"#0","tintindex":0}}},{"from":[7.2746553,5.5186806,12.475509],"to":[8.16037,5.695823,13.361223],"rotation":{"angle":-22.5,"axis":"y","origin":[7.4728336,7.1764307,10.981586]},"faces":{"east":{"uv":[11.71875,3.40625,11.875,3.4375],"rotation":0,"texture":"#0","tintindex":0},"south":{"uv":[11.71875,3.28125,11.875,3.3125],"rotation":0,"texture":"#0","tintindex":0},"north":{"uv":[11.71875,3.28125,11.875,3.3125],"rotation":0,"texture":"#0","tintindex":0},"west":{"uv":[11.71875,3.40625,11.875,3.4375],"rotation":0,"texture":"#0","tintindex":0},"up":{"uv":[11.71875,3.28125,11.875,3.4375],"rotation":0,"texture":"#0","tintindex":0},"down":{"uv":[11.71875,3.28125,11.875,3.4375],"rotation":0,"texture":"#0","tintindex":0}}},{"from":[5.244609,5.3415375,12.06643],"to":[6.1303234,5.5186806,12.952145],"rotation":{"angle":45.0,"axis":"y","origin":[7.4728336,7.1764307,10.981586]},"faces":{"east":{"uv":[11.71875,3.40625,11.875,3.4375],"rotation":0,"texture":"#0","tintindex":0},"south":{"uv":[11.71875,3.28125,11.875,3.3125],"rotation":0,"texture":"#0","tintindex":0},"north":{"uv":[11.71875,3.28125,11.875,3.3125],"rotation":0,"texture":"#0","tintindex":0},"west":{"uv":[11.71875,3.40625,11.875,3.4375],"rotation":0,"texture":"#0","tintindex":0},"up":{"uv":[11.71875,3.28125,11.875,3.4375],"rotation":0,"texture":"#0","tintindex":0},"down":{"uv":[11.71875,3.28125,11.875,3.4375],"rotation":0,"texture":"#0","tintindex":0}}},{"from":[7.5372505,5.3415375,11.764612],"to":[8.422965,5.5186806,12.650326],"rotation":{"angle":-22.5,"axis":"y","origin":[7.4728336,7.1764307,10.981586]},"faces":{"east":{"uv":[11.71875,3.40625,11.875,3.4375],"rotation":0,"texture":"#0","tintindex":0},"south":{"uv":[11.71875,3.28125,11.875,3.3125],"rotation":0,"texture":"#0","tintindex":0},"north":{"uv":[11.71875,3.28125,11.875,3.3125],"rotation":0,"texture":"#0","tintindex":0},"west":{"uv":[11.71875,3.40625,11.875,3.4375],"rotation":0,"texture":"#0","tintindex":0},"up":{"uv":[11.71875,3.28125,11.875,3.4375],"rotation":0,"texture":"#0","tintindex":0},"down":{"uv":[11.71875,3.28125,11.875,3.4375],"rotation":0,"texture":"#0","tintindex":0}}},{"from":[5.7,5.3415375,10.048],"to":[6.5857143,5.5186806,10.933714],"rotation":{"angle":0.0,"axis":"y","origin":[7.4728336,7.1764307,10.981586]},"faces":{"east":{"uv":[11.71875,3.40625,11.875,3.4375],"rotation":0,"texture":"#0","tintindex":0},"south":{"uv":[11.71875,3.28125,11.875,3.3125],"rotation":0,"texture":"#0","tintindex":0},"north":{"uv":[11.71875,3.28125,11.875,3.3125],"rotation":0,"texture":"#0","tintindex":0},"west":{"uv":[11.71875,3.40625,11.875,3.4375],"rotation":0,"texture":"#0","tintindex":0},"up":{"uv":[11.71875,3.28125,11.875,3.4375],"rotation":0,"texture":"#0","tintindex":0},"down":{"uv":[11.71875,3.28125,11.875,3.4375],"rotation":0,"texture":"#0","tintindex":0}}},{"from":[9.172,5.3415375,13.307428],"to":[10.057714,5.5186806,14.193144],"rotation":{"angle":0.0,"axis":"y","origin":[7.4728336,7.1764307,10.981586]},"faces":{"east":{"uv":[11.71875,3.40625,11.875,3.4375],"rotation":0,"texture":"#0","tintindex":0},"south":{"uv":[11.71875,3.28125,11.875,3.3125],"rotation":0,"texture":"#0","tintindex":0},"north":{"uv":[11.71875,3.28125,11.875,3.3125],"rotation":0,"texture":"#0","tintindex":0},"west":{"uv":[11.71875,3.40625,11.875,3.4375],"rotation":0,"texture":"#0","tintindex":0},"up":{"uv":[11.71875,3.28125,11.875,3.4375],"rotation":0,"texture":"#0","tintindex":0},"down":{"uv":[11.71875,3.28125,11.875,3.4375],"rotation":0,"texture":"#0","tintindex":0}}},{"from":[7.002741,5.3415375,13.403146],"to":[7.8884554,5.5186806,14.288859],"rotation":{"angle":22.5,"axis":"y","origin":[7.4728336,7.1764307,10.981586]},"faces":{"east":{"uv":[11.71875,3.40625,11.875,3.4375],"rotation":0,"texture":"#0","tintindex":0},"south":{"uv":[11.71875,3.28125,11.875,3.3125],"rotation":0,"texture":"#0","tintindex":0},"north":{"uv":[11.71875,3.28125,11.875,3.3125],"rotation":0,"texture":"#0","tintindex":0},"west":{"uv":[11.71875,3.40625,11.875,3.4375],"rotation":0,"texture":"#0","tintindex":0},"up":{"uv":[11.71875,3.28125,11.875,3.4375],"rotation":0,"texture":"#0","tintindex":0},"down":{"uv":[11.71875,3.28125,11.875,3.4375],"rotation":0,"texture":"#0","tintindex":0}}},{"from":[9.0523815,5.3415375,9.998109],"to":[9.938095,5.5186806,10.883823],"rotation":{"angle":-22.5,"axis":"y","origin":[7.4728336,7.1764307,10.981586]},"faces":{"east":{"uv":[11.71875,3.40625,11.875,3.4375],"rotation":0,"texture":"#0","tintindex":0},"south":{"uv":[11.71875,3.28125,11.875,3.3125],"rotation":0,"texture":"#0","tintindex":0},"north":{"uv":[11.71875,3.28125,11.875,3.3125],"rotation":0,"texture":"#0","tintindex":0},"west":{"uv":[11.71875,3.40625,11.875,3.4375],"rotation":0,"texture":"#0","tintindex":0},"up":{"uv":[11.71875,3.28125,11.875,3.4375],"rotation":0,"texture":"#0","tintindex":0},"down":{"uv":[11.71875,3.28125,11.875,3.4375],"rotation":0,"texture":"#0","tintindex":0}}},{"from":[3.4502854,6.050109,12.545714],"to":[4.3359995,6.227252,13.431429],"rotation":{"angle":0.0,"axis":"y","origin":[7.4728336,7.1764307,10.981586]},"faces":{"east":{"uv":[11.71875,3.40625,11.875,3.4375],"rotation":0,"texture":"#0","tintindex":0},"south":{"uv":[11.71875,3.28125,11.875,3.3125],"rotation":0,"texture":"#0","tintindex":0},"north":{"uv":[11.71875,3.28125,11.875,3.3125],"rotation":0,"texture":"#0","tintindex":0},"west":{"uv":[11.71875,3.40625,11.875,3.4375],"rotation":0,"texture":"#0","tintindex":0},"up":{"uv":[11.71875,3.28125,11.875,3.4375],"rotation":0,"texture":"#0","tintindex":0},"down":{"uv":[11.71875,3.28125,11.875,3.4375],"rotation":0,"texture":"#0","tintindex":0}}},{"from":[3.2731423,5.872966,12.368572],"to":[4.158857,6.050109,13.254286],"rotation":{"angle":0.0,"axis":"y","origin":[7.4728336,7.1764307,10.981586]},"faces":{"east":{"uv":[11.71875,3.40625,11.875,3.4375],"rotation":0,"texture":"#0","tintindex":0},"south":{"uv":[11.71875,3.28125,11.875,3.3125],"rotation":0,"texture":"#0","tintindex":0},"north":{"uv":[11.71875,3.28125,11.875,3.3125],"rotation":0,"texture":"#0","tintindex":0},"west":{"uv":[11.71875,3.40625,11.875,3.4375],"rotation":0,"texture":"#0","tintindex":0},"up":{"uv":[11.71875,3.28125,11.875,3.4375],"rotation":0,"texture":"#0","tintindex":0},"down":{"uv":[11.71875,3.28125,11.875,3.4375],"rotation":0,"texture":"#0","tintindex":0}}},{"from":[2.848,5.5186806,12.368572],"to":[3.733714,5.695823,13.254286],"rotation":{"angle":0.0,"axis":"y","origin":[7.4728336,7.1764307,10.981586]},"faces":{"east":{"uv":[11.71875,3.40625,11.875,3.4375],"rotation":0,"texture":"#0","tintindex":0},"south":{"uv":[11.71875,3.28125,11.875,3.3125],"rotation":0,"texture":"#0","tintindex":0},"north":{"uv":[11.71875,3.28125,11.875,3.3125],"rotation":0,"texture":"#0","tintindex":0},"west":{"uv":[11.71875,3.40625,11.875,3.4375],"rotation":0,"texture":"#0","tintindex":0},"up":{"uv":[11.71875,3.28125,11.875,3.4375],"rotation":0,"texture":"#0","tintindex":0},"down":{"uv":[11.71875,3.28125,11.875,3.4375],"rotation":0,"texture":"#0","tintindex":0}}},{"from":[3.0605712,5.3415375,11.943429],"to":[3.9462857,5.5186806,12.829144],"rotation":{"angle":0.0,"axis":"y","origin":[7.4728336,7.1764307,10.981586]},"faces":{"east":{"uv":[11.71875,3.40625,11.875,3.4375],"rotation":0,"texture":"#0","tintindex":0},"south":{"uv":[11.71875,3.28125,11.875,3.3125],"rotation":0,"texture":"#0","tintindex":0},"north":{"uv":[11.71875,3.28125,11.875,3.3125],"rotation":0,"texture":"#0","tintindex":0},"west":{"uv":[11.71875,3.40625,11.875,3.4375],"rotation":0,"texture":"#0","tintindex":0},"up":{"uv":[11.71875,3.28125,11.875,3.4375],"rotation":0,"texture":"#0","tintindex":0},"down":{"uv":[11.71875,3.28125,11.875,3.4375],"rotation":0,"texture":"#0","tintindex":0}}},{"from":[3.0959997,5.695823,12.545714],"to":[3.9817142,5.872966,13.431429],"rotation":{"angle":0.0,"axis":"y","origin":[7.4728336,7.1764307,10.981586]},"faces":{"east":{"uv":[11.71875,3.40625,11.875,3.4375],"rotation":0,"texture":"#0","tintindex":0},"south":{"uv":[11.71875,3.28125,11.875,3.3125],"rotation":0,"texture":"#0","tintindex":0},"north":{"uv":[11.71875,3.28125,11.875,3.3125],"rotation":0,"texture":"#0","tintindex":0},"west":{"uv":[11.71875,3.40625,11.875,3.4375],"rotation":0,"texture":"#0","tintindex":0},"up":{"uv":[11.71875,3.28125,11.875,3.4375],"rotation":0,"texture":"#0","tintindex":0},"down":{"uv":[11.71875,3.28125,11.875,3.4375],"rotation":0,"texture":"#0","tintindex":0}}},{"from":[5.882119,3.824616,12.510286],"to":[6.767833,4.0017586,13.396],"rotation":{"angle":-45.0,"axis":"z","origin":[7.4728336,7.1764307,10.981586]},"faces":{"east":{"uv":[11.71875,3.40625,11.875,3.4375],"rotation":0,"texture":"#0","tintindex":0},"south":{"uv":[11.71875,3.28125,11.875,3.3125],"rotation":0,"texture":"#0","tintindex":0},"north":{"uv":[11.71875,3.28125,11.875,3.3125],"rotation":0,"texture":"#0","tintindex":0},"west":{"uv":[11.71875,3.40625,11.875,3.4375],"rotation":0,"texture":"#0","tintindex":0},"up":{"uv":[11.71875,3.28125,11.875,3.4375],"rotation":0,"texture":"#0","tintindex":0},"down":{"uv":[11.71875,3.28125,11.875,3.4375],"rotation":0,"texture":"#0","tintindex":0}}},{"from":[2.848,5.3415375,12.9],"to":[3.733714,5.5186806,13.785715],"rotation":{"angle":0.0,"axis":"y","origin":[7.4728336,7.1764307,10.981586]},"faces":{"east":{"uv":[11.71875,3.40625,11.875,3.4375],"rotation":0,"texture":"#0","tintindex":0},"south":{"uv":[11.71875,3.28125,11.875,3.3125],"rotation":0,"texture":"#0","tintindex":0},"north":{"uv":[11.71875,3.28125,11.875,3.3125],"rotation":0,"texture":"#0","tintindex":0},"west":{"uv":[11.71875,3.40625,11.875,3.4375],"rotation":0,"texture":"#0","tintindex":0},"up":{"uv":[11.71875,3.28125,11.875,3.4375],"rotation":0,"texture":"#0","tintindex":0},"down":{"uv":[11.71875,3.28125,11.875,3.4375],"rotation":0,"texture":"#0","tintindex":0}}},{"from":[4.6099977,5.3415375,12.8379],"to":[5.4957123,5.5186806,13.723615],"rotation":{"angle":-45.0,"axis":"y","origin":[7.4728336,7.1764307,10.981586]},"faces":{"east":{"uv":[11.71875,3.40625,11.875,3.4375],"rotation":0,"texture":"#0","tintindex":0},"south":{"uv":[11.71875,3.28125,11.875,3.3125],"rotation":0,"texture":"#0","tintindex":0},"north":{"uv":[11.71875,3.28125,11.875,3.3125],"rotation":0,"texture":"#0","tintindex":0},"west":{"uv":[11.71875,3.40625,11.875,3.4375],"rotation":0,"texture":"#0","tintindex":0},"up":{"uv":[11.71875,3.28125,11.875,3.4375],"rotation":0,"texture":"#0","tintindex":0},"down":{"uv":[11.71875,3.28125,11.875,3.4375],"rotation":0,"texture":"#0","tintindex":0}}},{"from":[3.5034285,5.3415375,9.339429],"to":[4.389143,5.5186806,10.225143],"rotation":{"angle":0.0,"axis":"y","origin":[7.4728336,7.1764307,10.981586]},"faces":{"east":{"uv":[11.71875,3.40625,11.875,3.4375],"rotation":0,"texture":"#0","tintindex":0},"south":{"uv":[11.71875,3.28125,11.875,3.3125],"rotation":0,"texture":"#0","tintindex":0},"north":{"uv":[11.71875,3.28125,11.875,3.3125],"rotation":0,"texture":"#0","tintindex":0},"west":{"uv":[11.71875,3.40625,11.875,3.4375],"rotation":0,"texture":"#0","tintindex":0},"up":{"uv":[11.71875,3.28125,11.875,3.4375],"rotation":0,"texture":"#0","tintindex":0},"down":{"uv":[11.71875,3.28125,11.875,3.4375],"rotation":0,"texture":"#0","tintindex":0}}},{"from":[4.863714,4.4900913,9.764571],"to":[5.7494287,4.667234,10.650286],"rotation":{"angle":-22.5,"axis":"z","origin":[7.4728336,7.1764307,10.981586]},"faces":{"east":{"uv":[11.71875,3.40625,11.875,3.4375],"rotation":0,"texture":"#0","tintindex":0},"south":{"uv":[11.71875,3.28125,11.875,3.3125],"rotation":0,"texture":"#0","tintindex":0},"north":{"uv":[11.71875,3.28125,11.875,3.3125],"rotation":0,"texture":"#0","tintindex":0},"west":{"uv":[11.71875,3.40625,11.875,3.4375],"rotation":0,"texture":"#0","tintindex":0},"up":{"uv":[11.71875,3.28125,11.875,3.4375],"rotation":0,"texture":"#0","tintindex":0},"down":{"uv":[11.71875,3.28125,11.875,3.4375],"rotation":0,"texture":"#0","tintindex":0}}},{"from":[4.5662856,5.3415375,13.307428],"to":[5.4519997,5.5186806,14.193144],"rotation":{"angle":0.0,"axis":"y","origin":[7.4728336,7.1764307,10.981586]},"faces":{"east":{"uv":[11.71875,3.40625,11.875,3.4375],"rotation":0,"texture":"#0","tintindex":0},"south":{"uv":[11.71875,3.28125,11.875,3.3125],"rotation":0,"texture":"#0","tintindex":0},"north":{"uv":[11.71875,3.28125,11.875,3.3125],"rotation":0,"texture":"#0","tintindex":0},"west":{"uv":[11.71875,3.40625,11.875,3.4375],"rotation":0,"texture":"#0","tintindex":0},"up":{"uv":[11.71875,3.28125,11.875,3.4375],"rotation":0,"texture":"#0","tintindex":0},"down":{"uv":[11.71875,3.28125,11.875,3.4375],"rotation":0,"texture":"#0","tintindex":0}}},{"from":[4.133358,5.3415375,10.783909],"to":[5.0190725,5.5186806,11.669622],"rotation":{"angle":22.5,"axis":"y","origin":[7.4728336,7.1764307,10.981586]},"faces":{"east":{"uv":[11.71875,3.40625,11.875,3.4375],"rotation":0,"texture":"#0","tintindex":0},"south":{"uv":[11.71875,3.28125,11.875,3.3125],"rotation":0,"texture":"#0","tintindex":0},"north":{"uv":[11.71875,3.28125,11.875,3.3125],"rotation":0,"texture":"#0","tintindex":0},"west":{"uv":[11.71875,3.40625,11.875,3.4375],"rotation":0,"texture":"#0","tintindex":0},"up":{"uv":[11.71875,3.28125,11.875,3.4375],"rotation":0,"texture":"#0","tintindex":0},"down":{"uv":[11.71875,3.28125,11.875,3.4375],"rotation":0,"texture":"#0","tintindex":0}}},{"from":[4.8142858,5.5186806,11.9257145],"to":[5.7,5.695823,12.811429],"rotation":{"angle":0.0,"axis":"y","origin":[7.4728336,7.1764307,10.981586]},"faces":{"east":{"uv":[11.71875,3.40625,11.875,3.4375],"rotation":0,"texture":"#0","tintindex":0},"south":{"uv":[11.71875,3.28125,11.875,3.3125],"rotation":0,"texture":"#0","tintindex":0},"north":{"uv":[11.71875,3.28125,11.875,3.3125],"rotation":0,"texture":"#0","tintindex":0},"west":{"uv":[11.71875,3.40625,11.875,3.4375],"rotation":0,"texture":"#0","tintindex":0},"up":{"uv":[11.71875,3.28125,11.875,3.4375],"rotation":0,"texture":"#0","tintindex":0},"down":{"uv":[11.71875,3.28125,11.875,3.4375],"rotation":0,"texture":"#0","tintindex":0}}},{"from":[5.0977144,5.5186806,11.004572],"to":[5.9834285,5.695823,11.8902855],"rotation":{"angle":0.0,"axis":"y","origin":[7.4728336,7.1764307,10.981586]},"faces":{"east":{"uv":[11.71875,3.40625,11.875,3.4375],"rotation":0,"texture":"#0","tintindex":0},"south":{"uv":[11.71875,3.28125,11.875,3.3125],"rotation":0,"texture":"#0","tintindex":0},"north":{"uv":[11.71875,3.28125,11.875,3.3125],"rotation":0,"texture":"#0","tintindex":0},"west":{"uv":[11.71875,3.40625,11.875,3.4375],"rotation":0,"texture":"#0","tintindex":0},"up":{"uv":[11.71875,3.28125,11.875,3.4375],"rotation":0,"texture":"#0","tintindex":0},"down":{"uv":[11.71875,3.28125,11.875,3.4375],"rotation":0,"texture":"#0","tintindex":0}}},{"from":[4.920162,5.6603947,10.75293],"to":[5.8058767,5.837538,11.638644],"rotation":{"angle":22.5,"axis":"y","origin":[7.4728336,7.1764307,10.981586]},"faces":{"east":{"uv":[11.71875,3.40625,11.875,3.4375],"rotation":0,"texture":"#0","tintindex":0},"south":{"uv":[11.71875,3.28125,11.875,3.3125],"rotation":0,"texture":"#0","tintindex":0},"north":{"uv":[11.71875,3.28125,11.875,3.3125],"rotation":0,"texture":"#0","tintindex":0},"west":{"uv":[11.71875,3.40625,11.875,3.4375],"rotation":0,"texture":"#0","tintindex":0},"up":{"uv":[11.71875,3.28125,11.875,3.4375],"rotation":0,"texture":"#0","tintindex":0},"down":{"uv":[11.71875,3.28125,11.875,3.4375],"rotation":0,"texture":"#0","tintindex":0}}},{"from":[4.7103896,5.3415375,9.875012],"to":[5.596104,5.5186806,10.760727],"rotation":{"angle":22.5,"axis":"y","origin":[7.4728336,7.1764307,10.981586]},"faces":{"east":{"uv":[11.71875,3.40625,11.875,3.4375],"rotation":0,"texture":"#0","tintindex":0},"south":{"uv":[11.71875,3.28125,11.875,3.3125],"rotation":0,"texture":"#0","tintindex":0},"north":{"uv":[11.71875,3.28125,11.875,3.3125],"rotation":0,"texture":"#0","tintindex":0},"west":{"uv":[11.71875,3.40625,11.875,3.4375],"rotation":0,"texture":"#0","tintindex":0},"up":{"uv":[11.71875,3.28125,11.875,3.4375],"rotation":0,"texture":"#0","tintindex":0},"down":{"uv":[11.71875,3.28125,11.875,3.4375],"rotation":0,"texture":"#0","tintindex":0}}},{"from":[5.9818344,5.3415375,11.668846],"to":[6.867549,5.5186806,12.55456],"rotation":{"angle":-22.5,"axis":"y","origin":[7.4728336,7.1764307,10.981586]},"faces":{"east":{"uv":[11.71875,3.40625,11.875,3.4375],"rotation":0,"texture":"#0","tintindex":0},"south":{"uv":[11.71875,3.28125,11.875,3.3125],"rotation":0,"texture":"#0","tintindex":0},"north":{"uv":[11.71875,3.28125,11.875,3.3125],"rotation":0,"texture":"#0","tintindex":0},"west":{"uv":[11.71875,3.40625,11.875,3.4375],"rotation":0,"texture":"#0","tintindex":0},"up":{"uv":[11.71875,3.28125,11.875,3.4375],"rotation":0,"texture":"#0","tintindex":0},"down":{"uv":[11.71875,3.28125,11.875,3.4375],"rotation":0,"texture":"#0","tintindex":0}}},{"from":[3.8072124,5.3415375,6.528981],"to":[4.692927,5.5186806,7.4146957],"rotation":{"angle":45.0,"axis":"y","origin":[6.974024,7.1764307,9.752128]},"faces":{"east":{"uv":[11.71875,3.40625,11.875,3.4375],"rotation":0,"texture":"#0","tintindex":0},"south":{"uv":[11.71875,3.28125,11.875,3.3125],"rotation":0,"texture":"#0","tintindex":0},"north":{"uv":[11.71875,3.28125,11.875,3.3125],"rotation":0,"texture":"#0","tintindex":0},"west":{"uv":[11.71875,3.40625,11.875,3.4375],"rotation":0,"texture":"#0","tintindex":0},"up":{"uv":[11.875,3.4375,11.71875,3.28125],"rotation":0,"texture":"#0","tintindex":0},"down":{"uv":[11.875,3.4375,11.71875,3.28125],"rotation":0,"texture":"#0","tintindex":0}}},{"from":[4.9205713,5.5186806,8.843429],"to":[5.806286,5.695823,9.729143],"rotation":{"angle":0.0,"axis":"y","origin":[6.974024,7.1764307,9.752128]},"faces":{"east":{"uv":[11.71875,3.40625,11.875,3.4375],"rotation":0,"texture":"#0","tintindex":0},"south":{"uv":[11.71875,3.28125,11.875,3.3125],"rotation":0,"texture":"#0","tintindex":0},"north":{"uv":[11.71875,3.28125,11.875,3.3125],"rotation":0,"texture":"#0","tintindex":0},"west":{"uv":[11.71875,3.40625,11.875,3.4375],"rotation":0,"texture":"#0","tintindex":0},"up":{"uv":[11.875,3.4375,11.71875,3.28125],"rotation":0,"texture":"#0","tintindex":0},"down":{"uv":[11.875,3.4375,11.71875,3.28125],"rotation":0,"texture":"#0","tintindex":0}}},{"from":[3.4036036,5.5186806,11.0592165],"to":[4.2893176,5.695823,11.94493],"rotation":{"angle":-22.5,"axis":"y","origin":[6.974024,7.1764307,9.752128]},"faces":{"east":{"uv":[11.71875,3.40625,11.875,3.4375],"rotation":0,"texture":"#0","tintindex":0},"south":{"uv":[11.71875,3.28125,11.875,3.3125],"rotation":0,"texture":"#0","tintindex":0},"north":{"uv":[11.71875,3.28125,11.875,3.3125],"rotation":0,"texture":"#0","tintindex":0},"west":{"uv":[11.71875,3.40625,11.875,3.4375],"rotation":0,"texture":"#0","tintindex":0},"up":{"uv":[11.875,3.4375,11.71875,3.28125],"rotation":0,"texture":"#0","tintindex":0},"down":{"uv":[11.875,3.4375,11.71875,3.28125],"rotation":0,"texture":"#0","tintindex":0}}},{"from":[6.2864876,5.5186806,7.372492],"to":[7.1722016,5.695823,8.258206],"rotation":{"angle":-22.5,"axis":"y","origin":[6.974024,7.1764307,9.752128]},"faces":{"east":{"uv":[11.71875,3.40625,11.875,3.4375],"rotation":0,"texture":"#0","tintindex":0},"south":{"uv":[11.71875,3.28125,11.875,3.3125],"rotation":0,"texture":"#0","tintindex":0},"north":{"uv":[11.71875,3.28125,11.875,3.3125],"rotation":0,"texture":"#0","tintindex":0},"west":{"uv":[11.71875,3.40625,11.875,3.4375],"rotation":0,"texture":"#0","tintindex":0},"up":{"uv":[11.875,3.4375,11.71875,3.28125],"rotation":0,"texture":"#0","tintindex":0},"down":{"uv":[11.875,3.4375,11.71875,3.28125],"rotation":0,"texture":"#0","tintindex":0}}},{"from":[8.316534,5.3415375,7.7815704],"to":[9.202248,5.5186806,8.667285],"rotation":{"angle":45.0,"axis":"y","origin":[6.974024,7.1764307,9.752128]},"faces":{"east":{"uv":[11.71875,3.40625,11.875,3.4375],"rotation":0,"texture":"#0","tintindex":0},"south":{"uv":[11.71875,3.28125,11.875,3.3125],"rotation":0,"texture":"#0","tintindex":0},"north":{"uv":[11.71875,3.28125,11.875,3.3125],"rotation":0,"texture":"#0","tintindex":0},"west":{"uv":[11.71875,3.40625,11.875,3.4375],"rotation":0,"texture":"#0","tintindex":0},"up":{"uv":[11.875,3.4375,11.71875,3.28125],"rotation":0,"texture":"#0","tintindex":0},"down":{"uv":[11.875,3.4375,11.71875,3.28125],"rotation":0,"texture":"#0","tintindex":0}}},{"from":[6.0238924,5.3415375,8.083388],"to":[6.9096065,5.5186806,8.969103],"rotation":{"angle":-22.5,"axis":"y","origin":[6.974024,7.1764307,9.752128]},"faces":{"east":{"uv":[11.71875,3.40625,11.875,3.4375],"rotation":0,"texture":"#0","tintindex":0},"south":{"uv":[11.71875,3.28125,11.875,3.3125],"rotation":0,"texture":"#0","tintindex":0},"north":{"uv":[11.71875,3.28125,11.875,3.3125],"rotation":0,"texture":"#0","tintindex":0},"west":{"uv":[11.71875,3.40625,11.875,3.4375],"rotation":0,"texture":"#0","tintindex":0},"up":{"uv":[11.875,3.4375,11.71875,3.28125],"rotation":0,"texture":"#0","tintindex":0},"down":{"uv":[11.875,3.4375,11.71875,3.28125],"rotation":0,"texture":"#0","tintindex":0}}},{"from":[6.8691425,5.3415375,10.083428],"to":[7.754857,5.5186806,10.969143],"rotation":{"angle":0.0,"axis":"y","origin":[6.974024,7.1764307,9.752128]},"faces":{"east":{"uv":[11.71875,3.40625,11.875,3.4375],"rotation":0,"texture":"#0","tintindex":0},"south":{"uv":[11.71875,3.28125,11.875,3.3125],"rotation":0,"texture":"#0","tintindex":0},"north":{"uv":[11.71875,3.28125,11.875,3.3125],"rotation":0,"texture":"#0","tintindex":0},"west":{"uv":[11.71875,3.40625,11.875,3.4375],"rotation":0,"texture":"#0","tintindex":0},"up":{"uv":[11.875,3.4375,11.71875,3.28125],"rotation":0,"texture":"#0","tintindex":0},"down":{"uv":[11.875,3.4375,11.71875,3.28125],"rotation":0,"texture":"#0","tintindex":0}}},{"from":[7.8611426,5.3415375,9.8],"to":[8.746858,5.5186806,10.685715],"rotation":{"angle":0.0,"axis":"y","origin":[6.974024,7.1764307,9.752128]},"faces":{"east":{"uv":[11.71875,3.40625,11.875,3.4375],"rotation":0,"texture":"#0","tintindex":0},"south":{"uv":[11.71875,3.28125,11.875,3.3125],"rotation":0,"texture":"#0","tintindex":0},"north":{"uv":[11.71875,3.28125,11.875,3.3125],"rotation":0,"texture":"#0","tintindex":0},"west":{"uv":[11.71875,3.40625,11.875,3.4375],"rotation":0,"texture":"#0","tintindex":0},"up":{"uv":[11.875,3.4375,11.71875,3.28125],"rotation":0,"texture":"#0","tintindex":0},"down":{"uv":[11.875,3.4375,11.71875,3.28125],"rotation":0,"texture":"#0","tintindex":0}}},{"from":[7.317564,5.5541086,8.957755],"to":[8.203279,5.7312517,9.84347],"rotation":{"angle":-45.0,"axis":"y","origin":[6.974024,7.1764307,9.752128]},"faces":{"east":{"uv":[11.71875,3.40625,11.875,3.4375],"rotation":0,"texture":"#0","tintindex":0},"south":{"uv":[11.71875,3.28125,11.875,3.3125],"rotation":0,"texture":"#0","tintindex":0},"north":{"uv":[11.71875,3.28125,11.875,3.3125],"rotation":0,"texture":"#0","tintindex":0},"west":{"uv":[11.71875,3.40625,11.875,3.4375],"rotation":0,"texture":"#0","tintindex":0},"up":{"uv":[11.875,3.4375,11.71875,3.28125],"rotation":0,"texture":"#0","tintindex":0},"down":{"uv":[11.875,3.4375,11.71875,3.28125],"rotation":0,"texture":"#0","tintindex":0}}},{"from":[7.0604043,5.3415375,9.207166],"to":[7.9461184,5.5186806,10.09288],"rotation":{"angle":22.5,"axis":"y","origin":[6.974024,7.1764307,9.752128]},"faces":{"east":{"uv":[11.71875,3.40625,11.875,3.4375],"rotation":0,"texture":"#0","tintindex":0},"south":{"uv":[11.71875,3.28125,11.875,3.3125],"rotation":0,"texture":"#0","tintindex":0},"north":{"uv":[11.71875,3.28125,11.875,3.3125],"rotation":0,"texture":"#0","tintindex":0},"west":{"uv":[11.71875,3.40625,11.875,3.4375],"rotation":0,"texture":"#0","tintindex":0},"up":{"uv":[11.875,3.4375,11.71875,3.28125],"rotation":0,"texture":"#0","tintindex":0},"down":{"uv":[11.875,3.4375,11.71875,3.28125],"rotation":0,"texture":"#0","tintindex":0}}},{"from":[4.389143,5.3415375,6.540571],"to":[5.274857,5.5186806,7.4262857],"rotation":{"angle":0.0,"axis":"y","origin":[6.974024,7.1764307,9.752128]},"faces":{"east":{"uv":[11.71875,3.40625,11.875,3.4375],"rotation":0,"texture":"#0","tintindex":0},"south":{"uv":[11.71875,3.28125,11.875,3.3125],"rotation":0,"texture":"#0","tintindex":0},"north":{"uv":[11.71875,3.28125,11.875,3.3125],"rotation":0,"texture":"#0","tintindex":0},"west":{"uv":[11.71875,3.40625,11.875,3.4375],"rotation":0,"texture":"#0","tintindex":0},"up":{"uv":[11.875,3.4375,11.71875,3.28125],"rotation":0,"texture":"#0","tintindex":0},"down":{"uv":[11.875,3.4375,11.71875,3.28125],"rotation":0,"texture":"#0","tintindex":0}}},{"from":[6.558402,5.3415375,6.4448547],"to":[7.444116,5.5186806,7.3305693],"rotation":{"angle":22.5,"axis":"y","origin":[6.974024,7.1764307,9.752128]},"faces":{"east":{"uv":[11.71875,3.40625,11.875,3.4375],"rotation":0,"texture":"#0","tintindex":0},"south":{"uv":[11.71875,3.28125,11.875,3.3125],"rotation":0,"texture":"#0","tintindex":0},"north":{"uv":[11.71875,3.28125,11.875,3.3125],"rotation":0,"texture":"#0","tintindex":0},"west":{"uv":[11.71875,3.40625,11.875,3.4375],"rotation":0,"texture":"#0","tintindex":0},"up":{"uv":[11.875,3.4375,11.71875,3.28125],"rotation":0,"texture":"#0","tintindex":0},"down":{"uv":[11.875,3.4375,11.71875,3.28125],"rotation":0,"texture":"#0","tintindex":0}}},{"from":[3.2554283,5.3415375,6.824],"to":[4.141143,5.5186806,7.7097144],"rotation":{"angle":0.0,"axis":"y","origin":[3.6423345,5.430109,7.8023677]},"faces":{"east":{"uv":[11.71875,3.28125,11.875,3.3125],"rotation":0,"texture":"#0","tintindex":0},"south":{"uv":[11.71875,3.40625,11.875,3.4375],"rotation":0,"texture":"#0","tintindex":0},"north":{"uv":[11.71875,3.40625,11.875,3.4375],"rotation":0,"texture":"#0","tintindex":0},"west":{"uv":[11.71875,3.28125,11.875,3.3125],"rotation":0,"texture":"#0","tintindex":0},"up":{"uv":[11.875,3.4375,11.71875,3.28125],"rotation":90,"texture":"#0","tintindex":0},"down":{"uv":[11.875,3.4375,11.71875,3.28125],"rotation":270,"texture":"#0","tintindex":0}}},{"from":[2.9428544,5.3415375,7.8328466],"to":[3.828569,5.5186806,8.718561],"rotation":{"angle":22.5,"axis":"y","origin":[3.6423345,5.430109,7.8023677]},"faces":{"east":{"uv":[11.71875,3.28125,11.875,3.3125],"rotation":0,"texture":"#0","tintindex":0},"south":{"uv":[11.71875,3.40625,11.875,3.4375],"rotation":0,"texture":"#0","tintindex":0},"north":{"uv":[11.71875,3.40625,11.875,3.4375],"rotation":0,"texture":"#0","tintindex":0},"west":{"uv":[11.71875,3.28125,11.875,3.3125],"rotation":0,"texture":"#0","tintindex":0},"up":{"uv":[11.875,3.4375,11.71875,3.28125],"rotation":90,"texture":"#0","tintindex":0},"down":{"uv":[11.875,3.4375,11.71875,3.28125],"rotation":270,"texture":"#0","tintindex":0}}},{"from":[4.5087614,5.3415375,9.849892],"to":[5.394476,5.5186806,10.735605],"rotation":{"angle":-22.5,"axis":"y","origin":[6.974024,7.1764307,9.752128]},"faces":{"east":{"uv":[11.71875,3.40625,11.875,3.4375],"rotation":0,"texture":"#0","tintindex":0},"south":{"uv":[11.71875,3.28125,11.875,3.3125],"rotation":0,"texture":"#0","tintindex":0},"north":{"uv":[11.71875,3.28125,11.875,3.3125],"rotation":0,"texture":"#0","tintindex":0},"west":{"uv":[11.71875,3.40625,11.875,3.4375],"rotation":0,"texture":"#0","tintindex":0},"up":{"uv":[11.875,3.4375,11.71875,3.28125],"rotation":0,"texture":"#0","tintindex":0},"down":{"uv":[11.875,3.4375,11.71875,3.28125],"rotation":0,"texture":"#0","tintindex":0}}},{"from":[10.110857,6.050109,7.3022857],"to":[10.996572,6.227252,8.188],"rotation":{"angle":0.0,"axis":"y","origin":[6.974024,7.1764307,9.752128]},"faces":{"east":{"uv":[11.71875,3.40625,11.875,3.4375],"rotation":0,"texture":"#0","tintindex":0},"south":{"uv":[11.71875,3.28125,11.875,3.3125],"rotation":0,"texture":"#0","tintindex":0},"north":{"uv":[11.71875,3.28125,11.875,3.3125],"rotation":0,"texture":"#0","tintindex":0},"west":{"uv":[11.71875,3.40625,11.875,3.4375],"rotation":0,"texture":"#0","tintindex":0},"up":{"uv":[11.875,3.4375,11.71875,3.28125],"rotation":0,"texture":"#0","tintindex":0},"down":{"uv":[11.875,3.4375,11.71875,3.28125],"rotation":0,"texture":"#0","tintindex":0}}},{"from":[10.288,5.872966,7.4794283],"to":[11.173715,6.050109,8.365143],"rotation":{"angle":0.0,"axis":"y","origin":[6.974024,7.1764307,9.752128]},"faces":{"east":{"uv":[11.71875,3.40625,11.875,3.4375],"rotation":0,"texture":"#0","tintindex":0},"south":{"uv":[11.71875,3.28125,11.875,3.3125],"rotation":0,"texture":"#0","tintindex":0},"north":{"uv":[11.71875,3.28125,11.875,3.3125],"rotation":0,"texture":"#0","tintindex":0},"west":{"uv":[11.71875,3.40625,11.875,3.4375],"rotation":0,"texture":"#0","tintindex":0},"up":{"uv":[11.875,3.4375,11.71875,3.28125],"rotation":0,"texture":"#0","tintindex":0},"down":{"uv":[11.875,3.4375,11.71875,3.28125],"rotation":0,"texture":"#0","tintindex":0}}},{"from":[10.713143,5.5186806,7.4794283],"to":[11.598857,5.695823,8.365143],"rotation":{"angle":0.0,"axis":"y","origin":[6.974024,7.1764307,9.752128]},"faces":{"east":{"uv":[11.71875,3.40625,11.875,3.4375],"rotation":0,"texture":"#0","tintindex":0},"south":{"uv":[11.71875,3.28125,11.875,3.3125],"rotation":0,"texture":"#0","tintindex":0},"north":{"uv":[11.71875,3.28125,11.875,3.3125],"rotation":0,"texture":"#0","tintindex":0},"west":{"uv":[11.71875,3.40625,11.875,3.4375],"rotation":0,"texture":"#0","tintindex":0},"up":{"uv":[11.875,3.4375,11.71875,3.28125],"rotation":0,"texture":"#0","tintindex":0},"down":{"uv":[11.875,3.4375,11.71875,3.28125],"rotation":0,"texture":"#0","tintindex":0}}},{"from":[10.500571,5.3415375,7.9045715],"to":[11.386286,5.5186806,8.790286],"rotation":{"angle":0.0,"axis":"y","origin":[6.974024,7.1764307,9.752128]},"faces":{"east":{"uv":[11.71875,3.40625,11.875,3.4375],"rotation":0,"texture":"#0","tintindex":0},"south":{"uv":[11.71875,3.28125,11.875,3.3125],"rotation":0,"texture":"#0","tintindex":0},"north":{"uv":[11.71875,3.28125,11.875,3.3125],"rotation":0,"texture":"#0","tintindex":0},"west":{"uv":[11.71875,3.40625,11.875,3.4375],"rotation":0,"texture":"#0","tintindex":0},"up":{"uv":[11.875,3.4375,11.71875,3.28125],"rotation":0,"texture":"#0","tintindex":0},"down":{"uv":[11.875,3.4375,11.71875,3.28125],"rotation":0,"texture":"#0","tintindex":0}}},{"from":[10.465143,5.695823,7.3022857],"to":[11.350857,5.872966,8.188],"rotation":{"angle":0.0,"axis":"y","origin":[6.974024,7.1764307,9.752128]},"faces":{"east":{"uv":[11.71875,3.40625,11.875,3.4375],"rotation":0,"texture":"#0","tintindex":0},"south":{"uv":[11.71875,3.28125,11.875,3.3125],"rotation":0,"texture":"#0","tintindex":0},"north":{"uv":[11.71875,3.28125,11.875,3.3125],"rotation":0,"texture":"#0","tintindex":0},"west":{"uv":[11.71875,3.40625,11.875,3.4375],"rotation":0,"texture":"#0","tintindex":0},"up":{"uv":[11.875,3.4375,11.71875,3.28125],"rotation":0,"texture":"#0","tintindex":0},"down":{"uv":[11.875,3.4375,11.71875,3.28125],"rotation":0,"texture":"#0","tintindex":0}}},{"from":[7.6790237,3.824616,7.337714],"to":[8.564738,4.0017586,8.223429],"rotation":{"angle":45.0,"axis":"z","origin":[6.974024,7.1764307,9.752128]},"faces":{"east":{"uv":[11.71875,3.40625,11.875,3.4375],"rotation":0,"texture":"#0","tintindex":0},"south":{"uv":[11.71875,3.28125,11.875,3.3125],"rotation":0,"texture":"#0","tintindex":0},"north":{"uv":[11.71875,3.28125,11.875,3.3125],"rotation":0,"texture":"#0","tintindex":0},"west":{"uv":[11.71875,3.40625,11.875,3.4375],"rotation":0,"texture":"#0","tintindex":0},"up":{"uv":[11.875,3.4375,11.71875,3.28125],"rotation":0,"texture":"#0","tintindex":0},"down":{"uv":[11.875,3.4375,11.71875,3.28125],"rotation":0,"texture":"#0","tintindex":0}}},{"from":[10.713143,5.3415375,6.948],"to":[11.598857,5.5186806,7.8337145],"rotation":{"angle":0.0,"axis":"y","origin":[6.974024,7.1764307,9.752128]},"faces":{"east":{"uv":[11.71875,3.40625,11.875,3.4375],"rotation":0,"texture":"#0","tintindex":0},"south":{"uv":[11.71875,3.28125,11.875,3.3125],"rotation":0,"texture":"#0","tintindex":0},"north":{"uv":[11.71875,3.28125,11.875,3.3125],"rotation":0,"texture":"#0","tintindex":0},"west":{"uv":[11.71875,3.40625,11.875,3.4375],"rotation":0,"texture":"#0","tintindex":0},"up":{"uv":[11.875,3.4375,11.71875,3.28125],"rotation":0,"texture":"#0","tintindex":0},"down":{"uv":[11.875,3.4375,11.71875,3.28125],"rotation":0,"texture":"#0","tintindex":0}}},{"from":[10.057714,5.3415375,10.508572],"to":[10.943429,5.5186806,11.394286],"rotation":{"angle":0.0,"axis":"y","origin":[6.974024,7.1764307,9.752128]},"faces":{"east":{"uv":[11.71875,3.40625,11.875,3.4375],"rotation":0,"texture":"#0","tintindex":0},"south":{"uv":[11.71875,3.28125,11.875,3.3125],"rotation":0,"texture":"#0","tintindex":0},"north":{"uv":[11.71875,3.28125,11.875,3.3125],"rotation":0,"texture":"#0","tintindex":0},"west":{"uv":[11.71875,3.40625,11.875,3.4375],"rotation":0,"texture":"#0","tintindex":0},"up":{"uv":[11.875,3.4375,11.71875,3.28125],"rotation":0,"texture":"#0","tintindex":0},"down":{"uv":[11.875,3.4375,11.71875,3.28125],"rotation":0,"texture":"#0","tintindex":0}}},{"from":[8.697429,4.4900913,10.083428],"to":[9.583143,4.667234,10.969143],"rotation":{"angle":22.5,"axis":"z","origin":[6.974024,7.1764307,9.752128]},"faces":{"east":{"uv":[11.71875,3.40625,11.875,3.4375],"rotation":0,"texture":"#0","tintindex":0},"south":{"uv":[11.71875,3.28125,11.875,3.3125],"rotation":0,"texture":"#0","tintindex":0},"north":{"uv":[11.71875,3.28125,11.875,3.3125],"rotation":0,"texture":"#0","tintindex":0},"west":{"uv":[11.71875,3.40625,11.875,3.4375],"rotation":0,"texture":"#0","tintindex":0},"up":{"uv":[11.875,3.4375,11.71875,3.28125],"rotation":0,"texture":"#0","tintindex":0},"down":{"uv":[11.875,3.4375,11.71875,3.28125],"rotation":0,"texture":"#0","tintindex":0}}},{"from":[8.994857,5.3415375,6.540571],"to":[9.880571,5.5186806,7.4262857],"rotation":{"angle":0.0,"axis":"y","origin":[6.974024,7.1764307,9.752128]},"faces":{"east":{"uv":[11.71875,3.40625,11.875,3.4375],"rotation":0,"texture":"#0","tintindex":0},"south":{"uv":[11.71875,3.28125,11.875,3.3125],"rotation":0,"texture":"#0","tintindex":0},"north":{"uv":[11.71875,3.28125,11.875,3.3125],"rotation":0,"texture":"#0","tintindex":0},"west":{"uv":[11.71875,3.40625,11.875,3.4375],"rotation":0,"texture":"#0","tintindex":0},"up":{"uv":[11.875,3.4375,11.71875,3.28125],"rotation":0,"texture":"#0","tintindex":0},"down":{"uv":[11.875,3.4375,11.71875,3.28125],"rotation":0,"texture":"#0","tintindex":0}}},{"from":[6.1926255,5.3415375,12.618601],"to":[7.07834,5.5186806,13.504316],"rotation":{"angle":-22.5,"axis":"y","origin":[7.4728336,7.1764307,10.981586]},"faces":{"east":{"uv":[11.71875,3.40625,11.875,3.4375],"rotation":0,"texture":"#0","tintindex":0},"south":{"uv":[11.71875,3.28125,11.875,3.3125],"rotation":0,"texture":"#0","tintindex":0},"north":{"uv":[11.71875,3.28125,11.875,3.3125],"rotation":0,"texture":"#0","tintindex":0},"west":{"uv":[11.71875,3.40625,11.875,3.4375],"rotation":0,"texture":"#0","tintindex":0},"up":{"uv":[11.71875,3.28125,11.875,3.4375],"rotation":0,"texture":"#0","tintindex":0},"down":{"uv":[11.71875,3.28125,11.875,3.4375],"rotation":0,"texture":"#0","tintindex":0}}}],"display":{"head":{"translation":[0.0,-6.4,0.0],"scale":[4.0,4.0,4.0]}}}