{
	"parent": "item/generated",
	"textures": {
		"layer0": "item/leather_leggings",
		"layer1": "item/leather_leggings_overlay"
	},
	
	"overrides": [
		{ "predicate": {"custom_model_data": 1}, "model": "yungwilder:guardian_set_armor/guardian_leggings"},
		{ "predicate": {"custom_model_data": 2}, "model": "yungwilder:guardian_set_armor/elder_guardian_leggings"},
		{ "predicate": {"custom_model_data":3},"model":"lunar_studios:enderkariz/ares_set/ares_leggings"},
		{ "predicate": { "custom_model_data": 2000002}, "model": "custom/armor/amethyst_leggings" }
	]
}