{
  "parent": "minecraft:item/generated",
  "textures": {
    "layer0": "minecraft:item/paper"
  },
  "overrides": [
    {
      "predicate": {
        "custom_model_data": 10000
      },
      "model": "_iainternal:ia_auto_gen/icon_left_blue"
    },
    {
      "predicate": {
        "custom_model_data": 10001
      },
      "model": "_iainternal:ia_auto_gen/icon_right_blue"
    },
    {
      "predicate": {
        "custom_model_data": 10002
      },
      "model": "_iainternal:ia_auto_gen/icon_search"
    },
    {
      "predicate": {
        "custom_model_data": 10003
      },
      "model": "_iainternal:ia_auto_gen/icon_cancel"
    },
    {
      "predicate": {
        "custom_model_data": 10004
      },
      "model": "_iainternal:ia_auto_gen/icon_arrow_chest"
    },
    {
      "predicate": {
        "custom_model_data": 10005
      },
      "model": "_iainternal:ia_auto_gen/icon_back_orange"
    },
    {
      "predicate": {
        "custom_model_data": 10006
      },
      "model": "_iainternal:ia_auto_gen/icon_next_orange"
    },
    {
      "predicate": {
        "custom_model_data": 10007
      },
      "model": "cosmetics:custom/cosmetics/ancient/ancient_helmet"
    },
    {
      "predicate": {
        "custom_model_data": 10008
      },
      "model": "cosmetics:custom/cosmetics/candy/candy_hat"
    },
    {
      "predicate": {
        "custom_model_data": 10009
      },
      "model": "cosmetics:custom/cosmetics/warrior/fallen_warrior_helmet"
    },
    {
      "predicate": {
        "custom_model_data": 10010
      },
      "model": "cosmetics:custom/cosmetics/spirit/forest_spirit_helmet"
    },
    {
      "predicate": {
        "custom_model_data": 10011
      },
      "model": "cosmetics:custom/cosmetics/frog/frog_hat"
    },
    {
      "predicate": {
        "custom_model_data": 10012
      },
      "model": "cosmetics:custom/cosmetics/mage/frost_mage_helmet"
    },
    {
      "predicate": {
        "custom_model_data": 10013
      },
      "model": "cosmetics:custom/cosmetics/gnome/gnome_hat"
    },
    {
      "predicate": {
        "custom_model_data": 10014
      },
      "model": "cosmetics:custom/cosmetics/astronaut/hat_astronaut_helmet"
    },
    {
      "predicate": {
        "custom_model_data": 10015
      },
      "model": "cosmetics:custom/cosmetics/starwars/stormtrooper_helmet"
    },
    {
      "predicate": {
        "custom_model_data": 10016
      },
      "model": "cosmetics:custom/cosmetics/witch/witch_hat"
    },
    {
      "predicate": {
        "custom_model_data": 10017
      },
      "model": "cosmetics:custom/cosmetics/shark/shark_hat"
    },
    {
      "predicate": {
        "custom_model_data": 10018
      },
      "model": "cosmetics:custom/cosmetics/viking/viking_hat"
    },
    {
      "predicate": {
        "custom_model_data": 10019
      },
      "model": "item/paper"
    }
  ]
}