{
  "credit": "Made with Blockbench",
  "texture_size": [
    64,
    64
  ],
  "textures": {
    "2": "hmccosmetics:items/backpack",
    "particle": "hmccosmetics:items/backpack"
  },
  "elements": [
    {
      "from": [
        1.25,
        -16,
        3.5
      ],
      "to": [
        14.75,
        1.25,
        12.5
      ],
      "rotation": {
        "angle": 0,
        "axis": "y",
        "origin": [
          2,
          7.125,
          0.875
        ]
      },
      "faces": {
        "north": {
          "uv": [
            3,
            3,
            7.5,
            8.75
          ],
          "texture": "#2"
        },
        "east": {
          "uv": [
            7.5,
            3,
            10.5,
            8.75
          ],
          "texture": "#2"
        },
        "south": {
          "uv": [
            10.5,
            3,
            15,
            8.75
          ],
          "texture": "#2"
        },
        "west": {
          "uv": [
            7.5,
            3,
            10.5,
            8.75
          ],
          "texture": "#2"
        },
        "up": {
          "uv": [
            7.5,
            3,
            3,
            0
          ],
          "texture": "#2"
        },
        "down": {
          "uv": [
            12,
            0,
            7.5,
            3
          ],
          "texture": "#2"
        }
      }
    }
  ],
  "display": {
    "thirdperson_righthand": {
      "rotation": [
        0,
        -180,
        0
      ],
      "scale": [
        0.25,
        0.25,
        0.25
      ]
    },
    "thirdperson_lefthand": {
      "rotation": [
        0,
        -180,
        0
      ],
      "scale": [
        0.25,
        0.25,
        0.25
      ]
    },
    "firstperson_righthand": {
      "rotation": [
        0,
        -180,
        0
      ],
      "scale": [
        0.5,
        0.5,
        0.5
      ]
    },
    "firstperson_lefthand": {
      "rotation": [
        0,
        -180,
        0
      ],
      "scale": [
        0.5,
        0.5,
        0.5
      ]
    },
    "ground": {
      "scale": [
        0.5,
        0.5,
        0.5
      ]
    },
    "gui": {
      "rotation": [
        14,
        -36,
        0
      ],
      "translation": [
        0,
        -1,
        0
      ],
      "scale": [
        0.5,
        0.5,
        0.5
      ]
    },
    "head": {
      "translation": [
        0,
        -77,
        9.25
      ],
      "scale": [
        1.25,
        1.25,
        1.25
      ]
    },
    "fixed": {
      "translation": [
        0,
        -2.25,
        0
      ],
      "scale": [
        0.75,
        0.75,
        0.75
      ]
    }
  },
  "groups": [
    {
      "name": "bag",
      "origin": [
        0,
        9.5,
        -1.5
      ],
      "color": 0,
      "nbt": "{}",
      "armAnimationEnabled": false,
      "children": [
        0
      ]
    }
  ]
}