{
  "credit": "Made with Blockbench",
  "texture_size": [
    32,
    32
  ],
  "textures": {
    "1": "hmccosmetics:items/beanie",
    "particle": "hmccosmetics:items/beanie"
  },
  "elements": [
    {
      "from": [
        4,
        0,
        4
      ],
      "to": [
        12,
        2,
        12
      ],
      "faces": {
        "north": {
          "uv": [
            7.5,
            6,
            11.5,
            7
          ],
          "texture": "#1"
        },
        "east": {
          "uv": [
            7.5,
            7,
            11.5,
            8
          ],
          "texture": "#1"
        },
        "south": {
          "uv": [
            0,
            8,
            4,
            9
          ],
          "texture": "#1"
        },
        "west": {
          "uv": [
            7.5,
            8,
            11.5,
            9
          ],
          "texture": "#1"
        },
        "up": {
          "uv": [
            4,
            4,
            0,
            0
          ],
          "texture": "#1"
        },
        "down": {
          "uv": [
            4,
            4,
            0,
            8
          ],
          "texture": "#1"
        }
      }
    },
    {
      "from": [
        7,
        6,
        7
      ],
      "to": [
        9,
        8,
        9
      ],
      "rotation": {
        "angle": 0,
        "axis": "y",
        "origin": [
          8,
          7,
          8
        ]
      },
      "faces": {
        "north": {
          "uv": [
            0,
            9,
            1,
            10
          ],
          "texture": "#1"
        },
        "east": {
          "uv": [
            1,
            9,
            2,
            10
          ],
          "texture": "#1"
        },
        "south": {
          "uv": [
            2,
            9,
            3,
            10
          ],
          "texture": "#1"
        },
        "west": {
          "uv": [
            3,
            9,
            4,
            10
          ],
          "texture": "#1"
        },
        "up": {
          "uv": [
            5,
            10,
            4,
            9
          ],
          "texture": "#1"
        },
        "down": {
          "uv": [
            6,
            9,
            5,
            10
          ],
          "texture": "#1"
        }
      }
    },
    {
      "from": [
        4.4,
        2,
        4.5
      ],
      "to": [
        11.4,
        6,
        11.5
      ],
      "faces": {
        "north": {
          "uv": [
            4,
            7,
            7.5,
            9
          ],
          "texture": "#1",
          "tintindex": 0
        },
        "east": {
          "uv": [
            7.5,
            0,
            11,
            2
          ],
          "texture": "#1",
          "tintindex": 0
        },
        "south": {
          "uv": [
            7.5,
            2,
            11,
            4
          ],
          "texture": "#1",
          "tintindex": 0
        },
        "west": {
          "uv": [
            7.5,
            4,
            11,
            6
          ],
          "texture": "#1",
          "tintindex": 0
        },
        "up": {
          "uv": [
            7.5,
            3.5,
            4,
            0
          ],
          "texture": "#1",
          "tintindex": 0
        },
        "down": {
          "uv": [
            7.5,
            3.5,
            4,
            7
          ],
          "texture": "#1",
          "tintindex": 0
        }
      }
    }
  ],
  "display": {
    "thirdperson_righthand": {
      "rotation": [
        75,
        45,
        0
      ],
      "translation": [
        0,
        2.5,
        0
      ],
      "scale": [
        0.375,
        0.375,
        0.375
      ]
    },
    "thirdperson_lefthand": {
      "rotation": [
        75,
        45,
        0
      ],
      "translation": [
        0,
        2.5,
        0
      ],
      "scale": [
        0.375,
        0.375,
        0.375
      ]
    },
    "firstperson_righthand": {
      "rotation": [
        0,
        45,
        0
      ],
      "scale": [
        0.4,
        0.4,
        0.4
      ]
    },
    "firstperson_lefthand": {
      "rotation": [
        0,
        225,
        0
      ],
      "scale": [
        0.4,
        0.4,
        0.4
      ]
    },
    "ground": {
      "translation": [
        0,
        3,
        0
      ],
      "scale": [
        0.25,
        0.25,
        0.25
      ]
    },
    "gui": {
      "rotation": [
        30,
        225,
        0
      ],
      "translation": [
        0,
        4.25,
        0
      ]
    },
    "head": {
      "rotation": [
        22.5,
        0,
        0
      ],
      "translation": [
        0,
        15.5,
        6
      ],
      "scale": [
        2,
        2,
        2
      ]
    },
    "fixed": {
      "scale": [
        0.5,
        0.5,
        0.5
      ]
    }
  }
}