{
	"credit": "Made with Blockbench",
	"textures": {
		"0": "hmccosmetics:items/earth_day_grabber"
	},
	"elements": [
		{
			"from": [0, 0, 11],
			"to": [1, 1, 16],
			"faces": {
				"east": {"uv": [0, 11, 1, 16], "rotation": 90, "texture": "#0", "tintindex": 0},
				"south": {"uv": [0, 15, 1, 16], "texture": "#0", "tintindex": 0},
				"west": {"uv": [0, 16, 1, 11], "rotation": 90, "texture": "#0", "tintindex": 0},
				"up": {"uv": [0, 11, 1, 16], "texture": "#0", "tintindex": 0},
				"down": {"uv": [0, 16, 1, 11], "texture": "#0", "tintindex": 0}
			}
		},
		{
			"from": [0, 0, 0],
			"to": [1, 1, 11],
			"faces": {
				"north": {"uv": [0, 0, 1, 1], "texture": "#0"},
				"east": {"uv": [0, 0, 1, 11], "rotation": 90, "texture": "#0"},
				"west": {"uv": [0, 11, 1, 0], "rotation": 90, "texture": "#0"},
				"up": {"uv": [0, 0, 1, 11], "texture": "#0"},
				"down": {"uv": [0, 11, 1, 0], "texture": "#0"}
			}
		},
		{
			"from": [-4, 0.5, -5],
			"to": [5, 0.5, 2],
			"faces": {
				"up": {"uv": [1, 0, 10, 7], "texture": "#0"},
				"down": {"uv": [10, 0, 1, 7], "texture": "#0"}
			}
		},
		{
			"from": [-4, 0, 0],
			"to": [5, 1, 0],
			"faces": {
				"north": {"uv": [1, 5, 10, 6], "texture": "#0"},
				"south": {"uv": [1, 5, 10, 6], "texture": "#0"}
			}
		},
		{
			"from": [0.5, -3, 10],
			"to": [0.5, 0, 16],
			"faces": {
				"east": {"uv": [1, 7, 7, 10], "texture": "#0", "tintindex": 0},
				"west": {"uv": [7, 7, 1, 10], "texture": "#0", "tintindex": 0}
			}
		},
		{
			"from": [0, -3, 16],
			"to": [1, 0, 16],
			"faces": {
				"north": {"uv": [1, 7, 2, 10], "texture": "#0", "tintindex": 0},
				"south": {"uv": [1, 7, 2, 10], "texture": "#0", "tintindex": 0}
			}
		}
	],
	"display": {
		"thirdperson_righthand": {
			"rotation": [45, 0, 0],
			"translation": [7, 10, 3]
		},
		"thirdperson_lefthand": {
			"rotation": [45, 0, 0],
			"translation": [-8, 10, 3]
		},
		"firstperson_righthand": {
			"rotation": [9, 9, 0],
			"translation": [15, 5, 0]
		},
		"firstperson_lefthand": {
			"rotation": [20, 9, 15],
			"translation": [3, 1, 0]
		},
		"ground": {
			"rotation": [13, 0, 35],
			"translation": [1, 3, 1],
			"scale": [0.4, 0.4, 0.4]
		},
		"gui": {
			"rotation": [30, 140, 0],
			"translation": [-3, 7, 0],
			"scale": [0.8, 0.8, 0.8]
		},
		"head": {
			"rotation": [-45, 0, 0],
			"translation": [15, 14, -7],
			"scale": [2, 2, 2]
		},
		"fixed": {
			"rotation": [-90, 0, 0],
			"translation": [6, 2, -6.5],
			"scale": [0.8, 0.8, 0.8]
		}
	}
}