{
  "credit": "Made with Blockbench",
  "texture_size": [
    64,
    64
  ],
  "textures": {
    "0": "hmccosmetics:items/garbage_truck_balloon"
  },
  "elements": [
    {
      "from": [
        5,
        4,
        -2.555
      ],
      "to": [
        11,
        10,
        2.445
      ],
      "rotation": {
        "angle": 0,
        "axis": "y",
        "origin": [
          8,
          0,
          5.445
        ]
      },
      "faces": {
        "north": {
          "uv": [
            2,
            5.75,
            3.5,
            7.25
          ],
          "texture": "#0"
        },
        "east": {
          "uv": [
            4.75,
            6,
            3.5,
            7.5
          ],
          "texture": "#0"
        },
        "south": {
          "uv": [
            5,
            3,
            6,
            4
          ],
          "texture": "#0"
        },
        "west": {
          "uv": [
            3.5,
            6,
            4.75,
            7.5
          ],
          "texture": "#0"
        },
        "up": {
          "uv": [
            6.25,
            7.25,
            4.75,
            6
          ],
          "texture": "#0"
        },
        "down": {
          "uv": [
            5,
            3,
            6,
            4
          ],
          "texture": "#0"
        }
      }
    },
    {
      "from": [
        3.5,
        5,
        13.445
      ],
      "to": [
        12.5,
        13,
        16.445
      ],
      "rotation": {
        "angle": -22.5,
        "axis": "x",
        "origin": [
          8,
          12,
          14.445
        ]
      },
      "faces": {
        "north": {
          "uv": [
            2,
            2,
            4.25,
            4
          ],
          "texture": "#0"
        },
        "east": {
          "uv": [
            6.25,
            6,
            7,
            8
          ],
          "texture": "#0"
        },
        "south": {
          "uv": [
            3,
            0,
            5.25,
            2
          ],
          "texture": "#0"
        },
        "west": {
          "uv": [
            7,
            6,
            6.25,
            8
          ],
          "texture": "#0"
        },
        "up": {
          "uv": [
            7.5,
            2,
            5.25,
            1.25
          ],
          "texture": "#0"
        },
        "down": {
          "uv": [
            5.25,
            1.25,
            7.5,
            2
          ],
          "texture": "#0"
        }
      }
    },
    {
      "from": [
        4,
        4,
        2.445
      ],
      "to": [
        12,
        12,
        14.445
      ],
      "rotation": {
        "angle": 0,
        "axis": "y",
        "origin": [
          8,
          0,
          5.445
        ]
      },
      "faces": {
        "north": {
          "uv": [
            4.25,
            2,
            6.25,
            4
          ],
          "texture": "#0"
        },
        "east": {
          "uv": [
            3,
            0,
            0,
            2
          ],
          "texture": "#0"
        },
        "south": {
          "uv": [
            4.5,
            4,
            6.5,
            6
          ],
          "texture": "#0"
        },
        "west": {
          "uv": [
            0,
            0,
            3,
            2
          ],
          "texture": "#0"
        },
        "up": {
          "uv": [
            2,
            5,
            0,
            2
          ],
          "texture": "#0"
        },
        "down": {
          "uv": [
            2,
            5,
            0,
            2
          ],
          "texture": "#0"
        }
      }
    },
    {
      "from": [
        4,
        2,
        -3.555
      ],
      "to": [
        12,
        4,
        3.445
      ],
      "rotation": {
        "angle": 0,
        "axis": "y",
        "origin": [
          8,
          0,
          5.445
        ]
      },
      "faces": {
        "north": {
          "uv": [
            6.5,
            4.25,
            8.5,
            4.75
          ],
          "texture": "#0"
        },
        "east": {
          "uv": [
            7,
            7,
            8.75,
            7.5
          ],
          "texture": "#0"
        },
        "south": {
          "uv": [
            6.5,
            4.25,
            8.5,
            4.75
          ],
          "texture": "#0"
        },
        "west": {
          "uv": [
            8.75,
            7,
            7,
            7.5
          ],
          "texture": "#0"
        },
        "up": {
          "uv": [
            2,
            6.75,
            0,
            5
          ],
          "texture": "#0"
        },
        "down": {
          "uv": [
            2,
            6.75,
            0,
            5
          ],
          "texture": "#0"
        }
      }
    },
    {
      "from": [
        1,
        -1,
        -2.455
      ],
      "to": [
        4,
        4,
        2.545
      ],
      "rotation": {
        "angle": -22.5,
        "axis": "z",
        "origin": [
          8,
          1,
          -2.455
        ]
      },
      "faces": {
        "north": {
          "uv": [
            0,
            6.75,
            0.75,
            8
          ],
          "texture": "#0"
        },
        "east": {
          "uv": [
            6.25,
            2,
            7.5,
            3.25
          ],
          "texture": "#0"
        },
        "south": {
          "uv": [
            0,
            6.75,
            0.75,
            8
          ],
          "texture": "#0"
        },
        "west": {
          "uv": [
            6.25,
            2,
            7.5,
            3.25
          ],
          "texture": "#0"
        },
        "up": {
          "uv": [
            1.5,
            8,
            0.75,
            6.75
          ],
          "texture": "#0"
        },
        "down": {
          "uv": [
            7.75,
            5.75,
            7,
            7
          ],
          "texture": "#0"
        }
      }
    },
    {
      "from": [
        1,
        -2,
        10.445
      ],
      "to": [
        4,
        2,
        14.445
      ],
      "rotation": {
        "angle": -22.5,
        "axis": "z",
        "origin": [
          8,
          0,
          12.445
        ]
      },
      "faces": {
        "north": {
          "uv": [
            4.75,
            8.25,
            5.5,
            7.25
          ],
          "texture": "#0"
        },
        "east": {
          "uv": [
            6.5,
            4.75,
            7.5,
            5.75
          ],
          "texture": "#0"
        },
        "south": {
          "uv": [
            5.5,
            8.25,
            4.75,
            7.25
          ],
          "texture": "#0"
        },
        "west": {
          "uv": [
            6.5,
            4.75,
            7.5,
            5.75
          ],
          "texture": "#0"
        },
        "up": {
          "uv": [
            6.25,
            8.25,
            5.5,
            7.25
          ],
          "texture": "#0"
        },
        "down": {
          "uv": [
            8.25,
            1.25,
            7.5,
            2.25
          ],
          "texture": "#0"
        }
      }
    },
    {
      "from": [
        1,
        -2,
        5.445
      ],
      "to": [
        4,
        2,
        9.445
      ],
      "rotation": {
        "angle": -22.5,
        "axis": "z",
        "origin": [
          8,
          0,
          12.445
        ]
      },
      "faces": {
        "north": {
          "uv": [
            4.75,
            8.25,
            5.5,
            7.25
          ],
          "texture": "#0"
        },
        "east": {
          "uv": [
            6.5,
            4.75,
            7.5,
            5.75
          ],
          "texture": "#0"
        },
        "south": {
          "uv": [
            5.5,
            8.25,
            4.75,
            7.25
          ],
          "texture": "#0"
        },
        "west": {
          "uv": [
            6.5,
            4.75,
            7.5,
            5.75
          ],
          "texture": "#0"
        },
        "up": {
          "uv": [
            6.25,
            8.25,
            5.5,
            7.25
          ],
          "texture": "#0"
        },
        "down": {
          "uv": [
            8.25,
            1.25,
            7.5,
            2.25
          ],
          "texture": "#0"
        }
      }
    },
    {
      "from": [
        12,
        -1,
        -2.455
      ],
      "to": [
        15,
        4,
        2.545
      ],
      "rotation": {
        "angle": 22.5,
        "axis": "z",
        "origin": [
          8,
          1,
          -2.455
        ]
      },
      "faces": {
        "north": {
          "uv": [
            0.75,
            6.75,
            0,
            8
          ],
          "texture": "#0"
        },
        "east": {
          "uv": [
            7.5,
            2,
            6.25,
            3.25
          ],
          "texture": "#0"
        },
        "south": {
          "uv": [
            0.75,
            6.75,
            0,
            8
          ],
          "texture": "#0"
        },
        "west": {
          "uv": [
            7.5,
            2,
            6.25,
            3.25
          ],
          "texture": "#0"
        },
        "up": {
          "uv": [
            0.75,
            8,
            1.5,
            6.75
          ],
          "texture": "#0"
        },
        "down": {
          "uv": [
            7,
            5.75,
            7.75,
            7
          ],
          "texture": "#0"
        }
      }
    },
    {
      "from": [
        12,
        -2,
        10.445
      ],
      "to": [
        15,
        2,
        14.445
      ],
      "rotation": {
        "angle": 22.5,
        "axis": "z",
        "origin": [
          8,
          0,
          12.445
        ]
      },
      "faces": {
        "north": {
          "uv": [
            5.5,
            8.25,
            4.75,
            7.25
          ],
          "texture": "#0"
        },
        "east": {
          "uv": [
            7.5,
            4.75,
            6.5,
            5.75
          ],
          "texture": "#0"
        },
        "south": {
          "uv": [
            4.75,
            8.25,
            5.5,
            7.25
          ],
          "texture": "#0"
        },
        "west": {
          "uv": [
            7.5,
            4.75,
            6.5,
            5.75
          ],
          "texture": "#0"
        },
        "up": {
          "uv": [
            5.5,
            8.25,
            6.25,
            7.25
          ],
          "texture": "#0"
        },
        "down": {
          "uv": [
            7.5,
            1.25,
            8.25,
            2.25
          ],
          "texture": "#0"
        }
      }
    },
    {
      "from": [
        12,
        -2,
        5.445
      ],
      "to": [
        15,
        2,
        9.445
      ],
      "rotation": {
        "angle": 22.5,
        "axis": "z",
        "origin": [
          8,
          0,
          12.445
        ]
      },
      "faces": {
        "north": {
          "uv": [
            5.5,
            8.25,
            4.75,
            7.25
          ],
          "texture": "#0"
        },
        "east": {
          "uv": [
            7.5,
            4.75,
            6.5,
            5.75
          ],
          "texture": "#0"
        },
        "south": {
          "uv": [
            4.75,
            8.25,
            5.5,
            7.25
          ],
          "texture": "#0"
        },
        "west": {
          "uv": [
            7.5,
            4.75,
            6.5,
            5.75
          ],
          "texture": "#0"
        },
        "up": {
          "uv": [
            5.5,
            8.25,
            6.25,
            7.25
          ],
          "texture": "#0"
        },
        "down": {
          "uv": [
            7.5,
            1.25,
            8.25,
            2.25
          ],
          "texture": "#0"
        }
      }
    },
    {
      "from": [
        3,
        2,
        1.445
      ],
      "to": [
        13,
        4,
        6.445
      ],
      "rotation": {
        "angle": 22.5,
        "axis": "x",
        "origin": [
          8,
          2,
          6.445
        ]
      },
      "faces": {
        "north": {
          "uv": [
            6.5,
            3.75,
            9,
            4.25
          ],
          "texture": "#0"
        },
        "east": {
          "uv": [
            7.5,
            2.25,
            8.75,
            2.75
          ],
          "texture": "#0"
        },
        "south": {
          "uv": [
            5,
            3,
            6,
            4
          ],
          "texture": "#0"
        },
        "west": {
          "uv": [
            8.75,
            2.25,
            7.5,
            2.75
          ],
          "texture": "#0"
        },
        "up": {
          "uv": [
            7.75,
            1.25,
            5.25,
            0
          ],
          "texture": "#0"
        },
        "down": {
          "uv": [
            7.75,
            1.25,
            5.25,
            0
          ],
          "texture": "#0"
        }
      }
    },
    {
      "from": [
        3,
        2,
        6.445
      ],
      "to": [
        13,
        4,
        13.445
      ],
      "rotation": {
        "angle": 0,
        "axis": "y",
        "origin": [
          8,
          0,
          5.445
        ]
      },
      "faces": {
        "north": {
          "uv": [
            5,
            3,
            6,
            4
          ],
          "texture": "#0"
        },
        "east": {
          "uv": [
            7,
            7,
            8.75,
            7.5
          ],
          "texture": "#0"
        },
        "south": {
          "uv": [
            6.25,
            3.25,
            8.75,
            3.75
          ],
          "texture": "#0"
        },
        "west": {
          "uv": [
            8.75,
            7,
            7,
            7.5
          ],
          "texture": "#0"
        },
        "up": {
          "uv": [
            4.5,
            5.75,
            2,
            4
          ],
          "texture": "#0"
        },
        "down": {
          "uv": [
            4.5,
            5.75,
            2,
            4
          ],
          "texture": "#0"
        }
      }
    }
  ],
  "gui_light": "front",
  "display": {
    "gui": {
      "rotation": [
        19,
        119,
        0
      ],
      "translation": [
        0.5,
        0.5,
        0
      ],
      "scale": [
        0.63,
        0.63,
        0.63
      ]
    },
    "head": {
      "translation": [
        0,
        -12,
        0
      ],
      "scale": [
        1.75,
        1.75,
        1.75
      ]
    }
  },
  "groups": [
    {
      "name": "truck",
      "origin": [
        5,
        2,
        7
      ],
      "color": 0,
      "nbt": "{}",
      "armAnimationEnabled": false,
      "children": [
        0,
        1,
        2,
        3,
        4,
        5,
        6,
        7,
        8,
        9,
        10,
        11
      ]
    },
    {
      "name": "l_leash",
      "origin": [
        0,
        3,
        0
      ],
      "color": 0,
      "nbt": "{}",
      "armAnimationEnabled": false,
      "children": []
    },
    {
      "name": "hitbox",
      "origin": [
        0,
        8,
        0
      ],
      "color": 0,
      "nbt": "{}",
      "armAnimationEnabled": false,
      "children": []
    }
  ]
}