{
	"credit": "Made with Blockbench",
	"textures": {
		"0": "hmccosmetics:items/hibiscus_flower"
	},
	"elements": [
		{
			"from": [7, 4, 7],
			"to": [9, 4, 9],
			"faces": {
				"up": {"uv": [9, 4, 11, 6], "texture": "#0"},
				"down": {"uv": [11, 4, 13, 6], "texture": "#0"}
			}
		},
		{
			"from": [5.5, 0, 8],
			"to": [7.5, 3, 8],
			"rotation": {"angle": 22.5, "axis": "z", "origin": [7.5, 2, 8]},
			"faces": {
				"north": {"uv": [10, 6, 8, 9], "texture": "#0"},
				"south": {"uv": [8, 6, 10, 9], "texture": "#0"}
			}
		},
		{
			"from": [7.5, 0, 8.5],
			"to": [7.5, 3, 10.5],
			"rotation": {"angle": -22.5, "axis": "z", "origin": [7.5, 0, 8.5]},
			"faces": {
				"east": {"uv": [8, 6, 10, 9], "texture": "#0"},
				"west": {"uv": [10, 6, 8, 9], "texture": "#0"}
			}
		},
		{
			"from": [8.5, 0, 7.5],
			"to": [10.5, 3, 7.5],
			"rotation": {"angle": 45, "axis": "y", "origin": [8.5, 0, 7.5]},
			"faces": {
				"north": {"uv": [8, 6, 10, 9], "texture": "#0"},
				"south": {"uv": [10, 6, 8, 9], "texture": "#0"}
			}
		},
		{
			"from": [7.5, 0, 7.5],
			"to": [8.5, 4, 8.5],
			"faces": {
				"north": {"uv": [7, 5, 8, 9], "texture": "#0"},
				"east": {"uv": [7, 5, 8, 9], "texture": "#0"},
				"south": {"uv": [7, 5, 8, 9], "texture": "#0"},
				"west": {"uv": [7, 5, 8, 9], "texture": "#0"},
				"down": {"uv": [7, 5, 8, 6], "texture": "#0"}
			}
		},
		{
			"from": [7, 9, 7.5],
			"to": [8, 12, 8.5],
			"rotation": {"angle": 22.5, "axis": "x", "origin": [8, 3, 8]},
			"faces": {
				"north": {"uv": [7, 0, 8, 3], "texture": "#0"},
				"east": {"uv": [7, 0, 8, 3], "texture": "#0"},
				"south": {"uv": [7, 0, 8, 3], "texture": "#0"},
				"west": {"uv": [7, 0, 8, 3], "texture": "#0"}
			}
		},
		{
			"from": [7, 4, 8],
			"to": [8, 14, 8],
			"rotation": {"angle": 22.5, "axis": "x", "origin": [8, 3, 8]},
			"faces": {
				"north": {"uv": [6, 0, 7, 10], "texture": "#0"},
				"south": {"uv": [6, 0, 7, 10], "texture": "#0"}
			}
		},
		{
			"from": [5, 3, 8],
			"to": [11, 7, 12],
			"rotation": {"angle": 45, "axis": "x", "origin": [8, 3, 8]},
			"faces": {
				"north": {"uv": [0, 0, 6, 4], "texture": "#0"},
				"up": {"uv": [4, 10, 0, 4], "rotation": 90, "texture": "#0"}
			}
		},
		{
			"from": [8, 3, 5],
			"to": [12, 7, 11],
			"rotation": {"angle": -45, "axis": "z", "origin": [8, 3, 8]},
			"faces": {
				"west": {"uv": [0, 0, 6, 4], "texture": "#0"},
				"up": {"uv": [4, 10, 0, 4], "texture": "#0"}
			}
		},
		{
			"from": [5, 3, 4],
			"to": [11, 7, 8],
			"rotation": {"angle": -45, "axis": "x", "origin": [8, 3, 8]},
			"faces": {
				"south": {"uv": [0, 0, 6, 4], "texture": "#0"},
				"up": {"uv": [0, 4, 4, 10], "rotation": 90, "texture": "#0"}
			}
		},
		{
			"from": [4, 3, 5],
			"to": [8, 7, 11],
			"rotation": {"angle": 45, "axis": "z", "origin": [8, 3, 8]},
			"faces": {
				"east": {"uv": [0, 0, 6, 4], "texture": "#0"},
				"up": {"uv": [0, 4, 4, 10], "texture": "#0"}
			}
		},
		{
			"from": [5, 7, 8],
			"to": [11, 3, 12],
			"rotation": {"angle": 45, "axis": "x", "origin": [8, 3, 8]},
			"faces": {
				"north": {"uv": [8, 0, 14, 4], "texture": "#0"},
				"down": {"uv": [4, 10, 0, 4], "rotation": 270, "texture": "#0"}
			}
		},
		{
			"from": [5, 7, 4],
			"to": [11, 3, 8],
			"rotation": {"angle": -45, "axis": "x", "origin": [8, 3, 8]},
			"faces": {
				"south": {"uv": [8, 0, 14, 4], "texture": "#0"},
				"down": {"uv": [0, 4, 4, 10], "rotation": 270, "texture": "#0"}
			}
		},
		{
			"from": [8, 7, 5],
			"to": [12, 3, 11],
			"rotation": {"angle": -45, "axis": "z", "origin": [8, 3, 8]},
			"faces": {
				"west": {"uv": [8, 0, 14, 4], "texture": "#0"},
				"down": {"uv": [4, 10, 0, 4], "texture": "#0"}
			}
		},
		{
			"from": [4, 7, 5],
			"to": [8, 3, 11],
			"rotation": {"angle": 45, "axis": "z", "origin": [8, 3, 8]},
			"faces": {
				"east": {"uv": [8, 0, 14, 4], "texture": "#0"},
				"down": {"uv": [0, 4, 4, 10], "texture": "#0"}
			}
		}
	],
	"display": {
		"thirdperson_righthand": {
			"rotation": [0, 20, 0],
			"translation": [-1, 5, 1],
			"scale": [0.7, 0.7, 0.7]
		},
		"thirdperson_lefthand": {
			"rotation": [0, 20, 0],
			"translation": [-1, 5, 1],
			"scale": [0.7, 0.7, 0.7]
		},
		"firstperson_righthand": {
			"rotation": [0, 100, 0],
			"translation": [0, 3, 0],
			"scale": [0.5, 0.5, 0.5]
		},
		"firstperson_lefthand": {
			"rotation": [0, 100, 0],
			"translation": [0, 3, 0],
			"scale": [0.5, 0.5, 0.5]
		},
		"ground": {
			"rotation": [30, 20, 0],
			"translation": [0, 1, 1],
			"scale": [0.5, 0.5, 0.5]
		},
		"gui": {
			"rotation": [30, 160, 0],
			"translation": [0, 1, 0]
		},
		"head": {
			"rotation": [-50, 0, 30],
			"translation": [-9, 9, -9.5]
		},
		"fixed": {
			"rotation": [-90, 0, 0],
			"translation": [0, 0, -16],
			"scale": [2, 2, 2]
		}
	}
}