{
  "credit": "Made with Blockbench",
  "texture_size": [
    32,
    32
  ],
  "textures": {
    "1": "hmccosmetics:items/lantern_cosmetic"
  },
  "elements": [
    {
      "from": [
        5.5,
        0,
        5.5
      ],
      "to": [
        10.5,
        2,
        10.5
      ],
      "faces": {
        "north": {
          "uv": [
            9.5,
            8,
            12,
            9
          ],
          "texture": "#1"
        },
        "east": {
          "uv": [
            9.5,
            9,
            12,
            10
          ],
          "texture": "#1"
        },
        "south": {
          "uv": [
            10,
            0,
            12.5,
            1
          ],
          "texture": "#1"
        },
        "west": {
          "uv": [
            10,
            1,
            12.5,
            2
          ],
          "texture": "#1"
        },
        "up": {
          "uv": [
            5.5,
            8.5,
            3,
            6
          ],
          "texture": "#1"
        },
        "down": {
          "uv": [
            8.5,
            3,
            6,
            5.5
          ],
          "texture": "#1"
        }
      }
    },
    {
      "from": [
        2.5,
        2,
        7
      ],
      "to": [
        5.5,
        2,
        9
      ],
      "rotation": {
        "angle": 0,
        "axis": "y",
        "origin": [
          8,
          7.5,
          8
        ]
      },
      "faces": {
        "north": {
          "uv": [
            0,
            0,
            1.5,
            0
          ],
          "texture": "#1"
        },
        "east": {
          "uv": [
            0,
            0,
            1,
            0
          ],
          "texture": "#1"
        },
        "south": {
          "uv": [
            0,
            0,
            1.5,
            0
          ],
          "texture": "#1"
        },
        "west": {
          "uv": [
            0,
            0,
            1,
            0
          ],
          "texture": "#1"
        },
        "up": {
          "uv": [
            13.5,
            4.5,
            12,
            3.5
          ],
          "texture": "#1"
        },
        "down": {
          "uv": [
            14,
            0,
            12.5,
            1
          ],
          "texture": "#1"
        }
      }
    },
    {
      "from": [
        10.5,
        2,
        7
      ],
      "to": [
        13.5,
        2,
        9
      ],
      "rotation": {
        "angle": 0,
        "axis": "y",
        "origin": [
          8,
          7.5,
          8
        ]
      },
      "faces": {
        "north": {
          "uv": [
            0,
            0,
            1.5,
            0
          ],
          "texture": "#1"
        },
        "east": {
          "uv": [
            0,
            0,
            1,
            0
          ],
          "texture": "#1"
        },
        "south": {
          "uv": [
            0,
            0,
            1.5,
            0
          ],
          "texture": "#1"
        },
        "west": {
          "uv": [
            0,
            0,
            1,
            0
          ],
          "texture": "#1"
        },
        "up": {
          "uv": [
            14.5,
            3,
            13,
            2
          ],
          "texture": "#1"
        },
        "down": {
          "uv": [
            6.5,
            13,
            5,
            14
          ],
          "texture": "#1"
        }
      }
    },
    {
      "from": [
        3.5,
        13,
        7
      ],
      "to": [
        6.5,
        13,
        9
      ],
      "rotation": {
        "angle": 0,
        "axis": "y",
        "origin": [
          8,
          7.5,
          8
        ]
      },
      "faces": {
        "north": {
          "uv": [
            0,
            0,
            1.5,
            0
          ],
          "texture": "#1"
        },
        "east": {
          "uv": [
            0,
            0,
            1,
            0
          ],
          "texture": "#1"
        },
        "south": {
          "uv": [
            0,
            0,
            1.5,
            0
          ],
          "texture": "#1"
        },
        "west": {
          "uv": [
            0,
            0,
            1,
            0
          ],
          "texture": "#1"
        },
        "up": {
          "uv": [
            14,
            2,
            12.5,
            1
          ],
          "texture": "#1"
        },
        "down": {
          "uv": [
            9,
            12.5,
            7.5,
            13.5
          ],
          "texture": "#1"
        }
      }
    },
    {
      "from": [
        2.5,
        2,
        7
      ],
      "to": [
        2.5,
        9,
        9
      ],
      "rotation": {
        "angle": 0,
        "axis": "y",
        "origin": [
          8,
          7.5,
          8
        ]
      },
      "faces": {
        "north": {
          "uv": [
            0,
            0,
            0,
            3.5
          ],
          "texture": "#1"
        },
        "east": {
          "uv": [
            7.5,
            7.5,
            8.5,
            11
          ],
          "texture": "#1"
        },
        "south": {
          "uv": [
            0,
            0,
            0,
            3.5
          ],
          "texture": "#1"
        },
        "west": {
          "uv": [
            5.5,
            8,
            6.5,
            11.5
          ],
          "texture": "#1"
        },
        "up": {
          "uv": [
            0,
            1,
            0,
            0
          ],
          "texture": "#1"
        },
        "down": {
          "uv": [
            0,
            0,
            0,
            1
          ],
          "texture": "#1"
        }
      }
    },
    {
      "from": [
        2.5,
        9,
        7
      ],
      "to": [
        3.5,
        9,
        9
      ],
      "rotation": {
        "angle": 0,
        "axis": "y",
        "origin": [
          8,
          7.5,
          8
        ]
      },
      "faces": {
        "north": {
          "uv": [
            0,
            0,
            0.5,
            0
          ],
          "texture": "#1"
        },
        "east": {
          "uv": [
            0,
            0,
            1,
            0
          ],
          "texture": "#1"
        },
        "south": {
          "uv": [
            0,
            0,
            0.5,
            0
          ],
          "texture": "#1"
        },
        "west": {
          "uv": [
            0,
            0,
            1,
            0
          ],
          "texture": "#1"
        },
        "up": {
          "uv": [
            5.5,
            9.5,
            5,
            8.5
          ],
          "texture": "#1"
        },
        "down": {
          "uv": [
            5.5,
            9.5,
            5,
            10.5
          ],
          "texture": "#1"
        }
      }
    },
    {
      "from": [
        3.5,
        9,
        7
      ],
      "to": [
        3.5,
        13,
        9
      ],
      "rotation": {
        "angle": 0,
        "axis": "y",
        "origin": [
          8,
          7.5,
          8
        ]
      },
      "faces": {
        "north": {
          "uv": [
            0,
            0,
            0,
            2
          ],
          "texture": "#1"
        },
        "east": {
          "uv": [
            6.5,
            11.5,
            7.5,
            13.5
          ],
          "texture": "#1"
        },
        "south": {
          "uv": [
            0,
            0,
            0,
            2
          ],
          "texture": "#1"
        },
        "west": {
          "uv": [
            11,
            11.5,
            12,
            13.5
          ],
          "texture": "#1"
        },
        "up": {
          "uv": [
            0,
            1,
            0,
            0
          ],
          "texture": "#1"
        },
        "down": {
          "uv": [
            0,
            0,
            0,
            1
          ],
          "texture": "#1"
        }
      }
    },
    {
      "from": [
        9.5,
        13,
        7
      ],
      "to": [
        12.5,
        13,
        9
      ],
      "rotation": {
        "angle": 0,
        "axis": "y",
        "origin": [
          8,
          7.5,
          8
        ]
      },
      "faces": {
        "north": {
          "uv": [
            0,
            0,
            1.5,
            0
          ],
          "texture": "#1"
        },
        "east": {
          "uv": [
            0,
            0,
            1,
            0
          ],
          "texture": "#1"
        },
        "south": {
          "uv": [
            0,
            0,
            1.5,
            0
          ],
          "texture": "#1"
        },
        "west": {
          "uv": [
            0,
            0,
            1,
            0
          ],
          "texture": "#1"
        },
        "up": {
          "uv": [
            10.5,
            13.5,
            9,
            12.5
          ],
          "texture": "#1"
        },
        "down": {
          "uv": [
            14,
            10,
            12.5,
            11
          ],
          "texture": "#1"
        }
      }
    },
    {
      "from": [
        12.5,
        9,
        7
      ],
      "to": [
        12.5,
        13,
        9
      ],
      "rotation": {
        "angle": 0,
        "axis": "y",
        "origin": [
          8,
          7.5,
          8
        ]
      },
      "faces": {
        "north": {
          "uv": [
            0,
            0,
            0,
            2
          ],
          "texture": "#1"
        },
        "east": {
          "uv": [
            1,
            12,
            2,
            14
          ],
          "texture": "#1"
        },
        "south": {
          "uv": [
            0,
            0,
            0,
            2
          ],
          "texture": "#1"
        },
        "west": {
          "uv": [
            2,
            12,
            3,
            14
          ],
          "texture": "#1"
        },
        "up": {
          "uv": [
            0,
            1,
            0,
            0
          ],
          "texture": "#1"
        },
        "down": {
          "uv": [
            0,
            0,
            0,
            1
          ],
          "texture": "#1"
        }
      }
    },
    {
      "from": [
        12.5,
        9,
        7
      ],
      "to": [
        13.5,
        9,
        9
      ],
      "rotation": {
        "angle": 0,
        "axis": "y",
        "origin": [
          8,
          7.5,
          8
        ]
      },
      "faces": {
        "north": {
          "uv": [
            0,
            0,
            0.5,
            0
          ],
          "texture": "#1"
        },
        "east": {
          "uv": [
            0,
            0,
            1,
            0
          ],
          "texture": "#1"
        },
        "south": {
          "uv": [
            0,
            0,
            0.5,
            0
          ],
          "texture": "#1"
        },
        "west": {
          "uv": [
            0,
            0,
            1,
            0
          ],
          "texture": "#1"
        },
        "up": {
          "uv": [
            3,
            11.5,
            2.5,
            10.5
          ],
          "texture": "#1"
        },
        "down": {
          "uv": [
            5.5,
            10.5,
            5,
            11.5
          ],
          "texture": "#1"
        }
      }
    },
    {
      "from": [
        13.5,
        2,
        7
      ],
      "to": [
        13.5,
        9,
        9
      ],
      "rotation": {
        "angle": 0,
        "axis": "y",
        "origin": [
          8,
          7.5,
          8
        ]
      },
      "faces": {
        "north": {
          "uv": [
            0,
            0,
            0,
            3.5
          ],
          "texture": "#1"
        },
        "east": {
          "uv": [
            6.5,
            8,
            7.5,
            11.5
          ],
          "texture": "#1"
        },
        "south": {
          "uv": [
            0,
            0,
            0,
            3.5
          ],
          "texture": "#1"
        },
        "west": {
          "uv": [
            3,
            8.5,
            4,
            12
          ],
          "texture": "#1"
        },
        "up": {
          "uv": [
            0,
            1,
            0,
            0
          ],
          "texture": "#1"
        },
        "down": {
          "uv": [
            0,
            0,
            0,
            1
          ],
          "texture": "#1"
        }
      }
    },
    {
      "from": [
        7,
        9,
        12.5
      ],
      "to": [
        9,
        13,
        12.5
      ],
      "rotation": {
        "angle": 0,
        "axis": "y",
        "origin": [
          8,
          7.5,
          8
        ]
      },
      "faces": {
        "north": {
          "uv": [
            12,
            8,
            13,
            10
          ],
          "texture": "#1"
        },
        "east": {
          "uv": [
            0,
            0,
            0,
            2
          ],
          "texture": "#1"
        },
        "south": {
          "uv": [
            12,
            11.5,
            13,
            13.5
          ],
          "texture": "#1"
        },
        "west": {
          "uv": [
            0,
            0,
            0,
            2
          ],
          "texture": "#1"
        },
        "up": {
          "uv": [
            1,
            0,
            0,
            0
          ],
          "texture": "#1"
        },
        "down": {
          "uv": [
            1,
            0,
            0,
            0
          ],
          "texture": "#1"
        }
      }
    },
    {
      "from": [
        7,
        13,
        9.5
      ],
      "to": [
        9,
        13,
        12.5
      ],
      "rotation": {
        "angle": 0,
        "axis": "y",
        "origin": [
          8,
          7.5,
          8
        ]
      },
      "faces": {
        "north": {
          "uv": [
            0,
            0,
            1,
            0
          ],
          "texture": "#1"
        },
        "east": {
          "uv": [
            0,
            0,
            1.5,
            0
          ],
          "texture": "#1"
        },
        "south": {
          "uv": [
            0,
            0,
            1,
            0
          ],
          "texture": "#1"
        },
        "west": {
          "uv": [
            0,
            0,
            1.5,
            0
          ],
          "texture": "#1"
        },
        "up": {
          "uv": [
            14.5,
            7.5,
            13.5,
            6
          ],
          "texture": "#1"
        },
        "down": {
          "uv": [
            7.5,
            13.5,
            6.5,
            15
          ],
          "texture": "#1"
        }
      }
    },
    {
      "from": [
        7,
        9,
        12.5
      ],
      "to": [
        9,
        9,
        13.5
      ],
      "rotation": {
        "angle": 0,
        "axis": "y",
        "origin": [
          8,
          7.5,
          8
        ]
      },
      "faces": {
        "north": {
          "uv": [
            0,
            0,
            1,
            0
          ],
          "texture": "#1"
        },
        "east": {
          "uv": [
            0,
            0,
            0.5,
            0
          ],
          "texture": "#1"
        },
        "south": {
          "uv": [
            0,
            0,
            1,
            0
          ],
          "texture": "#1"
        },
        "west": {
          "uv": [
            0,
            0,
            0.5,
            0
          ],
          "texture": "#1"
        },
        "up": {
          "uv": [
            10,
            14,
            9,
            13.5
          ],
          "texture": "#1"
        },
        "down": {
          "uv": [
            11,
            13.5,
            10,
            14
          ],
          "texture": "#1"
        }
      }
    },
    {
      "from": [
        7,
        2,
        13.5
      ],
      "to": [
        9,
        9,
        13.5
      ],
      "rotation": {
        "angle": 0,
        "axis": "y",
        "origin": [
          8,
          7.5,
          8
        ]
      },
      "faces": {
        "north": {
          "uv": [
            0,
            9,
            1,
            12.5
          ],
          "texture": "#1"
        },
        "east": {
          "uv": [
            0,
            0,
            0,
            3.5
          ],
          "texture": "#1"
        },
        "south": {
          "uv": [
            9,
            0,
            10,
            3.5
          ],
          "texture": "#1"
        },
        "west": {
          "uv": [
            0,
            0,
            0,
            3.5
          ],
          "texture": "#1"
        },
        "up": {
          "uv": [
            1,
            0,
            0,
            0
          ],
          "texture": "#1"
        },
        "down": {
          "uv": [
            1,
            0,
            0,
            0
          ],
          "texture": "#1"
        }
      }
    },
    {
      "from": [
        7,
        2,
        10.5
      ],
      "to": [
        9,
        2,
        13.5
      ],
      "rotation": {
        "angle": 0,
        "axis": "y",
        "origin": [
          8,
          7.5,
          8
        ]
      },
      "faces": {
        "north": {
          "uv": [
            0,
            0,
            1,
            0
          ],
          "texture": "#1"
        },
        "east": {
          "uv": [
            0,
            0,
            1.5,
            0
          ],
          "texture": "#1"
        },
        "south": {
          "uv": [
            0,
            0,
            1,
            0
          ],
          "texture": "#1"
        },
        "west": {
          "uv": [
            0,
            0,
            1.5,
            0
          ],
          "texture": "#1"
        },
        "up": {
          "uv": [
            14.5,
            4.5,
            13.5,
            3
          ],
          "texture": "#1"
        },
        "down": {
          "uv": [
            14.5,
            4.5,
            13.5,
            6
          ],
          "texture": "#1"
        }
      }
    },
    {
      "from": [
        7,
        2,
        2.5
      ],
      "to": [
        9,
        2,
        5.5
      ],
      "rotation": {
        "angle": 0,
        "axis": "y",
        "origin": [
          8,
          7.5,
          8
        ]
      },
      "faces": {
        "north": {
          "uv": [
            1,
            0,
            0,
            0
          ],
          "texture": "#1"
        },
        "east": {
          "uv": [
            1.5,
            0,
            0,
            0
          ],
          "texture": "#1"
        },
        "south": {
          "uv": [
            1,
            0,
            0,
            0
          ],
          "texture": "#1"
        },
        "west": {
          "uv": [
            1.5,
            0,
            0,
            0
          ],
          "texture": "#1"
        },
        "up": {
          "uv": [
            14.5,
            3,
            13.5,
            4.5
          ],
          "texture": "#1"
        },
        "down": {
          "uv": [
            14.5,
            6,
            13.5,
            4.5
          ],
          "texture": "#1"
        }
      }
    },
    {
      "from": [
        7,
        2,
        2.5
      ],
      "to": [
        9,
        9,
        2.5
      ],
      "rotation": {
        "angle": 0,
        "axis": "y",
        "origin": [
          8,
          7.5,
          8
        ]
      },
      "faces": {
        "north": {
          "uv": [
            10,
            0,
            9,
            3.5
          ],
          "texture": "#1"
        },
        "east": {
          "uv": [
            0,
            0,
            0,
            3.5
          ],
          "texture": "#1"
        },
        "south": {
          "uv": [
            1,
            9,
            0,
            12.5
          ],
          "texture": "#1"
        },
        "west": {
          "uv": [
            0,
            0,
            0,
            3.5
          ],
          "texture": "#1"
        },
        "up": {
          "uv": [
            1,
            0,
            0,
            0
          ],
          "texture": "#1"
        },
        "down": {
          "uv": [
            1,
            0,
            0,
            0
          ],
          "texture": "#1"
        }
      }
    },
    {
      "from": [
        7,
        9,
        3.5
      ],
      "to": [
        9,
        13,
        3.5
      ],
      "rotation": {
        "angle": 0,
        "axis": "y",
        "origin": [
          8,
          7.5,
          8
        ]
      },
      "faces": {
        "north": {
          "uv": [
            13,
            11.5,
            12,
            13.5
          ],
          "texture": "#1"
        },
        "east": {
          "uv": [
            0,
            0,
            0,
            2
          ],
          "texture": "#1"
        },
        "south": {
          "uv": [
            13,
            8,
            12,
            10
          ],
          "texture": "#1"
        },
        "west": {
          "uv": [
            0,
            0,
            0,
            2
          ],
          "texture": "#1"
        },
        "up": {
          "uv": [
            1,
            0,
            0,
            0
          ],
          "texture": "#1"
        },
        "down": {
          "uv": [
            1,
            0,
            0,
            0
          ],
          "texture": "#1"
        }
      }
    },
    {
      "from": [
        7,
        9,
        2.5
      ],
      "to": [
        9,
        9,
        3.5
      ],
      "rotation": {
        "angle": 0,
        "axis": "y",
        "origin": [
          8,
          7.5,
          8
        ]
      },
      "faces": {
        "north": {
          "uv": [
            1,
            0,
            0,
            0
          ],
          "texture": "#1"
        },
        "east": {
          "uv": [
            0.5,
            0,
            0,
            0
          ],
          "texture": "#1"
        },
        "south": {
          "uv": [
            1,
            0,
            0,
            0
          ],
          "texture": "#1"
        },
        "west": {
          "uv": [
            0.5,
            0,
            0,
            0
          ],
          "texture": "#1"
        },
        "up": {
          "uv": [
            10,
            13.5,
            9,
            14
          ],
          "texture": "#1"
        },
        "down": {
          "uv": [
            11,
            14,
            10,
            13.5
          ],
          "texture": "#1"
        }
      }
    },
    {
      "from": [
        7,
        13,
        3.5
      ],
      "to": [
        9,
        13,
        6.5
      ],
      "rotation": {
        "angle": 0,
        "axis": "y",
        "origin": [
          8,
          7.5,
          8
        ]
      },
      "faces": {
        "north": {
          "uv": [
            1,
            0,
            0,
            0
          ],
          "texture": "#1"
        },
        "east": {
          "uv": [
            1.5,
            0,
            0,
            0
          ],
          "texture": "#1"
        },
        "south": {
          "uv": [
            1,
            0,
            0,
            0
          ],
          "texture": "#1"
        },
        "west": {
          "uv": [
            1.5,
            0,
            0,
            0
          ],
          "texture": "#1"
        },
        "up": {
          "uv": [
            14.5,
            6,
            13.5,
            7.5
          ],
          "texture": "#1"
        },
        "down": {
          "uv": [
            7.5,
            15,
            6.5,
            13.5
          ],
          "texture": "#1"
        }
      }
    },
    {
      "from": [
        6.5,
        2,
        6.5
      ],
      "to": [
        9.5,
        3,
        9.5
      ],
      "faces": {
        "north": {
          "uv": [
            6,
            5.5,
            7.5,
            6
          ],
          "texture": "#1"
        },
        "east": {
          "uv": [
            12,
            4.5,
            13.5,
            5
          ],
          "texture": "#1"
        },
        "south": {
          "uv": [
            13,
            9.5,
            14.5,
            10
          ],
          "texture": "#1"
        },
        "west": {
          "uv": [
            7.5,
            13.5,
            9,
            14
          ],
          "texture": "#1"
        },
        "up": {
          "uv": [
            11.5,
            3.5,
            10,
            2
          ],
          "texture": "#1"
        },
        "down": {
          "uv": [
            11,
            10,
            9.5,
            11.5
          ],
          "texture": "#1"
        }
      }
    },
    {
      "from": [
        6.5,
        9,
        6.5
      ],
      "to": [
        9.5,
        12,
        9.5
      ],
      "faces": {
        "north": {
          "uv": [
            1,
            10.5,
            2.5,
            12
          ],
          "texture": "#1"
        },
        "east": {
          "uv": [
            10.5,
            3.5,
            12,
            5
          ],
          "texture": "#1"
        },
        "south": {
          "uv": [
            7.5,
            11,
            9,
            12.5
          ],
          "texture": "#1"
        },
        "west": {
          "uv": [
            11,
            10,
            12.5,
            11.5
          ],
          "texture": "#1"
        },
        "up": {
          "uv": [
            13,
            3.5,
            11.5,
            2
          ],
          "texture": "#1"
        },
        "down": {
          "uv": [
            6.5,
            11.5,
            5,
            13
          ],
          "texture": "#1"
        }
      }
    },
    {
      "from": [
        5,
        3,
        5
      ],
      "to": [
        11,
        9,
        11
      ],
      "rotation": {
        "angle": 45,
        "axis": "y",
        "origin": [
          8,
          6,
          8
        ]
      },
      "faces": {
        "north": {
          "uv": [
            0,
            0,
            3,
            3
          ],
          "texture": "#1"
        },
        "east": {
          "uv": [
            0,
            3,
            3,
            6
          ],
          "texture": "#1"
        },
        "south": {
          "uv": [
            3,
            0,
            6,
            3
          ],
          "texture": "#1"
        },
        "west": {
          "uv": [
            3,
            3,
            6,
            6
          ],
          "texture": "#1"
        },
        "up": {
          "uv": [
            3,
            9,
            0,
            6
          ],
          "texture": "#1"
        },
        "down": {
          "uv": [
            9,
            0,
            6,
            3
          ],
          "texture": "#1"
        }
      }
    },
    {
      "from": [
        6,
        12,
        6
      ],
      "to": [
        10,
        14,
        10
      ],
      "faces": {
        "north": {
          "uv": [
            11.5,
            5,
            13.5,
            6
          ],
          "texture": "#1"
        },
        "east": {
          "uv": [
            11.5,
            6,
            13.5,
            7
          ],
          "texture": "#1"
        },
        "south": {
          "uv": [
            11.5,
            7,
            13.5,
            8
          ],
          "texture": "#1"
        },
        "west": {
          "uv": [
            9,
            11.5,
            11,
            12.5
          ],
          "texture": "#1"
        },
        "up": {
          "uv": [
            7.5,
            8,
            5.5,
            6
          ],
          "texture": "#1"
        },
        "down": {
          "uv": [
            9.5,
            5.5,
            7.5,
            7.5
          ],
          "texture": "#1"
        }
      }
    },
    {
      "from": [
        6,
        14,
        8
      ],
      "to": [
        10,
        17,
        8
      ],
      "faces": {
        "north": {
          "uv": [
            8.5,
            3.5,
            10.5,
            5
          ],
          "texture": "#1"
        },
        "east": {
          "uv": [
            0,
            0,
            0,
            1.5
          ],
          "texture": "#1"
        },
        "south": {
          "uv": [
            1,
            9,
            3,
            10.5
          ],
          "texture": "#1"
        },
        "west": {
          "uv": [
            0,
            0,
            0,
            1.5
          ],
          "texture": "#1"
        },
        "up": {
          "uv": [
            2,
            0,
            0,
            0
          ],
          "texture": "#1"
        },
        "down": {
          "uv": [
            2,
            0,
            0,
            0
          ],
          "texture": "#1"
        }
      }
    },
    {
      "from": [
        8,
        14,
        6
      ],
      "to": [
        8,
        17,
        10
      ],
      "rotation": {
        "angle": 0,
        "axis": "y",
        "origin": [
          8,
          15.5,
          8
        ]
      },
      "faces": {
        "north": {
          "uv": [
            0,
            0,
            0,
            1.5
          ],
          "texture": "#1"
        },
        "east": {
          "uv": [
            9.5,
            5,
            11.5,
            6.5
          ],
          "texture": "#1"
        },
        "south": {
          "uv": [
            0,
            0,
            0,
            1.5
          ],
          "texture": "#1"
        },
        "west": {
          "uv": [
            9.5,
            6.5,
            11.5,
            8
          ],
          "texture": "#1"
        },
        "up": {
          "uv": [
            0,
            2,
            0,
            0
          ],
          "texture": "#1"
        },
        "down": {
          "uv": [
            0,
            0,
            0,
            2
          ],
          "texture": "#1"
        }
      }
    }
  ],
  "display": {
    "thirdperson_righthand": {
      "rotation": [
        75,
        45,
        0
      ],
      "translation": [
        -1,
        -1.75,
        -5.25
      ],
      "scale": [
        0.8,
        0.8,
        0.8
      ]
    },
    "thirdperson_lefthand": {
      "rotation": [
        75,
        45,
        0
      ],
      "translation": [
        -1,
        -1.75,
        -5.25
      ],
      "scale": [
        0.8,
        0.8,
        0.8
      ]
    },
    "firstperson_righthand": {
      "rotation": [
        -1.75,
        45,
        0
      ],
      "translation": [
        8.75,
        -2.75,
        -5
      ]
    },
    "firstperson_lefthand": {
      "rotation": [
        -1.75,
        45,
        0
      ],
      "translation": [
        8.75,
        -2.75,
        -5
      ]
    },
    "ground": {
      "translation": [
        0,
        3,
        0
      ],
      "scale": [
        0.25,
        0.25,
        0.25
      ]
    },
    "gui": {
      "rotation": [
        30,
        225,
        0
      ],
      "scale": [
        0.625,
        0.625,
        0.625
      ]
    },
    "fixed": {
      "scale": [
        0.5,
        0.5,
        0.5
      ]
    }
  }
}