{
	"credit": "Made with Blockbench",
	"texture_size": [32, 32],
	"textures": {
		"1": "must_have_props:bone"
	},
	"elements": [
		{
			"from": [7, 0.5, 3],
			"to": [9, 2.5, 12],
			"rotation": {"angle": 0, "axis": "y", "origin": [8, 1.5, 7.5]},
			"faces": {
				"north": {"uv": [0, 6.5, 1, 7.5], "texture": "#1"},
				"east": {"uv": [0, 0, 4.5, 1], "texture": "#1"},
				"south": {"uv": [1, 6.5, 2, 7.5], "texture": "#1"},
				"west": {"uv": [0, 1, 4.5, 2], "texture": "#1"},
				"up": {"uv": [1, 6.5, 0, 2], "texture": "#1"},
				"down": {"uv": [2, 2, 1, 6.5], "texture": "#1"}
			}
		},
		{
			"from": [7.5, 0, 0.5],
			"to": [10.5, 3, 3.5],
			"rotation": {"angle": 0, "axis": "y", "origin": [8, 1.5, 7.5]},
			"faces": {
				"north": {"uv": [2, 2, 3.5, 3.5], "texture": "#1"},
				"east": {"uv": [2, 3.5, 3.5, 5], "texture": "#1"},
				"south": {"uv": [3.5, 2, 5, 3.5], "texture": "#1"},
				"west": {"uv": [3.5, 3.5, 5, 5], "texture": "#1"},
				"up": {"uv": [6, 1.5, 4.5, 0], "texture": "#1"},
				"down": {"uv": [6.5, 1.5, 5, 3], "texture": "#1"}
			}
		},
		{
			"from": [5.5, 0.5, 1],
			"to": [7.5, 2.5, 3],
			"rotation": {"angle": 0, "axis": "y", "origin": [8, 1.5, 7.5]},
			"faces": {
				"north": {"uv": [6.5, 1.5, 7.5, 2.5], "texture": "#1"},
				"east": {"uv": [2, 6.5, 3, 7.5], "texture": "#1"},
				"south": {"uv": [6.5, 2.5, 7.5, 3.5], "texture": "#1"},
				"west": {"uv": [3, 6.5, 4, 7.5], "texture": "#1"},
				"up": {"uv": [7.5, 4.5, 6.5, 3.5], "texture": "#1"},
				"down": {"uv": [5, 6.5, 4, 7.5], "texture": "#1"}
			}
		},
		{
			"from": [5.5, 0, 11.5],
			"to": [8.5, 3, 14.5],
			"rotation": {"angle": 0, "axis": "y", "origin": [8, 1.5, 7.5]},
			"faces": {
				"north": {"uv": [2, 5, 3.5, 6.5], "texture": "#1"},
				"east": {"uv": [5, 3, 6.5, 4.5], "texture": "#1"},
				"south": {"uv": [3.5, 5, 5, 6.5], "texture": "#1"},
				"west": {"uv": [5, 4.5, 6.5, 6], "texture": "#1"},
				"up": {"uv": [7.5, 1.5, 6, 0], "texture": "#1"},
				"down": {"uv": [6.5, 6, 5, 7.5], "texture": "#1"}
			}
		},
		{
			"from": [8.5, 0.5, 12],
			"to": [10.5, 2.5, 14],
			"rotation": {"angle": 0, "axis": "y", "origin": [8, 1.5, 7.5]},
			"faces": {
				"north": {"uv": [6.5, 4.5, 7.5, 5.5], "texture": "#1"},
				"east": {"uv": [6.5, 5.5, 7.5, 6.5], "texture": "#1"},
				"south": {"uv": [6.5, 6.5, 7.5, 7.5], "texture": "#1"},
				"west": {"uv": [0, 7.5, 1, 8.5], "texture": "#1"},
				"up": {"uv": [8.5, 1, 7.5, 0], "texture": "#1"},
				"down": {"uv": [2, 7.5, 1, 8.5], "texture": "#1"}
			}
		}
	],
	"display": {
		"thirdperson_righthand": {
			"rotation": [75, 45, 0],
			"translation": [0, 2.5, 0],
			"scale": [0.375, 0.375, 0.375]
		},
		"thirdperson_lefthand": {
			"rotation": [75, 45, 0],
			"translation": [0, 2.5, 0],
			"scale": [0.375, 0.375, 0.375]
		},
		"firstperson_righthand": {
			"rotation": [0, 45, 0],
			"scale": [0.4, 0.4, 0.4]
		},
		"firstperson_lefthand": {
			"rotation": [0, 225, 0],
			"scale": [0.4, 0.4, 0.4]
		},
		"ground": {
			"translation": [0, 3, 0],
			"scale": [0.25, 0.25, 0.25]
		},
		"gui": {
			"rotation": [30, 225, 0],
			"scale": [0.625, 0.625, 0.625]
		},
		"fixed": {
			"rotation": [-90, 0, 0],
			"translation": [0, 0, -16],
			"scale": [2, 2, 2]
		}
	}
}