{
	"credit": "Made with Blockbench",
	"texture_size": [32, 32],
	"textures": {
		"1": "must_have_props:closed_book"
	},
	"elements": [
		{
			"from": [4.5, 0.1, 2],
			"to": [11.5, 0.1, 10],
			"faces": {
				"north": {"uv": [0, 0, 3.5, 0], "texture": "#1"},
				"east": {"uv": [0, 0, 4, 0], "texture": "#1", "tintindex": 0},
				"south": {"uv": [0, 0, 3.5, 0], "texture": "#1"},
				"west": {"uv": [0, 0, 4, 0], "texture": "#1", "tintindex": 0},
				"up": {"uv": [3.5, 4, 0, 0], "texture": "#1", "tintindex": 0},
				"down": {"uv": [7, 0, 3.5, 4], "texture": "#1", "tintindex": 0}
			}
		},
		{
			"from": [4.5, 1.3, 2],
			"to": [11.5, 1.3, 10],
			"rotation": {"angle": 0, "axis": "y", "origin": [0, 1.1, 0]},
			"faces": {
				"north": {"uv": [0, 0, 3.5, 0], "texture": "#1"},
				"east": {"uv": [0, 0, 4, 0], "texture": "#1", "tintindex": 0},
				"south": {"uv": [0, 0, 3.5, 0], "texture": "#1"},
				"west": {"uv": [0, 0, 4, 0], "texture": "#1", "tintindex": 0},
				"up": {"uv": [3.5, 8, 0, 4], "texture": "#1", "tintindex": 0},
				"down": {"uv": [7, 4, 3.5, 8], "texture": "#1", "tintindex": 0}
			}
		},
		{
			"from": [5, 0.201, 2.5],
			"to": [11.4, 1.201, 9.5],
			"rotation": {"angle": 0, "axis": "y", "origin": [10.5, 0.101, 2]},
			"faces": {
				"north": {"uv": [7, 6.5, 10, 7], "texture": "#1"},
				"east": {"uv": [7, 3.5, 10.5, 4], "texture": "#1"},
				"south": {"uv": [7, 6.5, 10, 7], "texture": "#1"},
				"west": {"uv": [7, 3.5, 10.5, 4], "texture": "#1"},
				"up": {"uv": [10, 3.5, 7, 0], "texture": "#1"},
				"down": {"uv": [10, 3.5, 7, 7], "texture": "#1"}
			}
		},
		{
			"from": [11.5, 0.101, 2],
			"to": [11.5, 1.301, 10],
			"rotation": {"angle": 0, "axis": "y", "origin": [10.5, 0.101, 2]},
			"faces": {
				"north": {"uv": [0, 0, 0, 0.5], "texture": "#1"},
				"east": {"uv": [7, 7, 11, 7.5], "texture": "#1", "tintindex": 0},
				"south": {"uv": [0, 0, 0, 0.5], "texture": "#1"},
				"west": {"uv": [7, 7.5, 11, 8], "texture": "#1", "tintindex": 0},
				"up": {"uv": [0, 4, 0, 0], "texture": "#1", "tintindex": 0},
				"down": {"uv": [0, 0, 0, 4], "texture": "#1", "tintindex": 0}
			}
		},
		{
			"from": [4.5, 1.3, 2],
			"to": [11.5, 1.3, 10],
			"rotation": {"angle": 0, "axis": "y", "origin": [0, 1.1, 0]},
			"faces": {
				"north": {"uv": [0, 0, 3.5, 0], "texture": "#1"},
				"east": {"uv": [0, 8, 4, 8], "texture": "#1"},
				"south": {"uv": [0, 0, 3.5, 0], "texture": "#1"},
				"west": {"uv": [0, 8, 4, 8], "texture": "#1"},
				"up": {"uv": [3.5, 16, 0, 12], "texture": "#1"},
				"down": {"uv": [7, 12, 3.5, 16], "texture": "#1"}
			}
		},
		{
			"from": [11.5, 0.101, 2],
			"to": [11.5, 1.301, 10],
			"rotation": {"angle": 0, "axis": "y", "origin": [10.5, 0.101, 2]},
			"faces": {
				"north": {"uv": [0, 0, 0, 0.5], "texture": "#1"},
				"east": {"uv": [7, 15, 11, 15.5], "texture": "#1"},
				"south": {"uv": [0, 0, 0, 0.5], "texture": "#1"},
				"west": {"uv": [7, 15.5, 11, 16], "texture": "#1"},
				"up": {"uv": [0, 12, 0, 8], "texture": "#1"},
				"down": {"uv": [0, 8, 0, 12], "texture": "#1"}
			}
		},
		{
			"from": [4.5, 0.1, 2],
			"to": [11.5, 0.1, 10],
			"faces": {
				"north": {"uv": [0, 0, 3.5, 0], "texture": "#1"},
				"east": {"uv": [0, 8, 4, 8], "texture": "#1"},
				"south": {"uv": [0, 0, 3.5, 0], "texture": "#1"},
				"west": {"uv": [0, 8, 4, 8], "texture": "#1"},
				"up": {"uv": [3.5, 12, 0, 8], "texture": "#1"},
				"down": {"uv": [7, 8, 3.5, 12], "texture": "#1"}
			}
		}
	],
	"display": {
		"thirdperson_righthand": {
			"rotation": [75, 45, 0],
			"translation": [0, 2.5, 0],
			"scale": [0.375, 0.375, 0.375]
		},
		"thirdperson_lefthand": {
			"rotation": [75, 45, 0],
			"translation": [0, 2.5, 0],
			"scale": [0.375, 0.375, 0.375]
		},
		"firstperson_righthand": {
			"rotation": [0, 45, 0],
			"scale": [0.4, 0.4, 0.4]
		},
		"firstperson_lefthand": {
			"rotation": [0, 225, 0],
			"scale": [0.4, 0.4, 0.4]
		},
		"ground": {
			"translation": [0, 3, 0],
			"scale": [0.25, 0.25, 0.25]
		},
		"gui": {
			"rotation": [30, 225, 0],
			"scale": [0.625, 0.625, 0.625]
		},
		"fixed": {
			"rotation": [-90, 0, 0],
			"translation": [0, 0, -16],
			"scale": [2, 2, 2]
		}
	}
}