{
	"credit": "Made with Blockbench",
	"textures": {
		"1": "must_have_props:scroll"
	},
	"elements": [
		{
			"from": [7, 0, 3],
			"to": [10, 3, 13],
			"rotation": {"angle": 0, "axis": "y", "origin": [8.5, 1.499, 8]},
			"faces": {
				"north": {"uv": [6, 6, 9, 9], "texture": "#1"},
				"east": {"uv": [0, 0, 10, 3], "texture": "#1"},
				"south": {"uv": [6, 9, 9, 12], "texture": "#1"},
				"west": {"uv": [0, 3, 10, 6], "texture": "#1"},
				"up": {"uv": [3, 16, 0, 6], "texture": "#1"},
				"down": {"uv": [6, 6, 3, 16], "texture": "#1"}
			}
		},
		{
			"from": [6.8, -0.2, 7],
			"to": [6.8, 3.2, 9],
			"rotation": {"angle": 0, "axis": "y", "origin": [8.5, 1.499, 8]},
			"faces": {
				"north": {"uv": [0, 0, 0, 3], "texture": "#1"},
				"east": {"uv": [9, 6, 11, 9], "texture": "#1"},
				"south": {"uv": [0, 0, 0, 3], "texture": "#1"},
				"west": {"uv": [9, 9, 11, 12], "texture": "#1"},
				"up": {"uv": [0, 2, 0, 0], "texture": "#1"},
				"down": {"uv": [0, 0, 0, 2], "texture": "#1"}
			}
		},
		{
			"from": [6.8, 3.199, 7],
			"to": [10.2, 3.199, 9],
			"rotation": {"angle": 0, "axis": "y", "origin": [8.5, 1.499, 8]},
			"faces": {
				"north": {"uv": [0, 0, 3, 0], "texture": "#1"},
				"east": {"uv": [0, 0, 2, 0], "texture": "#1"},
				"south": {"uv": [0, 0, 3, 0], "texture": "#1"},
				"west": {"uv": [0, 0, 2, 0], "texture": "#1"},
				"up": {"uv": [13, 2, 10, 0], "texture": "#1"},
				"down": {"uv": [13, 2, 10, 4], "texture": "#1"}
			}
		},
		{
			"from": [6.8, -0.201, 7],
			"to": [10.2, -0.201, 9],
			"rotation": {"angle": 0, "axis": "y", "origin": [8.5, 1.499, 8]},
			"faces": {
				"north": {"uv": [0, 0, 3, 0], "texture": "#1"},
				"east": {"uv": [0, 0, 2, 0], "texture": "#1"},
				"south": {"uv": [0, 0, 3, 0], "texture": "#1"},
				"west": {"uv": [0, 0, 2, 0], "texture": "#1"},
				"up": {"uv": [13, 6, 10, 4], "texture": "#1"},
				"down": {"uv": [14, 6, 11, 8], "texture": "#1"}
			}
		},
		{
			"from": [10.2, -0.2, 7],
			"to": [10.2, 3.2, 9],
			"rotation": {"angle": 0, "axis": "y", "origin": [8.5, 1.499, 8]},
			"faces": {
				"north": {"uv": [0, 0, 0, 3], "texture": "#1"},
				"east": {"uv": [11, 8, 13, 11], "texture": "#1"},
				"south": {"uv": [0, 0, 0, 3], "texture": "#1"},
				"west": {"uv": [11, 11, 13, 14], "texture": "#1"},
				"up": {"uv": [0, 2, 0, 0], "texture": "#1"},
				"down": {"uv": [0, 0, 0, 2], "texture": "#1"}
			}
		}
	],
	"display": {
		"thirdperson_righthand": {
			"rotation": [75, 45, 0],
			"translation": [0, 2.5, 0],
			"scale": [0.375, 0.375, 0.375]
		},
		"thirdperson_lefthand": {
			"rotation": [75, 45, 0],
			"translation": [0, 2.5, 0],
			"scale": [0.375, 0.375, 0.375]
		},
		"firstperson_righthand": {
			"rotation": [0, 45, 0],
			"scale": [0.4, 0.4, 0.4]
		},
		"firstperson_lefthand": {
			"rotation": [0, 225, 0],
			"scale": [0.4, 0.4, 0.4]
		},
		"ground": {
			"translation": [0, 3, 0],
			"scale": [0.25, 0.25, 0.25]
		},
		"gui": {
			"rotation": [30, 225, 0],
			"scale": [0.625, 0.625, 0.625]
		},
		"fixed": {
			"rotation": [-90, 0, 0],
			"translation": [0, 0, -16],
			"scale": [2, 2, 2]
		}
	},
	"groups": [
		{
			"name": "group",
			"origin": [3.4, 0, 0],
			"color": 0,
			"nbt": "{}",
			"armAnimationEnabled": false,
			"children": [0, 1, 2, 3, 4]
		}
	]
}