{"textures":{"0":"must_have_props:/bottle"},"elements":[{"from":[11.714286,8.0,9.714286],"to":[13.428572,12.0,11.428572],"rotation":{"angle":0.0,"axis":"y","origin":[8.0,8.0,6.285714]},"faces":{"east":{"uv":[3.0,0.0,6.0,7.0],"rotation":0,"texture":"#0","tintindex":0},"south":{"uv":[6.0,0.0,9.0,7.0],"rotation":0,"texture":"#0","tintindex":0},"north":{"uv":[0.0,0.0,3.0,7.0],"rotation":0,"texture":"#0","tintindex":0},"west":{"uv":[0.0,7.0,3.0,14.0],"rotation":0,"texture":"#0","tintindex":0},"up":{"uv":[6.0,10.0,3.0,7.0],"rotation":0,"texture":"#0","tintindex":0},"down":{"uv":[9.0,7.0,6.0,10.0],"rotation":0,"texture":"#0","tintindex":0}}},{"from":[12.0,12.0,10.0],"to":[13.142858,14.285715,11.142858],"rotation":{"angle":0.0,"axis":"y","origin":[8.0,8.0,6.285714]},"faces":{"east":{"uv":[9.0,4.0,11.0,8.0],"rotation":0,"texture":"#0","tintindex":0},"south":{"uv":[9.0,8.0,11.0,12.0],"rotation":0,"texture":"#0","tintindex":0},"north":{"uv":[9.0,0.0,11.0,4.0],"rotation":0,"texture":"#0","tintindex":0},"west":{"uv":[3.0,10.0,5.0,14.0],"rotation":0,"texture":"#0","tintindex":0},"up":{"uv":[10.0,14.0,8.0,12.0],"rotation":0,"texture":"#0","tintindex":0},"down":{"uv":[12.0,12.0,10.0,14.0],"rotation":0,"texture":"#0","tintindex":0}}},{"from":[11.6,9.714286,9.6],"to":[13.542857,10.857143,9.6],"rotation":{"angle":0.0,"axis":"y","origin":[8.0,8.0,6.285714]},"faces":{"east":{"uv":[0.0,0.0,0.0,2.0],"rotation":0,"texture":"#0","tintindex":0},"south":{"uv":[11.0,0.0,14.0,2.0],"rotation":0,"texture":"#0","tintindex":0},"north":{"uv":[5.0,10.0,8.0,12.0],"rotation":0,"texture":"#0","tintindex":0},"west":{"uv":[0.0,0.0,0.0,2.0],"rotation":0,"texture":"#0","tintindex":0},"up":{"uv":[3.0,0.0,0.0,0.0],"rotation":0,"texture":"#0","tintindex":0},"down":{"uv":[3.0,0.0,0.0,0.0],"rotation":0,"texture":"#0","tintindex":0}}},{"from":[11.6,9.714286,11.542857],"to":[13.542857,10.857143,11.542857],"rotation":{"angle":0.0,"axis":"y","origin":[8.0,8.0,6.285714]},"faces":{"east":{"uv":[0.0,0.0,0.0,2.0],"rotation":0,"texture":"#0","tintindex":0},"south":{"uv":[11.0,4.0,14.0,6.0],"rotation":0,"texture":"#0","tintindex":0},"north":{"uv":[11.0,2.0,14.0,4.0],"rotation":0,"texture":"#0","tintindex":0},"west":{"uv":[0.0,0.0,0.0,2.0],"rotation":0,"texture":"#0","tintindex":0},"up":{"uv":[3.0,0.0,0.0,0.0],"rotation":0,"texture":"#0","tintindex":0},"down":{"uv":[3.0,0.0,0.0,0.0],"rotation":0,"texture":"#0","tintindex":0}}},{"from":[11.6,9.714286,9.600572],"to":[11.6,10.857143,11.543428],"rotation":{"angle":0.0,"axis":"y","origin":[11.6,10.285714,10.5720005]},"faces":{"east":{"uv":[11.0,6.0,14.0,8.0],"rotation":0,"texture":"#0","tintindex":0},"south":{"uv":[0.0,0.0,0.0,2.0],"rotation":0,"texture":"#0","tintindex":0},"north":{"uv":[0.0,0.0,0.0,2.0],"rotation":0,"texture":"#0","tintindex":0},"west":{"uv":[11.0,8.0,14.0,10.0],"rotation":0,"texture":"#0","tintindex":0},"up":{"uv":[0.0,3.0,0.0,0.0],"rotation":0,"texture":"#0","tintindex":0},"down":{"uv":[0.0,0.0,0.0,3.0],"rotation":0,"texture":"#0","tintindex":0}}},{"from":[13.542857,9.714286,9.600572],"to":[13.542857,10.857143,11.543428],"rotation":{"angle":0.0,"axis":"y","origin":[11.6,10.285714,10.5720005]},"faces":{"east":{"uv":[11.0,10.0,14.0,12.0],"rotation":0,"texture":"#0","tintindex":0},"south":{"uv":[0.0,0.0,0.0,2.0],"rotation":0,"texture":"#0","tintindex":0},"north":{"uv":[0.0,0.0,0.0,2.0],"rotation":0,"texture":"#0","tintindex":0},"west":{"uv":[5.0,12.0,8.0,14.0],"rotation":0,"texture":"#0","tintindex":0},"up":{"uv":[0.0,3.0,0.0,0.0],"rotation":0,"texture":"#0","tintindex":0},"down":{"uv":[0.0,0.0,0.0,3.0],"rotation":0,"texture":"#0","tintindex":0}}},{"from":[11.885715,14.0,9.885715],"to":[13.257143,14.571428,11.257143],"rotation":{"angle":0.0,"axis":"y","origin":[8.0,8.0,6.285714]},"faces":{"east":{"uv":[14.0,1.0,16.0,2.0],"rotation":0,"texture":"#0","tintindex":0},"south":{"uv":[2.0,14.0,4.0,15.0],"rotation":0,"texture":"#0","tintindex":0},"north":{"uv":[14.0,0.0,16.0,1.0],"rotation":0,"texture":"#0","tintindex":0},"west":{"uv":[14.0,2.0,16.0,3.0],"rotation":0,"texture":"#0","tintindex":0},"up":{"uv":[14.0,14.0,12.0,12.0],"rotation":0,"texture":"#0","tintindex":0},"down":{"uv":[2.0,14.0,0.0,16.0],"rotation":0,"texture":"#0","tintindex":0}}},{"from":[12.285715,14.285715,10.285714],"to":[12.857143,14.857143,10.857143],"rotation":{"angle":0.0,"axis":"y","origin":[8.0,8.0,6.285714]},"faces":{"east":{"uv":[8.0,11.0,9.0,12.0],"rotation":0,"texture":"#0","tintindex":0},"south":{"uv":[14.0,3.0,15.0,4.0],"rotation":0,"texture":"#0","tintindex":0},"north":{"uv":[8.0,10.0,9.0,11.0],"rotation":0,"texture":"#0","tintindex":0},"west":{"uv":[4.0,14.0,5.0,15.0],"rotation":0,"texture":"#0","tintindex":0},"up":{"uv":[15.0,5.0,14.0,4.0],"rotation":0,"texture":"#0","tintindex":0},"down":{"uv":[6.0,14.0,5.0,15.0],"rotation":0,"texture":"#0","tintindex":0}}},{"from":[14.571428,8.0,10.857143],"to":[16.285715,12.0,12.571428],"rotation":{"angle":45.0,"axis":"y","origin":[15.428572,12.285715,11.714286]},"faces":{"east":{"uv":[3.0,0.0,6.0,7.0],"rotation":0,"texture":"#0","tintindex":0},"south":{"uv":[6.0,0.0,9.0,7.0],"rotation":0,"texture":"#0","tintindex":0},"north":{"uv":[0.0,0.0,3.0,7.0],"rotation":0,"texture":"#0","tintindex":0},"west":{"uv":[0.0,7.0,3.0,14.0],"rotation":0,"texture":"#0","tintindex":0},"up":{"uv":[6.0,10.0,3.0,7.0],"rotation":0,"texture":"#0","tintindex":0},"down":{"uv":[9.0,7.0,6.0,10.0],"rotation":0,"texture":"#0","tintindex":0}}},{"from":[14.857143,12.0,11.142858],"to":[16.0,14.285715,12.285715],"rotation":{"angle":45.0,"axis":"y","origin":[15.428572,12.285715,11.714286]},"faces":{"east":{"uv":[9.0,4.0,11.0,8.0],"rotation":0,"texture":"#0","tintindex":0},"south":{"uv":[9.0,8.0,11.0,12.0],"rotation":0,"texture":"#0","tintindex":0},"north":{"uv":[9.0,0.0,11.0,4.0],"rotation":0,"texture":"#0","tintindex":0},"west":{"uv":[3.0,10.0,5.0,14.0],"rotation":0,"texture":"#0","tintindex":0},"up":{"uv":[10.0,14.0,8.0,12.0],"rotation":0,"texture":"#0","tintindex":0},"down":{"uv":[12.0,12.0,10.0,14.0],"rotation":0,"texture":"#0","tintindex":0}}},{"from":[14.457144,9.714286,10.742857],"to":[16.400002,10.857143,10.742857],"rotation":{"angle":45.0,"axis":"y","origin":[15.428572,12.285715,11.714286]},"faces":{"east":{"uv":[0.0,0.0,0.0,2.0],"rotation":0,"texture":"#0","tintindex":0},"south":{"uv":[11.0,0.0,14.0,2.0],"rotation":0,"texture":"#0","tintindex":0},"north":{"uv":[5.0,10.0,8.0,12.0],"rotation":0,"texture":"#0","tintindex":0},"west":{"uv":[0.0,0.0,0.0,2.0],"rotation":0,"texture":"#0","tintindex":0},"up":{"uv":[3.0,0.0,0.0,0.0],"rotation":0,"texture":"#0","tintindex":0},"down":{"uv":[3.0,0.0,0.0,0.0],"rotation":0,"texture":"#0","tintindex":0}}},{"from":[14.457144,9.714286,12.685715],"to":[16.400002,10.857143,12.685715],"rotation":{"angle":45.0,"axis":"y","origin":[15.428572,12.285715,11.714286]},"faces":{"east":{"uv":[0.0,0.0,0.0,2.0],"rotation":0,"texture":"#0","tintindex":0},"south":{"uv":[11.0,4.0,14.0,6.0],"rotation":0,"texture":"#0","tintindex":0},"north":{"uv":[11.0,2.0,14.0,4.0],"rotation":0,"texture":"#0","tintindex":0},"west":{"uv":[0.0,0.0,0.0,2.0],"rotation":0,"texture":"#0","tintindex":0},"up":{"uv":[3.0,0.0,0.0,0.0],"rotation":0,"texture":"#0","tintindex":0},"down":{"uv":[3.0,0.0,0.0,0.0],"rotation":0,"texture":"#0","tintindex":0}}},{"from":[14.457144,9.714286,10.743429],"to":[14.457144,10.857143,12.686286],"rotation":{"angle":45.0,"axis":"y","origin":[15.428572,12.285715,11.714286]},"faces":{"east":{"uv":[11.0,6.0,14.0,8.0],"rotation":0,"texture":"#0","tintindex":0},"south":{"uv":[0.0,0.0,0.0,2.0],"rotation":0,"texture":"#0","tintindex":0},"north":{"uv":[0.0,0.0,0.0,2.0],"rotation":0,"texture":"#0","tintindex":0},"west":{"uv":[11.0,8.0,14.0,10.0],"rotation":0,"texture":"#0","tintindex":0},"up":{"uv":[0.0,3.0,0.0,0.0],"rotation":0,"texture":"#0","tintindex":0},"down":{"uv":[0.0,0.0,0.0,3.0],"rotation":0,"texture":"#0","tintindex":0}}},{"from":[16.400002,9.714286,10.743429],"to":[16.400002,10.857143,12.686286],"rotation":{"angle":45.0,"axis":"y","origin":[15.428572,12.285715,11.714286]},"faces":{"east":{"uv":[11.0,10.0,14.0,12.0],"rotation":0,"texture":"#0","tintindex":0},"south":{"uv":[0.0,0.0,0.0,2.0],"rotation":0,"texture":"#0","tintindex":0},"north":{"uv":[0.0,0.0,0.0,2.0],"rotation":0,"texture":"#0","tintindex":0},"west":{"uv":[5.0,12.0,8.0,14.0],"rotation":0,"texture":"#0","tintindex":0},"up":{"uv":[0.0,3.0,0.0,0.0],"rotation":0,"texture":"#0","tintindex":0},"down":{"uv":[0.0,0.0,0.0,3.0],"rotation":0,"texture":"#0","tintindex":0}}},{"from":[14.742857,14.0,11.028572],"to":[16.114286,14.571428,12.4],"rotation":{"angle":45.0,"axis":"y","origin":[15.428572,12.285715,11.714286]},"faces":{"east":{"uv":[14.0,1.0,16.0,2.0],"rotation":0,"texture":"#0","tintindex":0},"south":{"uv":[2.0,14.0,4.0,15.0],"rotation":0,"texture":"#0","tintindex":0},"north":{"uv":[14.0,0.0,16.0,1.0],"rotation":0,"texture":"#0","tintindex":0},"west":{"uv":[14.0,2.0,16.0,3.0],"rotation":0,"texture":"#0","tintindex":0},"up":{"uv":[14.0,14.0,12.0,12.0],"rotation":0,"texture":"#0","tintindex":0},"down":{"uv":[2.0,14.0,0.0,16.0],"rotation":0,"texture":"#0","tintindex":0}}},{"from":[15.142858,14.285715,11.428572],"to":[15.714286,14.857143,12.0],"rotation":{"angle":45.0,"axis":"y","origin":[15.428572,12.285715,11.714286]},"faces":{"east":{"uv":[8.0,11.0,9.0,12.0],"rotation":0,"texture":"#0","tintindex":0},"south":{"uv":[14.0,3.0,15.0,4.0],"rotation":0,"texture":"#0","tintindex":0},"north":{"uv":[8.0,10.0,9.0,11.0],"rotation":0,"texture":"#0","tintindex":0},"west":{"uv":[4.0,14.0,5.0,15.0],"rotation":0,"texture":"#0","tintindex":0},"up":{"uv":[15.0,5.0,14.0,4.0],"rotation":0,"texture":"#0","tintindex":0},"down":{"uv":[6.0,14.0,5.0,15.0],"rotation":0,"texture":"#0","tintindex":0}}},{"from":[9.428572,8.0,13.142858],"to":[11.142858,12.0,14.857143],"rotation":{"angle":-22.5,"axis":"y","origin":[10.285714,12.285715,14.0]},"faces":{"east":{"uv":[3.0,0.0,6.0,7.0],"rotation":0,"texture":"#0","tintindex":0},"south":{"uv":[6.0,0.0,9.0,7.0],"rotation":0,"texture":"#0","tintindex":0},"north":{"uv":[0.0,0.0,3.0,7.0],"rotation":0,"texture":"#0","tintindex":0},"west":{"uv":[0.0,7.0,3.0,14.0],"rotation":0,"texture":"#0","tintindex":0},"up":{"uv":[6.0,10.0,3.0,7.0],"rotation":0,"texture":"#0","tintindex":0},"down":{"uv":[9.0,7.0,6.0,10.0],"rotation":0,"texture":"#0","tintindex":0}}},{"from":[9.714286,12.0,13.428572],"to":[10.857143,14.285715,14.571428],"rotation":{"angle":-22.5,"axis":"y","origin":[10.285714,12.285715,14.0]},"faces":{"east":{"uv":[9.0,4.0,11.0,8.0],"rotation":0,"texture":"#0","tintindex":0},"south":{"uv":[9.0,8.0,11.0,12.0],"rotation":0,"texture":"#0","tintindex":0},"north":{"uv":[9.0,0.0,11.0,4.0],"rotation":0,"texture":"#0","tintindex":0},"west":{"uv":[3.0,10.0,5.0,14.0],"rotation":0,"texture":"#0","tintindex":0},"up":{"uv":[10.0,14.0,8.0,12.0],"rotation":0,"texture":"#0","tintindex":0},"down":{"uv":[12.0,12.0,10.0,14.0],"rotation":0,"texture":"#0","tintindex":0}}},{"from":[9.314285,9.714286,13.028572],"to":[11.257143,10.857143,13.028572],"rotation":{"angle":-22.5,"axis":"y","origin":[10.285714,12.285715,14.0]},"faces":{"east":{"uv":[0.0,0.0,0.0,2.0],"rotation":0,"texture":"#0","tintindex":0},"south":{"uv":[11.0,0.0,14.0,2.0],"rotation":0,"texture":"#0","tintindex":0},"north":{"uv":[5.0,10.0,8.0,12.0],"rotation":0,"texture":"#0","tintindex":0},"west":{"uv":[0.0,0.0,0.0,2.0],"rotation":0,"texture":"#0","tintindex":0},"up":{"uv":[3.0,0.0,0.0,0.0],"rotation":0,"texture":"#0","tintindex":0},"down":{"uv":[3.0,0.0,0.0,0.0],"rotation":0,"texture":"#0","tintindex":0}}},{"from":[9.314285,9.714286,14.971429],"to":[11.257143,10.857143,14.971429],"rotation":{"angle":-22.5,"axis":"y","origin":[10.285714,12.285715,14.0]},"faces":{"east":{"uv":[0.0,0.0,0.0,2.0],"rotation":0,"texture":"#0","tintindex":0},"south":{"uv":[11.0,4.0,14.0,6.0],"rotation":0,"texture":"#0","tintindex":0},"north":{"uv":[11.0,2.0,14.0,4.0],"rotation":0,"texture":"#0","tintindex":0},"west":{"uv":[0.0,0.0,0.0,2.0],"rotation":0,"texture":"#0","tintindex":0},"up":{"uv":[3.0,0.0,0.0,0.0],"rotation":0,"texture":"#0","tintindex":0},"down":{"uv":[3.0,0.0,0.0,0.0],"rotation":0,"texture":"#0","tintindex":0}}},{"from":[9.314285,9.714286,13.029142],"to":[9.314285,10.857143,14.972],"rotation":{"angle":-22.5,"axis":"y","origin":[10.285714,12.285715,14.0]},"faces":{"east":{"uv":[11.0,6.0,14.0,8.0],"rotation":0,"texture":"#0","tintindex":0},"south":{"uv":[0.0,0.0,0.0,2.0],"rotation":0,"texture":"#0","tintindex":0},"north":{"uv":[0.0,0.0,0.0,2.0],"rotation":0,"texture":"#0","tintindex":0},"west":{"uv":[11.0,8.0,14.0,10.0],"rotation":0,"texture":"#0","tintindex":0},"up":{"uv":[0.0,3.0,0.0,0.0],"rotation":0,"texture":"#0","tintindex":0},"down":{"uv":[0.0,0.0,0.0,3.0],"rotation":0,"texture":"#0","tintindex":0}}},{"from":[11.257143,9.714286,13.029142],"to":[11.257143,10.857143,14.972],"rotation":{"angle":-22.5,"axis":"y","origin":[10.285714,12.285715,14.0]},"faces":{"east":{"uv":[11.0,10.0,14.0,12.0],"rotation":0,"texture":"#0","tintindex":0},"south":{"uv":[0.0,0.0,0.0,2.0],"rotation":0,"texture":"#0","tintindex":0},"north":{"uv":[0.0,0.0,0.0,2.0],"rotation":0,"texture":"#0","tintindex":0},"west":{"uv":[5.0,12.0,8.0,14.0],"rotation":0,"texture":"#0","tintindex":0},"up":{"uv":[0.0,3.0,0.0,0.0],"rotation":0,"texture":"#0","tintindex":0},"down":{"uv":[0.0,0.0,0.0,3.0],"rotation":0,"texture":"#0","tintindex":0}}},{"from":[9.6,14.0,13.314286],"to":[10.971429,14.571428,14.685715],"rotation":{"angle":-22.5,"axis":"y","origin":[10.285714,12.285715,14.0]},"faces":{"east":{"uv":[14.0,1.0,16.0,2.0],"rotation":0,"texture":"#0","tintindex":0},"south":{"uv":[2.0,14.0,4.0,15.0],"rotation":0,"texture":"#0","tintindex":0},"north":{"uv":[14.0,0.0,16.0,1.0],"rotation":0,"texture":"#0","tintindex":0},"west":{"uv":[14.0,2.0,16.0,3.0],"rotation":0,"texture":"#0","tintindex":0},"up":{"uv":[14.0,14.0,12.0,12.0],"rotation":0,"texture":"#0","tintindex":0},"down":{"uv":[2.0,14.0,0.0,16.0],"rotation":0,"texture":"#0","tintindex":0}}},{"from":[10.0,14.285715,13.714286],"to":[10.571428,14.857143,14.285715],"rotation":{"angle":-22.5,"axis":"y","origin":[10.285714,12.285715,14.0]},"faces":{"east":{"uv":[8.0,11.0,9.0,12.0],"rotation":0,"texture":"#0","tintindex":0},"south":{"uv":[14.0,3.0,15.0,4.0],"rotation":0,"texture":"#0","tintindex":0},"north":{"uv":[8.0,10.0,9.0,11.0],"rotation":0,"texture":"#0","tintindex":0},"west":{"uv":[4.0,14.0,5.0,15.0],"rotation":0,"texture":"#0","tintindex":0},"up":{"uv":[15.0,5.0,14.0,4.0],"rotation":0,"texture":"#0","tintindex":0},"down":{"uv":[6.0,14.0,5.0,15.0],"rotation":0,"texture":"#0","tintindex":0}}},{"from":[13.428572,8.0,14.285715],"to":[15.142858,12.0,16.0],"rotation":{"angle":-22.5,"axis":"y","origin":[14.285715,12.285715,15.142858]},"faces":{"east":{"uv":[6.0,0.0,9.0,7.0],"rotation":0,"texture":"#0","tintindex":0},"south":{"uv":[0.0,7.0,3.0,14.0],"rotation":0,"texture":"#0","tintindex":0},"north":{"uv":[3.0,0.0,6.0,7.0],"rotation":0,"texture":"#0","tintindex":0},"west":{"uv":[0.0,0.0,3.0,7.0],"rotation":0,"texture":"#0","tintindex":0},"up":{"uv":[6.0,10.0,3.0,7.0],"rotation":270,"texture":"#0","tintindex":0},"down":{"uv":[9.0,7.0,6.0,10.0],"rotation":90,"texture":"#0","tintindex":0}}},{"from":[13.714286,12.0,14.571428],"to":[14.857143,14.285715,15.714286],"rotation":{"angle":-22.5,"axis":"y","origin":[14.285715,12.285715,15.142858]},"faces":{"east":{"uv":[9.0,8.0,11.0,12.0],"rotation":0,"texture":"#0","tintindex":0},"south":{"uv":[3.0,10.0,5.0,14.0],"rotation":0,"texture":"#0","tintindex":0},"north":{"uv":[9.0,4.0,11.0,8.0],"rotation":0,"texture":"#0","tintindex":0},"west":{"uv":[9.0,0.0,11.0,4.0],"rotation":0,"texture":"#0","tintindex":0},"up":{"uv":[10.0,14.0,8.0,12.0],"rotation":270,"texture":"#0","tintindex":0},"down":{"uv":[12.0,12.0,10.0,14.0],"rotation":90,"texture":"#0","tintindex":0}}},{"from":[13.314286,9.714286,14.171429],"to":[13.314286,10.857143,16.114286],"rotation":{"angle":-22.5,"axis":"y","origin":[14.285715,12.285715,15.142858]},"faces":{"east":{"uv":[11.0,0.0,14.0,2.0],"rotation":0,"texture":"#0","tintindex":0},"south":{"uv":[0.0,0.0,0.0,2.0],"rotation":0,"texture":"#0","tintindex":0},"north":{"uv":[0.0,0.0,0.0,2.0],"rotation":0,"texture":"#0","tintindex":0},"west":{"uv":[5.0,10.0,8.0,12.0],"rotation":0,"texture":"#0","tintindex":0},"up":{"uv":[3.0,0.0,0.0,0.0],"rotation":270,"texture":"#0","tintindex":0},"down":{"uv":[3.0,0.0,0.0,0.0],"rotation":90,"texture":"#0","tintindex":0}}},{"from":[15.257143,9.714286,14.171429],"to":[15.257143,10.857143,16.114286],"rotation":{"angle":-22.5,"axis":"y","origin":[14.285715,12.285715,15.142858]},"faces":{"east":{"uv":[11.0,4.0,14.0,6.0],"rotation":0,"texture":"#0","tintindex":0},"south":{"uv":[0.0,0.0,0.0,2.0],"rotation":0,"texture":"#0","tintindex":0},"north":{"uv":[0.0,0.0,0.0,2.0],"rotation":0,"texture":"#0","tintindex":0},"west":{"uv":[11.0,2.0,14.0,4.0],"rotation":0,"texture":"#0","tintindex":0},"up":{"uv":[3.0,0.0,0.0,0.0],"rotation":270,"texture":"#0","tintindex":0},"down":{"uv":[3.0,0.0,0.0,0.0],"rotation":90,"texture":"#0","tintindex":0}}},{"from":[13.3148575,9.714286,16.114286],"to":[15.257715,10.857143,16.114286],"rotation":{"angle":-22.5,"axis":"y","origin":[14.285715,12.285715,15.142858]},"faces":{"east":{"uv":[0.0,0.0,0.0,2.0],"rotation":0,"texture":"#0","tintindex":0},"south":{"uv":[11.0,8.0,14.0,10.0],"rotation":0,"texture":"#0","tintindex":0},"north":{"uv":[11.0,6.0,14.0,8.0],"rotation":0,"texture":"#0","tintindex":0},"west":{"uv":[0.0,0.0,0.0,2.0],"rotation":0,"texture":"#0","tintindex":0},"up":{"uv":[0.0,3.0,0.0,0.0],"rotation":270,"texture":"#0","tintindex":0},"down":{"uv":[0.0,0.0,0.0,3.0],"rotation":90,"texture":"#0","tintindex":0}}},{"from":[13.3148575,9.714286,14.171429],"to":[15.257715,10.857143,14.171429],"rotation":{"angle":-22.5,"axis":"y","origin":[14.285715,12.285715,15.142858]},"faces":{"east":{"uv":[0.0,0.0,0.0,2.0],"rotation":0,"texture":"#0","tintindex":0},"south":{"uv":[5.0,12.0,8.0,14.0],"rotation":0,"texture":"#0","tintindex":0},"north":{"uv":[11.0,10.0,14.0,12.0],"rotation":0,"texture":"#0","tintindex":0},"west":{"uv":[0.0,0.0,0.0,2.0],"rotation":0,"texture":"#0","tintindex":0},"up":{"uv":[0.0,3.0,0.0,0.0],"rotation":270,"texture":"#0","tintindex":0},"down":{"uv":[0.0,0.0,0.0,3.0],"rotation":90,"texture":"#0","tintindex":0}}},{"from":[13.6,14.0,14.457144],"to":[14.971429,14.571428,15.828571],"rotation":{"angle":-22.5,"axis":"y","origin":[14.285715,12.285715,15.142858]},"faces":{"east":{"uv":[2.0,14.0,4.0,15.0],"rotation":0,"texture":"#0","tintindex":0},"south":{"uv":[14.0,2.0,16.0,3.0],"rotation":0,"texture":"#0","tintindex":0},"north":{"uv":[14.0,1.0,16.0,2.0],"rotation":0,"texture":"#0","tintindex":0},"west":{"uv":[14.0,0.0,16.0,1.0],"rotation":0,"texture":"#0","tintindex":0},"up":{"uv":[14.0,14.0,12.0,12.0],"rotation":270,"texture":"#0","tintindex":0},"down":{"uv":[2.0,14.0,0.0,16.0],"rotation":90,"texture":"#0","tintindex":0}}},{"from":[14.0,14.285715,14.857143],"to":[14.571428,14.857143,15.428572],"rotation":{"angle":-22.5,"axis":"y","origin":[14.285715,12.285715,15.142858]},"faces":{"east":{"uv":[14.0,3.0,15.0,4.0],"rotation":0,"texture":"#0","tintindex":0},"south":{"uv":[4.0,14.0,5.0,15.0],"rotation":0,"texture":"#0","tintindex":0},"north":{"uv":[8.0,11.0,9.0,12.0],"rotation":0,"texture":"#0","tintindex":0},"west":{"uv":[8.0,10.0,9.0,11.0],"rotation":0,"texture":"#0","tintindex":0},"up":{"uv":[15.0,5.0,14.0,4.0],"rotation":270,"texture":"#0","tintindex":0},"down":{"uv":[6.0,14.0,5.0,15.0],"rotation":90,"texture":"#0","tintindex":0}}}],"display":{"head":{"translation":[0.0,-6.4,0.0],"scale":[4.0,4.0,4.0]}}}