{"textures":{"0":"modelengine:entity/sucubus"},"elements":[{"from":[2.2857141,2.1142855,8.0],"to":[8.0,7.4857144,8.0],"rotation":{"angle":0.0,"axis":"y","origin":[5.142857,4.8,8.0]},"faces":{"east":{"uv":[0.0,0.0,0.0,1.1875],"rotation":0,"texture":"#0","tintindex":0},"south":{"uv":[5.0,1.25,6.25,2.4375],"rotation":0,"texture":"#0","tintindex":0},"north":{"uv":[5.0,0.0,6.25,1.1875],"rotation":0,"texture":"#0","tintindex":0},"west":{"uv":[0.0,0.0,0.0,1.1875],"rotation":0,"texture":"#0","tintindex":0},"up":{"uv":[1.25,0.0,0.0,0.0],"rotation":0,"texture":"#0","tintindex":0},"down":{"uv":[1.25,0.0,0.0,0.0],"rotation":0,"texture":"#0","tintindex":0}}},{"from":[-1.0285721,2.1142855,8.0],"to":[2.2857141,12.514286,8.0],"rotation":{"angle":0.0,"axis":"y","origin":[0.6285715,7.3142858,8.0]},"faces":{"east":{"uv":[0.0,0.0,0.0,2.28125],"rotation":0,"texture":"#0","tintindex":0},"south":{"uv":[4.25,2.375,4.96875,4.65625],"rotation":0,"texture":"#0","tintindex":0},"north":{"uv":[4.25,0.0,4.96875,2.28125],"rotation":0,"texture":"#0","tintindex":0},"west":{"uv":[0.0,0.0,0.0,2.28125],"rotation":0,"texture":"#0","tintindex":0},"up":{"uv":[0.71875,0.0,0.0,0.0],"rotation":0,"texture":"#0","tintindex":0},"down":{"uv":[0.71875,0.0,0.0,0.0],"rotation":0,"texture":"#0","tintindex":0}}},{"from":[-1.4142141,9.018274,7.7714286],"to":[3.157215,9.589704,8.228572],"rotation":{"angle":-45.0,"axis":"z","origin":[0.8715005,9.303989,8.0]},"faces":{"east":{"uv":[8.375,10.875,8.46875,11.0],"rotation":0,"texture":"#0","tintindex":0},"south":{"uv":[9.625,6.375,10.625,6.5],"rotation":0,"texture":"#0","tintindex":0},"north":{"uv":[9.625,6.25,10.625,6.375],"rotation":0,"texture":"#0","tintindex":0},"west":{"uv":[10.875,8.375,10.96875,8.5],"rotation":0,"texture":"#0","tintindex":0},"up":{"uv":[11.0,0.84375,10.0,0.75],"rotation":0,"texture":"#0","tintindex":0},"down":{"uv":[11.0,0.875,10.0,0.96875],"rotation":0,"texture":"#0","tintindex":0}}},{"from":[2.2857141,7.4857144,7.6571426],"to":[8.0,8.285714,8.342857],"rotation":{"angle":0.0,"axis":"y","origin":[5.142857,7.885714,8.0]},"faces":{"east":{"uv":[2.375,10.875,2.53125,11.0625],"rotation":0,"texture":"#0","tintindex":0},"south":{"uv":[8.625,4.75,9.875,4.9375],"rotation":0,"texture":"#0","tintindex":0},"north":{"uv":[8.5,2.875,9.75,3.0625],"rotation":0,"texture":"#0","tintindex":0},"west":{"uv":[2.625,10.875,2.78125,11.0625],"rotation":0,"texture":"#0","tintindex":0},"up":{"uv":[10.0,4.03125,8.75,3.875],"rotation":0,"texture":"#0","tintindex":0},"down":{"uv":[10.0,4.125,8.75,4.28125],"rotation":0,"texture":"#0","tintindex":0}}}],"display":{"head":{"translation":[0.0,-6.4,0.0],"scale":[4.0,4.0,4.0]}}}