{"textures":{"0":"modelengine:entity/sucubus"},"elements":[{"from":[7.257143,7.2408648,6.0646496],"to":[8.742857,7.983722,8.521792],"rotation":{"angle":0.0,"axis":"y","origin":[8.0,7.6122932,7.2932215]},"faces":{"east":{"uv":[10.0,2.5,10.53125,2.65625],"rotation":0,"texture":"#0","tintindex":0},"south":{"uv":[10.625,2.25,10.9375,2.40625],"rotation":0,"texture":"#0","tintindex":0},"north":{"uv":[1.625,10.625,1.9375,10.78125],"rotation":0,"texture":"#0","tintindex":0},"west":{"uv":[10.0,3.125,10.53125,3.28125],"rotation":0,"texture":"#0","tintindex":0},"up":{"uv":[9.0625,9.53125,8.75,9.0],"rotation":0,"texture":"#0","tintindex":0},"down":{"uv":[3.6875,9.125,3.375,9.65625],"rotation":0,"texture":"#0","tintindex":0}}},{"from":[7.285714,7.32193,5.6571093],"to":[8.714286,8.064787,6.228538],"rotation":{"angle":22.5,"axis":"x","origin":[8.0,7.6933584,5.9428234]},"faces":{"east":{"uv":[6.25,10.125,6.375,10.28125],"rotation":0,"texture":"#0","tintindex":0},"south":{"uv":[10.625,3.125,10.9375,3.28125],"rotation":0,"texture":"#0","tintindex":0},"north":{"uv":[10.625,2.5,10.9375,2.65625],"rotation":0,"texture":"#0","tintindex":0},"west":{"uv":[7.0,10.875,7.125,11.03125],"rotation":0,"texture":"#0","tintindex":0},"up":{"uv":[11.0625,7.75,10.75,7.625],"rotation":0,"texture":"#0","tintindex":0},"down":{"uv":[11.0625,9.5,10.75,9.625],"rotation":0,"texture":"#0","tintindex":0}}}],"display":{"head":{"translation":[0.0,-6.4,0.0],"scale":[4.0,4.0,4.0]}}}