{"textures":{"0":"modelengine:entity/sucubus"},"elements":[{"from":[7.3142858,6.742857,7.3714285],"to":[8.457143,8.0,8.571428],"rotation":{"angle":0.0,"axis":"y","origin":[7.885714,7.3714285,7.9714284]},"faces":{"east":{"uv":[6.0,10.125,6.25,10.40625],"rotation":0,"texture":"#0","tintindex":0},"south":{"uv":[2.625,10.25,2.875,10.53125],"rotation":0,"texture":"#0","tintindex":0},"north":{"uv":[5.125,10.125,5.375,10.40625],"rotation":0,"texture":"#0","tintindex":0},"west":{"uv":[10.25,6.5,10.5,6.78125],"rotation":0,"texture":"#0","tintindex":0},"up":{"uv":[10.625,4.125,10.375,3.875],"rotation":0,"texture":"#0","tintindex":0},"down":{"uv":[10.625,4.125,10.375,4.375],"rotation":0,"texture":"#0","tintindex":0}}},{"from":[7.1171317,7.135363,6.794821],"to":[7.802846,7.8210773,9.651964],"rotation":{"angle":0.0,"axis":"y","origin":[7.459989,7.4782205,8.2233925]},"faces":{"east":{"uv":[9.875,4.75,10.5,4.90625],"rotation":180,"texture":"#0","tintindex":0},"south":{"uv":[10.875,4.375,11.03125,4.53125],"rotation":180,"texture":"#0","tintindex":0},"north":{"uv":[4.5,10.875,4.65625,11.03125],"rotation":180,"texture":"#0","tintindex":0},"west":{"uv":[9.875,5.75,10.5,5.90625],"rotation":180,"texture":"#0","tintindex":0},"up":{"uv":[6.78125,9.875,6.625,10.5],"rotation":0,"texture":"#0","tintindex":0},"down":{"uv":[6.78125,10.5,6.625,9.875],"rotation":0,"texture":"#0","tintindex":0}}}],"display":{"head":{"translation":[0.0,-6.4,0.0],"scale":[4.0,4.0,4.0]}}}