{"textures":{"0":"modelengine:entity/sucubus"},"elements":[{"from":[7.8285713,6.4528475,9.68688],"to":[8.171429,6.7957044,12.5440235],"rotation":{"angle":22.5,"axis":"x","origin":[8.0,6.6242757,11.115452]},"faces":{"east":{"uv":[5.75,10.75,6.375,10.8125],"rotation":0,"texture":"#0","tintindex":0},"south":{"uv":[4.125,11.0,4.1875,11.0625],"rotation":0,"texture":"#0","tintindex":0},"north":{"uv":[4.0,11.0,4.0625,11.0625],"rotation":0,"texture":"#0","tintindex":0},"west":{"uv":[6.625,10.75,7.25,10.8125],"rotation":0,"texture":"#0","tintindex":0},"up":{"uv":[4.8125,11.375,4.75,10.75],"rotation":0,"texture":"#0","tintindex":0},"down":{"uv":[7.3125,10.75,7.25,11.375],"rotation":0,"texture":"#0","tintindex":0}}},{"from":[7.7714286,7.406144,7.6078377],"to":[8.228572,7.863287,9.893552],"rotation":{"angle":22.5,"axis":"x","origin":[8.0,7.6347156,8.750695]},"faces":{"east":{"uv":[10.5,9.875,11.0,9.96875],"rotation":0,"texture":"#0","tintindex":0},"south":{"uv":[10.875,8.625,10.96875,8.71875],"rotation":0,"texture":"#0","tintindex":0},"north":{"uv":[10.875,8.5,10.96875,8.59375],"rotation":0,"texture":"#0","tintindex":0},"west":{"uv":[10.625,1.375,11.125,1.46875],"rotation":0,"texture":"#0","tintindex":0},"up":{"uv":[10.21875,11.0,10.125,10.5],"rotation":0,"texture":"#0","tintindex":0},"down":{"uv":[0.09375,10.625,0.0,11.125],"rotation":0,"texture":"#0","tintindex":0}}}],"display":{"head":{"translation":[0.0,-6.4,0.0],"scale":[4.0,4.0,4.0]}}}