{"textures":{"0":"modelengine:entity/sucubus"},"elements":[{"from":[7.714286,3.9277005,10.500871],"to":[8.285714,6.2134147,11.0723],"rotation":{"angle":-45.0,"axis":"x","origin":[8.0,5.0705576,10.786585]},"faces":{"east":{"uv":[10.25,9.5,10.75,9.625],"rotation":270,"texture":"#0","tintindex":0},"south":{"uv":[4.25,7.375,4.125,6.875],"rotation":0,"texture":"#0","tintindex":0},"north":{"uv":[2.75,8.125,2.625,8.625],"rotation":180,"texture":"#0","tintindex":0},"west":{"uv":[10.25,9.625,10.75,9.75],"rotation":90,"texture":"#0","tintindex":0},"up":{"uv":[4.125,7.375,4.25,7.5],"rotation":180,"texture":"#0","tintindex":0},"down":{"uv":[8.5,4.75,8.625,4.875],"rotation":0,"texture":"#0","tintindex":0}}},{"from":[7.6571426,5.4602604,8.625454],"to":[8.342857,8.317404,9.311168],"rotation":{"angle":-45.0,"axis":"x","origin":[8.0,6.888832,8.96831]},"faces":{"east":{"uv":[9.875,4.75,10.5,4.90625],"rotation":270,"texture":"#0","tintindex":0},"south":{"uv":[6.78125,10.5,6.625,9.875],"rotation":0,"texture":"#0","tintindex":0},"north":{"uv":[7.03125,9.875,6.875,10.5],"rotation":180,"texture":"#0","tintindex":0},"west":{"uv":[9.875,5.75,10.5,5.90625],"rotation":90,"texture":"#0","tintindex":0},"up":{"uv":[10.875,4.375,11.03125,4.53125],"rotation":180,"texture":"#0","tintindex":0},"down":{"uv":[4.5,10.875,4.65625,11.03125],"rotation":0,"texture":"#0","tintindex":0}}}],"display":{"head":{"translation":[0.0,-6.4,0.0],"scale":[4.0,4.0,4.0]}}}