{"textures":{"0":"modelengine:entity/sucubus"},"elements":[{"from":[7.8285713,7.8285713,5.134574],"to":[8.171429,8.171429,7.991717],"rotation":{"angle":0.0,"axis":"y","origin":[8.0,8.0,6.563145]},"faces":{"east":{"uv":[5.75,10.75,6.375,10.8125],"rotation":180,"texture":"#0","tintindex":0},"south":{"uv":[4.0,11.0,4.0625,11.0625],"rotation":180,"texture":"#0","tintindex":0},"north":{"uv":[4.125,11.0,4.1875,11.0625],"rotation":180,"texture":"#0","tintindex":0},"west":{"uv":[6.625,10.75,7.25,10.8125],"rotation":180,"texture":"#0","tintindex":0},"up":{"uv":[4.8125,10.75,4.75,11.375],"rotation":0,"texture":"#0","tintindex":0},"down":{"uv":[4.8125,11.375,4.75,10.75],"rotation":0,"texture":"#0","tintindex":0}}}],"display":{"head":{"translation":[0.0,-6.4,0.0],"scale":[4.0,4.0,4.0]}}}