{"textures":{"0":"modelengine:entity/crate6"},"elements":[{"from":[6.285714,6.5714283,5.714286],"to":[9.714286,9.428572,9.142858],"rotation":{"angle":22.5,"axis":"x","origin":[8.0,8.0,8.0]},"faces":{"east":{"uv":[12.0,9.5,12.75,10.125],"rotation":0,"texture":"#0","tintindex":0},"south":{"uv":[12.0,8.875,12.75,9.5],"rotation":0,"texture":"#0","tintindex":0},"north":{"uv":[12.0,8.875,12.75,9.5],"rotation":0,"texture":"#0","tintindex":0},"west":{"uv":[12.75,9.5,12.0,10.125],"rotation":0,"texture":"#0","tintindex":0},"up":{"uv":[11.875,8.375,11.125,7.625],"rotation":0,"texture":"#0","tintindex":0},"down":{"uv":[11.875,7.625,11.125,8.375],"rotation":0,"texture":"#0","tintindex":0}}}],"display":{"head":{"translation":[0.0,-6.4,0.0],"scale":[4.0,4.0,4.0]}}}