{"textures":{"0":"modelengine:entity/crate6"},"elements":[{"from":[4.5,7.0,6.0],"to":[8.5,17.0,10.0],"faces":{"east":{"uv":[10.875,0.0,11.375,1.25],"tintindex":0,"rotation":0,"texture":"#0"},"south":{"uv":[11.25,10.625,10.75,11.875],"tintindex":0,"rotation":0,"texture":"#0"},"north":{"uv":[10.75,10.625,11.25,11.875],"tintindex":0,"rotation":0,"texture":"#0"},"west":{"uv":[5.875,10.875,6.375,12.125],"tintindex":0,"rotation":0,"texture":"#0"},"up":{"uv":[13.5,13.375,13.0,12.875],"tintindex":0,"rotation":0,"texture":"#0"},"down":{"uv":[0.5,13.125,0.0,13.625],"tintindex":0,"rotation":0,"texture":"#0"}}},{"from":[5.75,5.0,5.5],"to":[10.75,12.0,10.5],"faces":{"east":{"uv":[11.875,2.75,12.5,3.625],"tintindex":0,"rotation":0,"texture":"#0"},"south":{"uv":[11.875,2.75,12.5,3.625],"tintindex":0,"rotation":0,"texture":"#0"},"north":{"uv":[11.875,2.75,12.5,3.625],"tintindex":0,"rotation":0,"texture":"#0"},"west":{"uv":[11.875,2.75,12.5,3.625],"tintindex":0,"rotation":0,"texture":"#0"},"up":{"uv":[1.25,12.375,0.625,13.0],"tintindex":0,"rotation":0,"texture":"#0"},"down":{"uv":[1.25,12.375,0.625,13.0],"tintindex":0,"rotation":0,"texture":"#0"}},"rotation":{"origin":[8.0,8.0,8.0],"angle":22.5,"axis":"z"}},{"from":[4.5,16.0,5.5],"to":[9.5,20.0,10.5],"faces":{"east":{"uv":[8.875,12.875,9.5,13.375],"tintindex":0,"rotation":0,"texture":"#0"},"south":{"uv":[8.875,12.875,9.5,13.375],"tintindex":0,"rotation":0,"texture":"#0"},"north":{"uv":[8.875,12.875,9.5,13.375],"tintindex":0,"rotation":0,"texture":"#0"},"west":{"uv":[10.875,12.875,11.5,13.375],"tintindex":0,"rotation":0,"texture":"#0"},"up":{"uv":[7.0,13.125,6.375,12.5],"tintindex":0,"rotation":0,"texture":"#0"},"down":{"uv":[7.625,12.375,8.25,13.0],"tintindex":0,"rotation":0,"texture":"#0"}}}],"display":{"gui":{"rotation":[30,225,0]}}}