{"textures":{"0":"modelengine:entity/crate6"},"elements":[{"from":[6.714286,6.285714,6.5714283],"to":[9.571428,10.285714,9.428572],"rotation":{"angle":22.5,"axis":"z","origin":[8.0,8.0,8.0]},"faces":{"east":{"uv":[11.875,2.75,12.5,3.625],"rotation":0,"texture":"#0","tintindex":0},"south":{"uv":[11.875,2.75,12.5,3.625],"rotation":0,"texture":"#0","tintindex":0},"north":{"uv":[11.875,2.75,12.5,3.625],"rotation":0,"texture":"#0","tintindex":0},"west":{"uv":[11.875,2.75,12.5,3.625],"rotation":0,"texture":"#0","tintindex":0},"up":{"uv":[1.25,12.375,0.625,13.0],"rotation":0,"texture":"#0","tintindex":0},"down":{"uv":[1.25,12.375,0.625,13.0],"rotation":0,"texture":"#0","tintindex":0}}},{"from":[6.0,7.428571,6.857143],"to":[8.285714,13.142858,9.142858],"rotation":{"angle":0.0,"axis":"y","origin":[2.5714283,6.285714,12.285715]},"faces":{"east":{"uv":[10.875,0.0,11.375,1.25],"rotation":0,"texture":"#0","tintindex":0},"south":{"uv":[11.25,10.625,10.75,11.875],"rotation":0,"texture":"#0","tintindex":0},"north":{"uv":[10.75,10.625,11.25,11.875],"rotation":0,"texture":"#0","tintindex":0},"west":{"uv":[5.875,10.875,6.375,12.125],"rotation":0,"texture":"#0","tintindex":0},"up":{"uv":[13.5,13.375,13.0,12.875],"rotation":0,"texture":"#0","tintindex":0},"down":{"uv":[0.5,13.125,0.0,13.625],"rotation":0,"texture":"#0","tintindex":0}}},{"from":[6.0,12.571428,6.5714283],"to":[8.857143,14.857143,9.428572],"rotation":{"angle":0.0,"axis":"y","origin":[2.5714283,6.285714,12.285715]},"faces":{"east":{"uv":[8.875,12.875,9.5,13.375],"rotation":0,"texture":"#0","tintindex":0},"south":{"uv":[8.875,12.875,9.5,13.375],"rotation":0,"texture":"#0","tintindex":0},"north":{"uv":[8.875,12.875,9.5,13.375],"rotation":0,"texture":"#0","tintindex":0},"west":{"uv":[10.875,12.875,11.5,13.375],"rotation":0,"texture":"#0","tintindex":0},"up":{"uv":[7.0,13.125,6.375,12.5],"rotation":0,"texture":"#0","tintindex":0},"down":{"uv":[7.625,12.375,8.25,13.0],"rotation":0,"texture":"#0","tintindex":0}}}],"display":{"head":{"translation":[0.0,-6.4,0.0],"scale":[4.0,4.0,4.0]}}}