{"textures":{"0":"modelengine:entity/smolderingshadow"},"elements":[{"from":[5.976557,15.109463,6.1240816],"to":[5.985358,26.753626,32.0],"rotation":{"angle":45.0,"axis":"x","origin":[5.97683,15.109884,6.123641]},"faces":{"east":{"uv":[9.34375,3.9375,7.75,4.65625],"rotation":0,"texture":"#0","tintindex":0},"south":{"uv":[3.59375,14.0,3.625,14.71875],"rotation":0,"texture":"#0","tintindex":0},"north":{"uv":[7.71875,13.96875,7.75,14.6875],"rotation":0,"texture":"#0","tintindex":0},"west":{"uv":[7.75,3.9375,9.34375,4.65625],"rotation":0,"texture":"#0","tintindex":0}}},{"from":[10.828732,15.109463,6.1240816],"to":[10.837533,26.753626,32.0],"rotation":{"angle":45.0,"axis":"x","origin":[10.828565,15.109884,6.123641]},"faces":{"east":{"uv":[9.34375,3.9375,7.75,4.65625],"rotation":0,"texture":"#0","tintindex":0},"south":{"uv":[7.65625,13.96875,7.6875,14.6875],"rotation":0,"texture":"#0","tintindex":0},"north":{"uv":[6.59375,7.40625,6.625,8.125],"rotation":0,"texture":"#0","tintindex":0},"west":{"uv":[7.75,3.9375,9.34375,4.65625],"rotation":0,"texture":"#0","tintindex":0}}},{"from":[1.9385056,3.4688196,4.019683],"to":[14.6073475,14.647217,10.726738],"rotation":{"angle":22.5,"axis":"x","origin":[1.9381185,3.8248863,4.6041794]},"faces":{"east":{"uv":[11.3125,6.8125,11.71875,7.5],"rotation":0,"texture":"#0","tintindex":0},"south":{"uv":[9.40625,8.625,10.1875,9.3125],"rotation":0,"texture":"#0","tintindex":0},"north":{"uv":[9.375,3.59375,10.15625,4.28125],"rotation":0,"texture":"#0","tintindex":0},"west":{"uv":[11.3125,6.8125,11.71875,7.5],"rotation":0,"texture":"#0","tintindex":0},"up":{"uv":[8.75,6.0,7.96875,5.59375],"rotation":0,"texture":"#0","tintindex":0},"down":{"uv":[11.6875,9.4375,10.90625,9.84375],"rotation":0,"texture":"#0","tintindex":0}}},{"from":[2.6830983,3.1088452,8.498903],"to":[13.861505,12.796789,15.205959],"rotation":{"angle":45.0,"axis":"x","origin":[2.6833448,3.4522643,9.088064]},"faces":{"east":{"uv":[2.40625,11.90625,2.0,12.5],"rotation":0,"texture":"#0","tintindex":0},"south":{"uv":[10.59375,7.0,11.28125,7.59375],"rotation":0,"texture":"#0","tintindex":0},"north":{"uv":[10.1875,9.46875,10.875,10.0625],"rotation":0,"texture":"#0","tintindex":0},"west":{"uv":[2.0,11.90625,2.40625,12.5],"rotation":0,"texture":"#0","tintindex":0},"up":{"uv":[12.03125,4.9375,11.34375,4.53125],"rotation":0,"texture":"#0","tintindex":0},"down":{"uv":[12.03125,4.96875,11.34375,5.375],"rotation":0,"texture":"#0","tintindex":0}}},{"from":[3.8008676,4.6279554,14.4915085],"to":[12.743586,12.080219,22.688982],"rotation":{"angle":45.0,"axis":"x","origin":[2.497038,3.8248863,7.9577513]},"faces":{"east":{"uv":[3.90625,11.9375,3.40625,12.40625],"rotation":0,"texture":"#0","tintindex":0},"south":{"uv":[11.625,1.90625,12.1875,2.375],"rotation":0,"texture":"#0","tintindex":0},"north":{"uv":[6.65625,11.59375,7.21875,12.0625],"rotation":0,"texture":"#0","tintindex":0},"west":{"uv":[3.40625,11.9375,3.90625,12.40625],"rotation":0,"texture":"#0","tintindex":0},"up":{"uv":[11.84375,1.875,11.28125,1.375],"rotation":0,"texture":"#0","tintindex":0},"down":{"uv":[11.84375,5.59375,11.28125,6.09375],"rotation":0,"texture":"#0","tintindex":0}}},{"from":[4.515536,-2.6331444,19.12629],"to":[11.9678,3.3286672,28.068974],"rotation":{"angle":22.5,"axis":"x","origin":[3.4285712,-4.000001,12.242768]},"faces":{"east":{"uv":[11.96875,7.5,12.53125,7.875],"rotation":0,"texture":"#0","tintindex":0},"south":{"uv":[7.65625,12.34375,8.125,12.71875],"rotation":0,"texture":"#0","tintindex":0},"north":{"uv":[5.0625,12.34375,5.53125,12.71875],"rotation":0,"texture":"#0","tintindex":0},"west":{"uv":[11.96875,7.5,12.53125,7.875],"rotation":0,"texture":"#0","tintindex":0},"up":{"uv":[5.28125,12.125,4.8125,11.5625],"rotation":0,"texture":"#0","tintindex":0},"down":{"uv":[10.625,11.6875,10.15625,12.25],"rotation":0,"texture":"#0","tintindex":0}}}],"display":{"head":{"translation":[0.0,-6.4,3.600357],"scale":[4.0,4.0,4.0]}}}