{"textures":{"0":"must_have_props:/bone"},"elements":[{"from":[5.428571,7.428571,7.428571],"to":[10.571428,8.571428,8.571428],"rotation":{"angle":45.0,"axis":"y","origin":[8.0,8.0,8.0]},"faces":{"east":{"uv":[0.0,6.5,1.0,7.5],"rotation":0,"texture":"#0","tintindex":0},"south":{"uv":[0.0,0.0,4.5,1.0],"rotation":0,"texture":"#0","tintindex":0},"north":{"uv":[0.0,1.0,4.5,2.0],"rotation":0,"texture":"#0","tintindex":0},"west":{"uv":[1.0,6.5,2.0,7.5],"rotation":0,"texture":"#0","tintindex":0},"up":{"uv":[1.0,6.5,0.0,2.0],"rotation":90,"texture":"#0","tintindex":0},"down":{"uv":[2.0,2.0,1.0,6.5],"rotation":270,"texture":"#0","tintindex":0}}},{"from":[10.571428,7.428571,6.5714283],"to":[11.714286,8.571428,7.714286],"rotation":{"angle":45.0,"axis":"y","origin":[8.0,8.0,8.0]},"faces":{"east":{"uv":[6.5,1.5,7.5,2.5],"rotation":0,"texture":"#0","tintindex":0},"south":{"uv":[2.0,6.5,3.0,7.5],"rotation":0,"texture":"#0","tintindex":0},"north":{"uv":[3.0,6.5,4.0,7.5],"rotation":0,"texture":"#0","tintindex":0},"west":{"uv":[6.5,2.5,7.5,3.5],"rotation":0,"texture":"#0","tintindex":0},"up":{"uv":[7.5,4.5,6.5,3.5],"rotation":90,"texture":"#0","tintindex":0},"down":{"uv":[5.0,6.5,4.0,7.5],"rotation":270,"texture":"#0","tintindex":0}}},{"from":[10.285714,7.142857,7.714286],"to":[12.0,8.857143,9.428572],"rotation":{"angle":45.0,"axis":"y","origin":[8.0,8.0,8.0]},"faces":{"east":{"uv":[2.0,2.0,3.5,3.5],"rotation":0,"texture":"#0","tintindex":0},"south":{"uv":[2.0,3.5,3.5,5.0],"rotation":0,"texture":"#0","tintindex":0},"north":{"uv":[3.5,3.5,5.0,5.0],"rotation":0,"texture":"#0","tintindex":0},"west":{"uv":[3.5,2.0,5.0,3.5],"rotation":0,"texture":"#0","tintindex":0},"up":{"uv":[6.0,1.5,4.5,0.0],"rotation":90,"texture":"#0","tintindex":0},"down":{"uv":[6.5,1.5,5.0,3.0],"rotation":270,"texture":"#0","tintindex":0}}},{"from":[4.285714,7.428571,8.285714],"to":[5.428571,8.571428,9.428572],"rotation":{"angle":45.0,"axis":"y","origin":[8.0,8.0,8.0]},"faces":{"east":{"uv":[6.5,4.5,7.5,5.5],"rotation":0,"texture":"#0","tintindex":0},"south":{"uv":[6.5,5.5,7.5,6.5],"rotation":0,"texture":"#0","tintindex":0},"north":{"uv":[0.0,7.5,1.0,8.5],"rotation":0,"texture":"#0","tintindex":0},"west":{"uv":[6.5,6.5,7.5,7.5],"rotation":0,"texture":"#0","tintindex":0},"up":{"uv":[8.5,1.0,7.5,0.0],"rotation":90,"texture":"#0","tintindex":0},"down":{"uv":[2.0,7.5,1.0,8.5],"rotation":270,"texture":"#0","tintindex":0}}},{"from":[4.0,7.142857,6.5714283],"to":[5.714286,8.857143,8.285714],"rotation":{"angle":45.0,"axis":"y","origin":[8.0,8.0,8.0]},"faces":{"east":{"uv":[2.0,5.0,3.5,6.5],"rotation":0,"texture":"#0","tintindex":0},"south":{"uv":[5.0,3.0,6.5,4.5],"rotation":0,"texture":"#0","tintindex":0},"north":{"uv":[5.0,4.5,6.5,6.0],"rotation":0,"texture":"#0","tintindex":0},"west":{"uv":[3.5,5.0,5.0,6.5],"rotation":0,"texture":"#0","tintindex":0},"up":{"uv":[7.5,1.5,6.0,0.0],"rotation":90,"texture":"#0","tintindex":0},"down":{"uv":[6.5,6.0,5.0,7.5],"rotation":270,"texture":"#0","tintindex":0}}},{"from":[5.714286,8.571428,5.428571],"to":[6.857143,9.714286,10.571428],"rotation":{"angle":-22.5,"axis":"x","origin":[8.0,8.0,8.0]},"faces":{"east":{"uv":[0.0,0.0,4.5,1.0],"rotation":0,"texture":"#0","tintindex":0},"south":{"uv":[1.0,6.5,2.0,7.5],"rotation":0,"texture":"#0","tintindex":0},"north":{"uv":[0.0,6.5,1.0,7.5],"rotation":0,"texture":"#0","tintindex":0},"west":{"uv":[0.0,1.0,4.5,2.0],"rotation":0,"texture":"#0","tintindex":0},"up":{"uv":[1.0,6.5,0.0,2.0],"rotation":0,"texture":"#0","tintindex":0},"down":{"uv":[2.0,2.0,1.0,6.5],"rotation":0,"texture":"#0","tintindex":0}}},{"from":[4.8571424,8.571428,4.285714],"to":[6.0,9.714286,5.428571],"rotation":{"angle":-22.5,"axis":"x","origin":[8.0,8.0,8.0]},"faces":{"east":{"uv":[2.0,6.5,3.0,7.5],"rotation":0,"texture":"#0","tintindex":0},"south":{"uv":[6.5,2.5,7.5,3.5],"rotation":0,"texture":"#0","tintindex":0},"north":{"uv":[6.5,1.5,7.5,2.5],"rotation":0,"texture":"#0","tintindex":0},"west":{"uv":[3.0,6.5,4.0,7.5],"rotation":0,"texture":"#0","tintindex":0},"up":{"uv":[7.5,4.5,6.5,3.5],"rotation":0,"texture":"#0","tintindex":0},"down":{"uv":[5.0,6.5,4.0,7.5],"rotation":0,"texture":"#0","tintindex":0}}},{"from":[6.0,8.285714,4.0],"to":[7.714286,10.0,5.714286],"rotation":{"angle":-22.5,"axis":"x","origin":[8.0,8.0,8.0]},"faces":{"east":{"uv":[2.0,3.5,3.5,5.0],"rotation":0,"texture":"#0","tintindex":0},"south":{"uv":[3.5,2.0,5.0,3.5],"rotation":0,"texture":"#0","tintindex":0},"north":{"uv":[2.0,2.0,3.5,3.5],"rotation":0,"texture":"#0","tintindex":0},"west":{"uv":[3.5,3.5,5.0,5.0],"rotation":0,"texture":"#0","tintindex":0},"up":{"uv":[6.0,1.5,4.5,0.0],"rotation":0,"texture":"#0","tintindex":0},"down":{"uv":[6.5,1.5,5.0,3.0],"rotation":0,"texture":"#0","tintindex":0}}},{"from":[6.5714283,8.571428,10.571428],"to":[7.714286,9.714286,11.714286],"rotation":{"angle":-22.5,"axis":"x","origin":[8.0,8.0,8.0]},"faces":{"east":{"uv":[6.5,5.5,7.5,6.5],"rotation":0,"texture":"#0","tintindex":0},"south":{"uv":[6.5,6.5,7.5,7.5],"rotation":0,"texture":"#0","tintindex":0},"north":{"uv":[6.5,4.5,7.5,5.5],"rotation":0,"texture":"#0","tintindex":0},"west":{"uv":[0.0,7.5,1.0,8.5],"rotation":0,"texture":"#0","tintindex":0},"up":{"uv":[8.5,1.0,7.5,0.0],"rotation":0,"texture":"#0","tintindex":0},"down":{"uv":[2.0,7.5,1.0,8.5],"rotation":0,"texture":"#0","tintindex":0}}},{"from":[4.8571424,8.285714,10.285714],"to":[6.5714283,10.0,12.0],"rotation":{"angle":-22.5,"axis":"x","origin":[8.0,8.0,8.0]},"faces":{"east":{"uv":[5.0,3.0,6.5,4.5],"rotation":0,"texture":"#0","tintindex":0},"south":{"uv":[3.5,5.0,5.0,6.5],"rotation":0,"texture":"#0","tintindex":0},"north":{"uv":[2.0,5.0,3.5,6.5],"rotation":0,"texture":"#0","tintindex":0},"west":{"uv":[5.0,4.5,6.5,6.0],"rotation":0,"texture":"#0","tintindex":0},"up":{"uv":[7.5,1.5,6.0,0.0],"rotation":0,"texture":"#0","tintindex":0},"down":{"uv":[6.5,6.0,5.0,7.5],"rotation":0,"texture":"#0","tintindex":0}}},{"from":[4.8929768,7.4857144,10.514034],"to":[10.035834,8.6285715,11.656892],"rotation":{"angle":22.5,"axis":"y","origin":[8.035834,8.0,11.085463]},"faces":{"east":{"uv":[1.0,6.5,2.0,7.5],"rotation":0,"texture":"#0","tintindex":0},"south":{"uv":[0.0,1.0,4.5,2.0],"rotation":0,"texture":"#0","tintindex":0},"north":{"uv":[0.0,0.0,4.5,1.0],"rotation":0,"texture":"#0","tintindex":0},"west":{"uv":[0.0,6.5,1.0,7.5],"rotation":0,"texture":"#0","tintindex":0},"up":{"uv":[1.0,6.5,0.0,2.0],"rotation":270,"texture":"#0","tintindex":0},"down":{"uv":[2.0,2.0,1.0,6.5],"rotation":90,"texture":"#0","tintindex":0}}},{"from":[3.7501197,7.4857144,11.371178],"to":[4.8929768,8.6285715,12.514034],"rotation":{"angle":22.5,"axis":"y","origin":[8.035834,8.0,11.085463]},"faces":{"east":{"uv":[6.5,2.5,7.5,3.5],"rotation":0,"texture":"#0","tintindex":0},"south":{"uv":[3.0,6.5,4.0,7.5],"rotation":0,"texture":"#0","tintindex":0},"north":{"uv":[2.0,6.5,3.0,7.5],"rotation":0,"texture":"#0","tintindex":0},"west":{"uv":[6.5,1.5,7.5,2.5],"rotation":0,"texture":"#0","tintindex":0},"up":{"uv":[7.5,4.5,6.5,3.5],"rotation":270,"texture":"#0","tintindex":0},"down":{"uv":[5.0,6.5,4.0,7.5],"rotation":90,"texture":"#0","tintindex":0}}},{"from":[3.4644055,7.2,9.656892],"to":[5.178691,8.914286,11.371178],"rotation":{"angle":22.5,"axis":"y","origin":[8.035834,8.0,11.085463]},"faces":{"east":{"uv":[3.5,2.0,5.0,3.5],"rotation":0,"texture":"#0","tintindex":0},"south":{"uv":[3.5,3.5,5.0,5.0],"rotation":0,"texture":"#0","tintindex":0},"north":{"uv":[2.0,3.5,3.5,5.0],"rotation":0,"texture":"#0","tintindex":0},"west":{"uv":[2.0,2.0,3.5,3.5],"rotation":0,"texture":"#0","tintindex":0},"up":{"uv":[6.0,1.5,4.5,0.0],"rotation":270,"texture":"#0","tintindex":0},"down":{"uv":[6.5,1.5,5.0,3.0],"rotation":90,"texture":"#0","tintindex":0}}},{"from":[10.035834,7.4857144,9.656892],"to":[11.178692,8.6285715,10.799748],"rotation":{"angle":22.5,"axis":"y","origin":[8.035834,8.0,11.085463]},"faces":{"east":{"uv":[6.5,6.5,7.5,7.5],"rotation":0,"texture":"#0","tintindex":0},"south":{"uv":[0.0,7.5,1.0,8.5],"rotation":0,"texture":"#0","tintindex":0},"north":{"uv":[6.5,5.5,7.5,6.5],"rotation":0,"texture":"#0","tintindex":0},"west":{"uv":[6.5,4.5,7.5,5.5],"rotation":0,"texture":"#0","tintindex":0},"up":{"uv":[8.5,1.0,7.5,0.0],"rotation":270,"texture":"#0","tintindex":0},"down":{"uv":[2.0,7.5,1.0,8.5],"rotation":90,"texture":"#0","tintindex":0}}},{"from":[9.75012,7.2,10.799748],"to":[11.464406,8.914286,12.514034],"rotation":{"angle":22.5,"axis":"y","origin":[8.035834,8.0,11.085463]},"faces":{"east":{"uv":[3.5,5.0,5.0,6.5],"rotation":0,"texture":"#0","tintindex":0},"south":{"uv":[5.0,4.5,6.5,6.0],"rotation":0,"texture":"#0","tintindex":0},"north":{"uv":[5.0,3.0,6.5,4.5],"rotation":0,"texture":"#0","tintindex":0},"west":{"uv":[2.0,5.0,3.5,6.5],"rotation":0,"texture":"#0","tintindex":0},"up":{"uv":[7.5,1.5,6.0,0.0],"rotation":270,"texture":"#0","tintindex":0},"down":{"uv":[6.5,6.0,5.0,7.5],"rotation":90,"texture":"#0","tintindex":0}}}],"display":{"head":{"translation":[0.0,-6.4,0.0],"scale":[4.0,4.0,4.0]}}}