{"textures":{"0":"modelengine:entity/phoenixec"},"elements":[{"from":[6.5989594,6.7649207,4.4422398],"to":[9.401041,8.092222,8.129189],"rotation":{"angle":0.0,"axis":"y","origin":[5.050441,-22.730669,8.129189]},"faces":{"east":{"uv":[3.0,8.625,2.8125,8.6875],"rotation":0,"texture":"#0","tintindex":0},"south":{"uv":[8.6875,6.90625,8.84375,6.96875],"rotation":0,"texture":"#0","tintindex":0},"north":{"uv":[3.0,8.625,3.15625,8.6875],"rotation":0,"texture":"#0","tintindex":0},"west":{"uv":[2.8125,8.625,3.0,8.6875],"rotation":0,"texture":"#0","tintindex":0},"up":{"uv":[0.25,9.71875,0.09375,9.53125],"rotation":0,"texture":"#0","tintindex":0},"down":{"uv":[0.40625,9.53125,0.25,9.71875],"rotation":0,"texture":"#0","tintindex":0}}}],"display":{"head":{"translation":[0.0,-6.4,0.0],"scale":[4.0,4.0,4.0]}}}