{"textures":{"0":"modelengine:entity/phoenixec"},"elements":[{"from":[6.09924,7.0894356,2.4324923],"to":[7.7751255,8.765321,8.33161],"rotation":{"angle":22.5,"axis":"y","origin":[7.976232,7.444723,8.733823]},"faces":{"east":{"uv":[8.0,9.5,8.3125,9.59375],"rotation":0,"texture":"#0","tintindex":0},"south":{"uv":[0.875,9.6875,0.96875,9.78125],"rotation":0,"texture":"#0","tintindex":0},"north":{"uv":[0.40625,9.6875,0.5,9.78125],"rotation":0,"texture":"#0","tintindex":0},"west":{"uv":[8.3125,9.59375,8.0,9.5],"rotation":0,"texture":"#0","tintindex":0},"up":{"uv":[8.3125,9.5,8.0,9.59375],"rotation":90,"texture":"#0","tintindex":0},"down":{"uv":[8.0,9.59375,8.3125,9.5],"rotation":90,"texture":"#0","tintindex":0}}},{"from":[3.7529998,7.0894356,-0.8729172],"to":[3.7529998,9.100498,1.8085003],"rotation":{"angle":22.5,"axis":"y","origin":[7.9625854,8.094967,0.46779156]},"faces":{"east":{"uv":[7.9375,9.53125,7.78125,9.65625],"rotation":0,"texture":"#0","tintindex":0},"south":{"uv":[0.0,0.0,0.0,0.125],"rotation":0,"texture":"#0","tintindex":0},"north":{"uv":[0.0,0.0,0.0,0.125],"rotation":0,"texture":"#0","tintindex":0},"west":{"uv":[7.78125,9.53125,7.9375,9.65625],"rotation":0,"texture":"#0","tintindex":0},"up":{"uv":[0.0,0.15625,0.0,0.0],"rotation":0,"texture":"#0","tintindex":0},"down":{"uv":[0.0,0.0,0.0,0.15625],"rotation":0,"texture":"#0","tintindex":0}}},{"from":[7.942714,7.0559177,-1.2478132],"to":[7.942714,9.06698,1.4336047],"rotation":{"angle":0.0,"axis":"y","origin":[2.5885077,7.5586834,3.3776326]},"faces":{"east":{"uv":[7.9375,9.53125,7.78125,9.65625],"rotation":0,"texture":"#0","tintindex":0},"south":{"uv":[0.0,0.0,0.0,0.125],"rotation":0,"texture":"#0","tintindex":0},"north":{"uv":[0.0,0.0,0.0,0.125],"rotation":0,"texture":"#0","tintindex":0},"west":{"uv":[7.78125,9.53125,7.9375,9.65625],"rotation":0,"texture":"#0","tintindex":0},"up":{"uv":[0.0,0.15625,0.0,0.0],"rotation":0,"texture":"#0","tintindex":0},"down":{"uv":[0.0,0.0,0.0,0.15625],"rotation":0,"texture":"#0","tintindex":0}}},{"from":[7.1047716,7.0559177,1.4336057],"to":[8.780657,8.731804,7.6679],"rotation":{"angle":0.0,"axis":"y","origin":[7.976232,7.444723,8.733823]},"faces":{"east":{"uv":[8.0,9.5,8.3125,9.59375],"rotation":0,"texture":"#0","tintindex":0},"south":{"uv":[0.875,9.6875,0.96875,9.78125],"rotation":0,"texture":"#0","tintindex":0},"north":{"uv":[0.40625,9.6875,0.5,9.78125],"rotation":0,"texture":"#0","tintindex":0},"west":{"uv":[8.3125,9.59375,8.0,9.5],"rotation":0,"texture":"#0","tintindex":0},"up":{"uv":[8.3125,9.5,8.0,9.59375],"rotation":90,"texture":"#0","tintindex":0},"down":{"uv":[8.0,9.59375,8.3125,9.5],"rotation":90,"texture":"#0","tintindex":0}}},{"from":[9.115834,7.0894356,6.4612627],"to":[10.79172,8.765321,12.36038],"rotation":{"angle":-22.5,"axis":"y","origin":[18.970043,7.444723,8.733823]},"faces":{"east":{"uv":[8.0,9.5,8.3125,9.59375],"rotation":0,"texture":"#0","tintindex":0},"south":{"uv":[0.875,9.6875,0.96875,9.78125],"rotation":0,"texture":"#0","tintindex":0},"north":{"uv":[0.40625,9.6875,0.5,9.78125],"rotation":0,"texture":"#0","tintindex":0},"west":{"uv":[8.3125,9.59375,8.0,9.5],"rotation":0,"texture":"#0","tintindex":0},"up":{"uv":[8.3125,9.5,8.0,9.59375],"rotation":90,"texture":"#0","tintindex":0},"down":{"uv":[8.0,9.59375,8.3125,9.5],"rotation":90,"texture":"#0","tintindex":0}}},{"from":[12.300017,7.0894356,-1.3131666],"to":[12.300017,9.100498,1.3682508],"rotation":{"angle":-22.5,"axis":"y","origin":[7.39315,8.094967,0.027542114]},"faces":{"east":{"uv":[7.9375,9.53125,7.78125,9.65625],"rotation":0,"texture":"#0","tintindex":0},"south":{"uv":[0.0,0.0,0.0,0.125],"rotation":0,"texture":"#0","tintindex":0},"north":{"uv":[0.0,0.0,0.0,0.125],"rotation":0,"texture":"#0","tintindex":0},"west":{"uv":[7.78125,9.53125,7.9375,9.65625],"rotation":0,"texture":"#0","tintindex":0},"up":{"uv":[0.0,0.15625,0.0,0.0],"rotation":0,"texture":"#0","tintindex":0},"down":{"uv":[0.0,0.0,0.0,0.15625],"rotation":0,"texture":"#0","tintindex":0}}}],"display":{"head":{"translation":[0.0,-6.4,0.0],"scale":[4.0,4.0,4.0]}}}