{"textures":{"0":"modelengine:entity/phoenixec","1":"modelengine:entity/phoenixreg"},"elements":[{"from":[-1.9225597,7.420756,-3.275999],"to":[14.871828,8.593876,13.1232815],"rotation":{"angle":0.0,"axis":"y","origin":[15.859594,8.007316,-4.461319]},"faces":{"east":{"uv":[9.25,6.4375,10.5625,6.53125],"rotation":0,"texture":"#0","tintindex":0},"south":{"uv":[9.25,6.4375,10.5625,6.53125],"rotation":0,"texture":"#0","tintindex":0},"north":{"uv":[9.25,6.4375,10.5625,6.53125],"rotation":0,"texture":"#0","tintindex":0},"west":{"uv":[9.25,6.4375,10.5625,6.53125],"rotation":0,"texture":"#0","tintindex":0},"up":{"uv":[7.96875,3.125,6.65625,1.84375],"rotation":0,"texture":"#0","tintindex":0},"down":{"uv":[7.96875,1.84375,6.65625,3.125],"rotation":0,"texture":"#0","tintindex":0}}},{"from":[-16.0,7.992684,-3.275999],"to":[14.871828,7.992684,20.162],"rotation":{"angle":0.0,"axis":"y","origin":[27.099491,6.389291,-2.842414]},"faces":{"east":{"uv":[0.0,0.0,1.84375,0.0],"rotation":0,"texture":"#0","tintindex":0},"south":{"uv":[0.0,0.0,2.40625,0.0],"rotation":0,"texture":"#0","tintindex":0},"north":{"uv":[0.0,0.0,2.40625,0.0],"rotation":0,"texture":"#0","tintindex":0},"west":{"uv":[0.0,0.0,1.84375,0.0],"rotation":0,"texture":"#0","tintindex":0},"up":{"uv":[6.65625,1.84375,4.25,0.0],"rotation":0,"texture":"#0","tintindex":0},"down":{"uv":[6.65625,0.0,4.25,1.84375],"rotation":0,"texture":"#0","tintindex":0}}},{"from":[-6.799999,7.992396,10.962],"to":[14.871828,7.992396,32.0],"rotation":{"angle":0.0,"axis":"y","origin":[27.099491,6.389291,-3.0044146]},"faces":{"east":{"uv":[0.0,0.0,3.3125,0.0],"rotation":0,"texture":"#1","tintindex":0},"south":{"uv":[0.0,0.0,3.375,0.0],"rotation":0,"texture":"#1","tintindex":0},"north":{"uv":[0.0,0.0,3.375,0.0],"rotation":0,"texture":"#1","tintindex":0},"west":{"uv":[0.0,0.0,3.3125,0.0],"rotation":0,"texture":"#1","tintindex":0},"up":{"uv":[0.0,3.3125,3.375,0.0],"rotation":0,"texture":"#1","tintindex":0},"down":{"uv":[0.0,0.0,3.375,3.3125],"rotation":0,"texture":"#1","tintindex":0}}}],"display":{"head":{"translation":[-27.821098,-6.4,43.666718],"scale":[4.0,4.0,4.0]}}}