{"textures":{"0":"modelengine:entity/phoenixec","1":"modelengine:entity/phoenixflameanima"},"elements":[{"from":[7.605614,7.37093,-3.276],"to":[19.70752,8.54405,13.12328],"rotation":{"angle":0.0,"axis":"y","origin":[8.0,8.0,-2.1166801]},"faces":{"east":{"uv":[1.03125,9.46875,1.96875,9.5625],"rotation":0,"texture":"#0","tintindex":0},"south":{"uv":[1.03125,9.46875,1.96875,9.5625],"rotation":0,"texture":"#0","tintindex":0},"north":{"uv":[1.03125,9.46875,1.96875,9.5625],"rotation":0,"texture":"#0","tintindex":0},"west":{"uv":[1.03125,9.46875,1.96875,9.5625],"rotation":0,"texture":"#0","tintindex":0},"up":{"uv":[6.4375,8.65625,7.375,7.375],"rotation":0,"texture":"#0","tintindex":0},"down":{"uv":[6.4375,7.375,7.375,8.65625],"rotation":0,"texture":"#0","tintindex":0}}},{"from":[7.605614,7.9809527,-3.276],"to":[19.70752,7.9809527,20.161999],"rotation":{"angle":0.0,"axis":"y","origin":[8.0,8.0,-2.1166801]},"faces":{"east":{"uv":[0.0,0.0,1.84375,0.0],"rotation":0,"texture":"#0","tintindex":0},"south":{"uv":[0.0,0.0,0.9375,0.0],"rotation":0,"texture":"#0","tintindex":0},"north":{"uv":[0.0,0.0,0.9375,0.0],"rotation":0,"texture":"#0","tintindex":0},"west":{"uv":[0.0,0.0,1.84375,0.0],"rotation":0,"texture":"#0","tintindex":0},"up":{"uv":[1.34375,8.125,2.28125,6.28125],"rotation":0,"texture":"#0","tintindex":0},"down":{"uv":[1.34375,6.28125,2.28125,8.125],"rotation":0,"texture":"#0","tintindex":0}}},{"from":[7.578734,7.9611897,10.961999],"to":[19.680641,7.9611897,32.0],"rotation":{"angle":0.0,"axis":"y","origin":[7.0822697,6.4244843,-2.604416]},"faces":{"east":{"uv":[0.0,0.0,3.3125,0.0],"rotation":0,"texture":"#1","tintindex":0},"south":{"uv":[0.0,0.0,1.875,0.0],"rotation":0,"texture":"#1","tintindex":0},"north":{"uv":[0.0,0.0,1.875,0.0],"rotation":0,"texture":"#1","tintindex":0},"west":{"uv":[0.0,0.0,3.3125,0.0],"rotation":0,"texture":"#1","tintindex":0},"up":{"uv":[5.25,3.3125,3.375,0.0],"rotation":0,"texture":"#1","tintindex":0},"down":{"uv":[5.25,0.0,3.375,3.3125],"rotation":0,"texture":"#1","tintindex":0}}}],"display":{"head":{"translation":[0.0,-6.4,40.46672],"scale":[4.0,4.0,4.0]}}}