{"textures":{"0":"modelengine:entity/phoenixec"},"elements":[{"from":[7.431515,8.0,-2.0370674],"to":[32.0,8.0,32.0],"rotation":{"angle":0.0,"axis":"y","origin":[1.6664681,11.158688,-18.070337]},"faces":{"east":{"uv":[0.0,0.0,1.875,0.0],"rotation":0,"texture":"#0","tintindex":0},"south":{"uv":[0.0,0.0,1.34375,0.0],"rotation":0,"texture":"#0","tintindex":0},"north":{"uv":[0.0,0.0,1.34375,0.0],"rotation":0,"texture":"#0","tintindex":0},"west":{"uv":[0.0,0.0,1.875,0.0],"rotation":0,"texture":"#0","tintindex":0},"up":{"uv":[3.75,6.3125,2.40625,4.4375],"rotation":0,"texture":"#0","tintindex":0},"down":{"uv":[3.75,4.4375,2.40625,6.3125],"rotation":0,"texture":"#0","tintindex":0}}},{"from":[7.431515,7.428571,-2.0370674],"to":[32.0,7.428571,32.0],"rotation":{"angle":0.0,"axis":"y","origin":[1.6664681,11.158688,-18.070337]},"faces":{"east":{"uv":[0.0,0.0,1.875,0.0],"rotation":0,"texture":"#0","tintindex":0},"south":{"uv":[0.0,0.0,1.34375,0.0],"rotation":0,"texture":"#0","tintindex":0},"north":{"uv":[0.0,0.0,1.34375,0.0],"rotation":0,"texture":"#0","tintindex":0},"west":{"uv":[0.0,0.0,1.875,0.0],"rotation":0,"texture":"#0","tintindex":0},"up":{"uv":[1.40625,4.34375,0.0625,2.46875],"rotation":0,"texture":"#0","tintindex":0},"down":{"uv":[1.40625,2.46875,0.0625,4.34375],"rotation":0,"texture":"#0","tintindex":0}}}],"display":{"head":{"translation":[1.720993,-6.4,40.444763],"scale":[4.0,4.0,4.0]}}}