{"textures":{"0":"modelengine:entity/lavajaw2reg"},"elements":[{"from":[6.8342285,6.7057543,3.5063553],"to":[11.260067,8.774365,9.712188],"rotation":{"angle":0.0,"axis":"y","origin":[-3.1557894,21.308853,-3.5625954]},"faces":{"east":{"uv":[11.375,13.3125,10.3125,13.6875],"rotation":0,"texture":"#0","tintindex":0},"south":{"uv":[13.5625,3.75,14.3125,4.125],"rotation":0,"texture":"#0","tintindex":0},"north":{"uv":[14.3125,3.75,13.5625,4.125],"rotation":0,"texture":"#0","tintindex":0},"west":{"uv":[10.3125,13.3125,11.375,13.6875],"rotation":0,"texture":"#0","tintindex":0},"up":{"uv":[2.5625,13.125,1.8125,12.0625],"rotation":0,"texture":"#0","tintindex":0},"down":{"uv":[2.5625,12.0625,1.8125,13.125],"rotation":0,"texture":"#0","tintindex":0}}},{"from":[5.7643533,6.8017626,1.2813792],"to":[7.0882645,8.481672,4.5911565],"rotation":{"angle":22.5,"axis":"y","origin":[6.07031,7.4637184,2.5802693]},"faces":{"east":{"uv":[13.6875,7.9375,14.25,8.25],"rotation":0,"texture":"#0","tintindex":0},"south":{"uv":[6.75,11.5,7.0,11.8125],"rotation":0,"texture":"#0","tintindex":0},"north":{"uv":[6.75,11.5,7.0,11.8125],"rotation":0,"texture":"#0","tintindex":0},"west":{"uv":[13.6875,7.9375,14.25,8.25],"rotation":0,"texture":"#0","tintindex":0},"up":{"uv":[9.6875,3.75,9.4375,3.1875],"rotation":0,"texture":"#0","tintindex":0},"down":{"uv":[9.6875,3.1875,9.4375,3.75],"rotation":0,"texture":"#0","tintindex":0}}},{"from":[6.476351,6.8017626,-1.2106123],"to":[6.476351,9.19367,1.3871675],"rotation":{"angle":22.5,"axis":"y","origin":[6.07031,7.4637184,2.5802693]},"faces":{"east":{"uv":[3.75,8.75,3.3125,9.1875],"rotation":0,"texture":"#0","tintindex":0},"south":{"uv":[3.9375,7.125,3.9375,7.5625],"rotation":0,"texture":"#0","tintindex":0},"north":{"uv":[4.4375,5.625,4.4375,6.0625],"rotation":0,"texture":"#0","tintindex":0},"west":{"uv":[3.3125,8.75,3.75,9.1875],"rotation":0,"texture":"#0","tintindex":0},"up":{"uv":[4.0,7.5625,4.0,7.125],"rotation":0,"texture":"#0","tintindex":0},"down":{"uv":[4.0625,7.125,4.0625,7.5625],"rotation":0,"texture":"#0","tintindex":0}}},{"from":[8.968342,6.8017626,-2.6346073],"to":[8.968342,9.19367,-0.036827087],"rotation":{"angle":0.0,"axis":"y","origin":[6.07031,7.4637184,2.5802693]},"faces":{"east":{"uv":[3.75,8.75,3.3125,9.1875],"rotation":0,"texture":"#0","tintindex":0},"south":{"uv":[3.875,7.9375,3.875,8.375],"rotation":0,"texture":"#0","tintindex":0},"north":{"uv":[3.8125,7.9375,3.8125,8.375],"rotation":0,"texture":"#0","tintindex":0},"west":{"uv":[3.3125,8.75,3.75,9.1875],"rotation":0,"texture":"#0","tintindex":0},"up":{"uv":[8.1875,8.9375,8.1875,8.5],"rotation":0,"texture":"#0","tintindex":0},"down":{"uv":[8.25,8.5,8.25,8.9375],"rotation":0,"texture":"#0","tintindex":0}}},{"from":[10.963814,6.8017626,-2.9906054],"to":[10.963814,9.19367,-0.39282608],"rotation":{"angle":-22.5,"axis":"y","origin":[6.07031,7.4637184,2.5802693]},"faces":{"east":{"uv":[3.75,8.75,3.3125,9.1875],"rotation":0,"texture":"#0","tintindex":0},"south":{"uv":[8.375,8.5,8.375,8.9375],"rotation":0,"texture":"#0","tintindex":0},"north":{"uv":[8.3125,8.5,8.3125,8.9375],"rotation":0,"texture":"#0","tintindex":0},"west":{"uv":[3.3125,8.75,3.75,9.1875],"rotation":0,"texture":"#0","tintindex":0},"up":{"uv":[8.625,2.4375,8.625,2.0],"rotation":0,"texture":"#0","tintindex":0},"down":{"uv":[8.6875,2.0,8.6875,2.4375],"rotation":0,"texture":"#0","tintindex":0}}},{"from":[8.350117,6.8017626,-0.14261532],"to":[9.674027,8.481672,4.235158],"rotation":{"angle":0.0,"axis":"y","origin":[-3.1557894,21.308853,-3.5625954]},"faces":{"east":{"uv":[10.1875,0.8125,9.4375,1.125],"rotation":0,"texture":"#0","tintindex":0},"south":{"uv":[12.375,4.0,12.625,4.3125],"rotation":0,"texture":"#0","tintindex":0},"north":{"uv":[12.375,4.0,12.625,4.3125],"rotation":0,"texture":"#0","tintindex":0},"west":{"uv":[9.4375,0.8125,10.1875,1.125],"rotation":0,"texture":"#0","tintindex":0},"up":{"uv":[4.375,6.375,4.125,5.625],"rotation":0,"texture":"#0","tintindex":0},"down":{"uv":[4.375,5.625,4.125,6.375],"rotation":0,"texture":"#0","tintindex":0}}},{"from":[10.741035,6.8017626,1.2813792],"to":[12.064946,8.481672,4.5911565],"rotation":{"angle":-22.5,"axis":"y","origin":[11.758989,7.4637184,2.5802693]},"faces":{"east":{"uv":[13.6875,7.9375,14.25,8.25],"rotation":0,"texture":"#0","tintindex":0},"south":{"uv":[7.0,11.5,6.75,11.8125],"rotation":0,"texture":"#0","tintindex":0},"north":{"uv":[7.0,11.5,6.75,11.8125],"rotation":0,"texture":"#0","tintindex":0},"west":{"uv":[13.6875,7.9375,14.25,8.25],"rotation":0,"texture":"#0","tintindex":0},"up":{"uv":[9.4375,3.75,9.6875,3.1875],"rotation":0,"texture":"#0","tintindex":0},"down":{"uv":[9.4375,3.1875,9.6875,3.75],"rotation":0,"texture":"#0","tintindex":0}}}],"display":{"head":{"translation":[0.0,-6.4,0.0],"scale":[4.0,4.0,4.0]}}}