{
  "textures": {
    "0": "modelengine:entity/em_nothingness"
  },
  "elements": [
    {
      "from": [
        8,
        -8,
        -8
      ],
      "to": [
        8,
        24,
        24
      ],
      "faces": {
        "east": {
          "uv": [
            0.5,
            15.5,
            0,
            16
          ],
          "tintindex": 0,
          "rotation": 0,
          "texture": "#0"
        },
        "south": {
          "uv": [
            0,
            0,
            16,
            16
          ],
          "tintindex": 0,
          "rotation": 0,
          "texture": "#0"
        },
        "north": {
          "uv": [
            0,
            0,
            16,
            16
          ],
          "tintindex": 0,
          "rotation": 0,
          "texture": "#0"
        },
        "west": {
          "uv": [
            0,
            15.5,
            0.5,
            16
          ],
          "tintindex": 0,
          "rotation": 0,
          "texture": "#0"
        },
        "up": {
          "uv": [
            0,
            0,
            16,
            16
          ],
          "tintindex": 0,
          "rotation": 0,
          "texture": "#0"
        }
      }
    }
  ],
  "display": {
    "gui": {
      "rotation": [
        30,
        225,
        0
      ]
    }
  }
}