{"textures":{"0":"modelengine:entity/demonflying"},"elements":[{"from":[7.8145165,6.8752694,7.5163608],"to":[8.043088,7.446698,8.430647],"rotation":{"angle":0.0,"axis":"y","origin":[7.3606253,16.0,11.68779]},"faces":{"east":{"uv":[7.25,5.75,7.625,6.0],"rotation":0,"texture":"#0","tintindex":0},"south":{"uv":[9.25,13.75,9.375,14.0],"rotation":0,"texture":"#0","tintindex":0},"north":{"uv":[9.0,13.75,9.125,14.0],"rotation":0,"texture":"#0","tintindex":0},"west":{"uv":[10.5,3.5,10.875,3.75],"rotation":0,"texture":"#0","tintindex":0},"up":{"uv":[13.875,2.625,13.75,2.25],"rotation":0,"texture":"#0","tintindex":0},"down":{"uv":[3.125,13.75,3.0,14.125],"rotation":0,"texture":"#0","tintindex":0}}},{"from":[4.6414623,5.43497,7.5449324],"to":[4.8700337,6.063541,8.402075],"rotation":{"angle":22.5,"axis":"z","origin":[4.1875715,14.4454155,11.659218]},"faces":{"east":{"uv":[13.25,8.75,13.625,9.0],"rotation":0,"texture":"#0","tintindex":0},"south":{"uv":[13.75,10.0,13.875,10.25],"rotation":0,"texture":"#0","tintindex":0},"north":{"uv":[9.5,13.75,9.625,14.0],"rotation":0,"texture":"#0","tintindex":0},"west":{"uv":[9.75,13.25,10.125,13.5],"rotation":0,"texture":"#0","tintindex":0},"up":{"uv":[13.875,3.375,13.75,3.0],"rotation":0,"texture":"#0","tintindex":0},"down":{"uv":[3.375,13.75,3.25,14.125],"rotation":0,"texture":"#0","tintindex":0}}},{"from":[8.567243,9.777245,7.573504],"to":[9.024385,9.948672,8.373504],"rotation":{"angle":-22.5,"axis":"z","origin":[-0.44320297,9.323353,11.659218]},"faces":{"east":{"uv":[2.0,14.0,2.375,14.0625],"rotation":0,"texture":"#0","tintindex":0},"south":{"uv":[14.0,12.75,14.1875,12.8125],"rotation":0,"texture":"#0","tintindex":0},"north":{"uv":[12.75,14.0,12.9375,14.0625],"rotation":0,"texture":"#0","tintindex":0},"west":{"uv":[14.0,2.0,14.375,2.0625],"rotation":0,"texture":"#0","tintindex":0},"up":{"uv":[12.9375,13.625,12.75,13.25],"rotation":0,"texture":"#0","tintindex":0},"down":{"uv":[0.1875,13.5,0.0,13.875],"rotation":0,"texture":"#0","tintindex":0}}},{"from":[7.8716593,7.446698,7.573504],"to":[8.271659,8.0181265,8.373504],"rotation":{"angle":0.0,"axis":"y","origin":[7.3034825,16.57143,11.68779]},"faces":{"east":{"uv":[13.25,10.0,13.625,10.25],"rotation":0,"texture":"#0","tintindex":0},"south":{"uv":[3.5,11.25,3.6875,11.5],"rotation":0,"texture":"#0","tintindex":0},"north":{"uv":[1.25,11.0,1.4375,11.25],"rotation":0,"texture":"#0","tintindex":0},"west":{"uv":[13.25,10.25,13.625,10.5],"rotation":0,"texture":"#0","tintindex":0},"up":{"uv":[0.4375,13.875,0.25,13.5],"rotation":0,"texture":"#0","tintindex":0},"down":{"uv":[1.4375,13.5,1.25,13.875],"rotation":0,"texture":"#0","tintindex":0}}},{"from":[7.7573733,7.642997,7.077344],"to":[7.9859447,7.985854,7.6487727],"rotation":{"angle":0.0,"axis":"y","origin":[7.3606253,16.171429,11.68779]},"faces":{"east":{"uv":[13.75,10.25,14.0,10.375],"rotation":0,"texture":"#0","tintindex":0},"south":{"uv":[7.75,14.0,7.875,14.125],"rotation":0,"texture":"#0","tintindex":0},"north":{"uv":[7.5,14.0,7.625,14.125],"rotation":0,"texture":"#0","tintindex":0},"west":{"uv":[13.75,10.5,14.0,10.625],"rotation":0,"texture":"#0","tintindex":0},"up":{"uv":[13.875,11.0,13.75,10.75],"rotation":0,"texture":"#0","tintindex":0},"down":{"uv":[11.375,13.75,11.25,14.0],"rotation":0,"texture":"#0","tintindex":0}}},{"from":[6.023233,7.6715684,6.0602803],"to":[6.2518044,7.9572825,6.574566],"rotation":{"angle":-22.5,"axis":"y","origin":[5.626485,16.228573,11.185012]},"faces":{"east":{"uv":[11.5,13.75,11.75,13.875],"rotation":0,"texture":"#0","tintindex":0},"south":{"uv":[9.0,14.0,9.125,14.125],"rotation":0,"texture":"#0","tintindex":0},"north":{"uv":[14.0,8.75,14.125,8.875],"rotation":0,"texture":"#0","tintindex":0},"west":{"uv":[13.75,11.5,14.0,11.625],"rotation":0,"texture":"#0","tintindex":0},"up":{"uv":[11.875,14.0,11.75,13.75],"rotation":0,"texture":"#0","tintindex":0},"down":{"uv":[13.875,11.75,13.75,12.0],"rotation":0,"texture":"#0","tintindex":0}}},{"from":[8.153302,7.7001395,8.396748],"to":[8.667588,7.928711,8.568176],"rotation":{"angle":22.5,"axis":"y","origin":[3.5428567,16.228573,8.0]},"faces":{"east":{"uv":[14.0,14.0,14.0625,14.125],"rotation":0,"texture":"#0","tintindex":0},"south":{"uv":[12.25,13.75,12.5,13.875],"rotation":0,"texture":"#0","tintindex":0},"north":{"uv":[12.0,13.75,12.25,13.875],"rotation":0,"texture":"#0","tintindex":0},"west":{"uv":[0.0,14.25,0.0625,14.375],"rotation":0,"texture":"#0","tintindex":0},"up":{"uv":[9.5,14.0625,9.25,14.0],"rotation":0,"texture":"#0","tintindex":0},"down":{"uv":[9.75,14.0,9.5,14.0625],"rotation":0,"texture":"#0","tintindex":0}}}],"display":{"head":{"translation":[0.0,-6.4,0.0],"scale":[4.0,4.0,4.0]}}}