{"textures":{"0":"modelengine:entity/demonflying"},"elements":[{"from":[6.317914,5.0688925,8.0],"to":[7.9750566,10.268893,8.0],"rotation":{"angle":0.0,"axis":"y","origin":[12.546486,-5.3882504,4.685714]},"faces":{"east":{"uv":[0.0,0.0,0.0,2.25],"rotation":0,"texture":"#0","tintindex":0},"south":{"uv":[7.5,0.0,6.75,2.25],"rotation":0,"texture":"#0","tintindex":0},"north":{"uv":[6.75,0.0,7.5,2.25],"rotation":0,"texture":"#0","tintindex":0},"west":{"uv":[0.0,0.0,0.0,2.25],"rotation":0,"texture":"#0","tintindex":0},"up":{"uv":[0.75,0.0,0.0,0.0],"rotation":0,"texture":"#0","tintindex":0},"down":{"uv":[0.75,0.0,0.0,0.0],"rotation":0,"texture":"#0","tintindex":0}}},{"from":[5.445302,4.8839436,7.885714],"to":[5.673874,7.7410865,8.114285],"rotation":{"angle":0.0,"axis":"y","origin":[6.6745515,9.405803,4.685714]},"faces":{"east":{"uv":[8.25,12.5,8.375,13.75],"rotation":0,"texture":"#0","tintindex":0},"south":{"uv":[11.25,12.5,11.375,13.75],"rotation":0,"texture":"#0","tintindex":0},"north":{"uv":[2.75,12.25,2.875,13.5],"rotation":0,"texture":"#0","tintindex":0},"west":{"uv":[1.0,12.75,1.125,14.0],"rotation":0,"texture":"#0","tintindex":0},"up":{"uv":[14.125,7.125,14.0,7.0],"rotation":0,"texture":"#0","tintindex":0},"down":{"uv":[7.375,14.0,7.25,14.125],"rotation":0,"texture":"#0","tintindex":0}}},{"from":[2.3179135,5.0688925,8.0],"to":[6.317914,12.668894,8.0],"rotation":{"angle":0.0,"axis":"y","origin":[12.546486,-5.3882504,4.685714]},"faces":{"east":{"uv":[0.0,0.0,0.0,3.3125],"rotation":0,"texture":"#0","tintindex":0},"south":{"uv":[1.75,0.0,0.0,3.3125],"rotation":0,"texture":"#0","tintindex":0},"north":{"uv":[0.0,0.0,1.75,3.3125],"rotation":0,"texture":"#0","tintindex":0},"west":{"uv":[0.0,0.0,0.0,3.3125],"rotation":0,"texture":"#0","tintindex":0},"up":{"uv":[1.75,0.0,0.0,0.0],"rotation":0,"texture":"#0","tintindex":0},"down":{"uv":[1.75,0.0,0.0,0.0],"rotation":0,"texture":"#0","tintindex":0}}},{"from":[4.3723044,9.039157,7.9142857],"to":[6.4865904,9.324871,8.085714],"rotation":{"angle":-45.0,"axis":"z","origin":[7.188837,9.634375,4.685714]},"faces":{"east":{"uv":[13.75,14.0,13.8125,14.125],"rotation":0,"texture":"#0","tintindex":0},"south":{"uv":[13.25,4.5,14.1875,4.625],"rotation":0,"texture":"#0","tintindex":0},"north":{"uv":[13.25,2.75,14.1875,2.875],"rotation":0,"texture":"#0","tintindex":0},"west":{"uv":[14.0,13.75,14.0625,13.875],"rotation":0,"texture":"#0","tintindex":0},"up":{"uv":[14.6875,0.5625,13.75,0.5],"rotation":0,"texture":"#0","tintindex":0},"down":{"uv":[14.6875,0.75,13.75,0.8125],"rotation":0,"texture":"#0","tintindex":0}}},{"from":[2.1825438,10.1977,7.9428573],"to":[4.468259,10.426271,8.057143],"rotation":{"angle":-22.5,"axis":"z","origin":[7.188837,9.634375,4.685714]},"faces":{"east":{"uv":[13.5,14.0,13.5625,14.125],"rotation":0,"texture":"#0","tintindex":0},"south":{"uv":[13.0,6.0,14.0,6.125],"rotation":0,"texture":"#0","tintindex":0},"north":{"uv":[13.0,5.25,14.0,5.375],"rotation":0,"texture":"#0","tintindex":0},"west":{"uv":[14.0,13.5,14.0625,13.625],"rotation":0,"texture":"#0","tintindex":0},"up":{"uv":[14.5,7.3125,13.5,7.25],"rotation":0,"texture":"#0","tintindex":0},"down":{"uv":[9.5,13.5,8.5,13.5625],"rotation":0,"texture":"#0","tintindex":0}}},{"from":[4.3151617,9.4963,7.885714],"to":[6.3151617,9.782014,8.114285],"rotation":{"angle":0.0,"axis":"y","origin":[7.1316943,10.091517,4.685714]},"faces":{"east":{"uv":[14.0,6.75,14.125,6.875],"rotation":0,"texture":"#0","tintindex":0},"south":{"uv":[6.75,13.25,7.625,13.375],"rotation":0,"texture":"#0","tintindex":0},"north":{"uv":[13.25,5.75,14.125,5.875],"rotation":0,"texture":"#0","tintindex":0},"west":{"uv":[7.0,14.0,7.125,14.125],"rotation":0,"texture":"#0","tintindex":0},"up":{"uv":[14.125,7.625,13.25,7.5],"rotation":0,"texture":"#0","tintindex":0},"down":{"uv":[14.125,7.75,13.25,7.875],"rotation":0,"texture":"#0","tintindex":0}}},{"from":[2.1254015,10.654842,7.9428573],"to":[4.4111156,10.883414,8.057143],"rotation":{"angle":22.5,"axis":"z","origin":[7.1316943,10.091517,4.685714]},"faces":{"east":{"uv":[13.25,14.0,13.3125,14.125],"rotation":0,"texture":"#0","tintindex":0},"south":{"uv":[13.0,5.0,14.0,5.125],"rotation":0,"texture":"#0","tintindex":0},"north":{"uv":[13.0,4.25,14.0,4.375],"rotation":0,"texture":"#0","tintindex":0},"west":{"uv":[14.0,13.25,14.0625,13.375],"rotation":0,"texture":"#0","tintindex":0},"up":{"uv":[14.5,1.0625,13.5,1.0],"rotation":0,"texture":"#0","tintindex":0},"down":{"uv":[7.75,13.5,6.75,13.5625],"rotation":0,"texture":"#0","tintindex":0}}},{"from":[6.175933,7.3973923,7.857143],"to":[6.51879,9.511678,8.142858],"rotation":{"angle":-22.5,"axis":"z","origin":[6.6745515,9.405803,4.685714]},"faces":{"east":{"uv":[11.0,13.0,11.125,13.9375],"rotation":0,"texture":"#0","tintindex":0},"south":{"uv":[3.5,13.25,3.625,14.1875],"rotation":0,"texture":"#0","tintindex":0},"north":{"uv":[4.75,13.0,4.875,13.9375],"rotation":0,"texture":"#0","tintindex":0},"west":{"uv":[3.75,13.25,3.875,14.1875],"rotation":0,"texture":"#0","tintindex":0},"up":{"uv":[6.625,14.125,6.5,14.0],"rotation":0,"texture":"#0","tintindex":0},"down":{"uv":[14.125,6.5,14.0,6.625],"rotation":0,"texture":"#0","tintindex":0}}},{"from":[-3.771429,11.2,7.885714],"to":[-1.4857149,11.485714,8.114285],"rotation":{"angle":-45.0,"axis":"z","origin":[-0.9142866,-1.9428577,4.685714]},"faces":{"east":{"uv":[6.25,14.0,6.375,14.125],"rotation":0,"texture":"#0","tintindex":0},"south":{"uv":[3.75,13.0,4.75,13.125],"rotation":0,"texture":"#0","tintindex":0},"north":{"uv":[13.0,3.5,14.0,3.625],"rotation":0,"texture":"#0","tintindex":0},"west":{"uv":[14.0,6.25,14.125,6.375],"rotation":0,"texture":"#0","tintindex":0},"up":{"uv":[14.0,3.875,13.0,3.75],"rotation":0,"texture":"#0","tintindex":0},"down":{"uv":[14.0,4.0,13.0,4.125],"rotation":0,"texture":"#0","tintindex":0}}}],"display":{"head":{"translation":[0.0,-6.4,0.0],"scale":[4.0,4.0,4.0]}}}