{"textures":{"0":"modelengine:entity/demonflying"},"elements":[{"from":[7.0824623,4.418126,7.4857144],"to":[8.111033,8.246697,8.457143],"rotation":{"angle":0.0,"axis":"y","origin":[6.857143,9.428572,11.542857]},"faces":{"east":{"uv":[4.25,10.25,4.6875,11.9375],"rotation":0,"texture":"#0","tintindex":0},"south":{"uv":[4.75,10.25,5.1875,11.9375],"rotation":0,"texture":"#0","tintindex":0},"north":{"uv":[8.0,10.0,8.4375,11.6875],"rotation":0,"texture":"#0","tintindex":0},"west":{"uv":[5.25,10.25,5.6875,11.9375],"rotation":0,"texture":"#0","tintindex":0},"up":{"uv":[9.6875,4.1875,9.25,3.75],"rotation":0,"texture":"#0","tintindex":0},"down":{"uv":[10.4375,1.75,10.0,2.1875],"rotation":0,"texture":"#0","tintindex":0}}},{"from":[6.6958933,7.2181263,7.2],"to":[7.9530363,8.760983,8.742857],"rotation":{"angle":0.0,"axis":"y","origin":[6.857143,9.428572,11.542857]},"faces":{"east":{"uv":[7.75,6.75,8.4375,7.4375],"rotation":0,"texture":"#0","tintindex":0},"south":{"uv":[11.5,10.0,12.0625,10.6875],"rotation":0,"texture":"#0","tintindex":0},"north":{"uv":[11.5,5.0,12.0625,5.6875],"rotation":0,"texture":"#0","tintindex":0},"west":{"uv":[0.0,11.5,0.6875,12.1875],"rotation":0,"texture":"#0","tintindex":0},"up":{"uv":[12.0625,11.4375,11.5,10.75],"rotation":0,"texture":"#0","tintindex":0},"down":{"uv":[12.0625,11.5,11.5,12.1875],"rotation":0,"texture":"#0","tintindex":0}}}],"display":{"head":{"translation":[0.0,-6.4,0.0],"scale":[4.0,4.0,4.0]}}}