{"textures":{"0":"modelengine:entity/demonflying"},"elements":[{"from":[7.4857144,4.2285714,4.342857],"to":[8.6285715,8.171429,5.771428],"rotation":{"angle":22.5,"axis":"x","origin":[8.057143,0.39999962,6.5714283]},"faces":{"east":{"uv":[1.5,8.75,2.125,10.5],"rotation":0,"texture":"#0","tintindex":0},"south":{"uv":[10.0,0.0,10.5,1.75],"rotation":0,"texture":"#0","tintindex":0},"north":{"uv":[9.75,3.75,10.25,5.5],"rotation":0,"texture":"#0","tintindex":0},"west":{"uv":[2.25,8.75,2.875,10.5],"rotation":0,"texture":"#0","tintindex":0},"up":{"uv":[9.0,12.625,8.5,12.0],"rotation":0,"texture":"#0","tintindex":0},"down":{"uv":[0.5,12.25,0.0,12.875],"rotation":0,"texture":"#0","tintindex":0}}}],"display":{"head":{"translation":[0.0,-6.4,0.0],"scale":[4.0,4.0,4.0]}}}