{"textures":{"0":"modelengine:entity/demonflying"},"elements":[{"from":[7.428571,7.6,7.8285713],"to":[8.457143,8.514286,9.942858],"rotation":{"angle":0.0,"axis":"y","origin":[7.9428573,3.6,7.2]},"faces":{"east":{"uv":[4.0,12.0,4.9375,12.375],"rotation":0,"texture":"#0","tintindex":0},"south":{"uv":[12.25,12.5,12.6875,12.875],"rotation":0,"texture":"#0","tintindex":0},"north":{"uv":[10.75,12.5,11.1875,12.875],"rotation":0,"texture":"#0","tintindex":0},"west":{"uv":[12.0,4.0,12.9375,4.375],"rotation":0,"texture":"#0","tintindex":0},"up":{"uv":[3.9375,12.4375,3.5,11.5],"rotation":0,"texture":"#0","tintindex":0},"down":{"uv":[11.9375,3.5,11.5,4.4375],"rotation":0,"texture":"#0","tintindex":0}}},{"from":[7.6857142,4.1714287,8.228572],"to":[8.085714,4.9142857,9.428572],"rotation":{"angle":-22.5,"axis":"y","origin":[7.885714,4.5142856,10.0]},"faces":{"east":{"uv":[12.75,2.5,13.25,2.8125],"rotation":0,"texture":"#0","tintindex":0},"south":{"uv":[10.75,13.5,10.9375,13.8125],"rotation":0,"texture":"#0","tintindex":0},"north":{"uv":[10.5,13.5,10.6875,13.8125],"rotation":0,"texture":"#0","tintindex":0},"west":{"uv":[12.75,4.5,13.25,4.8125],"rotation":0,"texture":"#0","tintindex":0},"up":{"uv":[10.9375,12.5,10.75,12.0],"rotation":0,"texture":"#0","tintindex":0},"down":{"uv":[0.6875,12.25,0.5,12.75],"rotation":0,"texture":"#0","tintindex":0}}},{"from":[7.8,4.1714287,8.228572],"to":[8.2,4.9142857,9.428572],"rotation":{"angle":22.5,"axis":"y","origin":[8.0,4.5142856,10.0]},"faces":{"east":{"uv":[5.0,12.75,5.5,13.0625],"rotation":0,"texture":"#0","tintindex":0},"south":{"uv":[0.5,13.75,0.6875,14.0625],"rotation":0,"texture":"#0","tintindex":0},"north":{"uv":[13.5,13.0,13.6875,13.3125],"rotation":0,"texture":"#0","tintindex":0},"west":{"uv":[5.5,12.75,6.0,13.0625],"rotation":0,"texture":"#0","tintindex":0},"up":{"uv":[5.9375,13.75,5.75,13.25],"rotation":0,"texture":"#0","tintindex":0},"down":{"uv":[9.6875,13.25,9.5,13.75],"rotation":0,"texture":"#0","tintindex":0}}},{"from":[7.5142856,3.9428568,9.257143],"to":[8.3714285,4.685714,10.171429],"rotation":{"angle":22.5,"axis":"x","origin":[8.0,4.5142856,10.0]},"faces":{"east":{"uv":[13.25,1.75,13.625,2.0625],"rotation":0,"texture":"#0","tintindex":0},"south":{"uv":[13.25,2.25,13.625,2.5625],"rotation":0,"texture":"#0","tintindex":0},"north":{"uv":[13.25,1.25,13.625,1.5625],"rotation":0,"texture":"#0","tintindex":0},"west":{"uv":[3.0,13.25,3.375,13.5625],"rotation":0,"texture":"#0","tintindex":0},"up":{"uv":[10.375,13.125,10.0,12.75],"rotation":0,"texture":"#0","tintindex":0},"down":{"uv":[11.875,12.75,11.5,13.125],"rotation":0,"texture":"#0","tintindex":0}}},{"from":[7.542857,4.5142856,9.3714285],"to":[8.342857,8.285714,10.228572],"rotation":{"angle":0.0,"axis":"y","origin":[7.9428573,3.6,7.2]},"faces":{"east":{"uv":[0.75,11.0,1.125,12.625],"rotation":0,"texture":"#0","tintindex":0},"south":{"uv":[11.0,2.5,11.375,4.125],"rotation":0,"texture":"#0","tintindex":0},"north":{"uv":[11.0,0.0,11.375,1.625],"rotation":0,"texture":"#0","tintindex":0},"west":{"uv":[11.0,4.25,11.375,5.875],"rotation":0,"texture":"#0","tintindex":0},"up":{"uv":[13.125,11.875,12.75,11.5],"rotation":0,"texture":"#0","tintindex":0},"down":{"uv":[13.125,12.5,12.75,12.875],"rotation":0,"texture":"#0","tintindex":0}}}],"display":{"head":{"translation":[0.0,-6.4,0.0],"scale":[4.0,4.0,4.0]}}}