{"textures":{"0":"modelengine:entity/demonflying"},"elements":[{"from":[7.614055,4.360984,7.5163608],"to":[8.414055,7.903841,8.430647],"rotation":{"angle":0.0,"axis":"y","origin":[8.75366,12.914286,11.68779]},"faces":{"east":{"uv":[1.25,11.25,1.625,12.8125],"rotation":0,"texture":"#0","tintindex":0},"south":{"uv":[1.75,11.25,2.125,12.8125],"rotation":0,"texture":"#0","tintindex":0},"north":{"uv":[11.0,10.0,11.375,11.5625],"rotation":0,"texture":"#0","tintindex":0},"west":{"uv":[3.0,11.25,3.375,12.8125],"rotation":0,"texture":"#0","tintindex":0},"up":{"uv":[2.125,13.375,1.75,13.0],"rotation":0,"texture":"#0","tintindex":0},"down":{"uv":[2.625,13.0,2.25,13.375],"rotation":0,"texture":"#0","tintindex":0}}}],"display":{"head":{"translation":[0.0,-6.4,0.0],"scale":[4.0,4.0,4.0]}}}