{"textures":{"0":"modelengine:entity/demonflying"},"elements":[{"from":[7.8285713,7.8285713,9.714286],"to":[8.171429,8.171429,11.428572],"rotation":{"angle":0.0,"axis":"y","origin":[8.0,0.79999924,4.0]},"faces":{"east":{"uv":[13.25,12.5,14.0,12.625],"rotation":0,"texture":"#0","tintindex":0},"south":{"uv":[14.0,12.5,14.125,12.625],"rotation":0,"texture":"#0","tintindex":0},"north":{"uv":[12.5,14.0,12.625,14.125],"rotation":0,"texture":"#0","tintindex":0},"west":{"uv":[13.25,12.75,14.0,12.875],"rotation":0,"texture":"#0","tintindex":0},"up":{"uv":[10.375,14.0,10.25,13.25],"rotation":0,"texture":"#0","tintindex":0},"down":{"uv":[12.625,13.25,12.5,14.0],"rotation":0,"texture":"#0","tintindex":0}}},{"from":[7.7714286,7.7714286,8.0],"to":[8.228572,8.228572,9.714286],"rotation":{"angle":0.0,"axis":"y","origin":[8.0,0.79999924,4.0]},"faces":{"east":{"uv":[13.0,3.0,13.75,3.1875],"rotation":0,"texture":"#0","tintindex":0},"south":{"uv":[13.75,8.75,13.9375,8.9375],"rotation":0,"texture":"#0","tintindex":0},"north":{"uv":[12.0,12.75,12.1875,12.9375],"rotation":0,"texture":"#0","tintindex":0},"west":{"uv":[13.0,3.25,13.75,3.4375],"rotation":0,"texture":"#0","tintindex":0},"up":{"uv":[9.1875,11.0,9.0,10.25],"rotation":0,"texture":"#0","tintindex":0},"down":{"uv":[2.4375,11.25,2.25,12.0],"rotation":0,"texture":"#0","tintindex":0}}}],"display":{"head":{"translation":[0.0,-6.4,0.0],"scale":[4.0,4.0,4.0]}}}