{"textures":{"0":"must_have_props:/glass_jar"},"elements":[{"from":[12.285715,7.9994287,13.428572],"to":[15.142858,10.856571,13.428572],"rotation":{"angle":0.0,"axis":"y","origin":[11.428572,9.713715,12.571428]},"faces":{"east":{"uv":[0.0,0.0,0.0,2.5],"rotation":0,"texture":"#0","tintindex":0},"south":{"uv":[0.0,2.5,2.5,5.0],"rotation":0,"texture":"#0","tintindex":0},"north":{"uv":[0.0,0.0,2.5,2.5],"rotation":0,"texture":"#0","tintindex":0},"west":{"uv":[0.0,0.0,0.0,2.5],"rotation":0,"texture":"#0","tintindex":0},"up":{"uv":[2.5,0.0,0.0,0.0],"rotation":0,"texture":"#0","tintindex":0},"down":{"uv":[2.5,0.0,0.0,0.0],"rotation":0,"texture":"#0","tintindex":0}}},{"from":[12.285715,7.9994287,13.428572],"to":[15.142858,7.9994287,16.285715],"rotation":{"angle":0.0,"axis":"y","origin":[11.428572,9.713715,12.571428]},"faces":{"east":{"uv":[0.0,0.0,2.5,0.0],"rotation":0,"texture":"#0","tintindex":0},"south":{"uv":[0.0,0.0,2.5,0.0],"rotation":0,"texture":"#0","tintindex":0},"north":{"uv":[0.0,0.0,2.5,0.0],"rotation":0,"texture":"#0","tintindex":0},"west":{"uv":[0.0,0.0,2.5,0.0],"rotation":0,"texture":"#0","tintindex":0},"up":{"uv":[5.0,2.5,2.5,0.0],"rotation":0,"texture":"#0","tintindex":0},"down":{"uv":[5.0,2.5,2.5,5.0],"rotation":0,"texture":"#0","tintindex":0}}},{"from":[12.285715,10.856571,13.428572],"to":[15.142858,10.856571,16.285715],"rotation":{"angle":0.0,"axis":"y","origin":[11.428572,9.713715,12.571428]},"faces":{"east":{"uv":[0.0,0.0,2.5,0.0],"rotation":0,"texture":"#0","tintindex":0},"south":{"uv":[0.0,0.0,2.5,0.0],"rotation":0,"texture":"#0","tintindex":0},"north":{"uv":[0.0,0.0,2.5,0.0],"rotation":0,"texture":"#0","tintindex":0},"west":{"uv":[0.0,0.0,2.5,0.0],"rotation":0,"texture":"#0","tintindex":0},"up":{"uv":[2.5,7.5,0.0,5.0],"rotation":0,"texture":"#0","tintindex":0},"down":{"uv":[7.5,0.0,5.0,2.5],"rotation":0,"texture":"#0","tintindex":0}}},{"from":[12.571428,10.856571,13.714286],"to":[14.857143,11.428,13.714286],"rotation":{"angle":0.0,"axis":"y","origin":[11.428572,9.713715,12.571428]},"faces":{"east":{"uv":[0.0,0.0,0.0,0.5],"rotation":0,"texture":"#0","tintindex":0},"south":{"uv":[9.5,7.0,11.5,7.5],"rotation":0,"texture":"#0","tintindex":0},"north":{"uv":[9.5,6.5,11.5,7.0],"rotation":0,"texture":"#0","tintindex":0},"west":{"uv":[0.0,0.0,0.0,0.5],"rotation":0,"texture":"#0","tintindex":0},"up":{"uv":[2.0,0.0,0.0,0.0],"rotation":0,"texture":"#0","tintindex":0},"down":{"uv":[2.0,0.0,0.0,0.0],"rotation":0,"texture":"#0","tintindex":0}}},{"from":[15.142858,7.9994287,13.429144],"to":[15.142858,10.856571,16.286285],"rotation":{"angle":0.0,"axis":"y","origin":[11.428572,9.713715,12.571428]},"faces":{"east":{"uv":[2.5,5.0,5.0,7.5],"rotation":0,"texture":"#0","tintindex":0},"south":{"uv":[0.0,0.0,0.0,2.5],"rotation":0,"texture":"#0","tintindex":0},"north":{"uv":[0.0,0.0,0.0,2.5],"rotation":0,"texture":"#0","tintindex":0},"west":{"uv":[5.0,2.5,7.5,5.0],"rotation":0,"texture":"#0","tintindex":0},"up":{"uv":[0.0,2.5,0.0,0.0],"rotation":0,"texture":"#0","tintindex":0},"down":{"uv":[0.0,0.0,0.0,2.5],"rotation":0,"texture":"#0","tintindex":0}}},{"from":[12.285715,7.9994287,16.285715],"to":[15.142858,10.856571,16.285715],"rotation":{"angle":0.0,"axis":"y","origin":[11.428572,9.713715,12.571428]},"faces":{"east":{"uv":[0.0,0.0,0.0,2.5],"rotation":0,"texture":"#0","tintindex":0},"south":{"uv":[0.0,7.5,2.5,10.0],"rotation":0,"texture":"#0","tintindex":0},"north":{"uv":[5.0,5.0,7.5,7.5],"rotation":0,"texture":"#0","tintindex":0},"west":{"uv":[0.0,0.0,0.0,2.5],"rotation":0,"texture":"#0","tintindex":0},"up":{"uv":[2.5,0.0,0.0,0.0],"rotation":0,"texture":"#0","tintindex":0},"down":{"uv":[2.5,0.0,0.0,0.0],"rotation":0,"texture":"#0","tintindex":0}}},{"from":[12.285715,7.9994287,13.429144],"to":[12.285715,10.856571,16.286285],"rotation":{"angle":0.0,"axis":"y","origin":[11.428572,9.713715,12.571428]},"faces":{"east":{"uv":[7.5,0.0,10.0,2.5],"rotation":0,"texture":"#0","tintindex":0},"south":{"uv":[0.0,0.0,0.0,2.5],"rotation":0,"texture":"#0","tintindex":0},"north":{"uv":[0.0,0.0,0.0,2.5],"rotation":0,"texture":"#0","tintindex":0},"west":{"uv":[2.5,7.5,5.0,10.0],"rotation":0,"texture":"#0","tintindex":0},"up":{"uv":[0.0,2.5,0.0,0.0],"rotation":0,"texture":"#0","tintindex":0},"down":{"uv":[0.0,0.0,0.0,2.5],"rotation":0,"texture":"#0","tintindex":0}}},{"from":[12.571428,10.856571,16.0],"to":[14.857143,11.428,16.0],"rotation":{"angle":0.0,"axis":"y","origin":[11.428572,9.713715,12.571428]},"faces":{"east":{"uv":[0.0,0.0,0.0,0.5],"rotation":0,"texture":"#0","tintindex":0},"south":{"uv":[9.5,7.5,11.5,8.0],"rotation":0,"texture":"#0","tintindex":0},"north":{"uv":[7.5,9.5,9.5,10.0],"rotation":0,"texture":"#0","tintindex":0},"west":{"uv":[0.0,0.0,0.0,0.5],"rotation":0,"texture":"#0","tintindex":0},"up":{"uv":[2.0,0.0,0.0,0.0],"rotation":0,"texture":"#0","tintindex":0},"down":{"uv":[2.0,0.0,0.0,0.0],"rotation":0,"texture":"#0","tintindex":0}}},{"from":[14.857143,10.856571,13.714286],"to":[14.857143,11.428,16.0],"rotation":{"angle":0.0,"axis":"y","origin":[11.428572,9.713715,12.571428]},"faces":{"east":{"uv":[9.5,8.0,11.5,8.5],"rotation":0,"texture":"#0","tintindex":0},"south":{"uv":[0.0,0.0,0.0,0.5],"rotation":0,"texture":"#0","tintindex":0},"north":{"uv":[0.0,0.0,0.0,0.5],"rotation":0,"texture":"#0","tintindex":0},"west":{"uv":[9.5,8.5,11.5,9.0],"rotation":0,"texture":"#0","tintindex":0},"up":{"uv":[0.0,2.0,0.0,0.0],"rotation":0,"texture":"#0","tintindex":0},"down":{"uv":[0.0,0.0,0.0,2.0],"rotation":0,"texture":"#0","tintindex":0}}},{"from":[12.571428,10.856571,13.714286],"to":[12.571428,11.428,16.0],"rotation":{"angle":0.0,"axis":"y","origin":[11.428572,9.713715,12.571428]},"faces":{"east":{"uv":[9.5,9.5,11.5,10.0],"rotation":0,"texture":"#0","tintindex":0},"south":{"uv":[0.0,0.0,0.0,0.5],"rotation":0,"texture":"#0","tintindex":0},"north":{"uv":[0.0,0.0,0.0,0.5],"rotation":0,"texture":"#0","tintindex":0},"west":{"uv":[0.0,10.0,2.0,10.5],"rotation":0,"texture":"#0","tintindex":0},"up":{"uv":[0.0,2.0,0.0,0.0],"rotation":0,"texture":"#0","tintindex":0},"down":{"uv":[0.0,0.0,0.0,2.0],"rotation":0,"texture":"#0","tintindex":0}}},{"from":[12.571428,11.428,13.714286],"to":[14.857143,11.428,16.0],"rotation":{"angle":0.0,"axis":"y","origin":[11.428572,9.713715,12.571428]},"faces":{"east":{"uv":[0.0,0.0,2.0,0.0],"rotation":0,"texture":"#0","tintindex":0},"south":{"uv":[0.0,0.0,2.0,0.0],"rotation":0,"texture":"#0","tintindex":0},"north":{"uv":[0.0,0.0,2.0,0.0],"rotation":0,"texture":"#0","tintindex":0},"west":{"uv":[0.0,0.0,2.0,0.0],"rotation":0,"texture":"#0","tintindex":0},"up":{"uv":[9.5,7.0,7.5,5.0],"rotation":0,"texture":"#0","tintindex":0},"down":{"uv":[9.5,7.0,7.5,9.0],"rotation":0,"texture":"#0","tintindex":0}}},{"from":[12.285715,11.142286,13.428572],"to":[15.142858,11.713715,16.285715],"rotation":{"angle":0.0,"axis":"y","origin":[11.428572,9.713715,12.571428]},"faces":{"east":{"uv":[9.5,5.0,12.0,5.5],"rotation":0,"texture":"#0","tintindex":0},"south":{"uv":[9.5,5.5,12.0,6.0],"rotation":0,"texture":"#0","tintindex":0},"north":{"uv":[7.5,9.0,10.0,9.5],"rotation":0,"texture":"#0","tintindex":0},"west":{"uv":[9.5,6.0,12.0,6.5],"rotation":0,"texture":"#0","tintindex":0},"up":{"uv":[10.0,5.0,7.5,2.5],"rotation":0,"texture":"#0","tintindex":0},"down":{"uv":[7.5,7.5,5.0,10.0],"rotation":0,"texture":"#0","tintindex":0}}},{"from":[8.285714,7.9994287,11.142858],"to":[11.142858,10.856571,11.142858],"rotation":{"angle":-45.0,"axis":"y","origin":[10.285714,9.713715,13.142858]},"faces":{"east":{"uv":[0.0,0.0,0.0,2.5],"rotation":0,"texture":"#0","tintindex":0},"south":{"uv":[0.0,2.5,2.5,5.0],"rotation":0,"texture":"#0","tintindex":0},"north":{"uv":[0.0,0.0,2.5,2.5],"rotation":0,"texture":"#0","tintindex":0},"west":{"uv":[0.0,0.0,0.0,2.5],"rotation":0,"texture":"#0","tintindex":0},"up":{"uv":[2.5,0.0,0.0,0.0],"rotation":0,"texture":"#0","tintindex":0},"down":{"uv":[2.5,0.0,0.0,0.0],"rotation":0,"texture":"#0","tintindex":0}}},{"from":[8.285714,7.9994287,11.142858],"to":[11.142858,7.9994287,14.0],"rotation":{"angle":-45.0,"axis":"y","origin":[10.285714,9.713715,13.142858]},"faces":{"east":{"uv":[0.0,0.0,2.5,0.0],"rotation":0,"texture":"#0","tintindex":0},"south":{"uv":[0.0,0.0,2.5,0.0],"rotation":0,"texture":"#0","tintindex":0},"north":{"uv":[0.0,0.0,2.5,0.0],"rotation":0,"texture":"#0","tintindex":0},"west":{"uv":[0.0,0.0,2.5,0.0],"rotation":0,"texture":"#0","tintindex":0},"up":{"uv":[5.0,2.5,2.5,0.0],"rotation":0,"texture":"#0","tintindex":0},"down":{"uv":[5.0,2.5,2.5,5.0],"rotation":0,"texture":"#0","tintindex":0}}},{"from":[8.285714,10.856571,11.142858],"to":[11.142858,10.856571,14.0],"rotation":{"angle":-45.0,"axis":"y","origin":[10.285714,9.713715,13.142858]},"faces":{"east":{"uv":[0.0,0.0,2.5,0.0],"rotation":0,"texture":"#0","tintindex":0},"south":{"uv":[0.0,0.0,2.5,0.0],"rotation":0,"texture":"#0","tintindex":0},"north":{"uv":[0.0,0.0,2.5,0.0],"rotation":0,"texture":"#0","tintindex":0},"west":{"uv":[0.0,0.0,2.5,0.0],"rotation":0,"texture":"#0","tintindex":0},"up":{"uv":[2.5,7.5,0.0,5.0],"rotation":0,"texture":"#0","tintindex":0},"down":{"uv":[7.5,0.0,5.0,2.5],"rotation":0,"texture":"#0","tintindex":0}}},{"from":[8.571428,10.856571,11.428572],"to":[10.857143,11.428,11.428572],"rotation":{"angle":-45.0,"axis":"y","origin":[10.285714,9.713715,13.142858]},"faces":{"east":{"uv":[0.0,0.0,0.0,0.5],"rotation":0,"texture":"#0","tintindex":0},"south":{"uv":[9.5,7.0,11.5,7.5],"rotation":0,"texture":"#0","tintindex":0},"north":{"uv":[9.5,6.5,11.5,7.0],"rotation":0,"texture":"#0","tintindex":0},"west":{"uv":[0.0,0.0,0.0,0.5],"rotation":0,"texture":"#0","tintindex":0},"up":{"uv":[2.0,0.0,0.0,0.0],"rotation":0,"texture":"#0","tintindex":0},"down":{"uv":[2.0,0.0,0.0,0.0],"rotation":0,"texture":"#0","tintindex":0}}},{"from":[11.142858,7.9994287,11.143429],"to":[11.142858,10.856571,14.000572],"rotation":{"angle":-45.0,"axis":"y","origin":[10.285714,9.713715,13.142858]},"faces":{"east":{"uv":[2.5,5.0,5.0,7.5],"rotation":0,"texture":"#0","tintindex":0},"south":{"uv":[0.0,0.0,0.0,2.5],"rotation":0,"texture":"#0","tintindex":0},"north":{"uv":[0.0,0.0,0.0,2.5],"rotation":0,"texture":"#0","tintindex":0},"west":{"uv":[5.0,2.5,7.5,5.0],"rotation":0,"texture":"#0","tintindex":0},"up":{"uv":[0.0,2.5,0.0,0.0],"rotation":0,"texture":"#0","tintindex":0},"down":{"uv":[0.0,0.0,0.0,2.5],"rotation":0,"texture":"#0","tintindex":0}}},{"from":[8.285714,7.9994287,14.0],"to":[11.142858,10.856571,14.0],"rotation":{"angle":-45.0,"axis":"y","origin":[10.285714,9.713715,13.142858]},"faces":{"east":{"uv":[0.0,0.0,0.0,2.5],"rotation":0,"texture":"#0","tintindex":0},"south":{"uv":[0.0,7.5,2.5,10.0],"rotation":0,"texture":"#0","tintindex":0},"north":{"uv":[5.0,5.0,7.5,7.5],"rotation":0,"texture":"#0","tintindex":0},"west":{"uv":[0.0,0.0,0.0,2.5],"rotation":0,"texture":"#0","tintindex":0},"up":{"uv":[2.5,0.0,0.0,0.0],"rotation":0,"texture":"#0","tintindex":0},"down":{"uv":[2.5,0.0,0.0,0.0],"rotation":0,"texture":"#0","tintindex":0}}},{"from":[8.285714,7.9994287,11.143429],"to":[8.285714,10.856571,14.000572],"rotation":{"angle":-45.0,"axis":"y","origin":[10.285714,9.713715,13.142858]},"faces":{"east":{"uv":[7.5,0.0,10.0,2.5],"rotation":0,"texture":"#0","tintindex":0},"south":{"uv":[0.0,0.0,0.0,2.5],"rotation":0,"texture":"#0","tintindex":0},"north":{"uv":[0.0,0.0,0.0,2.5],"rotation":0,"texture":"#0","tintindex":0},"west":{"uv":[2.5,7.5,5.0,10.0],"rotation":0,"texture":"#0","tintindex":0},"up":{"uv":[0.0,2.5,0.0,0.0],"rotation":0,"texture":"#0","tintindex":0},"down":{"uv":[0.0,0.0,0.0,2.5],"rotation":0,"texture":"#0","tintindex":0}}},{"from":[8.571428,10.856571,13.714286],"to":[10.857143,11.428,13.714286],"rotation":{"angle":-45.0,"axis":"y","origin":[10.285714,9.713715,13.142858]},"faces":{"east":{"uv":[0.0,0.0,0.0,0.5],"rotation":0,"texture":"#0","tintindex":0},"south":{"uv":[9.5,7.5,11.5,8.0],"rotation":0,"texture":"#0","tintindex":0},"north":{"uv":[7.5,9.5,9.5,10.0],"rotation":0,"texture":"#0","tintindex":0},"west":{"uv":[0.0,0.0,0.0,0.5],"rotation":0,"texture":"#0","tintindex":0},"up":{"uv":[2.0,0.0,0.0,0.0],"rotation":0,"texture":"#0","tintindex":0},"down":{"uv":[2.0,0.0,0.0,0.0],"rotation":0,"texture":"#0","tintindex":0}}},{"from":[10.857143,10.856571,11.428572],"to":[10.857143,11.428,13.714286],"rotation":{"angle":-45.0,"axis":"y","origin":[10.285714,9.713715,13.142858]},"faces":{"east":{"uv":[9.5,8.0,11.5,8.5],"rotation":0,"texture":"#0","tintindex":0},"south":{"uv":[0.0,0.0,0.0,0.5],"rotation":0,"texture":"#0","tintindex":0},"north":{"uv":[0.0,0.0,0.0,0.5],"rotation":0,"texture":"#0","tintindex":0},"west":{"uv":[9.5,8.5,11.5,9.0],"rotation":0,"texture":"#0","tintindex":0},"up":{"uv":[0.0,2.0,0.0,0.0],"rotation":0,"texture":"#0","tintindex":0},"down":{"uv":[0.0,0.0,0.0,2.0],"rotation":0,"texture":"#0","tintindex":0}}},{"from":[8.571428,10.856571,11.428572],"to":[8.571428,11.428,13.714286],"rotation":{"angle":-45.0,"axis":"y","origin":[10.285714,9.713715,13.142858]},"faces":{"east":{"uv":[9.5,9.5,11.5,10.0],"rotation":0,"texture":"#0","tintindex":0},"south":{"uv":[0.0,0.0,0.0,0.5],"rotation":0,"texture":"#0","tintindex":0},"north":{"uv":[0.0,0.0,0.0,0.5],"rotation":0,"texture":"#0","tintindex":0},"west":{"uv":[0.0,10.0,2.0,10.5],"rotation":0,"texture":"#0","tintindex":0},"up":{"uv":[0.0,2.0,0.0,0.0],"rotation":0,"texture":"#0","tintindex":0},"down":{"uv":[0.0,0.0,0.0,2.0],"rotation":0,"texture":"#0","tintindex":0}}},{"from":[8.571428,11.428,11.428572],"to":[10.857143,11.428,13.714286],"rotation":{"angle":-45.0,"axis":"y","origin":[10.285714,9.713715,13.142858]},"faces":{"east":{"uv":[0.0,0.0,2.0,0.0],"rotation":0,"texture":"#0","tintindex":0},"south":{"uv":[0.0,0.0,2.0,0.0],"rotation":0,"texture":"#0","tintindex":0},"north":{"uv":[0.0,0.0,2.0,0.0],"rotation":0,"texture":"#0","tintindex":0},"west":{"uv":[0.0,0.0,2.0,0.0],"rotation":0,"texture":"#0","tintindex":0},"up":{"uv":[9.5,7.0,7.5,5.0],"rotation":0,"texture":"#0","tintindex":0},"down":{"uv":[9.5,7.0,7.5,9.0],"rotation":0,"texture":"#0","tintindex":0}}},{"from":[8.285714,11.142286,11.142858],"to":[11.142858,11.713715,14.0],"rotation":{"angle":-45.0,"axis":"y","origin":[10.285714,9.713715,13.142858]},"faces":{"east":{"uv":[9.5,5.0,12.0,5.5],"rotation":0,"texture":"#0","tintindex":0},"south":{"uv":[9.5,5.5,12.0,6.0],"rotation":0,"texture":"#0","tintindex":0},"north":{"uv":[7.5,9.0,10.0,9.5],"rotation":0,"texture":"#0","tintindex":0},"west":{"uv":[9.5,6.0,12.0,6.5],"rotation":0,"texture":"#0","tintindex":0},"up":{"uv":[10.0,5.0,7.5,2.5],"rotation":0,"texture":"#0","tintindex":0},"down":{"uv":[7.5,7.5,5.0,10.0],"rotation":0,"texture":"#0","tintindex":0}}},{"from":[13.428572,7.9994287,10.0],"to":[16.285715,10.856571,10.0],"rotation":{"angle":-22.5,"axis":"y","origin":[15.428572,9.713715,10.857143]},"faces":{"east":{"uv":[0.0,0.0,0.0,2.5],"rotation":0,"texture":"#0","tintindex":0},"south":{"uv":[0.0,2.5,2.5,5.0],"rotation":0,"texture":"#0","tintindex":0},"north":{"uv":[0.0,0.0,2.5,2.5],"rotation":0,"texture":"#0","tintindex":0},"west":{"uv":[0.0,0.0,0.0,2.5],"rotation":0,"texture":"#0","tintindex":0},"up":{"uv":[2.5,0.0,0.0,0.0],"rotation":0,"texture":"#0","tintindex":0},"down":{"uv":[2.5,0.0,0.0,0.0],"rotation":0,"texture":"#0","tintindex":0}}},{"from":[13.428572,7.9994287,10.0],"to":[16.285715,7.9994287,12.857143],"rotation":{"angle":-22.5,"axis":"y","origin":[15.428572,9.713715,10.857143]},"faces":{"east":{"uv":[0.0,0.0,2.5,0.0],"rotation":0,"texture":"#0","tintindex":0},"south":{"uv":[0.0,0.0,2.5,0.0],"rotation":0,"texture":"#0","tintindex":0},"north":{"uv":[0.0,0.0,2.5,0.0],"rotation":0,"texture":"#0","tintindex":0},"west":{"uv":[0.0,0.0,2.5,0.0],"rotation":0,"texture":"#0","tintindex":0},"up":{"uv":[5.0,2.5,2.5,0.0],"rotation":0,"texture":"#0","tintindex":0},"down":{"uv":[5.0,2.5,2.5,5.0],"rotation":0,"texture":"#0","tintindex":0}}},{"from":[13.428572,10.856571,10.0],"to":[16.285715,10.856571,12.857143],"rotation":{"angle":-22.5,"axis":"y","origin":[15.428572,9.713715,10.857143]},"faces":{"east":{"uv":[0.0,0.0,2.5,0.0],"rotation":0,"texture":"#0","tintindex":0},"south":{"uv":[0.0,0.0,2.5,0.0],"rotation":0,"texture":"#0","tintindex":0},"north":{"uv":[0.0,0.0,2.5,0.0],"rotation":0,"texture":"#0","tintindex":0},"west":{"uv":[0.0,0.0,2.5,0.0],"rotation":0,"texture":"#0","tintindex":0},"up":{"uv":[2.5,7.5,0.0,5.0],"rotation":0,"texture":"#0","tintindex":0},"down":{"uv":[7.5,0.0,5.0,2.5],"rotation":0,"texture":"#0","tintindex":0}}},{"from":[13.714286,10.856571,10.285714],"to":[16.0,11.428,10.285714],"rotation":{"angle":-22.5,"axis":"y","origin":[15.428572,9.713715,10.857143]},"faces":{"east":{"uv":[0.0,0.0,0.0,0.5],"rotation":0,"texture":"#0","tintindex":0},"south":{"uv":[9.5,7.0,11.5,7.5],"rotation":0,"texture":"#0","tintindex":0},"north":{"uv":[9.5,6.5,11.5,7.0],"rotation":0,"texture":"#0","tintindex":0},"west":{"uv":[0.0,0.0,0.0,0.5],"rotation":0,"texture":"#0","tintindex":0},"up":{"uv":[2.0,0.0,0.0,0.0],"rotation":0,"texture":"#0","tintindex":0},"down":{"uv":[2.0,0.0,0.0,0.0],"rotation":0,"texture":"#0","tintindex":0}}},{"from":[16.285715,7.9994287,10.000571],"to":[16.285715,10.856571,12.857715],"rotation":{"angle":-22.5,"axis":"y","origin":[15.428572,9.713715,10.857143]},"faces":{"east":{"uv":[2.5,5.0,5.0,7.5],"rotation":0,"texture":"#0","tintindex":0},"south":{"uv":[0.0,0.0,0.0,2.5],"rotation":0,"texture":"#0","tintindex":0},"north":{"uv":[0.0,0.0,0.0,2.5],"rotation":0,"texture":"#0","tintindex":0},"west":{"uv":[5.0,2.5,7.5,5.0],"rotation":0,"texture":"#0","tintindex":0},"up":{"uv":[0.0,2.5,0.0,0.0],"rotation":0,"texture":"#0","tintindex":0},"down":{"uv":[0.0,0.0,0.0,2.5],"rotation":0,"texture":"#0","tintindex":0}}},{"from":[13.428572,7.9994287,12.857143],"to":[16.285715,10.856571,12.857143],"rotation":{"angle":-22.5,"axis":"y","origin":[15.428572,9.713715,10.857143]},"faces":{"east":{"uv":[0.0,0.0,0.0,2.5],"rotation":0,"texture":"#0","tintindex":0},"south":{"uv":[0.0,7.5,2.5,10.0],"rotation":0,"texture":"#0","tintindex":0},"north":{"uv":[5.0,5.0,7.5,7.5],"rotation":0,"texture":"#0","tintindex":0},"west":{"uv":[0.0,0.0,0.0,2.5],"rotation":0,"texture":"#0","tintindex":0},"up":{"uv":[2.5,0.0,0.0,0.0],"rotation":0,"texture":"#0","tintindex":0},"down":{"uv":[2.5,0.0,0.0,0.0],"rotation":0,"texture":"#0","tintindex":0}}},{"from":[13.428572,7.9994287,10.000571],"to":[13.428572,10.856571,12.857715],"rotation":{"angle":-22.5,"axis":"y","origin":[15.428572,9.713715,10.857143]},"faces":{"east":{"uv":[7.5,0.0,10.0,2.5],"rotation":0,"texture":"#0","tintindex":0},"south":{"uv":[0.0,0.0,0.0,2.5],"rotation":0,"texture":"#0","tintindex":0},"north":{"uv":[0.0,0.0,0.0,2.5],"rotation":0,"texture":"#0","tintindex":0},"west":{"uv":[2.5,7.5,5.0,10.0],"rotation":0,"texture":"#0","tintindex":0},"up":{"uv":[0.0,2.5,0.0,0.0],"rotation":0,"texture":"#0","tintindex":0},"down":{"uv":[0.0,0.0,0.0,2.5],"rotation":0,"texture":"#0","tintindex":0}}},{"from":[13.714286,10.856571,12.571428],"to":[16.0,11.428,12.571428],"rotation":{"angle":-22.5,"axis":"y","origin":[15.428572,9.713715,10.857143]},"faces":{"east":{"uv":[0.0,0.0,0.0,0.5],"rotation":0,"texture":"#0","tintindex":0},"south":{"uv":[9.5,7.5,11.5,8.0],"rotation":0,"texture":"#0","tintindex":0},"north":{"uv":[7.5,9.5,9.5,10.0],"rotation":0,"texture":"#0","tintindex":0},"west":{"uv":[0.0,0.0,0.0,0.5],"rotation":0,"texture":"#0","tintindex":0},"up":{"uv":[2.0,0.0,0.0,0.0],"rotation":0,"texture":"#0","tintindex":0},"down":{"uv":[2.0,0.0,0.0,0.0],"rotation":0,"texture":"#0","tintindex":0}}},{"from":[16.0,10.856571,10.285714],"to":[16.0,11.428,12.571428],"rotation":{"angle":-22.5,"axis":"y","origin":[15.428572,9.713715,10.857143]},"faces":{"east":{"uv":[9.5,8.0,11.5,8.5],"rotation":0,"texture":"#0","tintindex":0},"south":{"uv":[0.0,0.0,0.0,0.5],"rotation":0,"texture":"#0","tintindex":0},"north":{"uv":[0.0,0.0,0.0,0.5],"rotation":0,"texture":"#0","tintindex":0},"west":{"uv":[9.5,8.5,11.5,9.0],"rotation":0,"texture":"#0","tintindex":0},"up":{"uv":[0.0,2.0,0.0,0.0],"rotation":0,"texture":"#0","tintindex":0},"down":{"uv":[0.0,0.0,0.0,2.0],"rotation":0,"texture":"#0","tintindex":0}}},{"from":[13.714286,10.856571,10.285714],"to":[13.714286,11.428,12.571428],"rotation":{"angle":-22.5,"axis":"y","origin":[15.428572,9.713715,10.857143]},"faces":{"east":{"uv":[9.5,9.5,11.5,10.0],"rotation":0,"texture":"#0","tintindex":0},"south":{"uv":[0.0,0.0,0.0,0.5],"rotation":0,"texture":"#0","tintindex":0},"north":{"uv":[0.0,0.0,0.0,0.5],"rotation":0,"texture":"#0","tintindex":0},"west":{"uv":[0.0,10.0,2.0,10.5],"rotation":0,"texture":"#0","tintindex":0},"up":{"uv":[0.0,2.0,0.0,0.0],"rotation":0,"texture":"#0","tintindex":0},"down":{"uv":[0.0,0.0,0.0,2.0],"rotation":0,"texture":"#0","tintindex":0}}},{"from":[13.714286,11.428,10.285714],"to":[16.0,11.428,12.571428],"rotation":{"angle":-22.5,"axis":"y","origin":[15.428572,9.713715,10.857143]},"faces":{"east":{"uv":[0.0,0.0,2.0,0.0],"rotation":0,"texture":"#0","tintindex":0},"south":{"uv":[0.0,0.0,2.0,0.0],"rotation":0,"texture":"#0","tintindex":0},"north":{"uv":[0.0,0.0,2.0,0.0],"rotation":0,"texture":"#0","tintindex":0},"west":{"uv":[0.0,0.0,2.0,0.0],"rotation":0,"texture":"#0","tintindex":0},"up":{"uv":[9.5,7.0,7.5,5.0],"rotation":0,"texture":"#0","tintindex":0},"down":{"uv":[9.5,7.0,7.5,9.0],"rotation":0,"texture":"#0","tintindex":0}}},{"from":[13.428572,11.142286,10.0],"to":[16.285715,11.713715,12.857143],"rotation":{"angle":-22.5,"axis":"y","origin":[15.428572,9.713715,10.857143]},"faces":{"east":{"uv":[9.5,5.0,12.0,5.5],"rotation":0,"texture":"#0","tintindex":0},"south":{"uv":[9.5,5.5,12.0,6.0],"rotation":0,"texture":"#0","tintindex":0},"north":{"uv":[7.5,9.0,10.0,9.5],"rotation":0,"texture":"#0","tintindex":0},"west":{"uv":[9.5,6.0,12.0,6.5],"rotation":0,"texture":"#0","tintindex":0},"up":{"uv":[10.0,5.0,7.5,2.5],"rotation":0,"texture":"#0","tintindex":0},"down":{"uv":[7.5,7.5,5.0,10.0],"rotation":0,"texture":"#0","tintindex":0}}}],"display":{"head":{"translation":[0.0,-6.4,0.0],"scale":[4.0,4.0,4.0]}}}