{"textures":{"0":"modelengine:entity/lavajaw2anitexture"},"elements":[{"from":[8.018904,0.35263538,5.851588],"to":[8.023041,7.847699,25.825697],"rotation":{"angle":0.0,"axis":"y","origin":[8.020972,15.492126,5.33668]},"faces":{"east":{"uv":[3.5,0.0,0.0,1.3125],"rotation":0,"texture":"#0","tintindex":0},"west":{"uv":[0.0,0.0,3.5,1.3125],"rotation":0,"texture":"#0","tintindex":0}}},{"from":[8.018904,7.828609,7.631582],"to":[8.023041,15.323672,25.825697],"rotation":{"angle":0.0,"axis":"y","origin":[8.020972,15.492126,5.33668]},"faces":{"east":{"uv":[6.4375,2.75,3.25,4.0625],"rotation":0,"texture":"#0","tintindex":0},"west":{"uv":[3.25,2.75,6.4375,4.0625],"rotation":0,"texture":"#0","tintindex":0}}},{"from":[5.41011,5.7035456,6.0894356],"to":[10.547946,10.620147,13.786644],"rotation":{"angle":0.0,"axis":"y","origin":[7.979028,9.141329,7.1449986]},"faces":{"east":{"uv":[11.75,0.8125,10.375,1.6875],"rotation":0,"texture":"#0","tintindex":0},"south":{"uv":[12.3125,7.125,13.1875,8.0],"rotation":0,"texture":"#0","tintindex":0},"north":{"uv":[12.3125,7.125,13.1875,8.0],"rotation":0,"texture":"#0","tintindex":0},"west":{"uv":[10.375,0.8125,11.75,1.6875],"rotation":0,"texture":"#0","tintindex":0},"up":{"uv":[5.875,11.3125,5.0,9.9375],"rotation":0,"texture":"#0","tintindex":0},"down":{"uv":[5.875,11.3125,5.0,9.9375],"rotation":0,"texture":"#0","tintindex":0}}},{"from":[6.1221075,6.415543,13.786644],"to":[9.835949,9.908149,20.059856],"rotation":{"angle":0.0,"axis":"y","origin":[7.979028,9.141329,7.010235]},"faces":{"east":{"uv":[12.4375,1.5625,13.5625,2.1875],"rotation":0,"texture":"#0","tintindex":0},"south":{"uv":[8.75,3.1875,9.375,3.8125],"rotation":0,"texture":"#0","tintindex":0},"north":{"uv":[8.75,3.1875,9.375,3.8125],"rotation":0,"texture":"#0","tintindex":0},"west":{"uv":[12.4375,1.5625,13.5625,2.1875],"rotation":0,"texture":"#0","tintindex":0},"up":{"uv":[6.0,13.625,5.375,12.5],"rotation":0,"texture":"#0","tintindex":0},"down":{"uv":[6.0,13.625,5.375,12.5],"rotation":0,"texture":"#0","tintindex":0}}}],"display":{"head":{"translation":[0.0,-6.4,0.0],"scale":[4.0,4.0,4.0]}}}