{"textures":{"0":"modelengine:entity/lavajaw2anitexture"},"elements":[{"from":[1.2639518,6.9321804,4.2251344],"to":[14.2962,9.000792,8.362356],"rotation":{"angle":0.0,"axis":"y","origin":[-10.299677,5.514799,2.0248408]},"faces":{"east":{"uv":[14.1875,10.5,13.4375,10.875],"rotation":0,"texture":"#0","tintindex":0},"south":{"uv":[10.5625,9.5,12.875,9.875],"rotation":0,"texture":"#0","tintindex":0},"north":{"uv":[10.5625,9.5,12.875,9.875],"rotation":0,"texture":"#0","tintindex":0},"west":{"uv":[13.4375,10.5,14.1875,10.875],"rotation":0,"texture":"#0","tintindex":0},"up":{"uv":[3.875,7.875,1.5625,7.125],"rotation":0,"texture":"#0","tintindex":0},"down":{"uv":[3.875,7.875,1.5625,7.125],"rotation":0,"texture":"#0","tintindex":0}}},{"from":[2.1948266,6.9321804,0.08791304],"to":[13.365324,9.000792,4.225135],"rotation":{"angle":0.0,"axis":"y","origin":[-10.299677,5.514799,2.0248408]},"faces":{"east":{"uv":[14.1875,11.375,13.4375,11.75],"rotation":0,"texture":"#0","tintindex":0},"south":{"uv":[11.8125,1.125,13.75,1.5],"rotation":0,"texture":"#0","tintindex":0},"north":{"uv":[11.8125,1.125,13.75,1.5],"rotation":0,"texture":"#0","tintindex":0},"west":{"uv":[13.4375,11.375,14.1875,11.75],"rotation":0,"texture":"#0","tintindex":0},"up":{"uv":[10.5625,0.75,8.625,0.0],"rotation":0,"texture":"#0","tintindex":0},"down":{"uv":[10.5625,0.75,8.625,0.0],"rotation":0,"texture":"#0","tintindex":0}}},{"from":[3.5394235,6.956123,-2.4739075],"to":[10.986423,9.024734,0.24052286],"rotation":{"angle":0.0,"axis":"y","origin":[-10.299677,5.514799,2.0248408]},"faces":{"east":{"uv":[5.6875,13.6875,5.1875,14.0625],"rotation":0,"texture":"#0","tintindex":0},"south":{"uv":[13.25,7.0625,14.5625,7.4375],"rotation":0,"texture":"#0","tintindex":0},"north":{"uv":[13.25,7.0625,14.5625,7.4375],"rotation":0,"texture":"#0","tintindex":0},"west":{"uv":[5.1875,13.6875,5.6875,14.0625],"rotation":0,"texture":"#0","tintindex":0},"up":{"uv":[13.75,2.75,12.4375,2.25],"rotation":0,"texture":"#0","tintindex":0},"down":{"uv":[13.75,2.75,12.4375,2.25],"rotation":0,"texture":"#0","tintindex":0}}},{"from":[7.791089,8.976054,-3.029604],"to":[7.795226,16.471119,13.740517],"rotation":{"angle":0.0,"axis":"y","origin":[-10.299677,5.514799,2.0248408]},"faces":{"east":{"uv":[6.5,1.375,3.5625,2.6875],"rotation":0,"texture":"#0","tintindex":0},"west":{"uv":[3.5625,1.375,6.5,2.6875],"rotation":0,"texture":"#0","tintindex":0}}}],"display":{"head":{"translation":[0.0,-6.4,0.0],"scale":[4.0,4.0,4.0]}}}