{"textures":{"0":"modelengine:entity/phoenixec","1":"modelengine:entity/phoenixreg"},"elements":[{"from":[-4.227664,7.346446,-3.275998],"to":[7.8742414,8.519567,13.123281],"rotation":{"angle":0.0,"axis":"y","origin":[8.370706,6.4,-2.842413]},"faces":{"east":{"uv":[1.03125,9.46875,1.96875,9.5625],"rotation":0,"texture":"#0","tintindex":0},"south":{"uv":[1.03125,9.46875,1.96875,9.5625],"rotation":0,"texture":"#0","tintindex":0},"north":{"uv":[1.03125,9.46875,1.96875,9.5625],"rotation":0,"texture":"#0","tintindex":0},"west":{"uv":[1.03125,9.46875,1.96875,9.5625],"rotation":0,"texture":"#0","tintindex":0},"up":{"uv":[7.375,8.65625,6.4375,7.375],"rotation":0,"texture":"#0","tintindex":0},"down":{"uv":[7.375,7.375,6.4375,8.65625],"rotation":0,"texture":"#0","tintindex":0}}},{"from":[-4.227664,7.9564686,-3.275998],"to":[7.8742414,7.9564686,20.162],"rotation":{"angle":0.0,"axis":"y","origin":[8.370706,6.4,-2.842413]},"faces":{"east":{"uv":[0.0,0.0,1.84375,0.0],"rotation":0,"texture":"#0","tintindex":0},"south":{"uv":[0.0,0.0,0.9375,0.0],"rotation":0,"texture":"#0","tintindex":0},"north":{"uv":[0.0,0.0,0.9375,0.0],"rotation":0,"texture":"#0","tintindex":0},"west":{"uv":[0.0,0.0,1.84375,0.0],"rotation":0,"texture":"#0","tintindex":0},"up":{"uv":[2.28125,8.125,1.34375,6.28125],"rotation":0,"texture":"#0","tintindex":0},"down":{"uv":[2.28125,6.28125,1.34375,8.125],"rotation":0,"texture":"#0","tintindex":0}}},{"from":[-4.227664,7.936705,10.962001],"to":[7.8742414,7.936705,32.0],"rotation":{"angle":0.0,"axis":"y","origin":[8.370706,6.4,-2.604414]},"faces":{"east":{"uv":[0.0,0.0,3.3125,0.0],"rotation":0,"texture":"#1","tintindex":0},"south":{"uv":[0.0,0.0,1.875,0.0],"rotation":0,"texture":"#1","tintindex":0},"north":{"uv":[0.0,0.0,1.875,0.0],"rotation":0,"texture":"#1","tintindex":0},"west":{"uv":[0.0,0.0,3.3125,0.0],"rotation":0,"texture":"#1","tintindex":0},"up":{"uv":[3.375,3.3125,5.25,0.0],"rotation":0,"texture":"#1","tintindex":0},"down":{"uv":[3.375,0.0,5.25,3.3125],"rotation":0,"texture":"#1","tintindex":0}}}],"display":{"head":{"translation":[0.0,-6.4,41.769653],"scale":[4.0,4.0,4.0]}}}