{"parent":"minecraft:item/generated","textures":{"layer0":"minecraft:item/leather_horse_armor"},"overrides":[{"predicate":{"custom_model_data":1},"model":"modelengine:em_ssanta_present_green/core"},{"predicate":{"custom_model_data":2},"model":"modelengine:em_ssanta_present_red/core"},{"predicate":{"custom_model_data":3},"model":"modelengine:em_super_santa/hip"},{"predicate":{"custom_model_data":4},"model":"modelengine:em_super_santa/bodygrenade1"},{"predicate":{"custom_model_data":5},"model":"modelengine:em_super_santa/bodygrenade2"},{"predicate":{"custom_model_data":6},"model":"modelengine:em_super_santa/back_beltum"},{"predicate":{"custom_model_data":7},"model":"modelengine:em_super_santa/back_beltum_tip"},{"predicate":{"custom_model_data":8},"model":"modelengine:em_super_santa/body"},{"predicate":{"custom_model_data":9},"model":"modelengine:em_super_santa/bodybasuga"},{"predicate":{"custom_model_data":10},"model":"modelengine:em_super_santa/head"},{"predicate":{"custom_model_data":11},"model":"modelengine:em_super_santa/barbum"},{"predicate":{"custom_model_data":12},"model":"modelengine:em_super_santa/right_cejum"},{"predicate":{"custom_model_data":13},"model":"modelengine:em_super_santa/left_cejum"},{"predicate":{"custom_model_data":14},"model":"modelengine:em_super_santa/left_arm"},{"predicate":{"custom_model_data":15},"model":"modelengine:em_super_santa/left_forearm"},{"predicate":{"custom_model_data":16},"model":"modelengine:em_super_santa/handgrenade1"},{"predicate":{"custom_model_data":17},"model":"modelengine:em_super_santa/handgrenade2"},{"predicate":{"custom_model_data":18},"model":"modelengine:em_super_santa/handgift"},{"predicate":{"custom_model_data":19},"model":"modelengine:em_super_santa/handgift2"},{"predicate":{"custom_model_data":20},"model":"modelengine:em_super_santa/left_hand"},{"predicate":{"custom_model_data":21},"model":"modelengine:em_super_santa/right_arm"},{"predicate":{"custom_model_data":22},"model":"modelengine:em_super_santa/right_forearm"},{"predicate":{"custom_model_data":23},"model":"modelengine:em_super_santa/right_handgrenade1"},{"predicate":{"custom_model_data":24},"model":"modelengine:em_super_santa/right_handgrenade2"},{"predicate":{"custom_model_data":25},"model":"modelengine:em_super_santa/right_hand"},{"predicate":{"custom_model_data":26},"model":"modelengine:em_super_santa/turnibba"},{"predicate":{"custom_model_data":27},"model":"modelengine:em_super_santa/basuga"},{"predicate":{"custom_model_data":28},"model":"modelengine:em_super_santa/right_leg"},{"predicate":{"custom_model_data":29},"model":"modelengine:em_super_santa/right_shin"},{"predicate":{"custom_model_data":30},"model":"modelengine:em_super_santa/right_foot"},{"predicate":{"custom_model_data":31},"model":"modelengine:em_super_santa/left_leg"},{"predicate":{"custom_model_data":32},"model":"modelengine:em_super_santa/left_shin"},{"predicate":{"custom_model_data":33},"model":"modelengine:em_super_santa/left_foot"},{"predicate":{"custom_model_data":34},"model":"modelengine:green_grenade/grenade"},{"predicate":{"custom_model_data":35},"model":"modelengine:red_grenade/grenade"}]}