{
  "credit": "Made with Blockbench",
  "texture_size": [
    64,
    64
  ],
  "textures": {
    "0": "cosmetics:custom/cosmetics/hats/plague/plague_doctor_mask",
    "particle": "cosmetics:custom/cosmetics/hats/plague/plague_doctor_mask"
  },
  "elements": [
    {
      "from": [
        4,
        0,
        4
      ],
      "to": [
        12,
        8,
        12
      ],
      "faces": {
        "north": {
          "uv": [
            0,
            0,
            2,
            2
          ],
          "texture": "#0"
        },
        "east": {
          "uv": [
            4,
            0,
            2,
            2
          ],
          "texture": "#0"
        },
        "south": {
          "uv": [
            4,
            0,
            6,
            2
          ],
          "texture": "#0"
        },
        "west": {
          "uv": [
            2,
            0,
            4,
            2
          ],
          "texture": "#0"
        },
        "up": {
          "uv": [
            0,
            2,
            2,
            4
          ],
          "rotation": 180,
          "texture": "#0"
        },
        "down": {
          "uv": [
            2,
            2,
            4,
            4
          ],
          "texture": "#0"
        }
      }
    },
    {
      "from": [
        3,
        3.9,
        3
      ],
      "to": [
        7,
        7.9,
        4
      ],
      "rotation": {
        "angle": 22.5,
        "axis": "y",
        "origin": [
          5,
          6,
          3.5
        ]
      },
      "faces": {
        "north": {
          "uv": [
            6,
            0,
            7,
            1
          ],
          "texture": "#0"
        },
        "east": {
          "uv": [
            6,
            0,
            6.25,
            1
          ],
          "texture": "#0"
        },
        "south": {
          "uv": [
            6,
            0,
            7,
            1
          ],
          "texture": "#0"
        },
        "west": {
          "uv": [
            6.75,
            0,
            7,
            1
          ],
          "texture": "#0"
        },
        "up": {
          "uv": [
            6,
            0,
            7,
            0.25
          ],
          "texture": "#0"
        },
        "down": {
          "uv": [
            6,
            0.75,
            7,
            1
          ],
          "texture": "#0"
        }
      }
    },
    {
      "from": [
        3,
        3.9,
        3
      ],
      "to": [
        7,
        7.9,
        4
      ],
      "rotation": {
        "angle": 22.5,
        "axis": "y",
        "origin": [
          5,
          6,
          3.5
        ]
      },
      "faces": {
        "north": {
          "uv": [
            6,
            1,
            7,
            2
          ],
          "texture": "#0",
          "tintindex": 0
        }
      }
    },
    {
      "from": [
        9,
        3.9,
        3
      ],
      "to": [
        13,
        7.9,
        4
      ],
      "rotation": {
        "angle": -22.5,
        "axis": "y",
        "origin": [
          11,
          6,
          3.5
        ]
      },
      "faces": {
        "north": {
          "uv": [
            7,
            0,
            6,
            1
          ],
          "texture": "#0"
        },
        "east": {
          "uv": [
            6,
            0,
            6.25,
            1
          ],
          "texture": "#0"
        },
        "south": {
          "uv": [
            6,
            0,
            7,
            1
          ],
          "texture": "#0"
        },
        "west": {
          "uv": [
            6.75,
            0,
            7,
            1
          ],
          "texture": "#0"
        },
        "up": {
          "uv": [
            6,
            0,
            7,
            0.25
          ],
          "texture": "#0"
        },
        "down": {
          "uv": [
            6,
            0.75,
            7,
            1
          ],
          "texture": "#0"
        }
      }
    },
    {
      "from": [
        9,
        3.9,
        3
      ],
      "to": [
        13,
        7.9,
        4
      ],
      "rotation": {
        "angle": -22.5,
        "axis": "y",
        "origin": [
          11,
          6,
          3.5
        ]
      },
      "faces": {
        "north": {
          "uv": [
            7,
            1,
            6,
            2
          ],
          "texture": "#0",
          "tintindex": 0
        }
      }
    },
    {
      "from": [
        5,
        0,
        -2
      ],
      "to": [
        11,
        4,
        4
      ],
      "faces": {
        "north": {
          "uv": [
            0,
            5.5,
            1.5,
            6.5
          ],
          "texture": "#0"
        },
        "east": {
          "uv": [
            3,
            5.5,
            1.5,
            6.5
          ],
          "texture": "#0"
        },
        "west": {
          "uv": [
            1.5,
            5.5,
            3,
            6.5
          ],
          "texture": "#0"
        },
        "up": {
          "uv": [
            0,
            4,
            1.5,
            5.5
          ],
          "rotation": 180,
          "texture": "#0"
        },
        "down": {
          "uv": [
            1.5,
            4,
            3,
            5.5
          ],
          "texture": "#0"
        }
      }
    },
    {
      "from": [
        6,
        0,
        -6
      ],
      "to": [
        10,
        3,
        -1
      ],
      "rotation": {
        "angle": -22.5,
        "axis": "x",
        "origin": [
          8,
          1.5,
          -2.5
        ]
      },
      "faces": {
        "north": {
          "uv": [
            3,
            5.75,
            4,
            6.5
          ],
          "texture": "#0"
        },
        "east": {
          "uv": [
            5.25,
            5.75,
            4,
            6.5
          ],
          "texture": "#0"
        },
        "south": {
          "uv": [
            3.25,
            6,
            3.5,
            6.25
          ],
          "texture": "#0"
        },
        "west": {
          "uv": [
            4,
            5.75,
            5.25,
            6.5
          ],
          "texture": "#0"
        },
        "up": {
          "uv": [
            3,
            4.5,
            4,
            5.75
          ],
          "rotation": 180,
          "texture": "#0"
        },
        "down": {
          "uv": [
            4,
            4.5,
            5,
            5.75
          ],
          "texture": "#0"
        }
      }
    },
    {
      "from": [
        0,
        7.5,
        1
      ],
      "to": [
        16,
        7.5,
        17
      ],
      "rotation": {
        "angle": 22.5,
        "axis": "x",
        "origin": [
          8,
          9.25,
          8
        ]
      },
      "faces": {
        "up": {
          "uv": [
            8,
            0,
            12,
            4
          ],
          "texture": "#0"
        },
        "down": {
          "uv": [
            8,
            0,
            12,
            4
          ],
          "texture": "#0"
        }
      }
    },
    {
      "from": [
        3.9,
        7.4,
        4.9
      ],
      "to": [
        12.1,
        12.6,
        13.1
      ],
      "rotation": {
        "angle": 22.5,
        "axis": "x",
        "origin": [
          8,
          9.25,
          8
        ]
      },
      "faces": {
        "north": {
          "uv": [
            5.25,
            6,
            7.25,
            7.25
          ],
          "texture": "#0"
        },
        "east": {
          "uv": [
            5.25,
            6,
            7.25,
            7.25
          ],
          "texture": "#0"
        },
        "south": {
          "uv": [
            5.25,
            6,
            7.25,
            7.25
          ],
          "texture": "#0"
        },
        "west": {
          "uv": [
            5.25,
            6,
            7.25,
            7.25
          ],
          "texture": "#0"
        },
        "up": {
          "uv": [
            5.25,
            4,
            7.25,
            6
          ],
          "texture": "#0"
        }
      }
    },
    {
      "from": [
        3.75,
        7.25,
        4.75
      ],
      "to": [
        12.25,
        12.75,
        13.25
      ],
      "rotation": {
        "angle": 22.5,
        "axis": "x",
        "origin": [
          8,
          9.25,
          8
        ]
      },
      "faces": {
        "north": {
          "uv": [
            7.25,
            6,
            9.25,
            7.25
          ],
          "texture": "#0",
          "tintindex": 0
        },
        "east": {
          "uv": [
            7.25,
            6,
            9.25,
            7.25
          ],
          "texture": "#0",
          "tintindex": 0
        },
        "south": {
          "uv": [
            7.25,
            6,
            9.25,
            7.25
          ],
          "texture": "#0",
          "tintindex": 0
        },
        "west": {
          "uv": [
            7.25,
            6,
            9.25,
            7.25
          ],
          "texture": "#0",
          "tintindex": 0
        }
      }
    },
    {
      "name": "cube inverted",
      "from": [
        12,
        8,
        12
      ],
      "to": [
        4,
        0,
        4
      ],
      "faces": {
        "north": {
          "uv": [
            4,
            2,
            6,
            0
          ],
          "texture": "#0"
        },
        "east": {
          "uv": [
            2,
            2,
            4,
            0
          ],
          "texture": "#0"
        },
        "south": {
          "uv": [
            0,
            2,
            2,
            0
          ],
          "texture": "#0"
        },
        "west": {
          "uv": [
            4,
            2,
            2,
            0
          ],
          "texture": "#0"
        },
        "up": {
          "uv": [
            4,
            2,
            2,
            4
          ],
          "texture": "#0"
        },
        "down": {
          "uv": [
            2,
            2,
            0,
            4
          ],
          "rotation": 180,
          "texture": "#0"
        }
      }
    }
  ],
  "display": {
    "thirdperson_righthand": {
      "rotation": [
        90,
        0,
        0
      ],
      "translation": [
        -1,
        -2,
        18.29102
      ],
      "scale": [
        1.06641,
        1.06641,
        1.06641
      ]
    },
    "gui": {
      "rotation": [
        30,
        135,
        0
      ],
      "translation": [
        1.25,
        2.75,
        0
      ],
      "scale": [
        0.78,
        0.78,
        0.78
      ]
    },
    "head": {
      "translation": [
        0,
        7.75,
        0
      ],
      "scale": [
        1.82,
        1.82,
        1.82
      ]
    }
  },
  "groups": [
    0,
    1,
    2,
    3,
    4,
    5,
    6,
    {
      "name": "group",
      "origin": [
        0,
        0,
        0
      ],
      "color": 0,
      "children": [
        7,
        8,
        9
      ]
    },
    10
  ]
}