{
	"credit": "Made with Blockbench",
	"texture_size": [64, 64],
	"textures": {
		"0": "cosmetics:custom/cosmetics/viking_hat/viking_hat",
		"particle": "cosmetics:custom/cosmetics/viking_hat/viking_hat"
	},
	"elements": [
		{
			"from": [3, 14, 3],
			"to": [13, 18, 13],
			"rotation": {"angle": 0, "axis": "y", "origin": [0, -10, 0]},
			"faces": {
				"north": {"uv": [0, 5, 2.5, 6], "texture": "#0"},
				"east": {"uv": [2.5, 5, 5, 6], "texture": "#0"},
				"south": {"uv": [5, 5, 7.5, 6], "texture": "#0"},
				"west": {"uv": [5.5, 0, 8, 1], "texture": "#0"},
				"up": {"uv": [2.5, 2.5, 0, 0], "texture": "#0"},
				"down": {"uv": [2.5, 2.5, 0, 5], "texture": "#0"}
			}
		},
		{
			"from": [4, 14, 2],
			"to": [12, 16, 3],
			"rotation": {"angle": 0, "axis": "y", "origin": [0, -10, 0]},
			"faces": {
				"north": {"uv": [3, 6, 5, 6.5], "texture": "#0"},
				"east": {"uv": [9.25, 0.5, 9.5, 1], "texture": "#0"},
				"south": {"uv": [5, 6, 7, 6.5], "texture": "#0"},
				"west": {"uv": [9.25, 1, 9.5, 1.5], "texture": "#0"},
				"up": {"uv": [10.5, 4, 8.5, 3.75], "texture": "#0"},
				"down": {"uv": [10.5, 4, 8.5, 4.25], "texture": "#0"}
			}
		},
		{
			"from": [7, 12, 2],
			"to": [9, 14, 4],
			"rotation": {"angle": 0, "axis": "y", "origin": [0, -10, 0]},
			"faces": {
				"north": {"uv": [8, 2, 8.5, 2.5], "texture": "#0"},
				"east": {"uv": [8, 8.75, 8.5, 9.25], "texture": "#0"},
				"south": {"uv": [8.5, 8.75, 9, 9.25], "texture": "#0"},
				"west": {"uv": [0, 9, 0.5, 9.5], "texture": "#0"},
				"up": {"uv": [9.5, 0.5, 9, 0], "texture": "#0"},
				"down": {"uv": [1, 9, 0.5, 9.5], "texture": "#0"}
			}
		},
		{
			"from": [7, 11, 1.9],
			"to": [9, 13, 3.9],
			"rotation": {"angle": -45, "axis": "z", "origin": [8, 12, 2.4]},
			"faces": {
				"north": {"uv": [1, 9, 1.5, 9.5], "texture": "#0"},
				"east": {"uv": [1.5, 9, 2, 9.5], "texture": "#0"},
				"south": {"uv": [2, 9, 2.5, 9.5], "texture": "#0"},
				"west": {"uv": [2.5, 9, 3, 9.5], "texture": "#0"},
				"up": {"uv": [5, 9.5, 4.5, 9], "texture": "#0"},
				"down": {"uv": [5.5, 9, 5, 9.5], "texture": "#0"}
			}
		},
		{
			"from": [7, 16, 2],
			"to": [9, 19, 14],
			"rotation": {"angle": 0, "axis": "y", "origin": [0, -10, 0]},
			"faces": {
				"north": {"uv": [8.5, 7.25, 9, 8], "texture": "#0"},
				"east": {"uv": [5.5, 3.5, 8.5, 4.25], "texture": "#0"},
				"south": {"uv": [8.5, 8, 9, 8.75], "texture": "#0"},
				"west": {"uv": [5.5, 4.25, 8.5, 5], "texture": "#0"},
				"up": {"uv": [0.5, 9, 0, 6], "texture": "#0"},
				"down": {"uv": [1, 6, 0.5, 9], "texture": "#0"}
			}
		},
		{
			"from": [2, 11, 2],
			"to": [4, 16, 14],
			"rotation": {"angle": 0, "axis": "y", "origin": [0, -10, 0]},
			"faces": {
				"north": {"uv": [6.5, 7.75, 7, 9], "texture": "#0"},
				"east": {"uv": [2.5, 0, 5.5, 1.25], "texture": "#0"},
				"south": {"uv": [8, 0.75, 8.5, 2], "texture": "#0"},
				"west": {"uv": [2.5, 1.25, 5.5, 2.5], "texture": "#0"},
				"up": {"uv": [1.5, 9, 1, 6], "texture": "#0"},
				"down": {"uv": [2, 6, 1.5, 9], "texture": "#0"}
			}
		},
		{
			"from": [4, 11, 12],
			"to": [12, 16, 14],
			"rotation": {"angle": 0, "axis": "y", "origin": [0, -10, 0]},
			"faces": {
				"north": {"uv": [5.5, 1, 7.5, 2.25], "texture": "#0"},
				"east": {"uv": [8, 5, 8.5, 6.25], "texture": "#0"},
				"south": {"uv": [5.5, 2.25, 7.5, 3.5], "texture": "#0"},
				"west": {"uv": [8, 6.25, 8.5, 7.5], "texture": "#0"},
				"up": {"uv": [5, 7, 3, 6.5], "texture": "#0"},
				"down": {"uv": [7, 6.5, 5, 7], "texture": "#0"}
			}
		},
		{
			"from": [12, 11, 2],
			"to": [14, 16, 14],
			"rotation": {"angle": 0, "axis": "y", "origin": [0, -10, 0]},
			"faces": {
				"north": {"uv": [7.5, 8, 8, 9.25], "texture": "#0"},
				"east": {"uv": [2.5, 2.5, 5.5, 3.75], "texture": "#0"},
				"south": {"uv": [8, 7.5, 8.5, 8.75], "texture": "#0"},
				"west": {"uv": [2.5, 3.75, 5.5, 5], "texture": "#0"},
				"up": {"uv": [2.5, 9, 2, 6], "texture": "#0"},
				"down": {"uv": [3, 6, 2.5, 9], "texture": "#0"}
			}
		},
		{
			"from": [12, 15, 6.5],
			"to": [16, 18, 9.5],
			"rotation": {"angle": 22.5, "axis": "z", "origin": [13, 16.5, 8]},
			"faces": {
				"north": {"uv": [3, 7, 4, 7.75], "texture": "#0"},
				"east": {"uv": [8.5, 0.75, 9.25, 1.5], "texture": "#0"},
				"south": {"uv": [4, 7, 5, 7.75], "texture": "#0"},
				"west": {"uv": [8.5, 1.5, 9.25, 2.25], "texture": "#0"},
				"up": {"uv": [6, 7.75, 5, 7], "texture": "#0"},
				"down": {"uv": [7, 7, 6, 7.75], "texture": "#0"}
			}
		},
		{
			"from": [0, 15, 6.5],
			"to": [4, 18, 9.5],
			"rotation": {"angle": -22.5, "axis": "z", "origin": [3, 16.5, 8]},
			"faces": {
				"north": {"uv": [4, 7, 3, 7.75], "texture": "#0"},
				"east": {"uv": [9.25, 1.5, 8.5, 2.25], "texture": "#0"},
				"south": {"uv": [5, 7, 4, 7.75], "texture": "#0"},
				"west": {"uv": [9.25, 0.75, 8.5, 1.5], "texture": "#0"},
				"up": {"uv": [5, 7.75, 6, 7], "texture": "#0"},
				"down": {"uv": [6, 7, 7, 7.75], "texture": "#0"}
			}
		},
		{
			"from": [15.74934, 18.61038, 7.025],
			"to": [17.74934, 24.61038, 9.025],
			"rotation": {"angle": 22.5, "axis": "z", "origin": [16.14934, 22.18617, 8.025]},
			"faces": {
				"north": {"uv": [7, 6, 7.5, 7.5], "texture": "#0"},
				"east": {"uv": [7.5, 1, 8, 2.5], "texture": "#0"},
				"south": {"uv": [7.5, 5, 8, 6.5], "texture": "#0"},
				"west": {"uv": [7.5, 6.5, 8, 8], "texture": "#0"},
				"up": {"uv": [6, 9.5, 5.5, 9], "texture": "#0"},
				"down": {"uv": [6.5, 9, 6, 9.5], "texture": "#0"}
			}
		},
		{
			"from": [-1.74934, 18.61038, 7.025],
			"to": [0.25066, 24.61038, 9.025],
			"rotation": {"angle": -22.5, "axis": "z", "origin": [-0.14934, 22.18617, 8.025]},
			"faces": {
				"north": {"uv": [7.5, 6, 7, 7.5], "texture": "#0"},
				"east": {"uv": [8, 6.5, 7.5, 8], "texture": "#0"},
				"south": {"uv": [8, 5, 7.5, 6.5], "texture": "#0"},
				"west": {"uv": [8, 1, 7.5, 2.5], "texture": "#0"},
				"up": {"uv": [5.5, 9.5, 6, 9], "texture": "#0"},
				"down": {"uv": [6, 9, 6.5, 9.5], "texture": "#0"}
			}
		},
		{
			"from": [15.35746, 17.82208, 7],
			"to": [19.35746, 19.82208, 9],
			"rotation": {"angle": 45, "axis": "z", "origin": [17.15746, 18.22208, 8]},
			"faces": {
				"north": {"uv": [8.5, 4.25, 9.5, 4.75], "texture": "#0"},
				"east": {"uv": [9, 7.25, 9.5, 7.75], "texture": "#0"},
				"south": {"uv": [4.5, 8.5, 5.5, 9], "texture": "#0"},
				"west": {"uv": [9, 7.75, 9.5, 8.25], "texture": "#0"},
				"up": {"uv": [9.5, 5.25, 8.5, 4.75], "texture": "#0"},
				"down": {"uv": [9.5, 5.25, 8.5, 5.75], "texture": "#0"}
			}
		},
		{
			"from": [-3.35746, 17.82208, 7],
			"to": [0.64254, 19.82208, 9],
			"rotation": {"angle": -45, "axis": "z", "origin": [-1.15746, 18.22208, 8]},
			"faces": {
				"north": {"uv": [9.5, 4.25, 8.5, 4.75], "texture": "#0"},
				"east": {"uv": [9.5, 7.75, 9, 8.25], "texture": "#0"},
				"south": {"uv": [5.5, 8.5, 4.5, 9], "texture": "#0"},
				"west": {"uv": [9.5, 7.25, 9, 7.75], "texture": "#0"},
				"up": {"uv": [8.5, 5.25, 9.5, 4.75], "texture": "#0"},
				"down": {"uv": [8.5, 5.25, 9.5, 5.75], "texture": "#0"}
			}
		}
	],
	"display": {
		"thirdperson_righthand": {
			"rotation": [75, 45, 0],
			"translation": [0, 1.75, -3],
			"scale": [0.375, 0.375, 0.375]
		},
		"thirdperson_lefthand": {
			"rotation": [75, 45, 0],
			"translation": [0, 1.75, -3],
			"scale": [0.375, 0.375, 0.375]
		},
		"firstperson_righthand": {
			"rotation": [0, 100, 0],
			"translation": [0, 0, 0.25],
			"scale": [0.4, 0.4, 0.4]
		},
		"firstperson_lefthand": {
			"rotation": [0, 100, 0],
			"translation": [0, 0, 0.25],
			"scale": [0.4, 0.4, 0.4]
		},
		"ground": {
			"translation": [0, -4.5, 0],
			"scale": [0.66602, 0.66602, 0.66602]
		},
		"gui": {
			"rotation": [30, 225, 0],
			"translation": [0, -4.75, 0],
			"scale": [0.6582, 0.6582, 0.6582]
		},
		"head": {
			"translation": [0, -6.75, 0],
			"scale": [1.45156, 1.45156, 1.45156]
		},
		"fixed": {
			"translation": [0, -6.25, 0],
			"scale": [0.7793, 0.7793, 0.7793]
		}
	},
	"groups": [
		{
			"name": "group",
			"origin": [8, 8, 8],
			"color": 0,
			"children": [0, 1, 2, 3, 4, 5, 6, 7, 8, 9, 10, 11, 12, 13]
		}
	]
}