{"credit":"MadewithBlockbench","textures":{"0":"the_skrill_boss:bolt1-7","particle":"the_skrill_boss:bolt1-7"},"elements":[{"from":[0,0,9],"to":[16,16,9],"rotation":{"angle":45,"axis":"y","origin":[8,8,9]},"faces":{"north":{"uv":[0,0,16,16],"texture":"#0"},"east":{"uv":[0,0,0,16],"texture":"#missing"},"south":{"uv":[16,0,0,16],"texture":"#0"},"west":{"uv":[0,0,0,16],"texture":"#missing"},"up":{"uv":[0,0,16,0],"texture":"#missing"},"down":{"uv":[0,0,16,0],"texture":"#missing"}}},{"from":[0,0,9],"to":[16,16,9],"rotation":{"angle":-22.5,"axis":"y","origin":[8,8,9]},"faces":{"north":{"uv":[0,0,16,16],"texture":"#0"},"east":{"uv":[0,0,0,16],"texture":"#missing"},"south":{"uv":[16,0,0,16],"texture":"#0"},"west":{"uv":[0,0,0,16],"texture":"#missing"},"up":{"uv":[0,0,16,0],"texture":"#missing"},"down":{"uv":[0,0,16,0],"texture":"#missing"}}}],"display":{"thirdperson_righthand":{"rotation":[12.5,0,0],"translation":[-6,8.5,7.5],"scale":[4,4,4]},"thirdperson_lefthand":{"rotation":[12.5,0,0],"translation":[-6,8.5,7.5],"scale":[4,4,4]},"head":{"translation":[0,13.5,-3.5],"scale":[4,4,4]}}}