{"textures":{"0":"modelengine:entity/demonflying"},"elements":[{"from":[7.888966,4.418126,7.4857144],"to":[8.917538,8.246697,8.457143],"rotation":{"angle":0.0,"axis":"y","origin":[9.142858,9.428572,11.542857]},"faces":{"east":{"uv":[8.5,10.25,8.9375,11.9375],"rotation":0,"texture":"#0","tintindex":0},"south":{"uv":[10.0,10.25,10.4375,11.9375],"rotation":0,"texture":"#0","tintindex":0},"north":{"uv":[5.75,10.25,6.1875,11.9375],"rotation":0,"texture":"#0","tintindex":0},"west":{"uv":[10.5,0.0,10.9375,1.6875],"rotation":0,"texture":"#0","tintindex":0},"up":{"uv":[3.9375,12.9375,3.5,12.5],"rotation":0,"texture":"#0","tintindex":0},"down":{"uv":[4.4375,12.5,4.0,12.9375],"rotation":0,"texture":"#0","tintindex":0}}},{"from":[8.046964,7.2181263,7.2],"to":[9.304107,8.760983,8.742857],"rotation":{"angle":0.0,"axis":"y","origin":[9.142858,9.428572,11.542857]},"faces":{"east":{"uv":[11.5,0.0,12.1875,0.6875],"rotation":0,"texture":"#0","tintindex":0},"south":{"uv":[11.75,9.0,12.3125,9.6875],"rotation":0,"texture":"#0","tintindex":0},"north":{"uv":[7.75,11.75,8.3125,12.4375],"rotation":0,"texture":"#0","tintindex":0},"west":{"uv":[11.5,0.75,12.1875,1.4375],"rotation":0,"texture":"#0","tintindex":0},"up":{"uv":[12.5625,2.1875,12.0,1.5],"rotation":0,"texture":"#0","tintindex":0},"down":{"uv":[12.5625,2.25,12.0,2.9375],"rotation":0,"texture":"#0","tintindex":0}}}],"display":{"head":{"translation":[0.0,-6.4,0.0],"scale":[4.0,4.0,4.0]}}}