{
  "nes.level0.lights_ambient": {
    "sounds": [
      "nes_resources:lights_ambient"
    ],
    "stream": true,
    "is3D": true
  },
  "nes.level0.lights_on": {
    "sounds": [
      "nes_resources:lights_on"
    ],
    "stream": true,
    "is3D": true
  },
  "nes.level0.lights_on_old": {
    "sounds": [
      "nes_resources:lights_on_old"
    ],
    "stream": true,
    "is3D": true
  },
  "nes.level0.dark_wind": {
    "sounds": [
      "nes_resources:dark_wind"
    ],
    "stream": true,
    "is3D": true
  },
  "nes.level0.host_greetings": {
    "sounds": [
      "nes_resources:voiceline/host/host_greetings"
    ],
    "stream": true,
    "is3D": true
  },
  "nes.level0.haunt_jumpscare": {
    "sounds": [
      "nes_resources:haunt_jumpscare"
    ],
    "stream": true,
    "is3D": true
  },
  "nes.level0.rushing_steps": {
    "sounds": [
      "nes_resources:rushing_steps"
    ],
    "stream": true,
    "is3D": true
  },
  "nes.level0.possesed_laugh": {
    "sounds": [
      "nes_resources:possesed_laugh"
    ],
    "stream": true,
    "is3D": true
  },
  "nes.level0.bacteria_growl": {
    "sounds": [
      "nes_resources:bacteria_growl1",
      "nes_resources:bacteria_growl2",
      "nes_resources:bacteria_growl3"
    ],
    "stream": true,
    "is3D": true
  },
  "nes.level0.bacteria_found": {
    "sounds": [
      "nes_resources:bacteria_found"
    ],
    "stream": true,
    "is3D": true
  },
  "nes.level0.bacteria_kill_mono": {
    "sounds": [
      "nes_resources:bacteria_kill_mono"
    ],
    "stream": true,
    "is3D": true
  },
  "nes.level0.bacteria_kill_stereo": {
    "sounds": [
      "nes_resources:bacteria_kill_stereo"
    ],
    "stream": true,
    "is3D": true
  },
  "nes.level0.loud_scream": {
    "sounds": [
      "nes_resources:loud_scream"
    ],
    "stream": true,
    "is3D": true
  },
  "nes.level0.noclip": {
    "sounds": [
      "nes_resources:noclip"
    ],
    "stream": true,
    "is3D": true
  },
  "nes.level0.night_cricket_ambient": {
    "sounds": [
      "nes_resources:night_cricket_ambient"
    ],
    "stream": true,
    "is3D": true
  },
  "nes.level0.train_stop": {
    "sounds": [
      "nes_resources:train_stop"
    ],
    "stream": true,
    "is3D": true
  },
  "nes.level0.train_chime": {
    "sounds": [
      "nes_resources:train_chime"
    ],
    "stream": true,
    "is3D": true
  }
}