{"sources":[{"source":"entity","prefix":"entity/","type":"directory"},{"resource":"must_have_props:/basket","sprite":"must_have_props:/basket","type":"single"},{"resource":"must_have_props:/bone","sprite":"must_have_props:/bone","type":"single"},{"resource":"must_have_props:/book_pile","sprite":"must_have_props:/book_pile","type":"single"},{"resource":"must_have_props:/book_pile_2","sprite":"must_have_props:/book_pile_2","type":"single"},{"resource":"must_have_props:/bottle","sprite":"must_have_props:/bottle","type":"single"},{"resource":"must_have_props:/closed_book","sprite":"must_have_props:/closed_book","type":"single"},{"resource":"must_have_props:/coffee_tray","sprite":"must_have_props:/coffee_tray","type":"single"},{"resource":"must_have_props:/coins","sprite":"must_have_props:/coins","type":"single"},{"resource":"must_have_props:/eating_set","sprite":"must_have_props:/eating_set","type":"single"},{"resource":"must_have_props:/flower_1","sprite":"must_have_props:/flower_1","type":"single"},{"resource":"must_have_props:/flower_2","sprite":"must_have_props:/flower_2","type":"single"},{"resource":"must_have_props:/flower_3","sprite":"must_have_props:/flower_3","type":"single"},{"resource":"must_have_props:/fruit_basket","sprite":"must_have_props:/fruit_basket","type":"single"},{"resource":"must_have_props:/glass_cup","sprite":"must_have_props:/glass_cup","type":"single"},{"resource":"must_have_props:/glass_jar","sprite":"must_have_props:/glass_jar","type":"single"},{"resource":"must_have_props:/money","sprite":"must_have_props:/money","type":"single"},{"resource":"must_have_props:/open_book","sprite":"must_have_props:/open_book","type":"single"},{"resource":"must_have_props:/organized_books","sprite":"must_have_props:/organized_books","type":"single"},{"resource":"must_have_props:/organized_log_pile","sprite":"must_have_props:/organized_log_pile","type":"single"},{"resource":"must_have_props:/picture_frame","sprite":"must_have_props:/picture_frame","type":"single"},{"resource":"must_have_props:/piggy_bank","sprite":"must_have_props:/piggy_bank","type":"single"},{"resource":"must_have_props:/plate","sprite":"must_have_props:/plate","type":"single"},{"resource":"must_have_props:/scroll","sprite":"must_have_props:/scroll","type":"single"},{"resource":"must_have_props:/spilled_bottle","sprite":"must_have_props:/spilled_bottle","type":"single"},{"resource":"must_have_props:/study_mess","sprite":"must_have_props:/study_mess","type":"single"},{"resource":"must_have_props:/trophy","sprite":"must_have_props:/trophy","type":"single"},{"resource":"must_have_props:/vase_1","sprite":"must_have_props:/vase_1","type":"single"},{"resource":"must_have_props:/vase_2","sprite":"must_have_props:/vase_2","type":"single"},{"resource":"must_have_props:/wooden_bucket","sprite":"must_have_props:/wooden_bucket","type":"single"},{"resource":"must_have_props:/wooden_bucket_water","sprite":"must_have_props:/wooden_bucket_water","type":"single"}]}