{
  "parent": "minecraft:item/generated",
  "textures": {
    "layer0": "minecraft:item/paper"
  },
  "overrides": [
    {
      "predicate": {
        "custom_model_data": 10000
      },
      "model": "_iainternal:ia_auto_gen/icon_left_blue"
    },
    {
      "predicate": {
        "custom_model_data": 10001
      },
      "model": "_iainternal:ia_auto_gen/icon_right_blue"
    },
    {
      "predicate": {
        "custom_model_data": 10002
      },
      "model": "_iainternal:ia_auto_gen/icon_search"
    },
    {
      "predicate": {
        "custom_model_data": 10003
      },
      "model": "_iainternal:ia_auto_gen/icon_cancel"
    },
    {
      "predicate": {
        "custom_model_data": 10004
      },
      "model": "_iainternal:ia_auto_gen/icon_arrow_chest"
    },
    {
      "predicate": {
        "custom_model_data": 10005
      },
      "model": "_iainternal:ia_auto_gen/icon_back_orange"
    },
    {
      "predicate": {
        "custom_model_data": 10006
      },
      "model": "_iainternal:ia_auto_gen/icon_next_orange"
    },
    {
      "predicate": {
        "custom_model_data": 10007
      },
      "model": "items:ia_auto_gen/radianite"
    },
    {
      "predicate": {
        "custom_model_data": 10008
      },
      "model": "item/paper"
    }
  ]
}