{
  "textures": {
    "0": "modelengine:entity/fravager_ravage"
  },
  "elements": [
    {
      "from": [
        8,
        0,
        -6
      ],
      "to": [
        8,
        28,
        22
      ],
      "faces": {
        "east": {
          "uv": [
            1.28125,
            0,
            0,
            1.0625
          ],
          "tintindex": 0,
          "rotation": 0,
          "texture": "#0"
        },
        "south": {
          "uv": [
            1.28125,
            0,
            0,
            1.0625
          ],
          "tintindex": 0,
          "rotation": 0,
          "texture": "#0"
        },
        "north": {
          "uv": [
            1.28125,
            0,
            0,
            1.0625
          ],
          "tintindex": 0,
          "rotation": 0,
          "texture": "#0"
        },
        "west": {
          "uv": [
            1.28125,
            0,
            0,
            1.0625
          ],
          "tintindex": 0,
          "rotation": 0,
          "texture": "#0"
        },
        "up": {
          "uv": [
            1.28125,
            0,
            0,
            1.0625
          ],
          "tintindex": 0,
          "rotation": 0,
          "texture": "#0"
        },
        "down": {
          "uv": [
            1.28125,
            0,
            0,
            1.0625
          ],
          "tintindex": 0,
          "rotation": 0,
          "texture": "#0"
        }
      }
    },
    {
      "from": [
        -6,
        0,
        8
      ],
      "to": [
        22,
        28,
        8
      ],
      "faces": {
        "east": {
          "uv": [
            1.28125,
            0,
            0,
            1.0625
          ],
          "tintindex": 0,
          "rotation": 0,
          "texture": "#0"
        },
        "south": {
          "uv": [
            1.28125,
            0,
            0,
            1.0625
          ],
          "tintindex": 0,
          "rotation": 0,
          "texture": "#0"
        },
        "north": {
          "uv": [
            1.28125,
            0,
            0,
            1.0625
          ],
          "tintindex": 0,
          "rotation": 0,
          "texture": "#0"
        },
        "west": {
          "uv": [
            1.28125,
            0,
            0,
            1.0625
          ],
          "tintindex": 0,
          "rotation": 0,
          "texture": "#0"
        },
        "up": {
          "uv": [
            1.28125,
            0,
            0,
            1.0625
          ],
          "tintindex": 0,
          "rotation": 0,
          "texture": "#0"
        },
        "down": {
          "uv": [
            1.28125,
            0,
            0,
            1.0625
          ],
          "tintindex": 0,
          "rotation": 0,
          "texture": "#0"
        }
      }
    }
  ],
  "display": {
    "gui": {
      "rotation": [
        30,
        225,
        0
      ]
    }
  }
}