{"textures":{"0":"modelengine:entity/spiritbodyreg"},"elements":[{"from":[6.9952,4.292857,5.854808],"to":[9.566629,9.435715,8.426237],"rotation":{"angle":-45.0,"axis":"y","origin":[6.245833,3.733385,5.1618414]},"faces":{"east":{"uv":[11.875,4.25,11.25,5.5],"rotation":0,"texture":"#0","tintindex":0},"south":{"uv":[11.875,3.032,11.25,4.25],"rotation":0,"texture":"#0","tintindex":0},"north":{"uv":[9.625,11.032,9.032,12.25],"rotation":0,"texture":"#0","tintindex":0},"west":{"uv":[11.625,10.032,11.032,11.25],"rotation":0,"texture":"#0","tintindex":0},"up":{"uv":[12.25,10.375,12.875,9.75],"rotation":0,"texture":"#0","tintindex":0},"down":{"uv":[12.25,10.5,12.875,11.125],"rotation":0,"texture":"#0","tintindex":0}}},{"from":[7.252343,2.2357144,6.111951],"to":[9.309486,9.178572,8.169094],"rotation":{"angle":-45.0,"axis":"y","origin":[6.245833,3.733385,5.1618414]},"faces":{"east":{"uv":[4.625,0.125,4.125,1.8125],"rotation":0,"texture":"#0","tintindex":0},"south":{"uv":[4.125,0.125,4.625,1.8125],"rotation":0,"texture":"#0","tintindex":0},"north":{"uv":[4.125,0.125,4.625,1.8125],"rotation":0,"texture":"#0","tintindex":0},"west":{"uv":[4.625,0.125,4.125,1.8125],"rotation":0,"texture":"#0","tintindex":0},"up":{"uv":[4.5625,2.3125,4.968,1.8125],"rotation":0,"texture":"#0","tintindex":0},"down":{"uv":[10.125,4.5625,10.625,4.968],"rotation":0,"texture":"#0","tintindex":0}}}],"display":{"head":{"translation":[0.0,-6.4,0.0],"scale":[4.0,4.0,4.0]}}}