{"textures":{"0":"modelengine:entity/nes_bacteria"},"elements":[{"from":[4.4346156,0.09542465,6.4110494],"to":[11.4096155,3.320427,9.936049],"faces":{"east":{"uv":[2.0,11.0,2.75,11.625],"tintindex":0,"rotation":0,"texture":"#0"},"south":{"uv":[8.75,8.5,10.125,9.125],"tintindex":0,"rotation":0,"texture":"#0"},"north":{"uv":[8.75,7.75,10.125,8.375],"tintindex":0,"rotation":0,"texture":"#0"},"west":{"uv":[11.0,2.5,11.75,3.125],"tintindex":0,"rotation":0,"texture":"#0"},"up":{"uv":[9.125,7.75,7.75,7.0],"tintindex":0,"rotation":0,"texture":"#0"},"down":{"uv":[8.625,7.75,7.25,8.5],"tintindex":0,"rotation":0,"texture":"#0"}}}],"display":{"gui":{"rotation":[30,225,0]}}}