{"textures":{"0":"modelengine:entity/nes_bacteria"},"elements":[{"from":[5.9626374,3.4831,7.092028],"to":[9.948352,5.3259573,9.106314],"rotation":{"angle":0.0,"axis":"y","origin":[9.144661,5.534095,5.487664]},"faces":{"east":{"uv":[2.0,11.0,2.75,11.625],"rotation":0,"texture":"#0","tintindex":0},"south":{"uv":[8.75,8.5,10.125,9.125],"rotation":0,"texture":"#0","tintindex":0},"north":{"uv":[8.75,7.75,10.125,8.375],"rotation":0,"texture":"#0","tintindex":0},"west":{"uv":[11.0,2.5,11.75,3.125],"rotation":0,"texture":"#0","tintindex":0},"up":{"uv":[9.125,7.75,7.75,7.0],"rotation":0,"texture":"#0","tintindex":0},"down":{"uv":[8.625,7.75,7.25,8.5],"rotation":0,"texture":"#0","tintindex":0}}}],"display":{"head":{"translation":[0.0,-6.4,0.0],"scale":[4.0,4.0,4.0]}}}