{"textures":{"0":"modelengine:entity/nes_bacteria"},"elements":[{"from":[7.543072,3.3736095,7.1494274],"to":[8.611822,8.211111,9.118177],"faces":{"east":{"uv":[9.25,11.0,9.625,12.0],"tintindex":0,"rotation":0,"texture":"#0"},"south":{"uv":[2.25,12.75,2.5,13.75],"tintindex":0,"rotation":0,"texture":"#0"},"north":{"uv":[2.0,12.75,2.25,13.75],"tintindex":0,"rotation":0,"texture":"#0"},"west":{"uv":[5.75,11.5,6.125,12.5],"tintindex":0,"rotation":0,"texture":"#0"},"up":{"uv":[10.25,14.375,10.0,14.0],"tintindex":0,"rotation":0,"texture":"#0"},"down":{"uv":[10.5,14.0,10.25,14.375],"tintindex":0,"rotation":0,"texture":"#0"}}},{"from":[13.736908,-1.3382359,7.9931774],"to":[14.074409,-0.26948547,8.386927],"faces":{"east":{"uv":[14.75,12.75,14.875,13.0],"tintindex":0,"rotation":0,"texture":"#0"},"south":{"uv":[14.75,13.0,14.875,13.25],"tintindex":0,"rotation":0,"texture":"#0"},"north":{"uv":[12.75,14.75,12.875,15.0],"tintindex":0,"rotation":0,"texture":"#0"},"west":{"uv":[14.75,13.25,14.875,13.5],"tintindex":0,"rotation":0,"texture":"#0"},"up":{"uv":[15.375,13.125,15.25,13.0],"tintindex":0,"rotation":0,"texture":"#0"},"down":{"uv":[13.375,15.25,13.25,15.375],"tintindex":0,"rotation":0,"texture":"#0"}},"rotation":{"origin":[2.9092522,11.8646965,2.776166],"angle":-22.5,"axis":"z"}},{"from":[8.255571,-3.60139,7.936927],"to":[8.874322,-0.22638893,8.443177],"faces":{"east":{"uv":[2.25,14.25,2.375,14.875],"tintindex":0,"rotation":0,"texture":"#0"},"south":{"uv":[14.25,3.75,14.375,4.375],"tintindex":0,"rotation":0,"texture":"#0"},"north":{"uv":[2.0,14.25,2.125,14.875],"tintindex":0,"rotation":0,"texture":"#0"},"west":{"uv":[14.25,4.5,14.375,5.125],"tintindex":0,"rotation":0,"texture":"#0"},"up":{"uv":[15.375,12.625,15.25,12.5],"tintindex":0,"rotation":0,"texture":"#0"},"down":{"uv":[12.875,15.25,12.75,15.375],"tintindex":0,"rotation":0,"texture":"#0"}}},{"from":[8.255571,-1.9138899,9.624428],"to":[8.874322,1.4611111,10.130677],"faces":{"east":{"uv":[14.25,6.0,14.375,6.625],"tintindex":0,"rotation":0,"texture":"#0"},"south":{"uv":[14.25,6.75,14.375,7.375],"tintindex":0,"rotation":0,"texture":"#0"},"north":{"uv":[14.25,5.25,14.375,5.875],"tintindex":0,"rotation":0,"texture":"#0"},"west":{"uv":[14.25,7.5,14.375,8.125],"tintindex":0,"rotation":0,"texture":"#0"},"up":{"uv":[15.375,13.875,15.25,13.75],"tintindex":0,"rotation":0,"texture":"#0"},"down":{"uv":[14.125,15.25,14.0,15.375],"tintindex":0,"rotation":0,"texture":"#0"}}},{"from":[8.255571,-1.9138899,6.2494273],"to":[8.874322,1.4611111,6.755677],"faces":{"east":{"uv":[8.5,14.25,8.625,14.875],"tintindex":0,"rotation":0,"texture":"#0"},"south":{"uv":[9.0,14.25,9.125,14.875],"tintindex":0,"rotation":0,"texture":"#0"},"north":{"uv":[14.25,8.25,14.375,8.875],"tintindex":0,"rotation":0,"texture":"#0"},"west":{"uv":[14.25,9.0,14.375,9.625],"tintindex":0,"rotation":0,"texture":"#0"},"up":{"uv":[15.375,14.875,15.25,14.75],"tintindex":0,"rotation":0,"texture":"#0"},"down":{"uv":[15.125,15.25,15.0,15.375],"tintindex":0,"rotation":0,"texture":"#0"}}},{"from":[11.96613,3.2583103,4.0556774],"to":[12.30363,4.3270607,4.449427],"faces":{"east":{"uv":[2.25,15.0,2.375,15.25],"tintindex":0,"rotation":0,"texture":"#0"},"south":{"uv":[15.0,2.25,15.125,2.5],"tintindex":0,"rotation":0,"texture":"#0"},"north":{"uv":[15.0,2.0,15.125,2.25],"tintindex":0,"rotation":0,"texture":"#0"},"west":{"uv":[2.5,15.0,2.625,15.25],"tintindex":0,"rotation":0,"texture":"#0"},"up":{"uv":[15.375,15.125,15.25,15.0],"tintindex":0,"rotation":0,"texture":"#0"},"down":{"uv":[15.375,15.25,15.25,15.375],"tintindex":0,"rotation":0,"texture":"#0"}},"rotation":{"origin":[2.9092522,11.8646965,2.776166],"angle":-22.5,"axis":"z"}},{"from":[7.599322,1.6557732,5.2590475],"to":[8.161821,6.043272,7.227798],"faces":{"east":{"uv":[12.25,0.0,12.625,0.875],"tintindex":0,"rotation":0,"texture":"#0"},"south":{"uv":[4.0,14.0,4.125,14.875],"tintindex":0,"rotation":0,"texture":"#0"},"north":{"uv":[3.75,14.0,3.875,14.875],"tintindex":0,"rotation":0,"texture":"#0"},"west":{"uv":[12.25,1.0,12.625,1.875],"tintindex":0,"rotation":0,"texture":"#0"},"up":{"uv":[14.875,4.375,14.75,4.0],"tintindex":0,"rotation":0,"texture":"#0"},"down":{"uv":[14.875,4.5,14.75,4.875],"tintindex":0,"rotation":0,"texture":"#0"}},"rotation":{"origin":[2.9092522,11.8646965,2.776166],"angle":-22.5,"axis":"x"}},{"from":[12.47238,3.03331,9.680677],"to":[12.97863,4.2145615,10.074427],"faces":{"east":{"uv":[14.75,14.5,14.875,14.75],"tintindex":0,"rotation":0,"texture":"#0"},"south":{"uv":[14.75,14.75,14.875,15.0],"tintindex":0,"rotation":0,"texture":"#0"},"north":{"uv":[14.75,14.25,14.875,14.5],"tintindex":0,"rotation":0,"texture":"#0"},"west":{"uv":[0.0,15.0,0.125,15.25],"tintindex":0,"rotation":0,"texture":"#0"},"up":{"uv":[15.375,13.625,15.25,13.5],"tintindex":0,"rotation":0,"texture":"#0"},"down":{"uv":[13.875,15.25,13.75,15.375],"tintindex":0,"rotation":0,"texture":"#0"}},"rotation":{"origin":[2.9092522,11.8646965,2.776166],"angle":-22.5,"axis":"z"}},{"from":[8.218072,1.1236095,9.455677],"to":[9.286822,5.961111,10.299427],"faces":{"east":{"uv":[11.0,13.75,11.125,14.75],"tintindex":0,"rotation":0,"texture":"#0"},"south":{"uv":[12.75,9.25,13.0,10.25],"tintindex":0,"rotation":0,"texture":"#0"},"north":{"uv":[4.0,12.75,4.25,13.75],"tintindex":0,"rotation":0,"texture":"#0"},"west":{"uv":[11.25,13.75,11.375,14.75],"tintindex":0,"rotation":0,"texture":"#0"},"up":{"uv":[15.25,0.125,15.0,0.0],"tintindex":0,"rotation":0,"texture":"#0"},"down":{"uv":[0.5,15.0,0.25,15.125],"tintindex":0,"rotation":0,"texture":"#0"}}},{"from":[8.443071,2.326643,8.000856],"to":[9.061822,5.139143,8.507107],"faces":{"east":{"uv":[10.0,14.5,10.125,15.0],"tintindex":0,"rotation":0,"texture":"#0"},"south":{"uv":[10.25,14.5,10.375,15.0],"tintindex":0,"rotation":0,"texture":"#0"},"north":{"uv":[9.75,14.5,9.875,15.0],"tintindex":0,"rotation":0,"texture":"#0"},"west":{"uv":[14.5,10.75,14.625,11.25],"tintindex":0,"rotation":0,"texture":"#0"},"up":{"uv":[15.375,14.625,15.25,14.5],"tintindex":0,"rotation":0,"texture":"#0"},"down":{"uv":[14.875,15.25,14.75,15.375],"tintindex":0,"rotation":0,"texture":"#0"}},"rotation":{"origin":[2.9092522,11.8646965,2.776166],"angle":22.5,"axis":"x"}},{"from":[8.443071,4.8016415,7.832106],"to":[9.511822,7.389143,8.675856],"faces":{"east":{"uv":[14.5,11.25,14.625,11.75],"tintindex":0,"rotation":0,"texture":"#0"},"south":{"uv":[13.75,11.75,14.0,12.25],"tintindex":0,"rotation":0,"texture":"#0"},"north":{"uv":[11.5,13.75,11.75,14.25],"tintindex":0,"rotation":0,"texture":"#0"},"west":{"uv":[11.75,14.5,11.875,15.0],"tintindex":0,"rotation":0,"texture":"#0"},"up":{"uv":[15.25,1.625,15.0,1.5],"tintindex":0,"rotation":0,"texture":"#0"},"down":{"uv":[2.0,15.0,1.75,15.125],"tintindex":0,"rotation":0,"texture":"#0"}},"rotation":{"origin":[2.9092522,11.8646965,2.776166],"angle":22.5,"axis":"x"}},{"from":[8.218072,1.1236095,6.080677],"to":[9.286822,5.961111,6.924427],"faces":{"east":{"uv":[13.75,12.25,13.875,13.25],"tintindex":0,"rotation":0,"texture":"#0"},"south":{"uv":[11.0,12.75,11.25,13.75],"tintindex":0,"rotation":0,"texture":"#0"},"north":{"uv":[10.75,12.75,11.0,13.75],"tintindex":0,"rotation":0,"texture":"#0"},"west":{"uv":[12.75,13.75,12.875,14.75],"tintindex":0,"rotation":0,"texture":"#0"},"up":{"uv":[15.25,1.875,15.0,1.75],"tintindex":0,"rotation":0,"texture":"#0"},"down":{"uv":[2.25,15.0,2.0,15.125],"tintindex":0,"rotation":0,"texture":"#0"}}},{"from":[13.09113,0.22080994,6.3056774],"to":[13.42863,1.2895603,6.699427],"faces":{"east":{"uv":[0.5,15.0,0.625,15.25],"tintindex":0,"rotation":0,"texture":"#0"},"south":{"uv":[15.0,0.5,15.125,0.75],"tintindex":0,"rotation":0,"texture":"#0"},"north":{"uv":[15.0,0.25,15.125,0.5],"tintindex":0,"rotation":0,"texture":"#0"},"west":{"uv":[0.75,15.0,0.875,15.25],"tintindex":0,"rotation":0,"texture":"#0"},"up":{"uv":[15.375,14.125,15.25,14.0],"tintindex":0,"rotation":0,"texture":"#0"},"down":{"uv":[14.375,15.25,14.25,15.375],"tintindex":0,"rotation":0,"texture":"#0"}},"rotation":{"origin":[2.9092522,11.8646965,2.776166],"angle":-22.5,"axis":"z"}},{"from":[7.599322,5.706846,8.202573],"to":[8.161821,10.094347,10.171323],"faces":{"east":{"uv":[5.0,12.25,5.375,13.125],"tintindex":0,"rotation":0,"texture":"#0"},"south":{"uv":[4.5,14.0,4.625,14.875],"tintindex":0,"rotation":0,"texture":"#0"},"north":{"uv":[4.25,14.0,4.375,14.875],"tintindex":0,"rotation":0,"texture":"#0"},"west":{"uv":[10.25,12.25,10.625,13.125],"tintindex":0,"rotation":0,"texture":"#0"},"up":{"uv":[14.875,5.375,14.75,5.0],"tintindex":0,"rotation":0,"texture":"#0"},"down":{"uv":[5.625,14.75,5.5,15.125],"tintindex":0,"rotation":0,"texture":"#0"}},"rotation":{"origin":[2.9092522,11.8646965,2.776166],"angle":22.5,"axis":"x"}},{"from":[13.118158,1.4742641,7.9931774],"to":[13.624409,2.6555138,8.386927],"faces":{"east":{"uv":[14.75,12.25,14.875,12.5],"tintindex":0,"rotation":0,"texture":"#0"},"south":{"uv":[12.5,14.75,12.625,15.0],"tintindex":0,"rotation":0,"texture":"#0"},"north":{"uv":[12.25,14.75,12.375,15.0],"tintindex":0,"rotation":0,"texture":"#0"},"west":{"uv":[14.75,12.5,14.875,12.75],"tintindex":0,"rotation":0,"texture":"#0"},"up":{"uv":[15.375,12.875,15.25,12.75],"tintindex":0,"rotation":0,"texture":"#0"},"down":{"uv":[13.125,15.25,13.0,15.375],"tintindex":0,"rotation":0,"texture":"#0"}},"rotation":{"origin":[2.9092522,11.8646965,2.776166],"angle":-22.5,"axis":"z"}},{"from":[13.09113,0.22080994,9.680677],"to":[13.42863,1.2895603,10.074427],"faces":{"east":{"uv":[14.75,13.5,14.875,13.75],"tintindex":0,"rotation":0,"texture":"#0"},"south":{"uv":[14.75,13.75,14.875,14.0],"tintindex":0,"rotation":0,"texture":"#0"},"north":{"uv":[13.5,14.75,13.625,15.0],"tintindex":0,"rotation":0,"texture":"#0"},"west":{"uv":[14.75,14.0,14.875,14.25],"tintindex":0,"rotation":0,"texture":"#0"},"up":{"uv":[15.375,13.375,15.25,13.25],"tintindex":0,"rotation":0,"texture":"#0"},"down":{"uv":[13.625,15.25,13.5,15.375],"tintindex":0,"rotation":0,"texture":"#0"}},"rotation":{"origin":[2.9092522,11.8646965,2.776166],"angle":-22.5,"axis":"z"}},{"from":[8.218072,-0.56389046,7.768177],"to":[9.286822,4.273611,8.611927],"faces":{"east":{"uv":[10.75,13.75,10.875,14.75],"tintindex":0,"rotation":0,"texture":"#0"},"south":{"uv":[3.75,12.75,4.0,13.75],"tintindex":0,"rotation":0,"texture":"#0"},"north":{"uv":[3.5,12.75,3.75,13.75],"tintindex":0,"rotation":0,"texture":"#0"},"west":{"uv":[13.75,10.75,13.875,11.75],"tintindex":0,"rotation":0,"texture":"#0"},"up":{"uv":[12.25,14.875,12.0,14.75],"tintindex":0,"rotation":0,"texture":"#0"},"down":{"uv":[15.0,12.0,14.75,12.125],"tintindex":0,"rotation":0,"texture":"#0"}}},{"from":[12.47238,3.03331,6.3056774],"to":[12.97863,4.2145615,6.699427],"faces":{"east":{"uv":[1.0,15.0,1.125,15.25],"tintindex":0,"rotation":0,"texture":"#0"},"south":{"uv":[1.25,15.0,1.375,15.25],"tintindex":0,"rotation":0,"texture":"#0"},"north":{"uv":[15.0,0.75,15.125,1.0],"tintindex":0,"rotation":0,"texture":"#0"},"west":{"uv":[1.5,15.0,1.625,15.25],"tintindex":0,"rotation":0,"texture":"#0"},"up":{"uv":[15.375,14.375,15.25,14.25],"tintindex":0,"rotation":0,"texture":"#0"},"down":{"uv":[14.625,15.25,14.5,15.375],"tintindex":0,"rotation":0,"texture":"#0"}},"rotation":{"origin":[2.9092522,11.8646965,2.776166],"angle":-22.5,"axis":"z"}}],"display":{"gui":{"rotation":[30,225,0]}}}