{"textures":{"0":"modelengine:entity/nes_bacteria"},"elements":[{"from":[9.180484,-9.339664,2.8227506],"to":[10.305484,-0.11466217,3.9477506],"faces":{"east":{"uv":[3.0,11.0,3.25,12.875],"tintindex":0,"rotation":0,"texture":"#0"},"south":{"uv":[3.25,11.0,3.5,12.875],"tintindex":0,"rotation":0,"texture":"#0"},"north":{"uv":[2.75,11.0,3.0,12.875],"tintindex":0,"rotation":0,"texture":"#0"},"west":{"uv":[11.0,3.25,11.25,5.125],"tintindex":0,"rotation":0,"texture":"#0"},"up":{"uv":[14.75,9.75,14.5,9.5],"tintindex":0,"rotation":0,"texture":"#0"},"down":{"uv":[14.75,11.75,14.5,12.0],"tintindex":0,"rotation":0,"texture":"#0"}},"rotation":{"origin":[2.6263542,-15.239822,3.046637],"angle":-45.0,"axis":"y"}},{"from":[9.180484,-0.33966446,2.4477506],"to":[10.680484,10.385338,3.9477506],"faces":{"east":{"uv":[3.75,10.5,4.0,12.625],"tintindex":0,"rotation":0,"texture":"#0"},"south":{"uv":[4.0,10.5,4.25,12.625],"tintindex":0,"rotation":0,"texture":"#0"},"north":{"uv":[3.5,10.5,3.75,12.625],"tintindex":0,"rotation":0,"texture":"#0"},"west":{"uv":[10.5,5.25,10.75,7.375],"tintindex":0,"rotation":0,"texture":"#0"},"up":{"uv":[14.75,8.75,14.5,8.5],"tintindex":0,"rotation":0,"texture":"#0"},"down":{"uv":[14.75,8.75,14.5,9.0],"tintindex":0,"rotation":0,"texture":"#0"}},"rotation":{"origin":[2.6263542,-15.239822,3.046637],"angle":-45.0,"axis":"y"}}],"display":{"gui":{"rotation":[30,225,0]}}}