{"textures":{"0":"modelengine:entity/nes_bacteria"},"elements":[{"from":[19.44846,-0.9111099,7.56875],"to":[20.423458,1.9013901,8.39375],"faces":{"east":{"uv":[0.75,14.25,0.875,14.875],"tintindex":0,"rotation":0,"texture":"#0"},"south":{"uv":[8.0,13.25,8.25,13.875],"tintindex":0,"rotation":0,"texture":"#0"},"north":{"uv":[5.25,13.25,5.5,13.875],"tintindex":0,"rotation":0,"texture":"#0"},"west":{"uv":[14.25,0.75,14.375,1.375],"tintindex":0,"rotation":0,"texture":"#0"},"up":{"uv":[11.25,14.875,11.0,14.75],"tintindex":0,"rotation":0,"texture":"#0"},"down":{"uv":[15.0,11.0,14.75,11.125],"tintindex":0,"rotation":0,"texture":"#0"}},"rotation":{"origin":[4.90609,27.845081,3.8611135],"angle":-22.5,"axis":"z"}},{"from":[7.491497,-8.191784,7.68125],"to":[8.016497,-5.191784,8.28125],"faces":{"east":{"uv":[9.5,14.25,9.625,14.875],"tintindex":0,"rotation":0,"texture":"#0"},"south":{"uv":[14.25,10.75,14.375,11.375],"tintindex":0,"rotation":0,"texture":"#0"},"north":{"uv":[9.25,14.25,9.375,14.875],"tintindex":0,"rotation":0,"texture":"#0"},"west":{"uv":[11.5,14.25,11.625,14.875],"tintindex":0,"rotation":0,"texture":"#0"},"up":{"uv":[7.125,15.625,7.0,15.5],"tintindex":0,"rotation":0,"texture":"#0"},"down":{"uv":[15.625,7.0,15.5,7.125],"tintindex":0,"rotation":0,"texture":"#0"}}},{"from":[7.4539967,-0.11678791,19.410107],"to":[8.278997,2.695712,20.385105],"faces":{"east":{"uv":[9.0,13.5,9.25,14.125],"tintindex":0,"rotation":0,"texture":"#0"},"south":{"uv":[14.25,12.25,14.375,12.875],"tintindex":0,"rotation":0,"texture":"#0"},"north":{"uv":[14.25,11.5,14.375,12.125],"tintindex":0,"rotation":0,"texture":"#0"},"west":{"uv":[9.25,13.5,9.5,14.125],"tintindex":0,"rotation":0,"texture":"#0"},"up":{"uv":[15.375,2.75,15.25,2.5],"tintindex":0,"rotation":0,"texture":"#0"},"down":{"uv":[2.875,15.25,2.75,15.5],"tintindex":0,"rotation":0,"texture":"#0"}},"rotation":{"origin":[4.90609,27.845081,3.8611135],"angle":22.5,"axis":"x"}},{"from":[7.341497,-2.191784,7.30625],"to":[8.841497,8.308216,8.80625],"faces":{"east":{"uv":[7.25,10.25,7.5,12.375],"tintindex":0,"rotation":0,"texture":"#0"},"south":{"uv":[7.5,10.25,7.75,12.375],"tintindex":0,"rotation":0,"texture":"#0"},"north":{"uv":[7.0,9.25,7.25,11.375],"tintindex":0,"rotation":0,"texture":"#0"},"west":{"uv":[7.75,10.25,8.0,12.375],"tintindex":0,"rotation":0,"texture":"#0"},"up":{"uv":[7.25,5.75,7.0,5.5],"tintindex":0,"rotation":0,"texture":"#0"},"down":{"uv":[4.5,9.75,4.25,10.0],"tintindex":0,"rotation":0,"texture":"#0"}}},{"from":[7.341497,-5.191784,7.53125],"to":[8.316497,-2.191784,8.43125],"faces":{"east":{"uv":[0.25,14.25,0.375,14.875],"tintindex":0,"rotation":0,"texture":"#0"},"south":{"uv":[5.0,13.25,5.25,13.875],"tintindex":0,"rotation":0,"texture":"#0"},"north":{"uv":[13.25,4.75,13.5,5.375],"tintindex":0,"rotation":0,"texture":"#0"},"west":{"uv":[0.5,14.25,0.625,14.875],"tintindex":0,"rotation":0,"texture":"#0"},"up":{"uv":[15.0,9.625,14.75,9.5],"tintindex":0,"rotation":0,"texture":"#0"},"down":{"uv":[15.0,10.75,14.75,10.875],"tintindex":0,"rotation":0,"texture":"#0"}}}],"display":{"gui":{"rotation":[30,225,0]}}}