{
  "textures": {
    "0": "modelengine:entity/nes_bacteria"
  },
  "elements": [
    {
      "from": [
        9.835651,
        3.3347893,
        7.432314
      ],
      "to": [
        10.585651,
        5.0597878,
        9.007314
      ],
      "faces": {
        "east": {
          "uv": [
            13.75,
            5.25,
            14.125,
            5.625
          ],
          "tintindex": 0,
          "rotation": 0,
          "texture": "#0"
        },
        "south": {
          "uv": [
            14.75,
            2.5,
            14.875,
            2.875
          ],
          "tintindex": 0,
          "rotation": 0,
          "texture": "#0"
        },
        "north": {
          "uv": [
            14.75,
            2,
            14.875,
            2.375
          ],
          "tintindex": 0,
          "rotation": 0,
          "texture": "#0"
        },
        "west": {
          "uv": [
            13.75,
            5.75,
            14.125,
            6.125
          ],
          "tintindex": 0,
          "rotation": 0,
          "texture": "#0"
        },
        "up": {
          "uv": [
            14.875,
            3.375,
            14.75,
            3
          ],
          "tintindex": 0,
          "rotation": 0,
          "texture": "#0"
        },
        "down": {
          "uv": [
            14.875,
            3.5,
            14.75,
            3.875
          ],
          "tintindex": 0,
          "rotation": 0,
          "texture": "#0"
        }
      },
      "rotation": {
        "origin": [
          3.2139974,
          2.1266632,
          2.9481611
        ],
        "angle": 22.5,
        "axis": "z"
      }
    },
    {
      "from": [
        7.7442784,
        5.776821,
        7.282314
      ],
      "to": [
        8.869278,
        8.251823,
        9.157314
      ],
      "faces": {
        "east": {
          "uv": [
            13,
            11.75,
            13.375,
            12.25
          ],
          "tintindex": 0,
          "rotation": 0,
          "texture": "#0"
        },
        "south": {
          "uv": [
            8.5,
            13.75,
            8.75,
            14.25
          ],
          "tintindex": 0,
          "rotation": 0,
          "texture": "#0"
        },
        "north": {
          "uv": [
            12.75,
            2.5,
            13,
            3
          ],
          "tintindex": 0,
          "rotation": 0,
          "texture": "#0"
        },
        "west": {
          "uv": [
            13,
            12.25,
            13.375,
            12.75
          ],
          "tintindex": 0,
          "rotation": 0,
          "texture": "#0"
        },
        "up": {
          "uv": [
            7,
            14.375,
            6.75,
            14
          ],
          "tintindex": 0,
          "rotation": 0,
          "texture": "#0"
        },
        "down": {
          "uv": [
            7.25,
            14,
            7,
            14.375
          ],
          "tintindex": 0,
          "rotation": 0,
          "texture": "#0"
        }
      }
    },
    {
      "from": [
        9.805626,
        -4.1981773,
        2.7242746
      ],
      "to": [
        10.668127,
        2.0268211,
        3.4367747
      ],
      "faces": {
        "east": {
          "uv": [
            7.5,
            13.5,
            7.625,
            14.75
          ],
          "tintindex": 0,
          "rotation": 0,
          "texture": "#0"
        },
        "south": {
          "uv": [
            7.75,
            13.5,
            7.875,
            14.75
          ],
          "tintindex": 0,
          "rotation": 0,
          "texture": "#0"
        },
        "north": {
          "uv": [
            13.5,
            6.5,
            13.625,
            7.75
          ],
          "tintindex": 0,
          "rotation": 0,
          "texture": "#0"
        },
        "west": {
          "uv": [
            8.75,
            13.5,
            8.875,
            14.75
          ],
          "tintindex": 0,
          "rotation": 0,
          "texture": "#0"
        },
        "up": {
          "uv": [
            15.375,
            12.375,
            15.25,
            12.25
          ],
          "tintindex": 0,
          "rotation": 0,
          "texture": "#0"
        },
        "down": {
          "uv": [
            12.625,
            15.25,
            12.5,
            15.375
          ],
          "tintindex": 0,
          "rotation": 0,
          "texture": "#0"
        }
      },
      "rotation": {
        "origin": [
          3.2139974,
          2.1266632,
          2.9481611
        ],
        "angle": -45,
        "axis": "y"
      }
    },
    {
      "from": [
        4.4660707,
        7.78553,
        7.432314
      ],
      "to": [
        5.9660707,
        9.510532,
        9.007314
      ],
      "faces": {
        "east": {
          "uv": [
            13.75,
            6.25,
            14.125,
            6.625
          ],
          "tintindex": 0,
          "rotation": 0,
          "texture": "#0"
        },
        "south": {
          "uv": [
            8,
            14,
            8.25,
            14.375
          ],
          "tintindex": 0,
          "rotation": 0,
          "texture": "#0"
        },
        "north": {
          "uv": [
            7.25,
            14,
            7.5,
            14.375
          ],
          "tintindex": 0,
          "rotation": 0,
          "texture": "#0"
        },
        "west": {
          "uv": [
            13.75,
            6.75,
            14.125,
            7.125
          ],
          "tintindex": 0,
          "rotation": 0,
          "texture": "#0"
        },
        "up": {
          "uv": [
            8.5,
            14.375,
            8.25,
            14
          ],
          "tintindex": 0,
          "rotation": 0,
          "texture": "#0"
        },
        "down": {
          "uv": [
            10,
            14,
            9.75,
            14.375
          ],
          "tintindex": 0,
          "rotation": 0,
          "texture": "#0"
        }
      },
      "rotation": {
        "origin": [
          3.2139974,
          2.1266632,
          2.9481611
        ],
        "angle": -22.5,
        "axis": "z"
      }
    },
    {
      "from": [
        9.768127,
        2.0268211,
        2.4242744
      ],
      "to": [
        10.893127,
        6.7518234,
        3.4742746
      ],
      "faces": {
        "east": {
          "uv": [
            12.75,
            0.75,
            13,
            1.75
          ],
          "tintindex": 0,
          "rotation": 0,
          "texture": "#0"
        },
        "south": {
          "uv": [
            1,
            12.75,
            1.25,
            13.75
          ],
          "tintindex": 0,
          "rotation": 0,
          "texture": "#0"
        },
        "north": {
          "uv": [
            1,
            7.25,
            1.25,
            8.25
          ],
          "tintindex": 0,
          "rotation": 0,
          "texture": "#0"
        },
        "west": {
          "uv": [
            1.25,
            12.75,
            1.5,
            13.75
          ],
          "tintindex": 0,
          "rotation": 0,
          "texture": "#0"
        },
        "up": {
          "uv": [
            14.75,
            9.25,
            14.5,
            9
          ],
          "tintindex": 0,
          "rotation": 0,
          "texture": "#0"
        },
        "down": {
          "uv": [
            14.75,
            9.25,
            14.5,
            9.5
          ],
          "tintindex": 0,
          "rotation": 0,
          "texture": "#0"
        }
      },
      "rotation": {
        "origin": [
          3.2139974,
          2.1266632,
          2.9481611
        ],
        "angle": -45,
        "axis": "y"
      }
    },
    {
      "from": [
        9.768127,
        -8.998495,
        2.4242744
      ],
      "to": [
        10.893127,
        -4.2734947,
        3.4742746
      ],
      "faces": {
        "east": {
          "uv": [
            1.5,
            13,
            1.75,
            14
          ],
          "tintindex": 0,
          "rotation": 0,
          "texture": "#0"
        },
        "south": {
          "uv": [
            1.75,
            13,
            2,
            14
          ],
          "tintindex": 0,
          "rotation": 0,
          "texture": "#0"
        },
        "north": {
          "uv": [
            13,
            0.75,
            13.25,
            1.75
          ],
          "tintindex": 0,
          "rotation": 0,
          "texture": "#0"
        },
        "west": {
          "uv": [
            13,
            1.75,
            13.25,
            2.75
          ],
          "tintindex": 0,
          "rotation": 0,
          "texture": "#0"
        },
        "up": {
          "uv": [
            12.25,
            14.75,
            12,
            14.5
          ],
          "tintindex": 0,
          "rotation": 0,
          "texture": "#0"
        },
        "down": {
          "uv": [
            14.75,
            12,
            14.5,
            12.25
          ],
          "tintindex": 0,
          "rotation": 0,
          "texture": "#0"
        }
      },
      "rotation": {
        "origin": [
          3.2139974,
          -64.37334,
          2.9481611
        ],
        "angle": -45,
        "axis": "y"
      }
    },
    {
      "from": [
        7.8239703,
        1.7412643,
        7.780797
      ],
      "to": [
        8.87397,
        5.266266,
        8.230797
      ],
      "faces": {
        "east": {
          "uv": [
            10.5,
            14,
            10.625,
            14.75
          ],
          "tintindex": 0,
          "rotation": 0,
          "texture": "#0"
        },
        "south": {
          "uv": [
            13,
            12.75,
            13.25,
            13.5
          ],
          "tintindex": 0,
          "rotation": 0,
          "texture": "#0"
        },
        "north": {
          "uv": [
            11.5,
            13,
            11.75,
            13.75
          ],
          "tintindex": 0,
          "rotation": 0,
          "texture": "#0"
        },
        "west": {
          "uv": [
            14,
            10.75,
            14.125,
            11.5
          ],
          "tintindex": 0,
          "rotation": 0,
          "texture": "#0"
        },
        "up": {
          "uv": [
            15.25,
            2.625,
            15,
            2.5
          ],
          "tintindex": 0,
          "rotation": 0,
          "texture": "#0"
        },
        "down": {
          "uv": [
            3,
            15,
            2.75,
            15.125
          ],
          "tintindex": 0,
          "rotation": 0,
          "texture": "#0"
        }
      },
      "rotation": {
        "origin": [
          3.2139974,
          2.1266632,
          2.9481611
        ],
        "angle": 22.5,
        "axis": "z"
      }
    }
  ],
  "display": {
    "gui": {
      "rotation": [
        30,
        225,
        0
      ]
    }
  }
}