{"textures":{"0":"modelengine:entity/nes_bacteria"},"elements":[{"from":[11.26391,3.128872,7.0874996],"to":[12.23891,5.378872,9.0375],"faces":{"east":{"uv":[13.25,1.25,13.625,1.75],"tintindex":0,"rotation":0,"texture":"#0"},"south":{"uv":[13.75,13.75,14.0,14.25],"tintindex":0,"rotation":0,"texture":"#0"},"north":{"uv":[13.75,13.25,14.0,13.75],"tintindex":0,"rotation":0,"texture":"#0"},"west":{"uv":[13.25,1.75,13.625,2.25],"tintindex":0,"rotation":0,"texture":"#0"},"up":{"uv":[14.25,11.875,14.0,11.5],"tintindex":0,"rotation":0,"texture":"#0"},"down":{"uv":[12.0,14.0,11.75,14.375],"tintindex":0,"rotation":0,"texture":"#0"}},"rotation":{"origin":[8.94733,11.566483,3.492364],"angle":-45.0,"axis":"z"}},{"from":[8.685392,1.9246082,6.9375],"to":[10.560392,10.924606,9.1875],"faces":{"east":{"uv":[7.75,8.5,8.25,10.25],"tintindex":0,"rotation":0,"texture":"#0"},"south":{"uv":[0.5,9.5,0.875,11.25],"tintindex":0,"rotation":0,"texture":"#0"},"north":{"uv":[9.25,9.25,9.625,11.0],"tintindex":0,"rotation":0,"texture":"#0"},"west":{"uv":[8.25,8.5,8.75,10.25],"tintindex":0,"rotation":0,"texture":"#0"},"up":{"uv":[13.625,0.75,13.25,0.25],"tintindex":0,"rotation":0,"texture":"#0"},"down":{"uv":[13.625,0.75,13.25,1.25],"tintindex":0,"rotation":0,"texture":"#0"}},"rotation":{"origin":[8.94733,11.566483,3.492364],"angle":-22.5,"axis":"z"}},{"from":[4.636924,-7.9703827,6.1875],"to":[7.261924,4.0296173,9.5625],"faces":{"east":{"uv":[2.0,5.75,2.625,8.125],"tintindex":0,"rotation":0,"texture":"#0"},"south":{"uv":[0.0,7.25,0.5,9.625],"tintindex":0,"rotation":0,"texture":"#0"},"north":{"uv":[6.75,6.75,7.25,9.125],"tintindex":0,"rotation":0,"texture":"#0"},"west":{"uv":[2.75,5.75,3.375,8.125],"tintindex":0,"rotation":0,"texture":"#0"},"up":{"uv":[10.25,13.125,9.75,12.5],"tintindex":0,"rotation":0,"texture":"#0"},"down":{"uv":[0.5,12.75,0.0,13.375],"tintindex":0,"rotation":0,"texture":"#0"}}}],"display":{"gui":{"rotation":[30,225,0]}}}