{"textures":{"0":"modelengine:entity/nes_bacteria"},"elements":[{"from":[7.6503873,5.356349,7.5139585],"to":[8.261102,8.120635,8.638958],"rotation":{"angle":0.0,"axis":"y","origin":[10.9089985,10.208399,5.0149517]},"faces":{"east":{"uv":[9.75,11.5,10.125,12.5],"rotation":0,"texture":"#0","tintindex":0},"south":{"uv":[13.0,4.75,13.25,5.75],"rotation":0,"texture":"#0","tintindex":0},"north":{"uv":[4.75,13.0,5.0,14.0],"rotation":0,"texture":"#0","tintindex":0},"west":{"uv":[0.0,11.75,0.375,12.75],"rotation":0,"texture":"#0","tintindex":0},"up":{"uv":[12.5,14.375,12.25,14.0],"rotation":0,"texture":"#0","tintindex":0},"down":{"uv":[12.75,14.0,12.5,14.375],"rotation":0,"texture":"#0","tintindex":0}}},{"from":[7.9075303,4.3747277,6.4337416],"to":[8.228959,6.8818703,7.5587416],"rotation":{"angle":-22.5,"axis":"x","origin":[10.9089985,10.208399,5.0149517]},"faces":{"east":{"uv":[11.75,12.25,12.125,13.125],"rotation":0,"texture":"#0","tintindex":0},"south":{"uv":[5.0,14.0,5.125,14.875],"rotation":0,"texture":"#0","tintindex":0},"north":{"uv":[4.75,14.0,4.875,14.875],"rotation":0,"texture":"#0","tintindex":0},"west":{"uv":[12.25,12.25,12.625,13.125],"rotation":0,"texture":"#0","tintindex":0},"up":{"uv":[14.875,9.375,14.75,9.0],"rotation":0,"texture":"#0","tintindex":0},"down":{"uv":[14.875,10.25,14.75,10.625],"rotation":0,"texture":"#0","tintindex":0}}},{"from":[7.9075303,6.6896267,8.115756],"to":[8.228959,9.19677,9.240756],"rotation":{"angle":22.5,"axis":"x","origin":[10.9089985,10.208399,5.0149517]},"faces":{"east":{"uv":[12.5,4.75,12.875,5.625],"rotation":0,"texture":"#0","tintindex":0},"south":{"uv":[6.0,14.0,6.125,14.875],"rotation":0,"texture":"#0","tintindex":0},"north":{"uv":[5.25,14.0,5.375,14.875],"rotation":0,"texture":"#0","tintindex":0},"west":{"uv":[5.5,12.5,5.875,13.375],"rotation":0,"texture":"#0","tintindex":0},"up":{"uv":[10.625,15.125,10.5,14.75],"rotation":0,"texture":"#0","tintindex":0},"down":{"uv":[10.875,14.75,10.75,15.125],"rotation":0,"texture":"#0","tintindex":0}}},{"from":[7.264673,3.1063485,7.86753],"to":[7.875387,5.8706346,8.349672],"rotation":{"angle":0.0,"axis":"y","origin":[10.9089985,10.208399,5.0149517]},"faces":{"east":{"uv":[1.5,14.0,1.625,15.0],"rotation":0,"texture":"#0","tintindex":0},"south":{"uv":[6.25,13.0,6.5,14.0],"rotation":0,"texture":"#0","tintindex":0},"north":{"uv":[6.0,13.0,6.25,14.0],"rotation":0,"texture":"#0","tintindex":0},"west":{"uv":[1.75,14.0,1.875,15.0],"rotation":0,"texture":"#0","tintindex":0},"up":{"uv":[15.5,3.625,15.25,3.5],"rotation":0,"texture":"#0","tintindex":0},"down":{"uv":[4.0,15.25,3.75,15.375],"rotation":0,"texture":"#0","tintindex":0}}},{"from":[7.500387,1.3706346,7.9639583],"to":[7.8539586,3.2992063,8.253244],"rotation":{"angle":0.0,"axis":"y","origin":[10.9089985,10.208399,5.0149517]},"faces":{"east":{"uv":[14.5,4.25,14.625,4.875],"rotation":0,"texture":"#0","tintindex":0},"south":{"uv":[14.5,5.0,14.625,5.625],"rotation":0,"texture":"#0","tintindex":0},"north":{"uv":[14.5,3.5,14.625,4.125],"rotation":0,"texture":"#0","tintindex":0},"west":{"uv":[14.5,5.75,14.625,6.375],"rotation":0,"texture":"#0","tintindex":0},"up":{"uv":[7.875,15.625,7.75,15.5],"rotation":0,"texture":"#0","tintindex":0},"down":{"uv":[15.625,7.75,15.5,7.875],"rotation":0,"texture":"#0","tintindex":0}}},{"from":[4.7860518,4.2710085,7.9961014],"to":[5.075338,4.946008,8.221102],"rotation":{"angle":22.5,"axis":"z","origin":[10.9089985,10.208399,5.0149517]},"faces":{"east":{"uv":[4.0,15.25,4.125,15.5],"rotation":0,"texture":"#0","tintindex":0},"south":{"uv":[15.25,4.0,15.375,4.25],"rotation":0,"texture":"#0","tintindex":0},"north":{"uv":[15.25,3.75,15.375,4.0],"rotation":0,"texture":"#0","tintindex":0},"west":{"uv":[4.25,15.25,4.375,15.5],"rotation":0,"texture":"#0","tintindex":0},"up":{"uv":[8.125,15.625,8.0,15.5],"rotation":0,"texture":"#0","tintindex":0},"down":{"uv":[15.625,8.0,15.5,8.125],"rotation":0,"texture":"#0","tintindex":0}}},{"from":[4.528909,2.6638656,7.9961014],"to":[4.7217665,3.2745795,8.221102],"rotation":{"angle":22.5,"axis":"z","origin":[10.9089985,10.208399,5.0149517]},"faces":{"east":{"uv":[4.5,15.25,4.625,15.5],"rotation":0,"texture":"#0","tintindex":0},"south":{"uv":[15.25,4.5,15.375,4.75],"rotation":0,"texture":"#0","tintindex":0},"north":{"uv":[15.25,4.25,15.375,4.5],"rotation":0,"texture":"#0","tintindex":0},"west":{"uv":[4.75,15.25,4.875,15.5],"rotation":0,"texture":"#0","tintindex":0},"up":{"uv":[8.375,15.625,8.25,15.5],"rotation":0,"texture":"#0","tintindex":0},"down":{"uv":[15.625,8.25,15.5,8.375],"rotation":0,"texture":"#0","tintindex":0}}},{"from":[4.8979254,3.554749,8.960387],"to":[5.0907826,4.1654634,9.185387],"rotation":{"angle":22.5,"axis":"z","origin":[10.9089985,10.208399,5.0149517]},"faces":{"east":{"uv":[5.0,15.25,5.125,15.5],"rotation":0,"texture":"#0","tintindex":0},"south":{"uv":[15.25,5.0,15.375,5.25],"rotation":0,"texture":"#0","tintindex":0},"north":{"uv":[15.25,4.75,15.375,5.0],"rotation":0,"texture":"#0","tintindex":0},"west":{"uv":[5.25,15.25,5.375,15.5],"rotation":0,"texture":"#0","tintindex":0},"up":{"uv":[8.625,15.625,8.5,15.5],"rotation":0,"texture":"#0","tintindex":0},"down":{"uv":[15.625,8.5,15.5,8.625],"rotation":0,"texture":"#0","tintindex":0}}},{"from":[5.1550684,5.161892,8.960387],"to":[5.444354,5.836892,9.185387],"rotation":{"angle":22.5,"axis":"z","origin":[10.9089985,10.208399,5.0149517]},"faces":{"east":{"uv":[5.5,15.25,5.625,15.5],"rotation":0,"texture":"#0","tintindex":0},"south":{"uv":[15.25,5.5,15.375,5.75],"rotation":0,"texture":"#0","tintindex":0},"north":{"uv":[15.25,5.25,15.375,5.5],"rotation":0,"texture":"#0","tintindex":0},"west":{"uv":[5.75,15.25,5.875,15.5],"rotation":0,"texture":"#0","tintindex":0},"up":{"uv":[8.875,15.625,8.75,15.5],"rotation":0,"texture":"#0","tintindex":0},"down":{"uv":[15.625,8.75,15.5,8.875],"rotation":0,"texture":"#0","tintindex":0}}},{"from":[7.500387,2.3349204,8.928245],"to":[7.8539586,4.2634916,9.21753],"rotation":{"angle":0.0,"axis":"y","origin":[10.9089985,10.208399,5.0149517]},"faces":{"east":{"uv":[6.5,14.5,6.625,15.125],"rotation":0,"texture":"#0","tintindex":0},"south":{"uv":[14.5,6.5,14.625,7.125],"rotation":0,"texture":"#0","tintindex":0},"north":{"uv":[6.25,14.5,6.375,15.125],"rotation":0,"texture":"#0","tintindex":0},"west":{"uv":[6.75,14.5,6.875,15.125],"rotation":0,"texture":"#0","tintindex":0},"up":{"uv":[9.125,15.625,9.0,15.5],"rotation":0,"texture":"#0","tintindex":0},"down":{"uv":[15.625,9.0,15.5,9.125],"rotation":0,"texture":"#0","tintindex":0}}},{"from":[7.264673,4.070635,8.831816],"to":[7.875387,6.8349204,9.313958],"rotation":{"angle":0.0,"axis":"y","origin":[10.9089985,10.208399,5.0149517]},"faces":{"east":{"uv":[2.5,14.0,2.625,15.0],"rotation":0,"texture":"#0","tintindex":0},"south":{"uv":[6.75,13.0,7.0,14.0],"rotation":0,"texture":"#0","tintindex":0},"north":{"uv":[6.5,13.0,6.75,14.0],"rotation":0,"texture":"#0","tintindex":0},"west":{"uv":[2.75,14.0,2.875,15.0],"rotation":0,"texture":"#0","tintindex":0},"up":{"uv":[15.5,5.875,15.25,5.75],"rotation":0,"texture":"#0","tintindex":0},"down":{"uv":[6.25,15.25,6.0,15.375],"rotation":0,"texture":"#0","tintindex":0}}},{"from":[4.8979254,3.554749,7.0318155],"to":[5.0907826,4.1654634,7.2568154],"rotation":{"angle":22.5,"axis":"z","origin":[10.9089985,10.208399,5.0149517]},"faces":{"east":{"uv":[6.25,15.25,6.375,15.5],"rotation":0,"texture":"#0","tintindex":0},"south":{"uv":[15.25,6.25,15.375,6.5],"rotation":0,"texture":"#0","tintindex":0},"north":{"uv":[15.25,6.0,15.375,6.25],"rotation":0,"texture":"#0","tintindex":0},"west":{"uv":[6.5,15.25,6.625,15.5],"rotation":0,"texture":"#0","tintindex":0},"up":{"uv":[9.375,15.625,9.25,15.5],"rotation":0,"texture":"#0","tintindex":0},"down":{"uv":[15.625,9.25,15.5,9.375],"rotation":0,"texture":"#0","tintindex":0}}},{"from":[5.1550684,5.161892,7.0318155],"to":[5.444354,5.836892,7.2568154],"rotation":{"angle":22.5,"axis":"z","origin":[10.9089985,10.208399,5.0149517]},"faces":{"east":{"uv":[6.75,15.25,6.875,15.5],"rotation":0,"texture":"#0","tintindex":0},"south":{"uv":[15.25,6.75,15.375,7.0],"rotation":0,"texture":"#0","tintindex":0},"north":{"uv":[15.25,6.5,15.375,6.75],"rotation":0,"texture":"#0","tintindex":0},"west":{"uv":[7.0,15.25,7.125,15.5],"rotation":0,"texture":"#0","tintindex":0},"up":{"uv":[9.625,15.625,9.5,15.5],"rotation":0,"texture":"#0","tintindex":0},"down":{"uv":[15.625,9.5,15.5,9.625],"rotation":0,"texture":"#0","tintindex":0}}},{"from":[7.3932443,4.7580814,8.000489],"to":[7.7468157,6.3652244,8.289775],"rotation":{"angle":22.5,"axis":"x","origin":[10.9089985,10.208399,5.0149517]},"faces":{"east":{"uv":[14.5,14.0,14.625,14.5],"rotation":0,"texture":"#0","tintindex":0},"south":{"uv":[14.25,14.5,14.375,15.0],"rotation":0,"texture":"#0","tintindex":0},"north":{"uv":[14.0,14.5,14.125,15.0],"rotation":0,"texture":"#0","tintindex":0},"west":{"uv":[14.5,14.5,14.625,15.0],"rotation":0,"texture":"#0","tintindex":0},"up":{"uv":[9.875,15.625,9.75,15.5],"rotation":0,"texture":"#0","tintindex":0},"down":{"uv":[15.625,9.75,15.5,9.875],"rotation":0,"texture":"#0","tintindex":0}}},{"from":[7.1361017,6.172367,7.904061],"to":[7.7468157,7.6509385,8.386204],"rotation":{"angle":22.5,"axis":"x","origin":[10.9089985,10.208399,5.0149517]},"faces":{"east":{"uv":[14.75,0.0,14.875,0.5],"rotation":0,"texture":"#0","tintindex":0},"south":{"uv":[3.0,14.0,3.25,14.5],"rotation":0,"texture":"#0","tintindex":0},"north":{"uv":[14.0,1.0,14.25,1.5],"rotation":0,"texture":"#0","tintindex":0},"west":{"uv":[14.75,0.5,14.875,1.0],"rotation":0,"texture":"#0","tintindex":0},"up":{"uv":[15.5,7.125,15.25,7.0],"rotation":0,"texture":"#0","tintindex":0},"down":{"uv":[7.5,15.25,7.25,15.375],"rotation":0,"texture":"#0","tintindex":0}}},{"from":[7.500387,2.3349204,6.999673],"to":[7.8539586,4.2634916,7.2889585],"rotation":{"angle":0.0,"axis":"y","origin":[10.9089985,10.208399,5.0149517]},"faces":{"east":{"uv":[7.25,14.5,7.375,15.125],"rotation":0,"texture":"#0","tintindex":0},"south":{"uv":[14.5,7.25,14.625,7.875],"rotation":0,"texture":"#0","tintindex":0},"north":{"uv":[7.0,14.5,7.125,15.125],"rotation":0,"texture":"#0","tintindex":0},"west":{"uv":[8.0,14.5,8.125,15.125],"rotation":0,"texture":"#0","tintindex":0},"up":{"uv":[10.125,15.625,10.0,15.5],"rotation":0,"texture":"#0","tintindex":0},"down":{"uv":[15.625,10.0,15.5,10.125],"rotation":0,"texture":"#0","tintindex":0}}},{"from":[7.264673,4.070635,6.903244],"to":[7.875387,6.8349204,7.385387],"rotation":{"angle":0.0,"axis":"y","origin":[10.9089985,10.208399,5.0149517]},"faces":{"east":{"uv":[3.25,14.0,3.375,15.0],"rotation":0,"texture":"#0","tintindex":0},"south":{"uv":[7.25,13.0,7.5,14.0],"rotation":0,"texture":"#0","tintindex":0},"north":{"uv":[7.0,13.0,7.25,14.0],"rotation":0,"texture":"#0","tintindex":0},"west":{"uv":[3.5,14.0,3.625,15.0],"rotation":0,"texture":"#0","tintindex":0},"up":{"uv":[15.5,7.375,15.25,7.25],"rotation":0,"texture":"#0","tintindex":0},"down":{"uv":[7.75,15.25,7.5,15.375],"rotation":0,"texture":"#0","tintindex":0}}},{"from":[5.5407825,5.2904634,5.7461014],"to":[5.7336397,5.901178,5.971101],"rotation":{"angle":22.5,"axis":"z","origin":[10.9089985,10.208399,5.0149517]},"faces":{"east":{"uv":[7.75,15.25,7.875,15.5],"rotation":0,"texture":"#0","tintindex":0},"south":{"uv":[15.25,7.75,15.375,8.0],"rotation":0,"texture":"#0","tintindex":0},"north":{"uv":[15.25,7.5,15.375,7.75],"rotation":0,"texture":"#0","tintindex":0},"west":{"uv":[8.0,15.25,8.125,15.5],"rotation":0,"texture":"#0","tintindex":0},"up":{"uv":[10.375,15.625,10.25,15.5],"rotation":0,"texture":"#0","tintindex":0},"down":{"uv":[15.625,10.25,15.5,10.375],"rotation":0,"texture":"#0","tintindex":0}}}],"display":{"head":{"translation":[0.0,-6.4,0.0],"scale":[4.0,4.0,4.0]}}}