{"textures":{"0":"modelengine:entity/nes_bacteria"},"elements":[{"from":[6.682581,-1.9083805,5.0415716],"to":[7.325438,3.363049,5.6844287],"rotation":{"angle":45.0,"axis":"y","origin":[11.070655,-5.2798986,5.169507]},"faces":{"east":{"uv":[11.0,7.25,11.25,9.125],"rotation":0,"texture":"#0","tintindex":0},"south":{"uv":[8.75,11.0,9.0,12.875],"rotation":0,"texture":"#0","tintindex":0},"north":{"uv":[11.0,5.25,11.25,7.125],"rotation":0,"texture":"#0","tintindex":0},"west":{"uv":[9.0,11.0,9.25,12.875],"rotation":0,"texture":"#0","tintindex":0},"up":{"uv":[12.75,14.75,12.5,14.5],"rotation":0,"texture":"#0","tintindex":0},"down":{"uv":[14.75,12.5,14.5,12.75],"rotation":0,"texture":"#0","tintindex":0}}},{"from":[6.468295,3.234477,4.827286],"to":[7.325438,9.363049,5.6844287],"rotation":{"angle":45.0,"axis":"y","origin":[11.070655,-5.2798986,5.169507]},"faces":{"east":{"uv":[10.75,5.25,10.5,7.375],"rotation":0,"texture":"#0","tintindex":0},"south":{"uv":[4.25,10.5,4.0,12.625],"rotation":0,"texture":"#0","tintindex":0},"north":{"uv":[3.75,10.5,3.5,12.625],"rotation":0,"texture":"#0","tintindex":0},"west":{"uv":[4.0,10.5,3.75,12.625],"rotation":0,"texture":"#0","tintindex":0},"up":{"uv":[14.75,13.0,14.5,12.75],"rotation":0,"texture":"#0","tintindex":0},"down":{"uv":[14.75,13.0,14.5,13.25],"rotation":0,"texture":"#0","tintindex":0}}}],"display":{"head":{"translation":[0.0,-6.4,0.0],"scale":[4.0,4.0,4.0]}}}