{
  "textures": {
    "0": "modelengine:entity/nes_bacteria"
  },
  "elements": [
    {
      "from": [
        7.1307216,
        5.776821,
        7.282314
      ],
      "to": [
        8.255722,
        8.251823,
        9.157314
      ],
      "faces": {
        "east": {
          "uv": [
            13.25,
            2.25,
            13.625,
            2.75
          ],
          "tintindex": 0,
          "rotation": 0,
          "texture": "#0"
        },
        "south": {
          "uv": [
            14,
            0.5,
            14.25,
            1
          ],
          "tintindex": 0,
          "rotation": 0,
          "texture": "#0"
        },
        "north": {
          "uv": [
            14,
            0,
            14.25,
            0.5
          ],
          "tintindex": 0,
          "rotation": 0,
          "texture": "#0"
        },
        "west": {
          "uv": [
            13.25,
            2.75,
            13.625,
            3.25
          ],
          "tintindex": 0,
          "rotation": 0,
          "texture": "#0"
        },
        "up": {
          "uv": [
            12.25,
            14.375,
            12,
            14
          ],
          "tintindex": 0,
          "rotation": 0,
          "texture": "#0"
        },
        "down": {
          "uv": [
            14.25,
            12,
            14,
            12.375
          ],
          "tintindex": 0,
          "rotation": 0,
          "texture": "#0"
        }
      }
    },
    {
      "from": [
        10.03393,
        7.78553,
        7.432314
      ],
      "to": [
        11.53393,
        9.510532,
        9.007314
      ],
      "faces": {
        "east": {
          "uv": [
            13.75,
            9.25,
            14.125,
            9.625
          ],
          "tintindex": 0,
          "rotation": 0,
          "texture": "#0"
        },
        "south": {
          "uv": [
            14,
            13,
            14.25,
            13.375
          ],
          "tintindex": 0,
          "rotation": 0,
          "texture": "#0"
        },
        "north": {
          "uv": [
            14,
            12.5,
            14.25,
            12.875
          ],
          "tintindex": 0,
          "rotation": 0,
          "texture": "#0"
        },
        "west": {
          "uv": [
            13.75,
            9.75,
            14.125,
            10.125
          ],
          "tintindex": 0,
          "rotation": 0,
          "texture": "#0"
        },
        "up": {
          "uv": [
            14.25,
            13.875,
            14,
            13.5
          ],
          "tintindex": 0,
          "rotation": 0,
          "texture": "#0"
        },
        "down": {
          "uv": [
            14.25,
            14,
            14,
            14.375
          ],
          "tintindex": 0,
          "rotation": 0,
          "texture": "#0"
        }
      },
      "rotation": {
        "origin": [
          12.786003,
          2.1266632,
          2.9481611
        ],
        "angle": 22.5,
        "axis": "z"
      }
    },
    {
      "from": [
        5.106873,
        -8.998495,
        2.4242744
      ],
      "to": [
        6.231873,
        -4.2734947,
        3.4742746
      ],
      "faces": {
        "east": {
          "uv": [
            13,
            3.75,
            13.25,
            4.75
          ],
          "tintindex": 0,
          "rotation": 0,
          "texture": "#0"
        },
        "south": {
          "uv": [
            4.25,
            13,
            4.5,
            14
          ],
          "tintindex": 0,
          "rotation": 0,
          "texture": "#0"
        },
        "north": {
          "uv": [
            3.25,
            13,
            3.5,
            14
          ],
          "tintindex": 0,
          "rotation": 0,
          "texture": "#0"
        },
        "west": {
          "uv": [
            4.5,
            13,
            4.75,
            14
          ],
          "tintindex": 0,
          "rotation": 0,
          "texture": "#0"
        },
        "up": {
          "uv": [
            14.75,
            13.75,
            14.5,
            13.5
          ],
          "tintindex": 0,
          "rotation": 0,
          "texture": "#0"
        },
        "down": {
          "uv": [
            14.75,
            13.75,
            14.5,
            14
          ],
          "tintindex": 0,
          "rotation": 0,
          "texture": "#0"
        }
      },
      "rotation": {
        "origin": [
          12.786003,
          -64.37334,
          2.9481611
        ],
        "angle": 45,
        "axis": "y"
      }
    },
    {
      "from": [
        5.106873,
        2.0268211,
        2.4242744
      ],
      "to": [
        6.231873,
        6.7518234,
        3.4742746
      ],
      "faces": {
        "east": {
          "uv": [
            2.75,
            13,
            3,
            14
          ],
          "tintindex": 0,
          "rotation": 0,
          "texture": "#0"
        },
        "south": {
          "uv": [
            13,
            2.75,
            13.25,
            3.75
          ],
          "tintindex": 0,
          "rotation": 0,
          "texture": "#0"
        },
        "north": {
          "uv": [
            2.5,
            13,
            2.75,
            14
          ],
          "tintindex": 0,
          "rotation": 0,
          "texture": "#0"
        },
        "west": {
          "uv": [
            3,
            13,
            3.25,
            14
          ],
          "tintindex": 0,
          "rotation": 0,
          "texture": "#0"
        },
        "up": {
          "uv": [
            14.75,
            13.5,
            14.5,
            13.25
          ],
          "tintindex": 0,
          "rotation": 0,
          "texture": "#0"
        },
        "down": {
          "uv": [
            13.75,
            14.5,
            13.5,
            14.75
          ],
          "tintindex": 0,
          "rotation": 0,
          "texture": "#0"
        }
      },
      "rotation": {
        "origin": [
          12.786003,
          2.1266632,
          2.9481611
        ],
        "angle": 45,
        "axis": "y"
      }
    },
    {
      "from": [
        7.12603,
        1.7412643,
        7.780797
      ],
      "to": [
        8.176029,
        5.266266,
        8.230797
      ],
      "faces": {
        "east": {
          "uv": [
            0,
            14.25,
            0.125,
            15
          ],
          "tintindex": 0,
          "rotation": 0,
          "texture": "#0"
        },
        "south": {
          "uv": [
            13.25,
            4,
            13.5,
            4.75
          ],
          "tintindex": 0,
          "rotation": 0,
          "texture": "#0"
        },
        "north": {
          "uv": [
            13.25,
            3.25,
            13.5,
            4
          ],
          "tintindex": 0,
          "rotation": 0,
          "texture": "#0"
        },
        "west": {
          "uv": [
            14.25,
            0,
            14.375,
            0.75
          ],
          "tintindex": 0,
          "rotation": 0,
          "texture": "#0"
        },
        "up": {
          "uv": [
            15.5,
            8.125,
            15.25,
            8
          ],
          "tintindex": 0,
          "rotation": 0,
          "texture": "#0"
        },
        "down": {
          "uv": [
            8.5,
            15.25,
            8.25,
            15.375
          ],
          "tintindex": 0,
          "rotation": 0,
          "texture": "#0"
        }
      },
      "rotation": {
        "origin": [
          12.786003,
          2.1266632,
          2.9481611
        ],
        "angle": -22.5,
        "axis": "z"
      }
    },
    {
      "from": [
        5.3318734,
        -4.1981773,
        2.7242746
      ],
      "to": [
        6.1943736,
        2.0268211,
        3.4367747
      ],
      "faces": {
        "east": {
          "uv": [
            13.75,
            0.25,
            13.875,
            1.5
          ],
          "tintindex": 0,
          "rotation": 0,
          "texture": "#0"
        },
        "south": {
          "uv": [
            1,
            13.75,
            1.125,
            15
          ],
          "tintindex": 0,
          "rotation": 0,
          "texture": "#0"
        },
        "north": {
          "uv": [
            13.5,
            13.25,
            13.625,
            14.5
          ],
          "tintindex": 0,
          "rotation": 0,
          "texture": "#0"
        },
        "west": {
          "uv": [
            1.25,
            13.75,
            1.375,
            15
          ],
          "tintindex": 0,
          "rotation": 0,
          "texture": "#0"
        },
        "up": {
          "uv": [
            7.625,
            15.625,
            7.5,
            15.5
          ],
          "tintindex": 0,
          "rotation": 0,
          "texture": "#0"
        },
        "down": {
          "uv": [
            15.625,
            7.5,
            15.5,
            7.625
          ],
          "tintindex": 0,
          "rotation": 0,
          "texture": "#0"
        }
      },
      "rotation": {
        "origin": [
          12.786003,
          2.1266632,
          2.9481611
        ],
        "angle": 45,
        "axis": "y"
      }
    },
    {
      "from": [
        5.414349,
        3.3347893,
        7.432314
      ],
      "to": [
        6.164349,
        5.0597878,
        9.007314
      ],
      "faces": {
        "east": {
          "uv": [
            13.75,
            7.25,
            14.125,
            7.625
          ],
          "tintindex": 0,
          "rotation": 0,
          "texture": "#0"
        },
        "south": {
          "uv": [
            8.25,
            14.75,
            8.375,
            15.125
          ],
          "tintindex": 0,
          "rotation": 0,
          "texture": "#0"
        },
        "north": {
          "uv": [
            14.75,
            8,
            14.875,
            8.375
          ],
          "tintindex": 0,
          "rotation": 0,
          "texture": "#0"
        },
        "west": {
          "uv": [
            13.75,
            8.75,
            14.125,
            9.125
          ],
          "tintindex": 0,
          "rotation": 0,
          "texture": "#0"
        },
        "up": {
          "uv": [
            14.875,
            8.875,
            14.75,
            8.5
          ],
          "tintindex": 0,
          "rotation": 0,
          "texture": "#0"
        },
        "down": {
          "uv": [
            8.875,
            14.75,
            8.75,
            15.125
          ],
          "tintindex": 0,
          "rotation": 0,
          "texture": "#0"
        }
      },
      "rotation": {
        "origin": [
          12.786003,
          2.1266632,
          2.9481611
        ],
        "angle": -22.5,
        "axis": "z"
      }
    }
  ],
  "display": {
    "gui": {
      "rotation": [
        30,
        225,
        0
      ]
    }
  }
}