{"textures":{"0":"modelengine:entity/nes_bacteria"},"elements":[{"from":[5.694516,-9.339664,2.8227506],"to":[6.819516,-0.11466217,3.9477506],"faces":{"east":{"uv":[11.0,7.25,11.25,9.125],"tintindex":0,"rotation":0,"texture":"#0"},"south":{"uv":[8.75,11.0,9.0,12.875],"tintindex":0,"rotation":0,"texture":"#0"},"north":{"uv":[11.0,5.25,11.25,7.125],"tintindex":0,"rotation":0,"texture":"#0"},"west":{"uv":[9.0,11.0,9.25,12.875],"tintindex":0,"rotation":0,"texture":"#0"},"up":{"uv":[12.75,14.75,12.5,14.5],"tintindex":0,"rotation":0,"texture":"#0"},"down":{"uv":[14.75,12.5,14.5,12.75],"tintindex":0,"rotation":0,"texture":"#0"}},"rotation":{"origin":[13.373646,-15.239822,3.046637],"angle":45.0,"axis":"y"}},{"from":[5.319516,-0.33966446,2.4477506],"to":[6.819516,10.385338,3.9477506],"faces":{"east":{"uv":[10.75,5.25,10.5,7.375],"tintindex":0,"rotation":0,"texture":"#0"},"south":{"uv":[4.25,10.5,4.0,12.625],"tintindex":0,"rotation":0,"texture":"#0"},"north":{"uv":[3.75,10.5,3.5,12.625],"tintindex":0,"rotation":0,"texture":"#0"},"west":{"uv":[4.0,10.5,3.75,12.625],"tintindex":0,"rotation":0,"texture":"#0"},"up":{"uv":[14.75,13.0,14.5,12.75],"tintindex":0,"rotation":0,"texture":"#0"},"down":{"uv":[14.75,13.0,14.5,13.25],"tintindex":0,"rotation":0,"texture":"#0"}},"rotation":{"origin":[13.373646,-15.239822,3.046637],"angle":45.0,"axis":"y"}}],"display":{"gui":{"rotation":[30,225,0]}}}