{
  "textures": {
    "0": "modelengine:entity/nes_bacteria"
  },
  "elements": [
    {
      "from": [
        -4.423458,
        -0.9111099,
        7.56875
      ],
      "to": [
        -3.4484596,
        1.9013901,
        8.39375
      ],
      "faces": {
        "east": {
          "uv": [
            13.25,
            14.25,
            13.375,
            14.875
          ],
          "tintindex": 0,
          "rotation": 0,
          "texture": "#0"
        },
        "south": {
          "uv": [
            13.5,
            12.5,
            13.75,
            13.125
          ],
          "tintindex": 0,
          "rotation": 0,
          "texture": "#0"
        },
        "north": {
          "uv": [
            13.5,
            11.75,
            13.75,
            12.375
          ],
          "tintindex": 0,
          "rotation": 0,
          "texture": "#0"
        },
        "west": {
          "uv": [
            13.75,
            14.25,
            13.875,
            14.875
          ],
          "tintindex": 0,
          "rotation": 0,
          "texture": "#0"
        },
        "up": {
          "uv": [
            15.5,
            3.125,
            15.25,
            3
          ],
          "tintindex": 0,
          "rotation": 0,
          "texture": "#0"
        },
        "down": {
          "uv": [
            3.5,
            15.25,
            3.25,
            15.375
          ],
          "tintindex": 0,
          "rotation": 0,
          "texture": "#0"
        }
      },
      "rotation": {
        "origin": [
          11.09391,
          27.845081,
          3.8611135
        ],
        "angle": 22.5,
        "axis": "z"
      }
    },
    {
      "from": [
        7.9835033,
        -8.191784,
        7.68125
      ],
      "to": [
        8.508503,
        -5.191784,
        8.28125
      ],
      "faces": {
        "east": {
          "uv": [
            14.5,
            0,
            14.625,
            0.625
          ],
          "tintindex": 0,
          "rotation": 0,
          "texture": "#0"
        },
        "south": {
          "uv": [
            14.5,
            0.75,
            14.625,
            1.375
          ],
          "tintindex": 0,
          "rotation": 0,
          "texture": "#0"
        },
        "north": {
          "uv": [
            14.25,
            13.75,
            14.375,
            14.375
          ],
          "tintindex": 0,
          "rotation": 0,
          "texture": "#0"
        },
        "west": {
          "uv": [
            14.5,
            2,
            14.625,
            2.625
          ],
          "tintindex": 0,
          "rotation": 0,
          "texture": "#0"
        },
        "up": {
          "uv": [
            7.375,
            15.625,
            7.25,
            15.5
          ],
          "tintindex": 0,
          "rotation": 0,
          "texture": "#0"
        },
        "down": {
          "uv": [
            15.625,
            7.25,
            15.5,
            7.375
          ],
          "tintindex": 0,
          "rotation": 0,
          "texture": "#0"
        }
      }
    },
    {
      "from": [
        7.721003,
        -0.11678791,
        19.410107
      ],
      "to": [
        8.546003,
        2.695712,
        20.385105
      ],
      "faces": {
        "east": {
          "uv": [
            13,
            13.5,
            13.25,
            14.125
          ],
          "tintindex": 0,
          "rotation": 0,
          "texture": "#0"
        },
        "south": {
          "uv": [
            3,
            14.5,
            3.125,
            15.125
          ],
          "tintindex": 0,
          "rotation": 0,
          "texture": "#0"
        },
        "north": {
          "uv": [
            14.5,
            2.75,
            14.625,
            3.375
          ],
          "tintindex": 0,
          "rotation": 0,
          "texture": "#0"
        },
        "west": {
          "uv": [
            13.25,
            13.5,
            13.5,
            14.125
          ],
          "tintindex": 0,
          "rotation": 0,
          "texture": "#0"
        },
        "up": {
          "uv": [
            15.375,
            3.5,
            15.25,
            3.25
          ],
          "tintindex": 0,
          "rotation": 0,
          "texture": "#0"
        },
        "down": {
          "uv": [
            3.625,
            15.25,
            3.5,
            15.5
          ],
          "tintindex": 0,
          "rotation": 0,
          "texture": "#0"
        }
      },
      "rotation": {
        "origin": [
          11.09391,
          27.845081,
          3.8611135
        ],
        "angle": 22.5,
        "axis": "x"
      }
    },
    {
      "from": [
        7.683503,
        -5.191784,
        7.53125
      ],
      "to": [
        8.658503,
        -2.191784,
        8.43125
      ],
      "faces": {
        "east": {
          "uv": [
            13,
            14.25,
            13.125,
            14.875
          ],
          "tintindex": 0,
          "rotation": 0,
          "texture": "#0"
        },
        "south": {
          "uv": [
            9.5,
            13.5,
            9.75,
            14.125
          ],
          "tintindex": 0,
          "rotation": 0,
          "texture": "#0"
        },
        "north": {
          "uv": [
            13.5,
            9.25,
            13.75,
            9.875
          ],
          "tintindex": 0,
          "rotation": 0,
          "texture": "#0"
        },
        "west": {
          "uv": [
            14.25,
            13,
            14.375,
            13.625
          ],
          "tintindex": 0,
          "rotation": 0,
          "texture": "#0"
        },
        "up": {
          "uv": [
            15.5,
            2.875,
            15.25,
            2.75
          ],
          "tintindex": 0,
          "rotation": 0,
          "texture": "#0"
        },
        "down": {
          "uv": [
            3.25,
            15.25,
            3,
            15.375
          ],
          "tintindex": 0,
          "rotation": 0,
          "texture": "#0"
        }
      }
    },
    {
      "from": [
        7.158503,
        -2.191784,
        7.30625
      ],
      "to": [
        8.658503,
        8.308216,
        8.80625
      ],
      "faces": {
        "east": {
          "uv": [
            10.5,
            9.75,
            10.75,
            11.875
          ],
          "tintindex": 0,
          "rotation": 0,
          "texture": "#0"
        },
        "south": {
          "uv": [
            10.75,
            3,
            11,
            5.125
          ],
          "tintindex": 0,
          "rotation": 0,
          "texture": "#0"
        },
        "north": {
          "uv": [
            10.5,
            7.5,
            10.75,
            9.625
          ],
          "tintindex": 0,
          "rotation": 0,
          "texture": "#0"
        },
        "west": {
          "uv": [
            4.25,
            10.75,
            4.5,
            12.875
          ],
          "tintindex": 0,
          "rotation": 0,
          "texture": "#0"
        },
        "up": {
          "uv": [
            12.5,
            14.75,
            12.25,
            14.5
          ],
          "tintindex": 0,
          "rotation": 0,
          "texture": "#0"
        },
        "down": {
          "uv": [
            14.75,
            12.25,
            14.5,
            12.5
          ],
          "tintindex": 0,
          "rotation": 0,
          "texture": "#0"
        }
      }
    }
  ],
  "display": {
    "gui": {
      "rotation": [
        30,
        225,
        0
      ]
    }
  }
}