{"textures":{"0":"modelengine:entity/nes_bacteria"},"elements":[{"from":[7.5191445,2.1761236,7.6035714],"to":[8.376287,8.176124,8.460714],"rotation":{"angle":0.0,"axis":"y","origin":[9.767948,19.340046,5.634922]},"faces":{"east":{"uv":[10.5,9.75,10.75,11.875],"rotation":0,"texture":"#0","tintindex":0},"south":{"uv":[10.75,3.0,11.0,5.125],"rotation":0,"texture":"#0","tintindex":0},"north":{"uv":[10.5,7.5,10.75,9.625],"rotation":0,"texture":"#0","tintindex":0},"west":{"uv":[4.25,10.75,4.5,12.875],"rotation":0,"texture":"#0","tintindex":0},"up":{"uv":[12.5,14.75,12.25,14.5],"rotation":0,"texture":"#0","tintindex":0},"down":{"uv":[14.75,12.25,14.5,12.5],"rotation":0,"texture":"#0","tintindex":0}}},{"from":[7.8191447,0.46183777,7.732143],"to":[8.376287,2.1761236,8.2464285],"rotation":{"angle":0.0,"axis":"y","origin":[9.767948,19.340046,5.634922]},"faces":{"east":{"uv":[13.0,14.25,13.125,14.875],"rotation":0,"texture":"#0","tintindex":0},"south":{"uv":[9.5,13.5,9.75,14.125],"rotation":0,"texture":"#0","tintindex":0},"north":{"uv":[13.5,9.25,13.75,9.875],"rotation":0,"texture":"#0","tintindex":0},"west":{"uv":[14.25,13.0,14.375,13.625],"rotation":0,"texture":"#0","tintindex":0},"up":{"uv":[15.5,2.875,15.25,2.75],"rotation":0,"texture":"#0","tintindex":0},"down":{"uv":[3.25,15.25,3.0,15.375],"rotation":0,"texture":"#0","tintindex":0}}},{"from":[0.90088034,2.9079375,7.7535715],"to":[1.4580235,4.5150805,8.225],"rotation":{"angle":22.5,"axis":"z","origin":[9.767948,19.340046,5.634922]},"faces":{"east":{"uv":[13.25,14.25,13.375,14.875],"rotation":0,"texture":"#0","tintindex":0},"south":{"uv":[13.5,12.5,13.75,13.125],"rotation":0,"texture":"#0","tintindex":0},"north":{"uv":[13.5,11.75,13.75,12.375],"rotation":0,"texture":"#0","tintindex":0},"west":{"uv":[13.75,14.25,13.875,14.875],"rotation":0,"texture":"#0","tintindex":0},"up":{"uv":[15.5,3.125,15.25,3.0],"rotation":0,"texture":"#0","tintindex":0},"down":{"uv":[3.5,15.25,3.25,15.375],"rotation":0,"texture":"#0","tintindex":0}}},{"from":[7.990573,-1.2524481,7.8178573],"to":[8.290573,0.46183777,8.160714],"rotation":{"angle":0.0,"axis":"y","origin":[9.767948,19.340046,5.634922]},"faces":{"east":{"uv":[14.5,0.0,14.625,0.625],"rotation":0,"texture":"#0","tintindex":0},"south":{"uv":[14.5,0.75,14.625,1.375],"rotation":0,"texture":"#0","tintindex":0},"north":{"uv":[14.25,13.75,14.375,14.375],"rotation":0,"texture":"#0","tintindex":0},"west":{"uv":[14.5,2.0,14.625,2.625],"rotation":0,"texture":"#0","tintindex":0},"up":{"uv":[7.375,15.625,7.25,15.5],"rotation":0,"texture":"#0","tintindex":0},"down":{"uv":[15.625,7.25,15.5,7.375],"rotation":0,"texture":"#0","tintindex":0}}},{"from":[7.8405733,3.361836,14.520061],"to":[8.312002,4.9689784,15.077204],"rotation":{"angle":22.5,"axis":"x","origin":[9.767948,19.340046,5.634922]},"faces":{"east":{"uv":[13.0,13.5,13.25,14.125],"rotation":0,"texture":"#0","tintindex":0},"south":{"uv":[3.0,14.5,3.125,15.125],"rotation":0,"texture":"#0","tintindex":0},"north":{"uv":[14.5,2.75,14.625,3.375],"rotation":0,"texture":"#0","tintindex":0},"west":{"uv":[13.25,13.5,13.5,14.125],"rotation":0,"texture":"#0","tintindex":0},"up":{"uv":[15.375,3.5,15.25,3.25],"rotation":0,"texture":"#0","tintindex":0},"down":{"uv":[3.625,15.25,3.5,15.5],"rotation":0,"texture":"#0","tintindex":0}}}],"display":{"head":{"translation":[0.0,-6.4,0.0],"scale":[4.0,4.0,4.0]}}}