{"textures":{"0":"modelengine:entity/nes_bacteria"},"elements":[{"from":[2.5713701,0.22080994,9.680677],"to":[2.9088697,1.2895603,10.074427],"faces":{"east":{"uv":[5.0,15.25,5.125,15.5],"tintindex":0,"rotation":0,"texture":"#0"},"south":{"uv":[15.25,5.0,15.375,5.25],"tintindex":0,"rotation":0,"texture":"#0"},"north":{"uv":[15.25,4.75,15.375,5.0],"tintindex":0,"rotation":0,"texture":"#0"},"west":{"uv":[5.25,15.25,5.375,15.5],"tintindex":0,"rotation":0,"texture":"#0"},"up":{"uv":[8.625,15.625,8.5,15.5],"tintindex":0,"rotation":0,"texture":"#0"},"down":{"uv":[15.625,8.5,15.5,8.625],"tintindex":0,"rotation":0,"texture":"#0"}},"rotation":{"origin":[13.090748,11.8646965,2.776166],"angle":22.5,"axis":"z"}},{"from":[3.6963701,3.2583103,4.0556774],"to":[4.0338697,4.3270607,4.449427],"faces":{"east":{"uv":[7.75,15.25,7.875,15.5],"tintindex":0,"rotation":0,"texture":"#0"},"south":{"uv":[15.25,7.75,15.375,8.0],"tintindex":0,"rotation":0,"texture":"#0"},"north":{"uv":[15.25,7.5,15.375,7.75],"tintindex":0,"rotation":0,"texture":"#0"},"west":{"uv":[8.0,15.25,8.125,15.5],"tintindex":0,"rotation":0,"texture":"#0"},"up":{"uv":[10.375,15.625,10.25,15.5],"tintindex":0,"rotation":0,"texture":"#0"},"down":{"uv":[15.625,10.25,15.5,10.375],"tintindex":0,"rotation":0,"texture":"#0"}},"rotation":{"origin":[13.090748,11.8646965,2.776166],"angle":22.5,"axis":"z"}},{"from":[7.838178,5.706846,8.202573],"to":[8.400679,10.094347,10.171323],"faces":{"east":{"uv":[12.5,4.75,12.875,5.625],"tintindex":0,"rotation":0,"texture":"#0"},"south":{"uv":[6.0,14.0,6.125,14.875],"tintindex":0,"rotation":0,"texture":"#0"},"north":{"uv":[5.25,14.0,5.375,14.875],"tintindex":0,"rotation":0,"texture":"#0"},"west":{"uv":[5.5,12.5,5.875,13.375],"tintindex":0,"rotation":0,"texture":"#0"},"up":{"uv":[10.625,15.125,10.5,14.75],"tintindex":0,"rotation":0,"texture":"#0"},"down":{"uv":[10.875,14.75,10.75,15.125],"tintindex":0,"rotation":0,"texture":"#0"}},"rotation":{"origin":[13.090748,11.8646965,2.776166],"angle":22.5,"axis":"x"}},{"from":[2.5713701,0.22080994,6.3056774],"to":[2.9088697,1.2895603,6.699427],"faces":{"east":{"uv":[6.25,15.25,6.375,15.5],"tintindex":0,"rotation":0,"texture":"#0"},"south":{"uv":[15.25,6.25,15.375,6.5],"tintindex":0,"rotation":0,"texture":"#0"},"north":{"uv":[15.25,6.0,15.375,6.25],"tintindex":0,"rotation":0,"texture":"#0"},"west":{"uv":[6.5,15.25,6.625,15.5],"tintindex":0,"rotation":0,"texture":"#0"},"up":{"uv":[9.375,15.625,9.25,15.5],"tintindex":0,"rotation":0,"texture":"#0"},"down":{"uv":[15.625,9.25,15.5,9.375],"tintindex":0,"rotation":0,"texture":"#0"}},"rotation":{"origin":[13.090748,11.8646965,2.776166],"angle":22.5,"axis":"z"}},{"from":[6.7131777,-0.56389046,7.768177],"to":[7.781928,4.273611,8.611927],"faces":{"east":{"uv":[1.5,14.0,1.625,15.0],"tintindex":0,"rotation":0,"texture":"#0"},"south":{"uv":[6.25,13.0,6.5,14.0],"tintindex":0,"rotation":0,"texture":"#0"},"north":{"uv":[6.0,13.0,6.25,14.0],"tintindex":0,"rotation":0,"texture":"#0"},"west":{"uv":[1.75,14.0,1.875,15.0],"tintindex":0,"rotation":0,"texture":"#0"},"up":{"uv":[15.5,3.625,15.25,3.5],"tintindex":0,"rotation":0,"texture":"#0"},"down":{"uv":[4.0,15.25,3.75,15.375],"tintindex":0,"rotation":0,"texture":"#0"}}},{"from":[7.125678,-1.9138899,6.2494273],"to":[7.744428,1.4611111,6.755677],"faces":{"east":{"uv":[7.25,14.5,7.375,15.125],"tintindex":0,"rotation":0,"texture":"#0"},"south":{"uv":[14.5,7.25,14.625,7.875],"tintindex":0,"rotation":0,"texture":"#0"},"north":{"uv":[7.0,14.5,7.125,15.125],"tintindex":0,"rotation":0,"texture":"#0"},"west":{"uv":[8.0,14.5,8.125,15.125],"tintindex":0,"rotation":0,"texture":"#0"},"up":{"uv":[10.125,15.625,10.0,15.5],"tintindex":0,"rotation":0,"texture":"#0"},"down":{"uv":[15.625,10.0,15.5,10.125],"tintindex":0,"rotation":0,"texture":"#0"}}},{"from":[6.7131777,1.1236095,6.080677],"to":[7.781928,5.961111,6.924427],"faces":{"east":{"uv":[3.25,14.0,3.375,15.0],"tintindex":0,"rotation":0,"texture":"#0"},"south":{"uv":[7.25,13.0,7.5,14.0],"tintindex":0,"rotation":0,"texture":"#0"},"north":{"uv":[7.0,13.0,7.25,14.0],"tintindex":0,"rotation":0,"texture":"#0"},"west":{"uv":[3.5,14.0,3.625,15.0],"tintindex":0,"rotation":0,"texture":"#0"},"up":{"uv":[15.5,7.375,15.25,7.25],"tintindex":0,"rotation":0,"texture":"#0"},"down":{"uv":[7.75,15.25,7.5,15.375],"tintindex":0,"rotation":0,"texture":"#0"}}},{"from":[7.388178,3.3736095,7.1494274],"to":[8.456928,8.211111,9.118177],"faces":{"east":{"uv":[9.75,11.5,10.125,12.5],"tintindex":0,"rotation":0,"texture":"#0"},"south":{"uv":[13.0,4.75,13.25,5.75],"tintindex":0,"rotation":0,"texture":"#0"},"north":{"uv":[4.75,13.0,5.0,14.0],"tintindex":0,"rotation":0,"texture":"#0"},"west":{"uv":[0.0,11.75,0.375,12.75],"tintindex":0,"rotation":0,"texture":"#0"},"up":{"uv":[12.5,14.375,12.25,14.0],"tintindex":0,"rotation":0,"texture":"#0"},"down":{"uv":[12.75,14.0,12.5,14.375],"tintindex":0,"rotation":0,"texture":"#0"}}},{"from":[7.838178,1.6557732,5.2590475],"to":[8.400679,6.043272,7.227798],"faces":{"east":{"uv":[11.75,12.25,12.125,13.125],"tintindex":0,"rotation":0,"texture":"#0"},"south":{"uv":[5.0,14.0,5.125,14.875],"tintindex":0,"rotation":0,"texture":"#0"},"north":{"uv":[4.75,14.0,4.875,14.875],"tintindex":0,"rotation":0,"texture":"#0"},"west":{"uv":[12.25,12.25,12.625,13.125],"tintindex":0,"rotation":0,"texture":"#0"},"up":{"uv":[14.875,9.375,14.75,9.0],"tintindex":0,"rotation":0,"texture":"#0"},"down":{"uv":[14.875,10.25,14.75,10.625],"tintindex":0,"rotation":0,"texture":"#0"}},"rotation":{"origin":[13.090748,11.8646965,2.776166],"angle":-22.5,"axis":"x"}},{"from":[1.9255915,-1.3382359,7.9931774],"to":[2.263092,-0.26948547,8.386927],"faces":{"east":{"uv":[4.5,15.25,4.625,15.5],"tintindex":0,"rotation":0,"texture":"#0"},"south":{"uv":[15.25,4.5,15.375,4.75],"tintindex":0,"rotation":0,"texture":"#0"},"north":{"uv":[15.25,4.25,15.375,4.5],"tintindex":0,"rotation":0,"texture":"#0"},"west":{"uv":[4.75,15.25,4.875,15.5],"tintindex":0,"rotation":0,"texture":"#0"},"up":{"uv":[8.375,15.625,8.25,15.5],"tintindex":0,"rotation":0,"texture":"#0"},"down":{"uv":[15.625,8.25,15.5,8.375],"tintindex":0,"rotation":0,"texture":"#0"}},"rotation":{"origin":[13.090748,11.8646965,2.776166],"angle":22.5,"axis":"z"}},{"from":[3.02137,3.03331,9.680677],"to":[3.5276203,4.2145615,10.074427],"faces":{"east":{"uv":[5.5,15.25,5.625,15.5],"tintindex":0,"rotation":0,"texture":"#0"},"south":{"uv":[15.25,5.5,15.375,5.75],"tintindex":0,"rotation":0,"texture":"#0"},"north":{"uv":[15.25,5.25,15.375,5.5],"tintindex":0,"rotation":0,"texture":"#0"},"west":{"uv":[5.75,15.25,5.875,15.5],"tintindex":0,"rotation":0,"texture":"#0"},"up":{"uv":[8.875,15.625,8.75,15.5],"tintindex":0,"rotation":0,"texture":"#0"},"down":{"uv":[15.625,8.75,15.5,8.875],"tintindex":0,"rotation":0,"texture":"#0"}},"rotation":{"origin":[13.090748,11.8646965,2.776166],"angle":22.5,"axis":"z"}},{"from":[7.125678,-1.9138899,9.624428],"to":[7.744428,1.4611111,10.130677],"faces":{"east":{"uv":[6.5,14.5,6.625,15.125],"tintindex":0,"rotation":0,"texture":"#0"},"south":{"uv":[14.5,6.5,14.625,7.125],"tintindex":0,"rotation":0,"texture":"#0"},"north":{"uv":[6.25,14.5,6.375,15.125],"tintindex":0,"rotation":0,"texture":"#0"},"west":{"uv":[6.75,14.5,6.875,15.125],"tintindex":0,"rotation":0,"texture":"#0"},"up":{"uv":[9.125,15.625,9.0,15.5],"tintindex":0,"rotation":0,"texture":"#0"},"down":{"uv":[15.625,9.0,15.5,9.125],"tintindex":0,"rotation":0,"texture":"#0"}}},{"from":[3.02137,3.03331,6.3056774],"to":[3.5276203,4.2145615,6.699427],"faces":{"east":{"uv":[6.75,15.25,6.875,15.5],"tintindex":0,"rotation":0,"texture":"#0"},"south":{"uv":[15.25,6.75,15.375,7.0],"tintindex":0,"rotation":0,"texture":"#0"},"north":{"uv":[15.25,6.5,15.375,6.75],"tintindex":0,"rotation":0,"texture":"#0"},"west":{"uv":[7.0,15.25,7.125,15.5],"tintindex":0,"rotation":0,"texture":"#0"},"up":{"uv":[9.625,15.625,9.5,15.5],"tintindex":0,"rotation":0,"texture":"#0"},"down":{"uv":[15.625,9.5,15.5,9.625],"tintindex":0,"rotation":0,"texture":"#0"}},"rotation":{"origin":[13.090748,11.8646965,2.776166],"angle":22.5,"axis":"z"}},{"from":[6.938178,2.326643,8.000856],"to":[7.556928,5.139143,8.507107],"faces":{"east":{"uv":[14.5,14.0,14.625,14.5],"tintindex":0,"rotation":0,"texture":"#0"},"south":{"uv":[14.25,14.5,14.375,15.0],"tintindex":0,"rotation":0,"texture":"#0"},"north":{"uv":[14.0,14.5,14.125,15.0],"tintindex":0,"rotation":0,"texture":"#0"},"west":{"uv":[14.5,14.5,14.625,15.0],"tintindex":0,"rotation":0,"texture":"#0"},"up":{"uv":[9.875,15.625,9.75,15.5],"tintindex":0,"rotation":0,"texture":"#0"},"down":{"uv":[15.625,9.75,15.5,9.875],"tintindex":0,"rotation":0,"texture":"#0"}},"rotation":{"origin":[13.090748,11.8646965,2.776166],"angle":22.5,"axis":"x"}},{"from":[7.125678,-3.60139,7.936927],"to":[7.744428,-0.22638893,8.443177],"faces":{"east":{"uv":[14.5,4.25,14.625,4.875],"tintindex":0,"rotation":0,"texture":"#0"},"south":{"uv":[14.5,5.0,14.625,5.625],"tintindex":0,"rotation":0,"texture":"#0"},"north":{"uv":[14.5,3.5,14.625,4.125],"tintindex":0,"rotation":0,"texture":"#0"},"west":{"uv":[14.5,5.75,14.625,6.375],"tintindex":0,"rotation":0,"texture":"#0"},"up":{"uv":[7.875,15.625,7.75,15.5],"tintindex":0,"rotation":0,"texture":"#0"},"down":{"uv":[15.625,7.75,15.5,7.875],"tintindex":0,"rotation":0,"texture":"#0"}}},{"from":[6.7131777,1.1236095,9.455677],"to":[7.781928,5.961111,10.299427],"faces":{"east":{"uv":[2.5,14.0,2.625,15.0],"tintindex":0,"rotation":0,"texture":"#0"},"south":{"uv":[6.75,13.0,7.0,14.0],"tintindex":0,"rotation":0,"texture":"#0"},"north":{"uv":[6.5,13.0,6.75,14.0],"tintindex":0,"rotation":0,"texture":"#0"},"west":{"uv":[2.75,14.0,2.875,15.0],"tintindex":0,"rotation":0,"texture":"#0"},"up":{"uv":[15.5,5.875,15.25,5.75],"tintindex":0,"rotation":0,"texture":"#0"},"down":{"uv":[6.25,15.25,6.0,15.375],"tintindex":0,"rotation":0,"texture":"#0"}}},{"from":[6.4881783,4.8016415,7.832106],"to":[7.556928,7.389143,8.675856],"faces":{"east":{"uv":[14.75,0.0,14.875,0.5],"tintindex":0,"rotation":0,"texture":"#0"},"south":{"uv":[3.0,14.0,3.25,14.5],"tintindex":0,"rotation":0,"texture":"#0"},"north":{"uv":[14.0,1.0,14.25,1.5],"tintindex":0,"rotation":0,"texture":"#0"},"west":{"uv":[14.75,0.5,14.875,1.0],"tintindex":0,"rotation":0,"texture":"#0"},"up":{"uv":[15.5,7.125,15.25,7.0],"tintindex":0,"rotation":0,"texture":"#0"},"down":{"uv":[7.5,15.25,7.25,15.375],"tintindex":0,"rotation":0,"texture":"#0"}},"rotation":{"origin":[13.090748,11.8646965,2.776166],"angle":22.5,"axis":"x"}},{"from":[2.3755913,1.4742641,7.9931774],"to":[2.8818417,2.6555138,8.386927],"faces":{"east":{"uv":[4.0,15.25,4.125,15.5],"tintindex":0,"rotation":0,"texture":"#0"},"south":{"uv":[15.25,4.0,15.375,4.25],"tintindex":0,"rotation":0,"texture":"#0"},"north":{"uv":[15.25,3.75,15.375,4.0],"tintindex":0,"rotation":0,"texture":"#0"},"west":{"uv":[4.25,15.25,4.375,15.5],"tintindex":0,"rotation":0,"texture":"#0"},"up":{"uv":[8.125,15.625,8.0,15.5],"tintindex":0,"rotation":0,"texture":"#0"},"down":{"uv":[15.625,8.0,15.5,8.125],"tintindex":0,"rotation":0,"texture":"#0"}},"rotation":{"origin":[13.090748,11.8646965,2.776166],"angle":22.5,"axis":"z"}}],"display":{"gui":{"rotation":[30,225,0]}}}