{"textures":{"0":"modelengine:entity/nes_bacteria"},"elements":[{"from":[7.5032697,6.7296124,7.589894],"to":[8.146127,8.143898,8.661323],"rotation":{"angle":0.0,"axis":"y","origin":[10.7348585,4.6438074,5.1132345]},"faces":{"east":{"uv":[13.25,2.25,13.625,2.75],"rotation":0,"texture":"#0","tintindex":0},"south":{"uv":[14.0,0.5,14.25,1.0],"rotation":0,"texture":"#0","tintindex":0},"north":{"uv":[14.0,0.0,14.25,0.5],"rotation":0,"texture":"#0","tintindex":0},"west":{"uv":[13.25,2.75,13.625,3.25],"rotation":0,"texture":"#0","tintindex":0},"up":{"uv":[12.25,14.375,12.0,14.0],"rotation":0,"texture":"#0","tintindex":0},"down":{"uv":[14.25,12.0,14.0,12.375],"rotation":0,"texture":"#0","tintindex":0}}},{"from":[6.5224853,5.3341646,7.675608],"to":[6.9510565,6.3198786,8.575608],"rotation":{"angle":-22.5,"axis":"z","origin":[10.7348585,4.6438074,5.1132345]},"faces":{"east":{"uv":[13.75,7.25,14.125,7.625],"rotation":0,"texture":"#0","tintindex":0},"south":{"uv":[8.25,14.75,8.375,15.125],"rotation":0,"texture":"#0","tintindex":0},"north":{"uv":[14.75,8.0,14.875,8.375],"rotation":0,"texture":"#0","tintindex":0},"west":{"uv":[13.75,8.75,14.125,9.125],"rotation":0,"texture":"#0","tintindex":0},"up":{"uv":[14.875,8.875,14.75,8.5],"rotation":0,"texture":"#0","tintindex":0},"down":{"uv":[8.875,14.75,8.75,15.125],"rotation":0,"texture":"#0","tintindex":0}}},{"from":[6.3467846,4.5867553,4.8138714],"to":[6.989642,7.2867556,5.413871],"rotation":{"angle":45.0,"axis":"y","origin":[10.7348585,4.6438074,5.1132345]},"faces":{"east":{"uv":[2.75,13.0,3.0,14.0],"rotation":0,"texture":"#0","tintindex":0},"south":{"uv":[13.0,2.75,13.25,3.75],"rotation":0,"texture":"#0","tintindex":0},"north":{"uv":[2.5,13.0,2.75,14.0],"rotation":0,"texture":"#0","tintindex":0},"west":{"uv":[3.0,13.0,3.25,14.0],"rotation":0,"texture":"#0","tintindex":0},"up":{"uv":[14.75,13.5,14.5,13.25],"rotation":0,"texture":"#0","tintindex":0},"down":{"uv":[13.75,14.5,13.5,14.75],"rotation":0,"texture":"#0","tintindex":0}}},{"from":[6.475356,1.0296125,4.9852996],"to":[6.968213,4.5867558,5.3924427],"rotation":{"angle":45.0,"axis":"y","origin":[10.7348585,4.6438074,5.1132345]},"faces":{"east":{"uv":[13.75,0.25,13.875,1.5],"rotation":0,"texture":"#0","tintindex":0},"south":{"uv":[1.0,13.75,1.125,15.0],"rotation":0,"texture":"#0","tintindex":0},"north":{"uv":[13.5,13.25,13.625,14.5],"rotation":0,"texture":"#0","tintindex":0},"west":{"uv":[1.25,13.75,1.375,15.0],"rotation":0,"texture":"#0","tintindex":0},"up":{"uv":[7.625,15.625,7.5,15.5],"rotation":0,"texture":"#0","tintindex":0},"down":{"uv":[15.625,7.5,15.5,7.625],"rotation":0,"texture":"#0","tintindex":0}}},{"from":[6.3467846,-1.7134266,4.8138714],"to":[6.989642,0.9865737,5.413871],"rotation":{"angle":45.0,"axis":"y","origin":[10.7348585,-33.356194,5.1132345]},"faces":{"east":{"uv":[13.0,3.75,13.25,4.75],"rotation":0,"texture":"#0","tintindex":0},"south":{"uv":[4.25,13.0,4.5,14.0],"rotation":0,"texture":"#0","tintindex":0},"north":{"uv":[3.25,13.0,3.5,14.0],"rotation":0,"texture":"#0","tintindex":0},"west":{"uv":[4.5,13.0,4.75,14.0],"rotation":0,"texture":"#0","tintindex":0},"up":{"uv":[14.75,13.75,14.5,13.5],"rotation":0,"texture":"#0","tintindex":0},"down":{"uv":[14.75,13.75,14.5,14.0],"rotation":0,"texture":"#0","tintindex":0}}},{"from":[9.162246,7.8774467,7.675608],"to":[10.019388,8.863161,8.575608],"rotation":{"angle":22.5,"axis":"z","origin":[10.7348585,4.6438074,5.1132345]},"faces":{"east":{"uv":[13.75,9.25,14.125,9.625],"rotation":0,"texture":"#0","tintindex":0},"south":{"uv":[14.0,13.0,14.25,13.375],"rotation":0,"texture":"#0","tintindex":0},"north":{"uv":[14.0,12.5,14.25,12.875],"rotation":0,"texture":"#0","tintindex":0},"west":{"uv":[13.75,9.75,14.125,10.125],"rotation":0,"texture":"#0","tintindex":0},"up":{"uv":[14.25,13.875,14.0,13.5],"rotation":0,"texture":"#0","tintindex":0},"down":{"uv":[14.25,14.0,14.0,14.375],"rotation":0,"texture":"#0","tintindex":0}}},{"from":[7.5005884,4.423579,7.8747416],"to":[8.100589,6.4378653,8.131885],"rotation":{"angle":-22.5,"axis":"z","origin":[10.7348585,4.6438074,5.1132345]},"faces":{"east":{"uv":[0.0,14.25,0.125,15.0],"rotation":0,"texture":"#0","tintindex":0},"south":{"uv":[13.25,4.0,13.5,4.75],"rotation":0,"texture":"#0","tintindex":0},"north":{"uv":[13.25,3.25,13.5,4.0],"rotation":0,"texture":"#0","tintindex":0},"west":{"uv":[14.25,0.0,14.375,0.75],"rotation":0,"texture":"#0","tintindex":0},"up":{"uv":[15.5,8.125,15.25,8.0],"rotation":0,"texture":"#0","tintindex":0},"down":{"uv":[8.5,15.25,8.25,15.375],"rotation":0,"texture":"#0","tintindex":0}}}],"display":{"head":{"translation":[0.0,-6.4,0.0],"scale":[4.0,4.0,4.0]}}}