{"textures":{"0":"modelengine:entity/nes_bacteria"},"elements":[{"from":[6.7968316,7.6484604,5.7524223],"to":[9.2718315,18.748463,8.527422],"faces":{"east":{"uv":[7.25,5.5,7.75,7.75],"tintindex":0,"rotation":0,"texture":"#0"},"south":{"uv":[3.5,7.5,4.0,9.75],"tintindex":0,"rotation":0,"texture":"#0"},"north":{"uv":[0.5,7.25,1.0,9.5],"tintindex":0,"rotation":0,"texture":"#0"},"west":{"uv":[4.0,7.5,4.5,9.75],"tintindex":0,"rotation":0,"texture":"#0"},"up":{"uv":[1.75,4.0,1.25,3.5],"tintindex":0,"rotation":0,"texture":"#0"},"down":{"uv":[3.0,4.0,2.5,4.5],"tintindex":0,"rotation":0,"texture":"#0"}}},{"from":[23.670378,11.943546,8.977423],"to":[27.695377,15.968544,10.402422],"faces":{"east":{"uv":[13.0,9.25,13.25,10.0],"tintindex":0,"rotation":0,"texture":"#0"},"south":{"uv":[2.25,10.25,3.0,11.0],"tintindex":0,"rotation":0,"texture":"#0"},"north":{"uv":[1.5,10.25,2.25,11.0],"tintindex":0,"rotation":0,"texture":"#0"},"west":{"uv":[11.25,13.0,11.5,13.75],"tintindex":0,"rotation":0,"texture":"#0"},"up":{"uv":[6.25,4.5,5.5,4.25],"tintindex":0,"rotation":0,"texture":"#0"},"down":{"uv":[7.0,5.5,6.25,5.75],"tintindex":0,"rotation":0,"texture":"#0"}},"rotation":{"origin":[10.115372,-4.5122986,2.944786],"angle":45.0,"axis":"z"}},{"from":[10.655572,16.971886,8.602423],"to":[16.130571,21.471886,10.777422],"faces":{"east":{"uv":[2.0,11.75,2.375,12.625],"tintindex":0,"rotation":0,"texture":"#0"},"south":{"uv":[8.5,1.0,9.625,1.875],"tintindex":0,"rotation":0,"texture":"#0"},"north":{"uv":[8.5,0.0,9.625,0.875],"tintindex":0,"rotation":0,"texture":"#0"},"west":{"uv":[10.75,11.75,11.125,12.625],"tintindex":0,"rotation":0,"texture":"#0"},"up":{"uv":[12.375,6.125,11.25,5.75],"tintindex":0,"rotation":0,"texture":"#0"},"down":{"uv":[12.375,6.25,11.25,6.625],"tintindex":0,"rotation":0,"texture":"#0"}},"rotation":{"origin":[10.115372,-4.5122986,2.944786],"angle":22.5,"axis":"z"}},{"from":[12.047646,12.358582,7.102422],"to":[14.147646,19.858582,9.277422],"faces":{"east":{"uv":[6.5,10.0,6.875,11.5],"tintindex":0,"rotation":0,"texture":"#0"},"south":{"uv":[9.75,10.0,10.125,11.5],"tintindex":0,"rotation":0,"texture":"#0"},"north":{"uv":[0.375,9.75,0.0,11.25],"tintindex":0,"rotation":0,"texture":"#0"},"west":{"uv":[1.0,10.25,1.375,11.75],"tintindex":0,"rotation":0,"texture":"#0"},"up":{"uv":[14.125,4.625,13.75,4.25],"tintindex":0,"rotation":0,"texture":"#0"},"down":{"uv":[14.125,4.75,13.75,5.125],"tintindex":0,"rotation":0,"texture":"#0"}},"rotation":{"origin":[10.115372,-4.5122986,2.944786],"angle":22.5,"axis":"z"}},{"from":[6.9468317,13.725666,0.11628723],"to":[9.121832,18.825665,1.3912873],"faces":{"east":{"uv":[12.75,11.75,13.0,12.75],"tintindex":0,"rotation":0,"texture":"#0"},"south":{"uv":[6.75,11.5,7.125,12.5],"tintindex":0,"rotation":0,"texture":"#0"},"north":{"uv":[6.25,11.5,6.625,12.5],"tintindex":0,"rotation":0,"texture":"#0"},"west":{"uv":[12.75,12.75,13.0,13.75],"tintindex":0,"rotation":0,"texture":"#0"},"up":{"uv":[2.375,5.75,2.0,5.5],"tintindex":0,"rotation":0,"texture":"#0"},"down":{"uv":[8.875,6.75,8.5,7.0],"tintindex":0,"rotation":0,"texture":"#0"}},"rotation":{"origin":[10.115372,-4.5122986,2.944786],"angle":22.5,"axis":"x"}},{"from":[0.2864585,15.3141365,8.602423],"to":[5.7614584,19.814137,10.777422],"faces":{"east":{"uv":[0.5,11.75,0.875,12.625],"tintindex":0,"rotation":0,"texture":"#0"},"south":{"uv":[2.25,8.25,3.375,9.125],"tintindex":0,"rotation":0,"texture":"#0"},"north":{"uv":[1.0,8.25,2.125,9.125],"tintindex":0,"rotation":0,"texture":"#0"},"west":{"uv":[1.0,11.75,1.375,12.625],"tintindex":0,"rotation":0,"texture":"#0"},"up":{"uv":[12.375,5.125,11.25,4.75],"tintindex":0,"rotation":0,"texture":"#0"},"down":{"uv":[12.375,5.25,11.25,5.625],"tintindex":0,"rotation":0,"texture":"#0"}},"rotation":{"origin":[10.115372,-4.5122986,2.944786],"angle":-22.5,"axis":"z"}},{"from":[0.2864585,15.3141365,5.602422],"to":[5.7614584,19.814137,7.777422],"faces":{"east":{"uv":[11.25,12.0,11.625,12.875],"tintindex":0,"rotation":0,"texture":"#0"},"south":{"uv":[4.5,8.5,5.625,9.375],"tintindex":0,"rotation":0,"texture":"#0"},"north":{"uv":[8.5,4.0,9.625,4.875],"tintindex":0,"rotation":0,"texture":"#0"},"west":{"uv":[12.0,11.25,12.375,12.125],"tintindex":0,"rotation":0,"texture":"#0"},"up":{"uv":[12.375,8.125,11.25,7.75],"tintindex":0,"rotation":0,"texture":"#0"},"down":{"uv":[12.375,8.25,11.25,8.625],"tintindex":0,"rotation":0,"texture":"#0"}},"rotation":{"origin":[10.115372,-4.5122986,2.944786],"angle":-22.5,"axis":"z"}},{"from":[2.1614585,10.8141365,7.102422],"to":[4.2614584,18.314137,9.277422],"faces":{"east":{"uv":[5.0,10.0,5.375,11.5],"tintindex":0,"rotation":0,"texture":"#0"},"south":{"uv":[10.0,5.25,10.375,6.75],"tintindex":0,"rotation":0,"texture":"#0"},"north":{"uv":[0.0,9.75,0.375,11.25],"tintindex":0,"rotation":0,"texture":"#0"},"west":{"uv":[5.5,10.0,5.875,11.5],"tintindex":0,"rotation":0,"texture":"#0"},"up":{"uv":[2.375,14.125,2.0,13.75],"tintindex":0,"rotation":0,"texture":"#0"},"down":{"uv":[14.125,3.75,13.75,4.125],"tintindex":0,"rotation":0,"texture":"#0"}},"rotation":{"origin":[10.115372,-4.5122986,2.944786],"angle":-22.5,"axis":"z"}},{"from":[-4.2685156,6.183693,6.1274223],"to":[-3.2935162,12.183693,7.0274224],"faces":{"east":{"uv":[13.5,4.0,13.625,5.25],"tintindex":0,"rotation":0,"texture":"#0"},"south":{"uv":[10.5,3.0,10.75,4.25],"tintindex":0,"rotation":0,"texture":"#0"},"north":{"uv":[10.25,7.75,10.5,9.0],"tintindex":0,"rotation":0,"texture":"#0"},"west":{"uv":[13.5,5.25,13.625,6.5],"tintindex":0,"rotation":0,"texture":"#0"},"up":{"uv":[11.5,14.875,11.25,14.75],"tintindex":0,"rotation":0,"texture":"#0"},"down":{"uv":[15.0,11.25,14.75,11.375],"tintindex":0,"rotation":0,"texture":"#0"}},"rotation":{"origin":[10.115372,-4.5122986,2.944786],"angle":-45.0,"axis":"z"}},{"from":[20.323864,9.38409,6.1274223],"to":[21.298864,15.38409,7.0274224],"faces":{"east":{"uv":[5.5,13.5,5.625,14.75],"tintindex":0,"rotation":0,"texture":"#0"},"south":{"uv":[8.5,12.5,8.75,13.75],"tintindex":0,"rotation":0,"texture":"#0"},"north":{"uv":[10.5,7.75,10.25,9.0],"tintindex":0,"rotation":0,"texture":"#0"},"west":{"uv":[5.75,13.5,5.875,14.75],"tintindex":0,"rotation":0,"texture":"#0"},"up":{"uv":[15.0,11.625,14.75,11.5],"tintindex":0,"rotation":0,"texture":"#0"},"down":{"uv":[15.0,11.75,14.75,11.875],"tintindex":0,"rotation":0,"texture":"#0"}},"rotation":{"origin":[10.115372,-4.5122986,2.944786],"angle":45.0,"axis":"z"}},{"from":[10.655572,16.971886,5.602422],"to":[16.130571,21.471886,7.777422],"faces":{"east":{"uv":[1.5,12.0,1.875,12.875],"tintindex":0,"rotation":0,"texture":"#0"},"south":{"uv":[8.5,3.0,9.625,3.875],"tintindex":0,"rotation":0,"texture":"#0"},"north":{"uv":[9.625,4.0,8.5,4.875],"tintindex":0,"rotation":0,"texture":"#0"},"west":{"uv":[9.25,12.0,9.625,12.875],"tintindex":0,"rotation":0,"texture":"#0"},"up":{"uv":[12.375,7.125,11.25,6.75],"tintindex":0,"rotation":0,"texture":"#0"},"down":{"uv":[12.375,7.25,11.25,7.625],"tintindex":0,"rotation":0,"texture":"#0"}},"rotation":{"origin":[10.115372,-4.5122986,2.944786],"angle":22.5,"axis":"z"}}],"display":{"gui":{"rotation":[30,225,0]}}}