{
  "textures": {
    "0": "modelengine:entity/nes_bacteria"
  },
  "elements": [
    {
      "from": [
        7.3432083,
        10.387859,
        7.31277
      ],
      "to": [
        8.693209,
        21.112862,
        8.58777
      ],
      "faces": {
        "east": {
          "uv": [
            8.25,
            10.25,
            8.5,
            12.375
          ],
          "tintindex": 0,
          "rotation": 0,
          "texture": "#0"
        },
        "south": {
          "uv": [
            8.5,
            10.25,
            8.75,
            12.375
          ],
          "tintindex": 0,
          "rotation": 0,
          "texture": "#0"
        },
        "north": {
          "uv": [
            8,
            10.25,
            8.25,
            12.375
          ],
          "tintindex": 0,
          "rotation": 0,
          "texture": "#0"
        },
        "west": {
          "uv": [
            10.25,
            10,
            10.5,
            12.125
          ],
          "tintindex": 0,
          "rotation": 0,
          "texture": "#0"
        },
        "up": {
          "uv": [
            10.5,
            9.25,
            10.25,
            9
          ],
          "tintindex": 0,
          "rotation": 0,
          "texture": "#0"
        },
        "down": {
          "uv": [
            10.75,
            4.25,
            10.5,
            4.5
          ],
          "tintindex": 0,
          "rotation": 0,
          "texture": "#0"
        }
      }
    },
    {
      "from": [
        7.4144387,
        15.382488,
        10.50296
      ],
      "to": [
        8.576939,
        18.60749,
        11.852961
      ],
      "faces": {
        "east": {
          "uv": [
            0.5,
            13.5,
            0.75,
            14.125
          ],
          "tintindex": 0,
          "rotation": 0,
          "texture": "#0"
        },
        "south": {
          "uv": [
            0.75,
            13.5,
            1,
            14.125
          ],
          "tintindex": 0,
          "rotation": 0,
          "texture": "#0"
        },
        "north": {
          "uv": [
            0.25,
            13.5,
            0.5,
            14.125
          ],
          "tintindex": 0,
          "rotation": 0,
          "texture": "#0"
        },
        "west": {
          "uv": [
            13.5,
            3.25,
            13.75,
            3.875
          ],
          "tintindex": 0,
          "rotation": 0,
          "texture": "#0"
        },
        "up": {
          "uv": [
            8.5,
            14.75,
            8.25,
            14.5
          ],
          "tintindex": 0,
          "rotation": 0,
          "texture": "#0"
        },
        "down": {
          "uv": [
            14.75,
            8.25,
            14.5,
            8.5
          ],
          "tintindex": 0,
          "rotation": 0,
          "texture": "#0"
        }
      },
      "rotation": {
        "origin": [
          10.0617485,
          8.3521,
          3.830134
        ],
        "angle": -22.5,
        "axis": "x"
      }
    },
    {
      "from": [
        7.4144387,
        18.577072,
        3.300046
      ],
      "to": [
        8.576939,
        21.802074,
        4.650046
      ],
      "faces": {
        "east": {
          "uv": [
            12.5,
            13.25,
            12.75,
            13.875
          ],
          "tintindex": 0,
          "rotation": 0,
          "texture": "#0"
        },
        "south": {
          "uv": [
            13.25,
            12.75,
            13.5,
            13.375
          ],
          "tintindex": 0,
          "rotation": 0,
          "texture": "#0"
        },
        "north": {
          "uv": [
            12.25,
            13.25,
            12.5,
            13.875
          ],
          "tintindex": 0,
          "rotation": 0,
          "texture": "#0"
        },
        "west": {
          "uv": [
            0,
            13.5,
            0.25,
            14.125
          ],
          "tintindex": 0,
          "rotation": 0,
          "texture": "#0"
        },
        "up": {
          "uv": [
            13.5,
            5.75,
            13.25,
            5.5
          ],
          "tintindex": 0,
          "rotation": 0,
          "texture": "#0"
        },
        "down": {
          "uv": [
            14.75,
            8,
            14.5,
            8.25
          ],
          "tintindex": 0,
          "rotation": 0,
          "texture": "#0"
        }
      },
      "rotation": {
        "origin": [
          10.0617485,
          8.3521,
          3.830134
        ],
        "angle": 22.5,
        "axis": "x"
      }
    },
    {
      "from": [
        3.868329,
        16.231247,
        7.38777
      ],
      "to": [
        5.2183285,
        19.456245,
        8.55027
      ],
      "faces": {
        "east": {
          "uv": [
            13.25,
            9.25,
            13.5,
            9.875
          ],
          "tintindex": 0,
          "rotation": 0,
          "texture": "#0"
        },
        "south": {
          "uv": [
            9.75,
            13.25,
            10,
            13.875
          ],
          "tintindex": 0,
          "rotation": 0,
          "texture": "#0"
        },
        "north": {
          "uv": [
            8.25,
            13.25,
            8.5,
            13.875
          ],
          "tintindex": 0,
          "rotation": 0,
          "texture": "#0"
        },
        "west": {
          "uv": [
            10,
            13.25,
            10.25,
            13.875
          ],
          "tintindex": 0,
          "rotation": 0,
          "texture": "#0"
        },
        "up": {
          "uv": [
            10.75,
            12.25,
            10.5,
            12
          ],
          "tintindex": 0,
          "rotation": 0,
          "texture": "#0"
        },
        "down": {
          "uv": [
            12,
            12,
            11.75,
            12.25
          ],
          "tintindex": 0,
          "rotation": 0,
          "texture": "#0"
        }
      },
      "rotation": {
        "origin": [
          10.0617485,
          8.3521,
          3.830134
        ],
        "angle": -22.5,
        "axis": "z"
      }
    },
    {
      "from": [
        2.9932084,
        9.262859,
        7.76277
      ],
      "to": [
        12.968208,
        10.612862,
        9.03777
      ],
      "faces": {
        "east": {
          "uv": [
            10,
            6.75,
            10.25,
            7
          ],
          "tintindex": 0,
          "rotation": 0,
          "texture": "#0"
        },
        "south": {
          "uv": [
            10.75,
            10,
            12.75,
            10.25
          ],
          "tintindex": 0,
          "rotation": 0,
          "texture": "#0"
        },
        "north": {
          "uv": [
            10.75,
            9.75,
            12.75,
            10
          ],
          "tintindex": 0,
          "rotation": 0,
          "texture": "#0"
        },
        "west": {
          "uv": [
            10.25,
            6.75,
            10.5,
            7
          ],
          "tintindex": 0,
          "rotation": 0,
          "texture": "#0"
        },
        "up": {
          "uv": [
            12.75,
            10.5,
            10.75,
            10.25
          ],
          "tintindex": 0,
          "rotation": 0,
          "texture": "#0"
        },
        "down": {
          "uv": [
            12.75,
            10.5,
            10.75,
            10.75
          ],
          "tintindex": 0,
          "rotation": 0,
          "texture": "#0"
        }
      }
    },
    {
      "from": [
        6.411075,
        7.621582,
        6.48777
      ],
      "to": [
        10.161075,
        11.371582,
        10.31277
      ],
      "faces": {
        "east": {
          "uv": [
            3.5,
            9.75,
            4.25,
            10.5
          ],
          "tintindex": 0,
          "rotation": 0,
          "texture": "#0"
        },
        "south": {
          "uv": [
            9.75,
            3.75,
            10.5,
            4.5
          ],
          "tintindex": 0,
          "rotation": 0,
          "texture": "#0"
        },
        "north": {
          "uv": [
            9.75,
            3,
            10.5,
            3.75
          ],
          "tintindex": 0,
          "rotation": 0,
          "texture": "#0"
        },
        "west": {
          "uv": [
            9.75,
            9.25,
            10.5,
            10
          ],
          "tintindex": 0,
          "rotation": 0,
          "texture": "#0"
        },
        "up": {
          "uv": [
            5,
            10.75,
            4.25,
            10
          ],
          "tintindex": 0,
          "rotation": 0,
          "texture": "#0"
        },
        "down": {
          "uv": [
            10.75,
            4.5,
            10,
            5.25
          ],
          "tintindex": 0,
          "rotation": 0,
          "texture": "#0"
        }
      },
      "rotation": {
        "origin": [
          10.0617485,
          8.3521,
          3.830134
        ],
        "angle": 45,
        "axis": "z"
      }
    },
    {
      "from": [
        11.071243,
        17.728317,
        7.38777
      ],
      "to": [
        12.421244,
        20.95332,
        8.55027
      ],
      "faces": {
        "east": {
          "uv": [
            10.5,
            13.25,
            10.75,
            13.875
          ],
          "tintindex": 0,
          "rotation": 0,
          "texture": "#0"
        },
        "south": {
          "uv": [
            11.75,
            13.25,
            12,
            13.875
          ],
          "tintindex": 0,
          "rotation": 0,
          "texture": "#0"
        },
        "north": {
          "uv": [
            8.5,
            13.25,
            8.25,
            13.875
          ],
          "tintindex": 0,
          "rotation": 0,
          "texture": "#0"
        },
        "west": {
          "uv": [
            12,
            13.25,
            12.25,
            13.875
          ],
          "tintindex": 0,
          "rotation": 0,
          "texture": "#0"
        },
        "up": {
          "uv": [
            5.75,
            12.5,
            5.5,
            12.25
          ],
          "tintindex": 0,
          "rotation": 0,
          "texture": "#0"
        },
        "down": {
          "uv": [
            13,
            1.75,
            12.75,
            2
          ],
          "tintindex": 0,
          "rotation": 0,
          "texture": "#0"
        }
      },
      "rotation": {
        "origin": [
          10.0617485,
          8.3521,
          3.830134
        ],
        "angle": 22.5,
        "axis": "z"
      }
    }
  ],
  "display": {
    "gui": {
      "rotation": [
        30,
        225,
        0
      ]
    }
  }
}