{"textures":{"0":"modelengine:entity/demonflying"},"elements":[{"from":[7.585945,4.360984,7.5163608],"to":[8.385945,7.903841,8.430647],"rotation":{"angle":0.0,"axis":"y","origin":[7.24634,12.914286,11.68779]},"faces":{"east":{"uv":[6.75,11.0,7.125,12.5625],"rotation":0,"texture":"#0","tintindex":0},"south":{"uv":[9.0,11.0,9.375,12.5625],"rotation":0,"texture":"#0","tintindex":0},"north":{"uv":[6.25,11.0,6.625,12.5625],"rotation":0,"texture":"#0","tintindex":0},"west":{"uv":[9.5,11.0,9.875,12.5625],"rotation":0,"texture":"#0","tintindex":0},"up":{"uv":[0.375,13.375,0.0,13.0],"rotation":0,"texture":"#0","tintindex":0},"down":{"uv":[1.625,13.0,1.25,13.375],"rotation":0,"texture":"#0","tintindex":0}}}],"display":{"head":{"translation":[0.0,-6.4,0.0],"scale":[4.0,4.0,4.0]}}}