{"textures":{"0":"modelengine:entity/demonflying"},"elements":[{"from":[12.457379,13.583052,6.3567224],"to":[14.0002365,16.268766,9.328151],"rotation":{"angle":22.5,"axis":"z","origin":[16.28595,-4.359806,11.499579]},"faces":{"east":{"uv":[7.25,4.5,8.5625,5.6875],"rotation":0,"texture":"#0","tintindex":0},"south":{"uv":[7.25,10.0,7.9375,11.1875],"rotation":0,"texture":"#0","tintindex":0},"north":{"uv":[10.0,6.5,10.6875,7.6875],"rotation":0,"texture":"#0","tintindex":0},"west":{"uv":[7.5,0.0,8.8125,1.1875],"rotation":0,"texture":"#0","tintindex":0},"up":{"uv":[9.9375,7.8125,9.25,6.5],"rotation":0,"texture":"#0","tintindex":0},"down":{"uv":[9.9375,8.0,9.25,9.3125],"rotation":0,"texture":"#0","tintindex":0}}},{"from":[6.2541265,10.826048,6.2995796],"to":[9.682698,13.85462,9.385294],"rotation":{"angle":0.0,"axis":"y","origin":[7.9684124,0.14033365,6.2424364]},"faces":{"east":{"uv":[4.75,6.0,6.125,7.3125],"rotation":0,"texture":"#0","tintindex":0},"south":{"uv":[3.25,6.0,4.75,7.3125],"rotation":0,"texture":"#0","tintindex":0},"north":{"uv":[1.75,6.0,3.25,7.3125],"rotation":0,"texture":"#0","tintindex":0},"west":{"uv":[6.25,6.0,7.625,7.3125],"rotation":0,"texture":"#0","tintindex":0},"up":{"uv":[6.75,1.375,5.25,0.0],"rotation":0,"texture":"#0","tintindex":0},"down":{"uv":[6.75,1.5,5.25,2.875],"rotation":0,"texture":"#0","tintindex":0}}},{"from":[1.9365892,13.583052,6.3567224],"to":[3.4794464,16.268766,9.328151],"rotation":{"angle":-22.5,"axis":"z","origin":[-0.3491249,-4.359806,11.499579]},"faces":{"east":{"uv":[1.5,7.5,2.8125,8.6875],"rotation":0,"texture":"#0","tintindex":0},"south":{"uv":[10.0,9.0,10.6875,10.1875],"rotation":0,"texture":"#0","tintindex":0},"north":{"uv":[10.0,7.75,10.6875,8.9375],"rotation":0,"texture":"#0","tintindex":0},"west":{"uv":[3.0,7.5,4.3125,8.6875],"rotation":0,"texture":"#0","tintindex":0},"up":{"uv":[9.9375,10.8125,9.25,9.5],"rotation":0,"texture":"#0","tintindex":0},"down":{"uv":[3.6875,9.75,3.0,11.0625],"rotation":0,"texture":"#0","tintindex":0}}},{"from":[6.539841,13.257143,8.171429],"to":[9.396984,14.914286,10.342857],"rotation":{"angle":-45.0,"axis":"x","origin":[5.028571,12.4,9.142858]},"faces":{"east":{"uv":[1.5,10.5,2.4375,11.25],"rotation":0,"texture":"#0","tintindex":0},"south":{"uv":[9.25,3.0,10.5,3.75],"rotation":0,"texture":"#0","tintindex":0},"north":{"uv":[9.25,2.25,10.5,3.0],"rotation":0,"texture":"#0","tintindex":0},"west":{"uv":[10.5,1.75,11.4375,2.5],"rotation":0,"texture":"#0","tintindex":0},"up":{"uv":[9.25,3.1875,8.0,2.25],"rotation":0,"texture":"#0","tintindex":0},"down":{"uv":[9.25,3.25,8.0,4.1875],"rotation":0,"texture":"#0","tintindex":0}}},{"from":[6.8255553,8.368905,6.6995792],"to":[9.11127,10.826048,9.042437],"rotation":{"angle":0.0,"axis":"y","origin":[7.9684124,0.54033375,7.0995793]},"faces":{"east":{"uv":[9.0,0.0,10.0,1.0625],"rotation":0,"texture":"#0","tintindex":0},"south":{"uv":[4.25,9.0,5.25,10.0625],"rotation":0,"texture":"#0","tintindex":0},"north":{"uv":[8.75,4.25,9.75,5.3125],"rotation":0,"texture":"#0","tintindex":0},"west":{"uv":[5.25,9.0,6.25,10.0625],"rotation":0,"texture":"#0","tintindex":0},"up":{"uv":[10.0,6.5,9.0,5.5],"rotation":0,"texture":"#0","tintindex":0},"down":{"uv":[7.25,9.0,6.25,10.0],"rotation":0,"texture":"#0","tintindex":0}}},{"from":[6.1924305,6.883191,6.728151],"to":[7.3924303,8.140334,9.013865],"rotation":{"angle":-45.0,"axis":"z","origin":[8.021002,7.511762,8.385294]},"faces":{"east":{"uv":[11.25,6.0,12.25,6.5625],"rotation":0,"texture":"#0","tintindex":0},"south":{"uv":[2.25,12.25,2.75,12.8125],"rotation":0,"texture":"#0","tintindex":0},"north":{"uv":[12.25,0.5,12.75,1.0625],"rotation":0,"texture":"#0","tintindex":0},"west":{"uv":[11.25,6.75,12.25,7.3125],"rotation":0,"texture":"#0","tintindex":0},"up":{"uv":[7.25,3.25,6.75,2.25],"rotation":0,"texture":"#0","tintindex":0},"down":{"uv":[11.0,2.5,10.5,3.5],"rotation":0,"texture":"#0","tintindex":0}}},{"from":[7.139841,7.5117626,6.671008],"to":[8.796984,8.368905,9.071008],"rotation":{"angle":0.0,"axis":"y","origin":[8.4047575,10.062393,6.728151]},"faces":{"east":{"uv":[5.25,3.0,6.3125,3.375],"rotation":0,"texture":"#0","tintindex":0},"south":{"uv":[12.25,5.0,13.0,5.375],"rotation":0,"texture":"#0","tintindex":0},"north":{"uv":[10.25,5.0,11.0,5.375],"rotation":0,"texture":"#0","tintindex":0},"west":{"uv":[11.5,4.5,12.5625,4.875],"rotation":0,"texture":"#0","tintindex":0},"up":{"uv":[0.75,11.3125,0.0,10.25],"rotation":0,"texture":"#0","tintindex":0},"down":{"uv":[11.0,3.75,10.25,4.8125],"rotation":0,"texture":"#0","tintindex":0}}},{"from":[8.5443945,6.883191,6.728151],"to":[9.744395,8.140334,9.013865],"rotation":{"angle":45.0,"axis":"z","origin":[7.9158235,7.511762,8.385294]},"faces":{"east":{"uv":[11.25,7.5,12.25,8.0625],"rotation":0,"texture":"#0","tintindex":0},"south":{"uv":[12.25,6.75,12.75,7.3125],"rotation":0,"texture":"#0","tintindex":0},"north":{"uv":[12.25,6.0,12.75,6.5625],"rotation":0,"texture":"#0","tintindex":0},"west":{"uv":[11.25,8.25,12.25,8.8125],"rotation":0,"texture":"#0","tintindex":0},"up":{"uv":[7.75,12.25,7.25,11.25],"rotation":0,"texture":"#0","tintindex":0},"down":{"uv":[11.75,9.0,11.25,10.0],"rotation":0,"texture":"#0","tintindex":0}}}],"display":{"head":{"translation":[0.0,-6.4,0.0],"scale":[4.0,4.0,4.0]}}}