{"textures":{"0":"modelengine:entity/demonflying"},"elements":[{"from":[7.956912,6.8752694,7.5163608],"to":[8.185484,7.446698,8.430647],"rotation":{"angle":0.0,"axis":"y","origin":[8.639375,16.0,11.68779]},"faces":{"east":{"uv":[13.25,10.5,13.625,10.75],"rotation":0,"texture":"#0","tintindex":0},"south":{"uv":[13.0,13.75,13.125,14.0],"rotation":0,"texture":"#0","tintindex":0},"north":{"uv":[12.75,13.75,12.875,14.0],"rotation":0,"texture":"#0","tintindex":0},"west":{"uv":[13.25,10.75,13.625,11.0],"rotation":0,"texture":"#0","tintindex":0},"up":{"uv":[5.375,14.125,5.25,13.75],"rotation":0,"texture":"#0","tintindex":0},"down":{"uv":[5.625,13.75,5.5,14.125],"rotation":0,"texture":"#0","tintindex":0}}},{"from":[11.129967,5.43497,7.5449324],"to":[11.358538,6.063541,8.402075],"rotation":{"angle":-22.5,"axis":"z","origin":[11.812428,14.4454155,11.659218]},"faces":{"east":{"uv":[11.5,13.25,11.875,13.5],"rotation":0,"texture":"#0","tintindex":0},"south":{"uv":[13.25,13.75,13.375,14.0],"rotation":0,"texture":"#0","tintindex":0},"north":{"uv":[13.75,13.0,13.875,13.25],"rotation":0,"texture":"#0","tintindex":0},"west":{"uv":[13.25,11.5,13.625,11.75],"rotation":0,"texture":"#0","tintindex":0},"up":{"uv":[5.875,14.125,5.75,13.75],"rotation":0,"texture":"#0","tintindex":0},"down":{"uv":[6.875,13.75,6.75,14.125],"rotation":0,"texture":"#0","tintindex":0}}},{"from":[6.975614,9.777245,7.573504],"to":[7.432757,9.948672,8.373504],"rotation":{"angle":22.5,"axis":"z","origin":[16.443203,9.323353,11.659218]},"faces":{"east":{"uv":[14.0,2.25,14.375,2.3125],"rotation":0,"texture":"#0","tintindex":0},"south":{"uv":[14.0,13.0,14.1875,13.0625],"rotation":0,"texture":"#0","tintindex":0},"north":{"uv":[13.0,14.0,13.1875,14.0625],"rotation":0,"texture":"#0","tintindex":0},"west":{"uv":[2.5,14.0,2.875,14.0625],"rotation":0,"texture":"#0","tintindex":0},"up":{"uv":[1.6875,13.875,1.5,13.5],"rotation":0,"texture":"#0","tintindex":0},"down":{"uv":[1.9375,13.5,1.75,13.875],"rotation":0,"texture":"#0","tintindex":0}}},{"from":[7.7283406,7.446698,7.573504],"to":[8.128341,8.0181265,8.373504],"rotation":{"angle":0.0,"axis":"y","origin":[8.696517,16.57143,11.68779]},"faces":{"east":{"uv":[13.25,11.75,13.625,12.0],"rotation":0,"texture":"#0","tintindex":0},"south":{"uv":[10.5,12.75,10.6875,13.0],"rotation":0,"texture":"#0","tintindex":0},"north":{"uv":[2.25,12.0,2.4375,12.25],"rotation":0,"texture":"#0","tintindex":0},"west":{"uv":[12.0,13.25,12.375,13.5],"rotation":0,"texture":"#0","tintindex":0},"up":{"uv":[2.1875,13.875,2.0,13.5],"rotation":0,"texture":"#0","tintindex":0},"down":{"uv":[2.4375,13.5,2.25,13.875],"rotation":0,"texture":"#0","tintindex":0}}},{"from":[8.014055,7.642997,7.077344],"to":[8.242626,7.985854,7.6487727],"rotation":{"angle":0.0,"axis":"y","origin":[8.639375,16.171429,11.68779]},"faces":{"east":{"uv":[13.75,13.25,14.0,13.375],"rotation":0,"texture":"#0","tintindex":0},"south":{"uv":[10.0,14.0,10.125,14.125],"rotation":0,"texture":"#0","tintindex":0},"north":{"uv":[9.75,14.0,9.875,14.125],"rotation":0,"texture":"#0","tintindex":0},"west":{"uv":[13.5,13.75,13.75,13.875],"rotation":0,"texture":"#0","tintindex":0},"up":{"uv":[13.875,14.0,13.75,13.75],"rotation":0,"texture":"#0","tintindex":0},"down":{"uv":[0.125,14.0,0.0,14.25],"rotation":0,"texture":"#0","tintindex":0}}},{"from":[9.748196,7.6715684,6.0602803],"to":[9.976767,7.9572825,6.574566],"rotation":{"angle":22.5,"axis":"y","origin":[10.373515,16.228573,11.185012]},"faces":{"east":{"uv":[14.0,0.0,14.25,0.125],"rotation":0,"texture":"#0","tintindex":0},"south":{"uv":[10.25,14.0,10.375,14.125],"rotation":0,"texture":"#0","tintindex":0},"north":{"uv":[14.0,10.0,14.125,10.125],"rotation":0,"texture":"#0","tintindex":0},"west":{"uv":[0.25,14.0,0.5,14.125],"rotation":0,"texture":"#0","tintindex":0},"up":{"uv":[14.125,0.5,14.0,0.25],"rotation":0,"texture":"#0","tintindex":0},"down":{"uv":[1.125,14.0,1.0,14.25],"rotation":0,"texture":"#0","tintindex":0}}},{"from":[7.332412,7.7001395,8.396748],"to":[7.846698,7.928711,8.568176],"rotation":{"angle":-22.5,"axis":"y","origin":[12.457144,16.228573,8.0]},"faces":{"east":{"uv":[14.25,0.0,14.3125,0.125],"rotation":0,"texture":"#0","tintindex":0},"south":{"uv":[1.5,14.0,1.75,14.125],"rotation":0,"texture":"#0","tintindex":0},"north":{"uv":[1.25,14.0,1.5,14.125],"rotation":0,"texture":"#0","tintindex":0},"west":{"uv":[0.25,14.25,0.3125,14.375],"rotation":0,"texture":"#0","tintindex":0},"up":{"uv":[14.25,10.3125,14.0,10.25],"rotation":0,"texture":"#0","tintindex":0},"down":{"uv":[10.75,14.0,10.5,14.0625],"rotation":0,"texture":"#0","tintindex":0}}}],"display":{"head":{"translation":[0.0,-6.4,0.0],"scale":[4.0,4.0,4.0]}}}