{"textures":{"0":"modelengine:entity/spiritbodyreg","4":"modelengine:entity/rotatingreg"},"elements":[{"from":[-3.3169775,11.143568,4.7608404],"to":[-1.7741203,17.057854,10.675126],"rotation":{"angle":22.5,"axis":"z","origin":[6.4544516,29.529284,7.7179832]},"faces":{"east":{"uv":[3.032,5.75,4.4375,7.1875],"rotation":0,"texture":"#0","tintindex":0},"south":{"uv":[12.032,6.75,12.375,8.1875],"rotation":0,"texture":"#0","tintindex":0},"north":{"uv":[12.032,5.25,12.375,6.6875],"rotation":0,"texture":"#0","tintindex":0},"west":{"uv":[4.5,5.75,5.9375,7.1875],"rotation":0,"texture":"#0","tintindex":0},"up":{"uv":[11.125,13.4375,10.75,12.032],"rotation":0,"texture":"#0","tintindex":0},"down":{"uv":[11.625,12.032,11.25,13.4375],"rotation":0,"texture":"#0","tintindex":0}}},{"from":[11.340166,8.726425,5.275126],"to":[11.340166,12.686425,10.417983],"rotation":{"angle":0.0,"axis":"y","origin":[7.4830227,-4.7992897,9.132269]},"faces":{"east":{"uv":[3.032,8.5,4.25,9.4375],"rotation":0,"texture":"#0","tintindex":0},"south":{"uv":[7.5,3.25,9.125,4.1875],"rotation":0,"texture":"#0","tintindex":0},"north":{"uv":[7.032,4.75,8.625,5.6875],"rotation":0,"texture":"#0","tintindex":0},"west":{"uv":[4.25,8.5,3.032,9.4375],"rotation":0,"texture":"#0","tintindex":0},"up":{"uv":[7.625,6.968,6.032,5.75],"rotation":0,"texture":"#0","tintindex":0},"down":{"uv":[7.625,7.032,6.032,8.25],"rotation":0,"texture":"#0","tintindex":0}}},{"from":[5.168737,8.829282,5.7894115],"to":[10.82588,12.172139,9.903698],"rotation":{"angle":0.0,"axis":"y","origin":[7.4830227,-4.7992897,9.132269]},"faces":{"east":{"uv":[10.75,9.032,11.75,9.8125],"rotation":0,"texture":"#0","tintindex":0},"south":{"uv":[9.75,4.5,11.125,5.3125],"rotation":0,"texture":"#0","tintindex":0},"north":{"uv":[4.125,1.032,5.5,1.8125],"rotation":0,"texture":"#0","tintindex":0},"west":{"uv":[1.5,11.032,2.5,11.8125],"rotation":0,"texture":"#0","tintindex":0},"up":{"uv":[5.5,0.968,4.125,0.032],"rotation":0,"texture":"#0","tintindex":0},"down":{"uv":[5.5,0.968,4.125,0.032],"rotation":0,"texture":"#0","tintindex":0}}},{"from":[11.340166,12.583568,5.275126],"to":[11.340166,15.2578535,10.315126],"rotation":{"angle":0.0,"axis":"y","origin":[7.4830227,-4.7992897,9.132269]},"faces":{"east":{"uv":[6.25,2.032,7.5,2.625],"rotation":0,"texture":"#0","tintindex":0},"south":{"uv":[9.75,6.5,11.375,7.125],"rotation":0,"texture":"#0","tintindex":0},"north":{"uv":[5.625,3.032,7.25,3.625],"rotation":0,"texture":"#0","tintindex":0},"west":{"uv":[8.032,1.25,9.25,1.875],"rotation":0,"texture":"#0","tintindex":0},"up":{"uv":[4.625,8.5,3.032,7.25],"rotation":0,"texture":"#0","tintindex":0},"down":{"uv":[9.125,2.032,7.5,3.25],"rotation":0,"texture":"#0","tintindex":0}}},{"from":[3.3687372,2.1435676,3.3465548],"to":[12.62588,2.1435676,12.603698],"rotation":{"angle":-22.5,"axis":"x","origin":[7.9973087,2.6578531,7.9751263]},"faces":{"east":{"uv":[0.032,0.032,4.5,-0.1],"rotation":0,"texture":"#4","tintindex":0},"south":{"uv":[0.032,0.032,4.5,-0.1],"rotation":0,"texture":"#4","tintindex":0},"north":{"uv":[0.032,0.032,4.5,-0.1],"rotation":0,"texture":"#4","tintindex":0},"west":{"uv":[0.032,0.032,4.5,-0.1],"rotation":0,"texture":"#4","tintindex":0},"up":{"uv":[8.968,8.968,0.032,0.032],"rotation":180,"texture":"#4","tintindex":0},"down":{"uv":[8.968,0.032,0.032,8.968],"rotation":180,"texture":"#4","tintindex":0}}},{"from":[3.3687372,3.1721392,3.3465548],"to":[12.62588,3.1721392,12.603698],"rotation":{"angle":-22.5,"axis":"x","origin":[7.9973087,2.6578531,7.9751263]},"faces":{"east":{"uv":[0.032,0.032,4.5,-0.1],"rotation":0,"texture":"#4","tintindex":0},"south":{"uv":[0.032,0.032,4.5,-0.1],"rotation":0,"texture":"#4","tintindex":0},"north":{"uv":[0.032,0.032,4.5,-0.1],"rotation":0,"texture":"#4","tintindex":0},"west":{"uv":[0.032,0.032,4.5,-0.1],"rotation":0,"texture":"#4","tintindex":0},"up":{"uv":[8.968,8.968,0.032,0.032],"rotation":0,"texture":"#4","tintindex":0},"down":{"uv":[8.968,0.032,0.032,8.968],"rotation":0,"texture":"#4","tintindex":0}}},{"from":[3.3687372,3.1721392,3.3465548],"to":[12.62588,3.1721392,12.603698],"rotation":{"angle":-22.5,"axis":"x","origin":[7.9973087,2.6578531,7.9751263]},"faces":{"east":{"uv":[0.032,0.032,4.5,-0.1],"rotation":0,"texture":"#4","tintindex":0},"south":{"uv":[0.032,0.032,4.5,-0.1],"rotation":0,"texture":"#4","tintindex":0},"north":{"uv":[0.032,0.032,4.5,-0.1],"rotation":0,"texture":"#4","tintindex":0},"west":{"uv":[0.032,0.032,4.5,-0.1],"rotation":0,"texture":"#4","tintindex":0},"up":{"uv":[8.968,8.968,0.032,0.032],"rotation":0,"texture":"#4","tintindex":0},"down":{"uv":[8.968,0.032,0.032,8.968],"rotation":0,"texture":"#4","tintindex":0}}},{"from":[5.6830225,3.177853,6.175126],"to":[10.311594,4.7435675,9.775126],"rotation":{"angle":0.0,"axis":"y","origin":[7.9973087,-5.827862,9.775126]},"faces":{"east":{"uv":[12.5,0.0945,13.375,0.4375],"rotation":0,"texture":"#0","tintindex":0},"south":{"uv":[2.5,12.3125,3.625,12.6875],"rotation":0,"texture":"#0","tintindex":0},"north":{"uv":[12.25,2.3125,13.375,2.6875],"rotation":0,"texture":"#0","tintindex":0},"west":{"uv":[12.5,2.8125,13.375,3.1875],"rotation":0,"texture":"#0","tintindex":0},"up":{"uv":[10.875,10.25,9.75,11.125],"rotation":0,"texture":"#0","tintindex":0},"down":{"uv":[10.875,10.25,9.75,11.125],"rotation":0,"texture":"#0","tintindex":0}}},{"from":[7.22588,-0.1707182,7.46084],"to":[8.768737,1.3721385,8.489412],"rotation":{"angle":0.0,"axis":"y","origin":[7.9973087,-5.827862,9.775126]},"faces":{"east":{"uv":[4.4375,1.4375,4.6875,1.8125],"rotation":0,"texture":"#0","tintindex":0},"south":{"uv":[4.625,3.625,4.968,3.968],"rotation":0,"texture":"#0","tintindex":0},"north":{"uv":[4.625,3.625,4.968,3.968],"rotation":0,"texture":"#0","tintindex":0},"west":{"uv":[4.6875,1.4375,4.4375,1.8125],"rotation":0,"texture":"#0","tintindex":0},"up":{"uv":[10.375,2.25,10.032,2.032],"rotation":0,"texture":"#0","tintindex":0},"down":{"uv":[12.75,2.032,12.375,2.1875],"rotation":0,"texture":"#0","tintindex":0}}},{"from":[6.4544516,1.3721385,6.9465547],"to":[9.540166,2.9149957,9.003697],"rotation":{"angle":0.0,"axis":"y","origin":[7.9973087,-5.827862,9.775126]},"faces":{"east":{"uv":[9.75,4.032,10.25,4.3125],"rotation":0,"texture":"#0","tintindex":0},"south":{"uv":[10.125,5.032,10.875,5.3125],"rotation":0,"texture":"#0","tintindex":0},"north":{"uv":[4.4375,3.25,5.1875,3.625],"rotation":0,"texture":"#0","tintindex":0},"west":{"uv":[9.75,4.032,10.25,4.3125],"rotation":0,"texture":"#0","tintindex":0},"up":{"uv":[13.25,4.25,12.5,3.75],"rotation":0,"texture":"#0","tintindex":0},"down":{"uv":[10.968,4.5625,10.25,4.968],"rotation":0,"texture":"#0","tintindex":0}}},{"from":[5.9401655,2.9149957,6.432269],"to":[10.054452,4.7149963,9.517983],"rotation":{"angle":0.0,"axis":"y","origin":[7.9973087,-5.827862,9.775126]},"faces":{"east":{"uv":[10.5,4.8125,9.75,5.3125],"rotation":0,"texture":"#0","tintindex":0},"south":{"uv":[12.25,1.75,13.25,2.25],"rotation":0,"texture":"#0","tintindex":0},"north":{"uv":[4.3125,2.8125,5.3125,3.25],"rotation":0,"texture":"#0","tintindex":0},"west":{"uv":[9.75,4.8125,10.5,5.3125],"rotation":0,"texture":"#0","tintindex":0},"up":{"uv":[10.8125,3.5625,9.8125,4.3125],"rotation":0,"texture":"#0","tintindex":0},"down":{"uv":[10.8125,3.5625,9.8125,4.3125],"rotation":0,"texture":"#0","tintindex":0}}},{"from":[5.42588,4.5149965,5.7894115],"to":[10.568737,8.886425,10.160841],"rotation":{"angle":0.0,"axis":"y","origin":[7.4830227,-4.7992897,9.132269]},"faces":{"east":{"uv":[9.25,2.25,10.3125,3.3125],"rotation":0,"texture":"#0","tintindex":0},"south":{"uv":[7.75,5.75,8.968,6.8125],"rotation":0,"texture":"#0","tintindex":0},"north":{"uv":[4.75,7.25,5.968,8.3125],"rotation":0,"texture":"#0","tintindex":0},"west":{"uv":[5.5,9.25,6.5625,10.3125],"rotation":0,"texture":"#0","tintindex":0},"up":{"uv":[5.4055,1.843,4.1875,0.907],"rotation":0,"texture":"#0","tintindex":0},"down":{"uv":[7.468,6.9055,6.25,5.9695],"rotation":0,"texture":"#0","tintindex":0}}},{"from":[5.6830225,4.7149963,6.0465546],"to":[10.311594,8.829282,9.903698],"rotation":{"angle":0.0,"axis":"y","origin":[7.4830227,-4.7992897,9.132269]},"faces":{"east":{"uv":[8.032,10.25,8.9375,11.25],"rotation":0,"texture":"#0","tintindex":0},"south":{"uv":[3.032,9.5,4.125,10.5],"rotation":0,"texture":"#0","tintindex":0},"north":{"uv":[4.25,1.8125,5.375,2.8125],"rotation":0,"texture":"#0","tintindex":0},"west":{"uv":[10.5,2.032,11.4375,2.968],"rotation":0,"texture":"#0","tintindex":0},"up":{"uv":[5.375,10.4375,4.25,9.5],"rotation":0,"texture":"#0","tintindex":0},"down":{"uv":[5.375,0.75,4.25,1.6875],"rotation":0,"texture":"#0","tintindex":0}}},{"from":[4.648043,12.583568,5.275126],"to":[4.648043,15.2578535,10.315126],"rotation":{"angle":0.0,"axis":"y","origin":[8.813758,-4.7992897,9.132269]},"faces":{"east":{"uv":[9.25,1.25,8.032,1.875],"rotation":0,"texture":"#0","tintindex":0},"south":{"uv":[11.375,6.5,9.75,7.125],"rotation":0,"texture":"#0","tintindex":0},"north":{"uv":[7.25,3.032,5.625,3.625],"rotation":0,"texture":"#0","tintindex":0},"west":{"uv":[7.5,2.032,6.25,2.625],"rotation":0,"texture":"#0","tintindex":0},"up":{"uv":[3.032,8.5,4.625,7.25],"rotation":0,"texture":"#0","tintindex":0},"down":{"uv":[7.5,2.032,9.125,3.25],"rotation":0,"texture":"#0","tintindex":0}}},{"from":[4.648043,12.583568,10.315126],"to":[11.333757,15.2578535,10.315126],"rotation":{"angle":0.0,"axis":"y","origin":[8.813758,-4.7992897,9.132269]},"faces":{"east":{"uv":[9.25,1.25,8.032,1.875],"rotation":0,"texture":"#0","tintindex":0},"south":{"uv":[11.375,6.5,9.75,7.125],"rotation":0,"texture":"#0","tintindex":0},"north":{"uv":[9.75,6.5,11.375,7.125],"rotation":0,"texture":"#0","tintindex":0},"west":{"uv":[7.5,2.032,6.25,2.625],"rotation":0,"texture":"#0","tintindex":0},"up":{"uv":[3.032,8.5,4.625,7.25],"rotation":0,"texture":"#0","tintindex":0},"down":{"uv":[7.5,2.032,9.125,3.25],"rotation":0,"texture":"#0","tintindex":0}}},{"from":[17.71687,11.657854,4.7608404],"to":[19.259726,17.57214,10.675126],"rotation":{"angle":-22.5,"axis":"z","origin":[8.459725,29.529284,7.7179832]},"faces":{"east":{"uv":[5.9375,5.75,4.5,7.1875],"rotation":0,"texture":"#0","tintindex":0},"south":{"uv":[12.375,6.75,12.032,8.1875],"rotation":0,"texture":"#0","tintindex":0},"north":{"uv":[12.375,5.25,12.032,6.6875],"rotation":0,"texture":"#0","tintindex":0},"west":{"uv":[4.4375,5.75,3.032,7.1875],"rotation":0,"texture":"#0","tintindex":0},"up":{"uv":[10.75,13.4375,11.125,12.032],"rotation":0,"texture":"#0","tintindex":0},"down":{"uv":[11.25,12.032,11.625,13.4375],"rotation":0,"texture":"#0","tintindex":0}}},{"from":[4.6544514,8.726425,5.275126],"to":[11.340166,12.686425,5.275126],"rotation":{"angle":0.0,"axis":"y","origin":[7.4830227,-4.7992897,9.132269]},"faces":{"east":{"uv":[3.032,8.5,4.25,9.4375],"rotation":0,"texture":"#0","tintindex":0},"south":{"uv":[8.625,4.75,7.032,5.6875],"rotation":0,"texture":"#0","tintindex":0},"north":{"uv":[7.032,4.75,8.625,5.6875],"rotation":0,"texture":"#0","tintindex":0},"west":{"uv":[4.25,8.5,5.5,9.4375],"rotation":0,"texture":"#0","tintindex":0},"up":{"uv":[7.625,6.968,6.032,5.75],"rotation":0,"texture":"#0","tintindex":0},"down":{"uv":[7.625,7.032,6.032,8.25],"rotation":0,"texture":"#0","tintindex":0}}},{"from":[4.6544514,8.726425,5.275126],"to":[4.6544514,12.686425,10.417983],"rotation":{"angle":0.0,"axis":"y","origin":[7.4830227,-4.7992897,9.132269]},"faces":{"east":{"uv":[5.5,8.5,4.25,9.4375],"rotation":0,"texture":"#0","tintindex":0},"south":{"uv":[7.5,3.25,9.125,4.1875],"rotation":0,"texture":"#0","tintindex":0},"north":{"uv":[7.032,4.75,8.625,5.6875],"rotation":0,"texture":"#0","tintindex":0},"west":{"uv":[4.25,8.5,5.5,9.4375],"rotation":0,"texture":"#0","tintindex":0},"up":{"uv":[7.625,6.968,6.032,5.75],"rotation":0,"texture":"#0","tintindex":0},"down":{"uv":[7.625,7.032,6.032,8.25],"rotation":0,"texture":"#0","tintindex":0}}},{"from":[4.6544514,8.726425,10.417983],"to":[11.340166,12.686425,10.417983],"rotation":{"angle":0.0,"axis":"y","origin":[7.4830227,-4.7992897,9.132269]},"faces":{"east":{"uv":[3.032,8.5,4.25,9.4375],"rotation":0,"texture":"#0","tintindex":0},"south":{"uv":[7.5,3.25,9.125,4.1875],"rotation":0,"texture":"#0","tintindex":0},"north":{"uv":[9.125,3.25,7.5,4.1875],"rotation":0,"texture":"#0","tintindex":0},"west":{"uv":[4.25,8.5,5.5,9.4375],"rotation":0,"texture":"#0","tintindex":0},"up":{"uv":[7.625,6.968,6.032,5.75],"rotation":0,"texture":"#0","tintindex":0},"down":{"uv":[7.625,7.032,6.032,8.25],"rotation":0,"texture":"#0","tintindex":0}}},{"from":[4.6544514,8.726425,5.275126],"to":[11.340166,8.726425,10.417983],"rotation":{"angle":0.0,"axis":"y","origin":[7.4830227,-4.7992897,9.132269]},"faces":{"east":{"uv":[3.032,8.5,4.25,9.4375],"rotation":0,"texture":"#0","tintindex":0},"south":{"uv":[8.625,4.75,7.032,5.6875],"rotation":0,"texture":"#0","tintindex":0},"north":{"uv":[7.032,4.75,8.625,5.6875],"rotation":0,"texture":"#0","tintindex":0},"west":{"uv":[4.25,8.5,5.5,9.4375],"rotation":0,"texture":"#0","tintindex":0},"up":{"uv":[7.625,5.782,6.032,7.0],"rotation":0,"texture":"#0","tintindex":0},"down":{"uv":[7.625,5.782,6.032,7.0],"rotation":0,"texture":"#0","tintindex":0}}}],"display":{"head":{"translation":[0.0,-6.4,0.0],"scale":[4.0,4.0,4.0]}}}