{
	"parent": "block/block",
	"ambientocclusion": false,
	"textures": {
		"0": "block/chorus_plant",
		"particle": "#0"
	},
	"elements": [
		{
			"from": [4, 4, 0.1],
			"to": [12, 12, 4],
			"faces": {
				"north": {"uv": [4, 4, 12, 12], "texture": "#0"},
				"east": {"uv": [12, 4, 16, 12], "texture": "#0"},
				"west": {"uv": [0, 4, 4, 12], "texture": "#0"},
				"up": {"uv": [4, 0, 12, 4], "texture": "#0"},
				"down": {"uv": [4, 12, 12, 16], "texture": "#0"}
			}
		},
		{
			"from": [4, 12, 4],
			"to": [12, 15.9, 12],
			"faces": {
				"north": {"uv": [4, 12, 12, 16], "rotation": 180, "texture": "#0"},
				"east": {"uv": [12, 4, 16, 12], "rotation": 270, "texture": "#0"},
				"south": {"uv": [4, 0, 12, 4], "texture": "#0"},
				"west": {"uv": [0, 4, 4, 12], "rotation": 90, "texture": "#0"},
				"up": {"uv": [4, 4, 12, 12], "rotation": 180, "texture": "#0"}
			}
		},
		{
			"from": [4, 0.1, 4],
			"to": [12, 4, 12],
			"faces": {
				"north": {"uv": [4, 0, 12, 4], "rotation": 180, "texture": "#0"},
				"east": {"uv": [12, 4, 16, 12], "rotation": 90, "texture": "#0"},
				"south": {"uv": [4, 12, 12, 16], "texture": "#0"},
				"west": {"uv": [0, 4, 4, 12], "rotation": 270, "texture": "#0"},
				"down": {"uv": [4, 4, 12, 12], "rotation": 180, "texture": "#0"}
			}
		},
		{
			"from": [12, 4, 4],
			"to": [15.9, 12, 12],
			"faces": {
				"north": {"uv": [0, 4, 4, 12], "texture": "#0"},
				"east": {"uv": [4, 4, 12, 12], "texture": "#0"},
				"south": {"uv": [12, 4, 16, 12], "texture": "#0"},
				"up": {"uv": [4, 0, 12, 4], "rotation": 90, "texture": "#0"},
				"down": {"uv": [4, 12, 12, 16], "rotation": 270, "texture": "#0"}
			}
		},
		{
			"from": [4, 4, 12],
			"to": [12, 12, 15.9],
			"faces": {
				"east": {"uv": [0, 4, 4, 12], "texture": "#0"},
				"south": {"uv": [4, 4, 12, 12], "texture": "#0"},
				"west": {"uv": [12, 4, 16, 12], "texture": "#0"},
				"up": {"uv": [4, 0, 12, 4], "rotation": 180, "texture": "#0"},
				"down": {"uv": [4, 12, 12, 16], "rotation": 180, "texture": "#0"}
			}
		},
		{
			"from": [0.1, 4, 4],
			"to": [4, 12, 12],
			"faces": {
				"north": {"uv": [12, 4, 16, 12], "texture": "#0"},
				"south": {"uv": [0, 4, 4, 12], "texture": "#0"},
				"west": {"uv": [4, 4, 12, 12], "texture": "#0"},
				"up": {"uv": [4, 0, 12, 4], "rotation": 270, "texture": "#0"},
				"down": {"uv": [4, 12, 12, 16], "rotation": 90, "texture": "#0"}
			}
		}
	]
}