{"textures":{"0":"modelengine:entity/phoenixec"},"elements":[{"from":[1.3634925,3.5915103,0.9880066],"to":[14.636507,17.896872,16.915627],"rotation":{"angle":22.5,"axis":"x","origin":[2.5433154,11.764647,1.577918]},"faces":{"east":{"uv":[8.84375,1.59375,7.96875,2.375],"rotation":0,"texture":"#0","tintindex":0},"south":{"uv":[5.09375,8.21875,5.8125,9.0],"rotation":0,"texture":"#0","tintindex":0},"north":{"uv":[5.09375,8.21875,5.8125,9.0],"rotation":0,"texture":"#0","tintindex":0},"west":{"uv":[7.96875,1.59375,8.84375,2.375],"rotation":0,"texture":"#0","tintindex":0},"up":{"uv":[7.375,5.28125,6.65625,4.40625],"rotation":0,"texture":"#0","tintindex":0},"down":{"uv":[7.375,4.40625,6.65625,5.28125],"rotation":0,"texture":"#0","tintindex":0}}},{"from":[1.0316672,3.3710861,0.6374068],"to":[14.968332,18.391716,17.361406],"rotation":{"angle":22.5,"axis":"x","origin":[2.2704816,11.952878,1.2568145]},"faces":{"east":{"uv":[8.5,0.0,7.59375,0.8125],"rotation":0,"texture":"#0","tintindex":0},"south":{"uv":[0.0,8.15625,0.75,8.96875],"rotation":0,"texture":"#0","tintindex":0},"north":{"uv":[0.0,8.15625,0.75,8.96875],"rotation":0,"texture":"#0","tintindex":0},"west":{"uv":[7.59375,0.0,8.5,0.8125],"rotation":0,"texture":"#0","tintindex":0},"up":{"uv":[8.71875,3.28125,7.96875,2.375],"rotation":0,"texture":"#0","tintindex":0},"down":{"uv":[8.71875,2.375,7.96875,3.28125],"rotation":0,"texture":"#0","tintindex":0}}}],"display":{"head":{"translation":[0.0,-6.4,0.0],"scale":[4.0,4.0,4.0]}}}