{"textures":{"0":"modelengine:entity/phoenixec"},"elements":[{"from":[4.755485,8.251616,3.3589907],"to":[12.866773,13.413343,12.207668],"rotation":{"angle":0.0,"axis":"y","origin":[6.5252204,12.380999,2.6216006]},"faces":{"east":{"uv":[9.75,1.15625,9.28125,1.4375],"rotation":0,"texture":"#0","tintindex":0},"south":{"uv":[8.6875,6.625,9.125,6.90625],"rotation":0,"texture":"#0","tintindex":0},"north":{"uv":[6.0,7.90625,6.4375,8.1875],"rotation":0,"texture":"#0","tintindex":0},"west":{"uv":[9.28125,1.15625,9.75,1.4375],"rotation":0,"texture":"#0","tintindex":0},"up":{"uv":[9.6875,6.4375,9.25,5.96875],"rotation":0,"texture":"#0","tintindex":0},"down":{"uv":[9.71875,0.6875,9.28125,1.15625],"rotation":0,"texture":"#0","tintindex":0}}},{"from":[4.313051,11.2235155,2.6216006],"to":[5.787831,13.569756,10.732888],"rotation":{"angle":-22.5,"axis":"x","origin":[6.5252204,12.800125,1.658176]},"faces":{"east":{"uv":[7.375,9.5,6.9375,9.625],"rotation":0,"texture":"#0","tintindex":0},"south":{"uv":[7.25,9.625,7.34375,9.75],"rotation":0,"texture":"#0","tintindex":0},"north":{"uv":[3.65625,7.1875,3.75,7.3125],"rotation":0,"texture":"#0","tintindex":0},"west":{"uv":[7.96875,4.1875,8.40625,4.3125],"rotation":0,"texture":"#0","tintindex":0},"up":{"uv":[3.75,6.75,3.65625,6.3125],"rotation":0,"texture":"#0","tintindex":0},"down":{"uv":[3.75,6.75,3.65625,7.1875],"rotation":0,"texture":"#0","tintindex":0}}},{"from":[5.050441,8.375787,2.1791673],"to":[12.424338,12.800125,11.027844],"rotation":{"angle":-22.5,"axis":"x","origin":[6.5252204,12.800125,1.658176]},"faces":{"east":{"uv":[1.03125,9.4375,0.5625,9.6875],"rotation":0,"texture":"#0","tintindex":0},"south":{"uv":[9.3125,9.4375,9.71875,9.6875],"rotation":0,"texture":"#0","tintindex":0},"north":{"uv":[5.65625,9.4375,6.0625,9.6875],"rotation":0,"texture":"#0","tintindex":0},"west":{"uv":[0.5625,9.4375,1.03125,9.6875],"rotation":0,"texture":"#0","tintindex":0},"up":{"uv":[3.03125,9.8125,2.625,9.34375],"rotation":0,"texture":"#0","tintindex":0},"down":{"uv":[9.75,3.0,9.34375,3.46875],"rotation":0,"texture":"#0","tintindex":0}}},{"from":[11.686949,11.2235155,2.6216006],"to":[13.161728,13.569756,10.732888],"rotation":{"angle":-22.5,"axis":"x","origin":[22.747795,12.800125,1.658176]},"faces":{"east":{"uv":[8.40625,4.1875,7.96875,4.3125],"rotation":0,"texture":"#0","tintindex":0},"south":{"uv":[7.34375,9.625,7.25,9.75],"rotation":0,"texture":"#0","tintindex":0},"north":{"uv":[3.75,7.1875,3.65625,7.3125],"rotation":0,"texture":"#0","tintindex":0},"west":{"uv":[6.9375,9.5,7.375,9.625],"rotation":0,"texture":"#0","tintindex":0},"up":{"uv":[3.65625,6.75,3.75,6.3125],"rotation":0,"texture":"#0","tintindex":0},"down":{"uv":[8.09375,9.03125,8.0,9.46875],"rotation":0,"texture":"#0","tintindex":0}}},{"from":[6.5252204,10.182236,3.3589907],"to":[10.949559,22.717861,18.106785],"rotation":{"angle":0.0,"axis":"y","origin":[6.5252204,12.380999,2.6216006]},"faces":{"east":{"uv":[9.125,6.96875,8.3125,7.65625],"rotation":0,"texture":"#0","tintindex":0},"south":{"uv":[4.78125,9.3125,5.03125,10.0],"rotation":0,"texture":"#0","tintindex":0},"north":{"uv":[4.78125,9.3125,5.03125,10.0],"rotation":0,"texture":"#0","tintindex":0},"west":{"uv":[8.3125,6.96875,9.125,7.65625],"rotation":0,"texture":"#0","tintindex":0},"up":{"uv":[4.78125,9.3125,5.03125,10.0],"rotation":0,"texture":"#0","tintindex":0},"down":{"uv":[4.78125,9.3125,5.03125,10.0],"rotation":0,"texture":"#0","tintindex":0}}},{"from":[8.73739,10.182236,3.3589907],"to":[8.73739,22.717861,18.106785],"rotation":{"angle":0.0,"axis":"y","origin":[6.5252204,12.380999,2.6216006]},"faces":{"east":{"uv":[9.3125,0.0,8.5,0.6875],"rotation":0,"texture":"#0","tintindex":0},"south":{"uv":[0.0,0.0,0.0,0.6875],"rotation":0,"texture":"#0","tintindex":0},"north":{"uv":[0.0,0.0,0.0,0.6875],"rotation":0,"texture":"#0","tintindex":0},"west":{"uv":[8.5,0.0,9.3125,0.6875],"rotation":0,"texture":"#0","tintindex":0},"up":{"uv":[0.0,0.8125,0.0,0.0],"rotation":0,"texture":"#0","tintindex":0},"down":{"uv":[0.0,0.0,0.0,0.8125],"rotation":0,"texture":"#0","tintindex":0}}},{"from":[7.631305,8.055722,-0.87265396],"to":[9.843474,10.415369,0.45464706],"rotation":{"angle":22.5,"axis":"x","origin":[8.0,10.857803,0.15969181]},"faces":{"east":{"uv":[7.96875,1.59375,7.90625,1.71875],"rotation":0,"texture":"#0","tintindex":0},"south":{"uv":[7.9375,9.59375,8.0625,9.71875],"rotation":0,"texture":"#0","tintindex":0},"north":{"uv":[9.59375,4.4375,9.71875,4.5625],"rotation":0,"texture":"#0","tintindex":0},"west":{"uv":[7.90625,1.59375,7.96875,1.71875],"rotation":0,"texture":"#0","tintindex":0},"up":{"uv":[8.84375,4.1875,8.71875,4.125],"rotation":0,"texture":"#0","tintindex":0},"down":{"uv":[8.96875,4.125,8.84375,4.1875],"rotation":0,"texture":"#0","tintindex":0}}},{"from":[7.2626104,10.168829,-0.77039146],"to":[10.21217,11.938564,3.064035],"rotation":{"angle":-22.5,"axis":"x","origin":[8.0,10.906219,1.8842111]},"faces":{"east":{"uv":[7.78125,9.53125,7.5625,9.625],"rotation":0,"texture":"#0","tintindex":0},"south":{"uv":[7.09375,9.625,7.25,9.71875],"rotation":0,"texture":"#0","tintindex":0},"north":{"uv":[6.9375,9.625,7.09375,9.71875],"rotation":0,"texture":"#0","tintindex":0},"west":{"uv":[7.5625,9.53125,7.78125,9.625],"rotation":0,"texture":"#0","tintindex":0},"up":{"uv":[7.28125,5.5,7.125,5.28125],"rotation":0,"texture":"#0","tintindex":0},"down":{"uv":[7.75,1.59375,7.59375,1.8125],"rotation":0,"texture":"#0","tintindex":0}}},{"from":[7.2994795,9.548325,0.23950577],"to":[10.1753,11.023104,3.4840207],"rotation":{"angle":0.0,"axis":"y","origin":[8.0,10.285714,1.7142854]},"faces":{"east":{"uv":[5.4375,9.5625,5.625,9.65625],"rotation":0,"texture":"#0","tintindex":0},"south":{"uv":[5.4375,9.65625,5.59375,9.75],"rotation":0,"texture":"#0","tintindex":0},"north":{"uv":[7.5625,9.625,7.71875,9.71875],"rotation":0,"texture":"#0","tintindex":0},"west":{"uv":[5.4375,9.5625,5.625,9.65625],"rotation":0,"texture":"#0","tintindex":0},"up":{"uv":[7.90625,1.78125,7.75,1.59375],"rotation":0,"texture":"#0","tintindex":0},"down":{"uv":[9.65625,9.09375,9.5,9.28125],"rotation":0,"texture":"#0","tintindex":0}}}],"display":{"head":{"translation":[0.0,-6.4,0.0],"scale":[4.0,4.0,4.0]}}}