{"textures":{"0":"modelengine:entity/phoenixec"},"elements":[{"from":[6.893915,0.7839265,6.893915],"to":[9.106085,9.501787,9.106085],"rotation":{"angle":0.0,"axis":"y","origin":[8.0,0.38171387,8.0]},"faces":{"east":{"uv":[4.375,9.34375,4.5,9.8125],"rotation":0,"texture":"#0","tintindex":0},"south":{"uv":[4.5,9.34375,4.375,9.8125],"rotation":0,"texture":"#0","tintindex":0},"north":{"uv":[4.5,9.34375,4.375,9.8125],"rotation":0,"texture":"#0","tintindex":0},"west":{"uv":[4.375,9.34375,4.5,9.8125],"rotation":0,"texture":"#0","tintindex":0},"up":{"uv":[9.71875,4.0625,9.59375,4.1875],"rotation":0,"texture":"#0","tintindex":0},"down":{"uv":[9.71875,4.0625,9.59375,4.1875],"rotation":0,"texture":"#0","tintindex":0}}}],"display":{"head":{"translation":[0.0,-6.4,0.0],"scale":[4.0,4.0,4.0]}}}