{"textures":{"0":"modelengine:entity/phoenixec"},"elements":[{"from":[-6.8135147,8.0,-8.462524],"to":[32.0,8.0,32.0],"rotation":{"angle":0.0,"axis":"y","origin":[-12.578562,11.158688,-58.013504]},"faces":{"east":{"uv":[0.0,0.0,2.21875,0.0],"rotation":0,"texture":"#0","tintindex":0},"south":{"uv":[0.0,0.0,2.125,0.0],"rotation":0,"texture":"#0","tintindex":0},"north":{"uv":[0.0,0.0,2.125,0.0],"rotation":0,"texture":"#0","tintindex":0},"west":{"uv":[0.0,0.0,2.21875,0.0],"rotation":0,"texture":"#0","tintindex":0},"up":{"uv":[2.125,2.21875,0.0,0.0],"rotation":0,"texture":"#0","tintindex":0},"down":{"uv":[2.125,0.0,0.0,2.21875],"rotation":0,"texture":"#0","tintindex":0}}},{"from":[-6.8135147,7.428571,-8.462524],"to":[17.75497,7.428571,25.574543],"rotation":{"angle":0.0,"axis":"y","origin":[-12.578562,11.158688,-58.78151]},"faces":{"east":{"uv":[0.0,0.0,1.875,0.0],"rotation":0,"texture":"#0","tintindex":0},"south":{"uv":[0.0,0.0,1.34375,0.0],"rotation":0,"texture":"#0","tintindex":0},"north":{"uv":[0.0,0.0,1.34375,0.0],"rotation":0,"texture":"#0","tintindex":0},"west":{"uv":[0.0,0.0,1.875,0.0],"rotation":0,"texture":"#0","tintindex":0},"up":{"uv":[6.21875,5.5,4.875,3.625],"rotation":0,"texture":"#0","tintindex":0},"down":{"uv":[6.21875,3.625,4.875,5.5],"rotation":0,"texture":"#0","tintindex":0}}}],"display":{"head":{"translation":[57.055603,-6.4,64.92505],"scale":[4.0,4.0,4.0]}}}