{"textures":{"8":"modelengine:entity/fallendefender_dead"},"elements":[{"from":[7.142857,6.857143,6.9],"to":[8.857143,8.0,9.1],"rotation":{"angle":0.0,"axis":"y","origin":[8.0,0.5714283,8.0]},"faces":{"east":{"uv":[5.25,0.1875,5.5,0.3125],"rotation":0,"texture":"#8","tintindex":0},"south":{"uv":[0.8125,6.5,1.0,6.625],"rotation":0,"texture":"#8","tintindex":0},"north":{"uv":[1.625,4.125,1.8125,4.25],"rotation":0,"texture":"#8","tintindex":0},"west":{"uv":[5.25,0.375,5.5,0.5],"rotation":0,"texture":"#8","tintindex":0},"up":{"uv":[2.375,3.75,2.1875,3.5],"rotation":0,"texture":"#8","tintindex":0},"down":{"uv":[3.75,4.375,3.5625,4.625],"rotation":0,"texture":"#8","tintindex":0}}},{"from":[8.287429,10.740511,9.258858],"to":[8.855429,11.308511,9.826858],"rotation":{"angle":45.0,"axis":"z","origin":[8.571428,11.02451,9.542857]},"faces":{"east":{"uv":[9.125,7.125,9.1875,7.1875],"rotation":0,"texture":"#8","tintindex":0},"south":{"uv":[7.1875,9.125,7.25,9.1875],"rotation":0,"texture":"#8","tintindex":0},"north":{"uv":[9.125,7.0,9.1875,7.0625],"rotation":0,"texture":"#8","tintindex":0},"west":{"uv":[9.125,7.25,9.1875,7.3125],"rotation":0,"texture":"#8","tintindex":0},"up":{"uv":[7.375,9.1875,7.3125,9.125],"rotation":0,"texture":"#8","tintindex":0},"down":{"uv":[9.1875,7.375,9.125,7.4375],"rotation":0,"texture":"#8","tintindex":0}}},{"from":[7.1445713,10.740511,9.258858],"to":[7.7125716,11.308511,9.826858],"rotation":{"angle":-45.0,"axis":"z","origin":[7.428571,11.02451,9.542857]},"faces":{"east":{"uv":[9.125,7.625,9.1875,7.6875],"rotation":0,"texture":"#8","tintindex":0},"south":{"uv":[9.125,7.75,9.1875,7.8125],"rotation":0,"texture":"#8","tintindex":0},"north":{"uv":[9.125,7.5,9.1875,7.5625],"rotation":0,"texture":"#8","tintindex":0},"west":{"uv":[9.125,7.875,9.1875,7.9375],"rotation":0,"texture":"#8","tintindex":0},"up":{"uv":[9.1875,8.0625,9.125,8.0],"rotation":0,"texture":"#8","tintindex":0},"down":{"uv":[8.25,9.125,8.1875,9.1875],"rotation":0,"texture":"#8","tintindex":0}}},{"from":[7.4257145,9.14,9.254286],"to":[8.5742855,11.431429,9.831429],"rotation":{"angle":0.0,"axis":"y","origin":[8.0,22.857143,10.971429]},"faces":{"east":{"uv":[5.3125,7.0625,5.375,7.3125],"rotation":0,"texture":"#8","tintindex":0},"south":{"uv":[1.3125,5.4375,1.4375,5.6875],"rotation":0,"texture":"#8","tintindex":0},"north":{"uv":[0.625,5.4375,0.75,5.6875],"rotation":0,"texture":"#8","tintindex":0},"west":{"uv":[7.0625,5.875,7.125,6.125],"rotation":0,"texture":"#8","tintindex":0},"up":{"uv":[8.5625,4.0,8.4375,3.9375],"rotation":0,"texture":"#8","tintindex":0},"down":{"uv":[8.5625,4.0625,8.4375,4.125],"rotation":0,"texture":"#8","tintindex":0}}},{"from":[8.467838,8.402572,6.5591426],"to":[8.749839,8.684571,6.635143],"rotation":{"angle":-45.0,"axis":"z","origin":[8.593839,8.528571,6.4471426]},"faces":{"east":{"uv":[0.1875,6.1875,0.25,6.25],"rotation":0,"texture":"#8","tintindex":0},"south":{"uv":[6.1875,4.8125,6.25,4.875],"rotation":0,"texture":"#8","tintindex":0},"north":{"uv":[6.0625,3.9375,6.0933437,3.9683437],"rotation":0,"texture":"#8","tintindex":0},"west":{"uv":[6.3125,1.5625,6.375,1.625],"rotation":0,"texture":"#8","tintindex":0},"up":{"uv":[6.5625,5.4375,6.5,5.375],"rotation":0,"texture":"#8","tintindex":0},"down":{"uv":[9.0625,4.3125,9.0,4.375],"rotation":0,"texture":"#8","tintindex":0}}},{"from":[8.467838,7.6025715,6.5591426],"to":[8.749839,7.8845716,6.635143],"rotation":{"angle":-45.0,"axis":"z","origin":[8.593839,7.7285714,6.4471426]},"faces":{"east":{"uv":[9.0,4.5625,9.0625,4.625],"rotation":0,"texture":"#8","tintindex":0},"south":{"uv":[9.0,4.6875,9.0625,4.75],"rotation":0,"texture":"#8","tintindex":0},"north":{"uv":[9.0,4.4375,9.030844,4.4683437],"rotation":0,"texture":"#8","tintindex":0},"west":{"uv":[9.0,4.8125,9.0625,4.875],"rotation":0,"texture":"#8","tintindex":0},"up":{"uv":[5.0,9.0625,4.9375,9.0],"rotation":0,"texture":"#8","tintindex":0},"down":{"uv":[9.0625,4.9375,9.0,5.0],"rotation":0,"texture":"#8","tintindex":0}}},{"from":[8.414456,7.7285714,6.556983],"to":[8.814456,8.528571,6.637303],"rotation":{"angle":0.0,"axis":"y","origin":[5.76252,7.3150234,3.9965267]},"faces":{"east":{"uv":[3.8125,0.625,3.875,0.6875],"rotation":0,"texture":"#8","tintindex":0},"south":{"uv":[0.1875,4.625,0.25,4.6875],"rotation":0,"texture":"#8","tintindex":0},"north":{"uv":[0.3125,9.0625,0.375,9.1875],"rotation":0,"texture":"#8","tintindex":0},"west":{"uv":[5.125,4.5,5.1875,4.5625],"rotation":0,"texture":"#8","tintindex":0},"up":{"uv":[0.0625,5.75,0.0,5.6875],"rotation":0,"texture":"#8","tintindex":0},"down":{"uv":[4.6875,5.75,4.625,5.8125],"rotation":0,"texture":"#8","tintindex":0}}},{"from":[7.814456,7.5857143,6.556983],"to":[8.214456,8.671429,6.637303],"rotation":{"angle":0.0,"axis":"y","origin":[5.16252,7.1721663,3.9965267]},"faces":{"east":{"uv":[8.3125,6.5,8.375,6.625],"rotation":0,"texture":"#8","tintindex":0},"south":{"uv":[8.3125,6.6875,8.375,6.8125],"rotation":0,"texture":"#8","tintindex":0},"north":{"uv":[8.3125,5.9375,8.35625,6.05625],"rotation":0,"texture":"#8","tintindex":0},"west":{"uv":[8.3125,7.9375,8.375,8.0625],"rotation":0,"texture":"#8","tintindex":0},"up":{"uv":[6.375,9.0625,6.3125,9.0],"rotation":0,"texture":"#8","tintindex":0},"down":{"uv":[6.5,9.0,6.4375,9.0625],"rotation":0,"texture":"#8","tintindex":0}}},{"from":[7.867839,7.4597144,6.5591426],"to":[8.149838,7.7417145,6.635143],"rotation":{"angle":-45.0,"axis":"z","origin":[7.993839,7.5857143,6.4471426]},"faces":{"east":{"uv":[9.0,5.6875,9.0625,5.75],"rotation":0,"texture":"#8","tintindex":0},"south":{"uv":[9.0,5.8125,9.0625,5.875],"rotation":0,"texture":"#8","tintindex":0},"north":{"uv":[5.625,9.0,5.6558437,9.030844],"rotation":0,"texture":"#8","tintindex":0},"west":{"uv":[9.0,5.9375,9.0625,6.0],"rotation":0,"texture":"#8","tintindex":0},"up":{"uv":[6.25,9.0625,6.1875,9.0],"rotation":0,"texture":"#8","tintindex":0},"down":{"uv":[9.0625,6.25,9.0,6.3125],"rotation":0,"texture":"#8","tintindex":0}}},{"from":[7.867839,8.545428,6.5591426],"to":[8.149838,8.827429,6.635143],"rotation":{"angle":-45.0,"axis":"z","origin":[7.993839,8.671429,6.4471426]},"faces":{"east":{"uv":[5.1875,9.0,5.25,9.0625],"rotation":0,"texture":"#8","tintindex":0},"south":{"uv":[5.3125,9.0,5.375,9.0625],"rotation":0,"texture":"#8","tintindex":0},"north":{"uv":[5.0625,9.0,5.0933437,9.030844],"rotation":0,"texture":"#8","tintindex":0},"west":{"uv":[9.0,5.3125,9.0625,5.375],"rotation":0,"texture":"#8","tintindex":0},"up":{"uv":[9.0625,5.5,9.0,5.4375],"rotation":0,"texture":"#8","tintindex":0},"down":{"uv":[9.0625,5.5625,9.0,5.625],"rotation":0,"texture":"#8","tintindex":0}}},{"from":[7.214456,7.7285714,6.556983],"to":[7.614456,8.528571,6.637303],"rotation":{"angle":0.0,"axis":"y","origin":[4.56252,7.3150234,3.9965267]},"faces":{"east":{"uv":[9.0625,0.375,9.125,0.4375],"rotation":0,"texture":"#8","tintindex":0},"south":{"uv":[9.0625,0.5,9.125,0.5625],"rotation":0,"texture":"#8","tintindex":0},"north":{"uv":[0.3125,9.0625,0.375,9.1875],"rotation":0,"texture":"#8","tintindex":0},"west":{"uv":[0.5625,9.0625,0.625,9.125],"rotation":0,"texture":"#8","tintindex":0},"up":{"uv":[1.0,9.125,0.9375,9.0625],"rotation":0,"texture":"#8","tintindex":0},"down":{"uv":[1.25,9.0625,1.1875,9.125],"rotation":0,"texture":"#8","tintindex":0}}},{"from":[7.2678385,7.6025715,6.5591426],"to":[7.5498385,7.8845716,6.635143],"rotation":{"angle":-45.0,"axis":"z","origin":[7.393839,7.7285714,6.4471426]},"faces":{"east":{"uv":[8.1875,9.0,8.25,9.0625],"rotation":0,"texture":"#8","tintindex":0},"south":{"uv":[9.0,8.5,9.0625,8.5625],"rotation":0,"texture":"#8","tintindex":0},"north":{"uv":[9.0,8.0,9.030844,8.030844],"rotation":0,"texture":"#8","tintindex":0},"west":{"uv":[8.8125,9.0,8.875,9.0625],"rotation":0,"texture":"#8","tintindex":0},"up":{"uv":[9.125,0.0625,9.0625,0.0],"rotation":0,"texture":"#8","tintindex":0},"down":{"uv":[0.25,9.0625,0.1875,9.125],"rotation":0,"texture":"#8","tintindex":0}}},{"from":[7.2678385,8.402572,6.5591426],"to":[7.5498385,8.684571,6.635143],"rotation":{"angle":-45.0,"axis":"z","origin":[7.393839,8.528571,6.4471426]},"faces":{"east":{"uv":[9.0,6.625,9.0625,6.6875],"rotation":0,"texture":"#8","tintindex":0},"south":{"uv":[9.0,6.75,9.0625,6.8125],"rotation":0,"texture":"#8","tintindex":0},"north":{"uv":[6.5625,9.0,6.5933437,9.030844],"rotation":0,"texture":"#8","tintindex":0},"west":{"uv":[9.0,7.0,9.0625,7.0625],"rotation":0,"texture":"#8","tintindex":0},"up":{"uv":[9.0625,7.3125,9.0,7.25],"rotation":0,"texture":"#8","tintindex":0},"down":{"uv":[9.0625,7.875,9.0,7.9375],"rotation":0,"texture":"#8","tintindex":0}}},{"from":[7.425143,7.568,6.568],"to":[8.574857,8.717714,6.7177143],"rotation":{"angle":0.0,"axis":"y","origin":[8.0,0.7142854,7.9714284]},"faces":{"east":{"uv":[8.3125,5.75,8.375,5.875],"rotation":0,"texture":"#8","tintindex":0},"south":{"uv":[2.875,6.875,3.0,7.0],"rotation":0,"texture":"#8","tintindex":0},"north":{"uv":[2.4375,6.875,2.5625,7.0],"rotation":0,"texture":"#8","tintindex":0},"west":{"uv":[5.875,8.3125,5.9375,8.4375],"rotation":0,"texture":"#8","tintindex":0},"up":{"uv":[4.6875,4.4375,4.5625,4.375],"rotation":0,"texture":"#8","tintindex":0},"down":{"uv":[5.8125,1.0,5.6875,1.0625],"rotation":0,"texture":"#8","tintindex":0}}},{"from":[5.988571,9.474286,6.845714],"to":[10.011429,10.582857,9.154285],"rotation":{"angle":0.0,"axis":"y","origin":[8.0,1.1428566,8.0]},"faces":{"east":{"uv":[5.625,2.0625,5.875,2.1875],"rotation":0,"texture":"#8","tintindex":0},"south":{"uv":[3.875,1.375,4.375,1.5],"rotation":0,"texture":"#8","tintindex":0},"north":{"uv":[1.875,3.8125,2.375,3.93125],"rotation":0,"texture":"#8","tintindex":0},"west":{"uv":[5.6875,0.5625,5.9375,0.6875],"rotation":0,"texture":"#8","tintindex":0},"up":{"uv":[0.9375,3.0,0.4375,2.75],"rotation":0,"texture":"#8","tintindex":0},"down":{"uv":[3.25,0.875,2.75,1.125],"rotation":0,"texture":"#8","tintindex":0}}},{"from":[5.3828573,8.104285,6.8114285],"to":[10.617143,9.338572,9.188572],"rotation":{"angle":0.0,"axis":"y","origin":[8.0,1.1428566,8.0]},"faces":{"east":{"uv":[5.6875,1.5625,5.9375,1.6875],"rotation":0,"texture":"#8","tintindex":0},"south":{"uv":[3.875,3.125,4.375,3.25],"rotation":0,"texture":"#8","tintindex":0},"north":{"uv":[3.875,1.5625,4.375,1.6875],"rotation":0,"texture":"#8","tintindex":0},"west":{"uv":[3.125,5.6875,3.375,5.8125],"rotation":0,"texture":"#8","tintindex":0},"up":{"uv":[1.5,3.0,1.0,2.75],"rotation":0,"texture":"#8","tintindex":0},"down":{"uv":[3.25,1.1875,2.75,1.4375],"rotation":0,"texture":"#8","tintindex":0}}},{"from":[6.0,9.714286,6.857143],"to":[6.5714283,10.285714,9.142858],"rotation":{"angle":0.0,"axis":"y","origin":[8.0,1.1428566,8.0]},"faces":{"east":{"uv":[6.25,6.875,6.5,6.9375],"rotation":0,"texture":"#8","tintindex":0},"south":{"uv":[1.6875,9.0625,1.75,9.125],"rotation":0,"texture":"#8","tintindex":0},"north":{"uv":[1.5625,9.0625,1.625,9.125],"rotation":0,"texture":"#8","tintindex":0},"west":{"uv":[6.5625,6.875,6.8125,6.9375],"rotation":0,"texture":"#8","tintindex":0},"up":{"uv":[6.9375,7.125,6.875,6.875],"rotation":0,"texture":"#8","tintindex":0},"down":{"uv":[0.0625,6.9375,0.0,7.1875],"rotation":0,"texture":"#8","tintindex":0}}},{"from":[5.5714283,8.571428,6.857143],"to":[6.142857,9.714286,9.142858],"rotation":{"angle":0.0,"axis":"y","origin":[7.5714283,0.5714283,8.0]},"faces":{"east":{"uv":[5.6875,4.9375,5.9375,5.0625],"rotation":0,"texture":"#8","tintindex":0},"south":{"uv":[8.8125,2.5625,8.875,2.6875],"rotation":0,"texture":"#8","tintindex":0},"north":{"uv":[8.8125,2.375,8.875,2.5],"rotation":0,"texture":"#8","tintindex":0},"west":{"uv":[5.6875,5.5,5.9375,5.625],"rotation":0,"texture":"#8","tintindex":0},"up":{"uv":[7.5,4.9375,7.4375,4.6875],"rotation":0,"texture":"#8","tintindex":0},"down":{"uv":[4.8125,7.4375,4.75,7.6875],"rotation":0,"texture":"#8","tintindex":0}}},{"from":[7.849165,13.06106,6.862857],"to":[8.706308,13.632488,8.937143],"rotation":{"angle":-45.0,"axis":"z","origin":[2.6491647,13.518203,8.851429]},"faces":{"east":{"uv":[7.4375,4.25,7.6875,4.3125],"rotation":0,"texture":"#8","tintindex":0},"south":{"uv":[8.1875,9.25,8.25,9.3125],"rotation":0,"texture":"#8","tintindex":0},"north":{"uv":[9.25,8.0,9.34375,8.0625],"rotation":0,"texture":"#8","tintindex":0},"west":{"uv":[7.4375,4.375,7.6875,4.4375],"rotation":0,"texture":"#8","tintindex":0},"up":{"uv":[4.9375,7.6875,4.875,7.4375],"rotation":0,"texture":"#8","tintindex":0},"down":{"uv":[7.5,5.0,7.4375,5.25],"rotation":0,"texture":"#8","tintindex":0}}},{"from":[7.293692,13.06106,6.862857],"to":[8.150835,13.632488,8.937143],"rotation":{"angle":45.0,"axis":"z","origin":[13.350836,13.518203,8.851429]},"faces":{"east":{"uv":[7.1875,1.625,7.4375,1.6875],"rotation":0,"texture":"#8","tintindex":0},"south":{"uv":[9.1875,0.25,9.25,0.3125],"rotation":0,"texture":"#8","tintindex":0},"north":{"uv":[0.25,9.1875,0.34375,9.25],"rotation":0,"texture":"#8","tintindex":0},"west":{"uv":[2.5625,7.1875,2.8125,7.25],"rotation":0,"texture":"#8","tintindex":0},"up":{"uv":[2.0625,7.4375,2.0,7.1875],"rotation":0,"texture":"#8","tintindex":0},"down":{"uv":[2.9375,7.1875,2.875,7.4375],"rotation":0,"texture":"#8","tintindex":0}}},{"from":[6.857143,8.571428,9.107143],"to":[9.142858,11.428572,9.678572],"rotation":{"angle":0.0,"axis":"y","origin":[8.0,-3.4285717,7.964286]},"faces":{"east":{"uv":[6.0,6.6875,6.0625,7.0],"rotation":0,"texture":"#8","tintindex":0},"south":{"uv":[3.3125,2.0625,3.5625,2.375],"rotation":0,"texture":"#8","tintindex":0},"north":{"uv":[3.3125,0.8125,3.5625,1.125],"rotation":0,"texture":"#8","tintindex":0},"west":{"uv":[6.125,6.6875,6.1875,7.0],"rotation":0,"texture":"#8","tintindex":0},"up":{"uv":[7.3125,6.25,7.0625,6.1875],"rotation":0,"texture":"#8","tintindex":0},"down":{"uv":[7.3125,6.3125,7.0625,6.375],"rotation":0,"texture":"#8","tintindex":0}}},{"from":[6.862857,7.717143,8.991653],"to":[9.137143,8.854286,9.557367],"rotation":{"angle":45.0,"axis":"x","origin":[8.285714,8.571428,9.27451]},"faces":{"east":{"uv":[2.4375,3.1875,2.5,3.3125],"rotation":0,"texture":"#8","tintindex":0},"south":{"uv":[5.1875,1.875,5.4375,2.0],"rotation":0,"texture":"#8","tintindex":0},"north":{"uv":[5.0625,0.625,5.311875,0.75],"rotation":0,"texture":"#8","tintindex":0},"west":{"uv":[4.875,5.4375,4.9375,5.5625],"rotation":0,"texture":"#8","tintindex":0},"up":{"uv":[7.0625,4.3125,6.8125,4.25],"rotation":0,"texture":"#8","tintindex":0},"down":{"uv":[7.0625,4.375,6.8125,4.4375],"rotation":0,"texture":"#8","tintindex":0}}},{"from":[5.337143,7.6657143,6.5942855],"to":[10.662857,8.42,9.348572],"rotation":{"angle":0.0,"axis":"y","origin":[8.0,0.8999996,7.9714284]},"faces":{"east":{"uv":[6.6875,3.8125,7.0,3.875],"rotation":0,"texture":"#8","tintindex":0},"south":{"uv":[5.1875,2.3125,5.6875,2.375],"rotation":0,"texture":"#8","tintindex":0},"north":{"uv":[5.125,1.625,5.625,1.6875],"rotation":0,"texture":"#8","tintindex":0},"west":{"uv":[6.6875,5.625,7.0,5.6875],"rotation":0,"texture":"#8","tintindex":0},"up":{"uv":[2.75,1.9375,2.25,1.625],"rotation":0,"texture":"#8","tintindex":0},"down":{"uv":[2.75,2.0,2.25,2.3125],"rotation":0,"texture":"#8","tintindex":0}}},{"from":[6.0,8.0,6.857143],"to":[7.714286,8.571428,9.142858],"rotation":{"angle":0.0,"axis":"y","origin":[8.0,-0.57142925,8.0]},"faces":{"east":{"uv":[6.8125,5.5,7.0625,5.5625],"rotation":0,"texture":"#8","tintindex":0},"south":{"uv":[6.0625,5.875,6.25,5.9375],"rotation":0,"texture":"#8","tintindex":0},"north":{"uv":[6.0625,0.375,6.25,0.4375],"rotation":0,"texture":"#8","tintindex":0},"west":{"uv":[2.125,6.875,2.375,6.9375],"rotation":0,"texture":"#8","tintindex":0},"up":{"uv":[4.625,0.5625,4.4375,0.3125],"rotation":0,"texture":"#8","tintindex":0},"down":{"uv":[1.125,4.4375,0.9375,4.6875],"rotation":0,"texture":"#8","tintindex":0}}},{"from":[6.5714283,8.571428,6.942857],"to":[7.714286,9.714286,9.057143],"rotation":{"angle":0.0,"axis":"y","origin":[8.571428,0.5714283,8.0]},"faces":{"east":{"uv":[5.375,4.75,5.625,4.875],"rotation":0,"texture":"#8","tintindex":0},"south":{"uv":[2.375,7.0625,2.5,7.1875],"rotation":0,"texture":"#8","tintindex":0},"north":{"uv":[1.8125,7.0625,1.9375,7.1875],"rotation":0,"texture":"#8","tintindex":0},"west":{"uv":[5.375,4.9375,5.625,5.0625],"rotation":0,"texture":"#8","tintindex":0},"up":{"uv":[4.5,5.625,4.375,5.375],"rotation":0,"texture":"#8","tintindex":0},"down":{"uv":[5.125,5.375,5.0,5.625],"rotation":0,"texture":"#8","tintindex":0}}},{"from":[9.857143,8.571428,6.857143],"to":[10.428572,9.714286,9.142858],"rotation":{"angle":0.0,"axis":"y","origin":[8.428572,0.5714283,8.0]},"faces":{"east":{"uv":[5.25,1.125,5.5,1.25],"rotation":0,"texture":"#8","tintindex":0},"south":{"uv":[8.3125,2.0625,8.375,2.1875],"rotation":0,"texture":"#8","tintindex":0},"north":{"uv":[1.375,5.9375,1.4375,6.0625],"rotation":0,"texture":"#8","tintindex":0},"west":{"uv":[5.25,3.125,5.5,3.25],"rotation":0,"texture":"#8","tintindex":0},"up":{"uv":[2.0625,3.125,2.0,2.875],"rotation":0,"texture":"#8","tintindex":0},"down":{"uv":[0.625,4.4375,0.5625,4.6875],"rotation":0,"texture":"#8","tintindex":0}}},{"from":[8.285714,8.571428,6.942857],"to":[9.428572,9.714286,9.057143],"rotation":{"angle":0.0,"axis":"y","origin":[7.428571,0.5714283,8.0]},"faces":{"east":{"uv":[5.25,3.875,5.5,4.0],"rotation":0,"texture":"#8","tintindex":0},"south":{"uv":[6.875,0.3125,7.0,0.4375],"rotation":0,"texture":"#8","tintindex":0},"north":{"uv":[6.8125,5.3125,6.9375,5.4375],"rotation":0,"texture":"#8","tintindex":0},"west":{"uv":[5.25,4.0625,5.5,4.1875],"rotation":0,"texture":"#8","tintindex":0},"up":{"uv":[2.75,5.5,2.625,5.25],"rotation":0,"texture":"#8","tintindex":0},"down":{"uv":[5.375,4.25,5.25,4.5],"rotation":0,"texture":"#8","tintindex":0}}},{"from":[8.571428,8.0,6.857143],"to":[10.285714,8.571428,9.142858],"rotation":{"angle":0.0,"axis":"y","origin":[8.285714,-0.57142925,8.0]},"faces":{"east":{"uv":[6.8125,4.75,7.0625,4.8125],"rotation":0,"texture":"#8","tintindex":0},"south":{"uv":[5.625,3.75,5.8125,3.8125],"rotation":0,"texture":"#8","tintindex":0},"north":{"uv":[1.0,4.0,1.1875,4.0625],"rotation":0,"texture":"#8","tintindex":0},"west":{"uv":[6.8125,4.875,7.0625,4.9375],"rotation":0,"texture":"#8","tintindex":0},"up":{"uv":[4.625,0.25,4.4375,0.0],"rotation":0,"texture":"#8","tintindex":0},"down":{"uv":[0.5,4.4375,0.3125,4.6875],"rotation":0,"texture":"#8","tintindex":0}}},{"from":[5.8594284,9.598225,6.8594284],"to":[6.1405716,10.283428,9.140572],"rotation":{"angle":-45.0,"axis":"z","origin":[5.8571424,10.0,8.0]},"faces":{"east":{"uv":[5.0,6.875,4.75,6.9375],"rotation":0,"texture":"#8","tintindex":0},"south":{"uv":[1.5,9.0625,1.4375,9.125],"rotation":0,"texture":"#8","tintindex":0},"north":{"uv":[1.375,9.0625,1.3125,9.125],"rotation":0,"texture":"#8","tintindex":0},"west":{"uv":[4.5,6.875,4.25,6.9375],"rotation":0,"texture":"#8","tintindex":0},"up":{"uv":[2.625,7.125,2.6875,6.875],"rotation":0,"texture":"#8","tintindex":0},"down":{"uv":[3.0625,6.875,3.125,7.125],"rotation":0,"texture":"#8","tintindex":0}}},{"from":[9.859428,9.598225,6.8594284],"to":[10.140572,10.283428,9.140572],"rotation":{"angle":45.0,"axis":"z","origin":[10.142858,10.0,8.0]},"faces":{"east":{"uv":[4.25,6.875,4.5,6.9375],"rotation":0,"texture":"#8","tintindex":0},"south":{"uv":[1.4375,9.0625,1.5,9.125],"rotation":0,"texture":"#8","tintindex":0},"north":{"uv":[1.3125,9.0625,1.375,9.125],"rotation":0,"texture":"#8","tintindex":0},"west":{"uv":[4.75,6.875,5.0,6.9375],"rotation":0,"texture":"#8","tintindex":0},"up":{"uv":[2.6875,7.125,2.625,6.875],"rotation":0,"texture":"#8","tintindex":0},"down":{"uv":[3.125,6.875,3.0625,7.125],"rotation":0,"texture":"#8","tintindex":0}}},{"from":[10.011429,10.582857,9.154285],"to":[5.988571,9.474286,6.845714],"rotation":{"angle":0.0,"axis":"y","origin":[8.0,1.1428566,8.0]},"faces":{"east":{"uv":[5.6875,0.6875,5.9375,0.5625],"rotation":0,"texture":"#8","tintindex":0},"south":{"uv":[1.875,3.93125,2.375,3.8125],"rotation":0,"texture":"#8","tintindex":0},"north":{"uv":[3.875,1.5,4.375,1.375],"rotation":0,"texture":"#8","tintindex":0},"west":{"uv":[5.625,2.1875,5.875,2.0625],"rotation":0,"texture":"#8","tintindex":0},"up":{"uv":[2.75,0.875,3.25,1.125],"rotation":0,"texture":"#8","tintindex":0},"down":{"uv":[0.4375,3.0,0.9375,2.75],"rotation":0,"texture":"#8","tintindex":0}}},{"from":[10.617143,9.338572,9.188572],"to":[5.3828573,8.104285,6.8114285],"rotation":{"angle":0.0,"axis":"y","origin":[8.0,1.1428566,8.0]},"faces":{"east":{"uv":[3.125,5.8125,3.375,5.6875],"rotation":0,"texture":"#8","tintindex":0},"south":{"uv":[3.875,1.6875,4.375,1.5625],"rotation":0,"texture":"#8","tintindex":0},"north":{"uv":[3.875,3.25,4.375,3.125],"rotation":0,"texture":"#8","tintindex":0},"west":{"uv":[5.6875,1.6875,5.9375,1.5625],"rotation":0,"texture":"#8","tintindex":0},"up":{"uv":[2.75,1.1875,3.25,1.4375],"rotation":0,"texture":"#8","tintindex":0},"down":{"uv":[1.0,3.0,1.5,2.75],"rotation":0,"texture":"#8","tintindex":0}}}],"display":{"head":{"translation":[0.0,-6.4,0.0],"scale":[4.0,4.0,4.0]}}}