{"textures":{"0":"modelengine:entity/skrilldragonbaby"},"elements":[{"from":[3.885714,4.7771425,1.965714],"to":[12.114286,10.948571,10.4],"rotation":{"angle":0.0,"axis":"y","origin":[12.914286,-22.33143,20.662857]},"faces":{"east":{"uv":[3.25,5.4375,3.71875,5.78125],"rotation":0,"texture":"#0","tintindex":0},"south":{"uv":[5.5625,4.75,6.0,5.09375],"rotation":0,"texture":"#0","tintindex":0},"north":{"uv":[5.5625,4.375,6.0,4.71875],"rotation":0,"texture":"#0","tintindex":0},"west":{"uv":[3.75,5.4375,4.21875,5.78125],"rotation":0,"texture":"#0","tintindex":0},"up":{"uv":[5.3125,5.65625,4.875,5.1875],"rotation":0,"texture":"#0","tintindex":0},"down":{"uv":[5.75,5.1875,5.3125,5.65625],"rotation":0,"texture":"#0","tintindex":0}}},{"from":[8.0,10.902857,3.8399997],"to":[8.0,15.702857,10.011429],"rotation":{"angle":0.0,"axis":"y","origin":[12.914286,-22.33143,20.662857]},"faces":{"east":{"uv":[5.375,6.0,5.71875,6.25],"rotation":0,"texture":"#0","tintindex":0},"south":{"uv":[0.0,0.0,0.0,0.25],"rotation":0,"texture":"#0","tintindex":0},"north":{"uv":[0.0,0.0,0.0,0.25],"rotation":0,"texture":"#0","tintindex":0},"west":{"uv":[5.75,6.0,6.09375,6.25],"rotation":0,"texture":"#0","tintindex":0},"up":{"uv":[0.0,0.34375,0.0,0.0],"rotation":0,"texture":"#0","tintindex":0},"down":{"uv":[0.0,0.0,0.0,0.34375],"rotation":0,"texture":"#0","tintindex":0}}}],"display":{"head":{"translation":[0.0,-6.4,0.0],"scale":[4.0,4.0,4.0]}}}