{"textures":{"0":"modelengine:entity/skrilldragonbaby"},"elements":[{"from":[-0.79013634,7.9049997,5.9479027],"to":[26.089863,8.025001,24.547903],"faces":{"east":{"uv":[7.96875,4.0,6.8125,4.03125],"tintindex":0,"rotation":0,"texture":"#0"},"south":{"uv":[8.3125,1.0625,6.625,1.09375],"tintindex":0,"rotation":0,"texture":"#0"},"north":{"uv":[8.3125,1.0,6.625,1.03125],"tintindex":0,"rotation":0,"texture":"#0"},"west":{"uv":[7.96875,3.9375,6.8125,3.96875],"tintindex":0,"rotation":0,"texture":"#0"},"up":{"uv":[0.0,3.53125,1.6875,2.375],"tintindex":0,"rotation":0,"texture":"#0"},"down":{"uv":[0.0,2.375,1.6875,3.53125],"tintindex":0,"rotation":0,"texture":"#0"}},"rotation":{"origin":[-6.840232,-19.455,23.771988],"angle":-22.5,"axis":"y"}},{"from":[2.6132574,7.3950005,-1.0281677],"to":[16.053257,8.535,1.0118313],"faces":{"east":{"uv":[1.75,7.125,1.625,7.1875],"tintindex":0,"rotation":0,"texture":"#0"},"south":{"uv":[7.46875,0.9375,6.625,1.0],"tintindex":0,"rotation":0,"texture":"#0"},"north":{"uv":[7.46875,0.3125,6.625,0.375],"tintindex":0,"rotation":0,"texture":"#0"},"west":{"uv":[7.25,1.375,7.125,1.4375],"tintindex":0,"rotation":0,"texture":"#0"},"up":{"uv":[5.75,0.125,6.59375,0.0],"tintindex":0,"rotation":0,"texture":"#0"},"down":{"uv":[6.59375,0.25,5.75,0.125],"tintindex":0,"rotation":0,"texture":"#0"}},"rotation":{"origin":[-6.840232,-19.455,23.771988],"angle":-45.0,"axis":"y"}},{"from":[0.74426174,7.2750006,4.4773254],"to":[11.384262,8.655,6.757324],"faces":{"east":{"uv":[6.96875,7.0,6.8125,7.09375],"tintindex":0,"rotation":0,"texture":"#0"},"south":{"uv":[6.78125,6.375,6.125,6.46875],"tintindex":0,"rotation":0,"texture":"#0"},"north":{"uv":[7.03125,6.0625,6.375,6.15625],"tintindex":0,"rotation":0,"texture":"#0"},"west":{"uv":[6.78125,7.0,6.625,7.09375],"tintindex":0,"rotation":0,"texture":"#0"},"up":{"uv":[5.875,0.53125,6.53125,0.375],"tintindex":0,"rotation":0,"texture":"#0"},"down":{"uv":[5.875,0.375,6.53125,0.53125],"tintindex":0,"rotation":0,"texture":"#0"}},"rotation":{"origin":[-6.840232,-19.455,23.771988],"angle":-22.5,"axis":"y"}}],"display":{"gui":{"rotation":[30,225,0]}}}