{"textures":{"0":"modelengine:entity/skrilldragonbaby"},"elements":[{"from":[8.0,11.799999,11.560001],"to":[8.0,20.2,22.359999],"faces":{"east":{"uv":[3.75,6.0,4.09375,6.25],"tintindex":0,"rotation":0,"texture":"#0"},"west":{"uv":[6.0,3.8125,6.34375,4.0625],"tintindex":0,"rotation":0,"texture":"#0"}}},{"from":[3.8000002,4.5599995,6.6400013],"to":[12.2,11.76,22.6],"faces":{"east":{"uv":[5.625,1.375,6.125,1.59375],"tintindex":0,"rotation":0,"texture":"#0"},"south":{"uv":[1.875,6.5625,2.125,6.78125],"tintindex":0,"rotation":0,"texture":"#0"},"north":{"uv":[1.625,6.5625,1.875,6.78125],"tintindex":0,"rotation":0,"texture":"#0"},"west":{"uv":[5.625,1.625,6.125,1.84375],"tintindex":0,"rotation":0,"texture":"#0"},"up":{"uv":[0.25,6.125,0.0,5.625],"tintindex":0,"rotation":0,"texture":"#0"},"down":{"uv":[0.5,5.625,0.25,6.125],"tintindex":0,"rotation":0,"texture":"#0"}}}],"display":{"gui":{"rotation":[30,225,0]}}}