{"textures":{"0":"modelengine:entity/skrilldragonbaby"},"elements":[{"from":[2.6,3.4000015,5.48],"to":[13.4,13.0,21.439999],"faces":{"east":{"uv":[4.25,5.4375,4.75,5.75],"tintindex":0,"rotation":0,"texture":"#0"},"south":{"uv":[5.625,2.6875,5.96875,3.0],"tintindex":0,"rotation":0,"texture":"#0"},"north":{"uv":[5.625,2.375,5.96875,2.6875],"tintindex":0,"rotation":0,"texture":"#0"},"west":{"uv":[5.5,3.3125,6.0,3.625],"tintindex":0,"rotation":0,"texture":"#0"},"up":{"uv":[2.34375,5.9375,2.0,5.4375],"tintindex":0,"rotation":0,"texture":"#0"},"down":{"uv":[2.71875,5.4375,2.375,5.9375],"tintindex":0,"rotation":0,"texture":"#0"}}},{"from":[8.0,13.0,10.639999],"to":[8.0,21.400002,21.439999],"faces":{"east":{"uv":[6.0,2.75,6.34375,3.0],"tintindex":0,"rotation":0,"texture":"#0"},"west":{"uv":[3.375,6.0,3.71875,6.25],"tintindex":0,"rotation":0,"texture":"#0"}}}],"display":{"gui":{"rotation":[30,225,0]}}}