{"textures":{"0":"must_have_props:/organized_books"},"elements":[{"from":[12.771429,7.3714285,10.428572],"to":[12.771429,11.942858,14.428572],"rotation":{"angle":0.0,"axis":"y","origin":[17.0,7.7714286,11.428572]},"faces":{"east":{"uv":[0.0,0.0,1.75,2.0],"rotation":0,"texture":"#0","tintindex":0},"south":{"uv":[0.0,0.0,0.0,2.0],"rotation":0,"texture":"#0","tintindex":0},"north":{"uv":[0.0,0.0,0.0,2.0],"rotation":0,"texture":"#0","tintindex":0},"west":{"uv":[1.75,0.0,3.5,2.0],"rotation":0,"texture":"#0","tintindex":0},"up":{"uv":[0.0,1.75,0.0,0.0],"rotation":0,"texture":"#0","tintindex":0},"down":{"uv":[0.0,0.0,0.0,1.75],"rotation":0,"texture":"#0","tintindex":0}}},{"from":[12.142286,7.6571426,10.485714],"to":[12.713715,11.657143,14.142858],"rotation":{"angle":0.0,"axis":"y","origin":[17.0,7.7714286,11.428572]},"faces":{"east":{"uv":[7.0,8.0,8.5,9.75],"rotation":0,"texture":"#0","tintindex":0},"south":{"uv":[10.5,1.75,10.75,3.5],"rotation":0,"texture":"#0","tintindex":0},"north":{"uv":[10.5,0.0,10.75,1.75],"rotation":0,"texture":"#0","tintindex":0},"west":{"uv":[8.5,8.0,10.0,9.75],"rotation":0,"texture":"#0","tintindex":0},"up":{"uv":[11.0,10.25,10.75,8.75],"rotation":0,"texture":"#0","tintindex":0},"down":{"uv":[11.0,10.25,10.75,11.75],"rotation":0,"texture":"#0","tintindex":0}}},{"from":[12.085143,7.3714285,10.428572],"to":[12.770857,11.942858,10.428572],"rotation":{"angle":0.0,"axis":"y","origin":[17.0,7.7714286,11.428572]},"faces":{"east":{"uv":[0.0,0.0,0.0,2.0],"rotation":0,"texture":"#0","tintindex":0},"south":{"uv":[6.25,10.0,6.5,12.0],"rotation":0,"texture":"#0","tintindex":0},"north":{"uv":[6.0,10.0,6.25,12.0],"rotation":0,"texture":"#0","tintindex":0},"west":{"uv":[0.0,0.0,0.0,2.0],"rotation":0,"texture":"#0","tintindex":0},"up":{"uv":[0.25,0.0,0.0,0.0],"rotation":0,"texture":"#0","tintindex":0},"down":{"uv":[0.25,0.0,0.0,0.0],"rotation":0,"texture":"#0","tintindex":0}}},{"from":[12.085714,7.3714285,10.428572],"to":[12.085714,11.942858,14.428572],"rotation":{"angle":0.0,"axis":"y","origin":[17.0,7.7714286,11.428572]},"faces":{"east":{"uv":[0.0,2.0,1.75,4.0],"rotation":0,"texture":"#0","tintindex":0},"south":{"uv":[0.0,0.0,0.0,2.0],"rotation":0,"texture":"#0","tintindex":0},"north":{"uv":[0.0,0.0,0.0,2.0],"rotation":0,"texture":"#0","tintindex":0},"west":{"uv":[1.75,2.0,3.5,4.0],"rotation":0,"texture":"#0","tintindex":0},"up":{"uv":[0.0,1.75,0.0,0.0],"rotation":0,"texture":"#0","tintindex":0},"down":{"uv":[0.0,0.0,0.0,1.75],"rotation":0,"texture":"#0","tintindex":0}}},{"from":[13.514286,7.3714285,10.428572],"to":[13.514286,11.942858,14.428572],"rotation":{"angle":0.0,"axis":"y","origin":[17.0,8.514286,11.428572]},"faces":{"east":{"uv":[3.5,0.0,5.25,2.0],"rotation":0,"texture":"#0","tintindex":0},"south":{"uv":[0.0,0.0,0.0,2.0],"rotation":0,"texture":"#0","tintindex":0},"north":{"uv":[0.0,0.0,0.0,2.0],"rotation":0,"texture":"#0","tintindex":0},"west":{"uv":[3.5,2.0,5.25,4.0],"rotation":0,"texture":"#0","tintindex":0},"up":{"uv":[0.0,1.75,0.0,0.0],"rotation":0,"texture":"#0","tintindex":0},"down":{"uv":[0.0,0.0,0.0,1.75],"rotation":0,"texture":"#0","tintindex":0}}},{"from":[12.885143,7.6571426,10.485714],"to":[13.456572,11.657143,14.142858],"rotation":{"angle":0.0,"axis":"y","origin":[17.0,8.514286,11.428572]},"faces":{"east":{"uv":[8.75,0.0,10.25,1.75],"rotation":0,"texture":"#0","tintindex":0},"south":{"uv":[10.5,5.25,10.75,7.0],"rotation":0,"texture":"#0","tintindex":0},"north":{"uv":[10.5,3.5,10.75,5.25],"rotation":0,"texture":"#0","tintindex":0},"west":{"uv":[8.75,1.75,10.25,3.5],"rotation":0,"texture":"#0","tintindex":0},"up":{"uv":[11.25,1.5,11.0,0.0],"rotation":0,"texture":"#0","tintindex":0},"down":{"uv":[11.25,1.5,11.0,3.0],"rotation":0,"texture":"#0","tintindex":0}}},{"from":[12.828001,7.3714285,10.428572],"to":[13.513715,11.942858,10.428572],"rotation":{"angle":0.0,"axis":"y","origin":[17.0,8.514286,11.428572]},"faces":{"east":{"uv":[0.0,0.0,0.0,2.0],"rotation":0,"texture":"#0","tintindex":0},"south":{"uv":[6.75,10.0,7.0,12.0],"rotation":0,"texture":"#0","tintindex":0},"north":{"uv":[6.5,10.0,6.75,12.0],"rotation":0,"texture":"#0","tintindex":0},"west":{"uv":[0.0,0.0,0.0,2.0],"rotation":0,"texture":"#0","tintindex":0},"up":{"uv":[0.25,0.0,0.0,0.0],"rotation":0,"texture":"#0","tintindex":0},"down":{"uv":[0.25,0.0,0.0,0.0],"rotation":0,"texture":"#0","tintindex":0}}},{"from":[12.828571,7.3714285,10.428572],"to":[12.828571,11.942858,14.428572],"rotation":{"angle":0.0,"axis":"y","origin":[17.0,8.514286,11.428572]},"faces":{"east":{"uv":[0.0,4.0,1.75,6.0],"rotation":0,"texture":"#0","tintindex":0},"south":{"uv":[0.0,0.0,0.0,2.0],"rotation":0,"texture":"#0","tintindex":0},"north":{"uv":[0.0,0.0,0.0,2.0],"rotation":0,"texture":"#0","tintindex":0},"west":{"uv":[1.75,4.0,3.5,6.0],"rotation":0,"texture":"#0","tintindex":0},"up":{"uv":[0.0,1.75,0.0,0.0],"rotation":0,"texture":"#0","tintindex":0},"down":{"uv":[0.0,0.0,0.0,1.75],"rotation":0,"texture":"#0","tintindex":0}}},{"from":[14.257143,7.3714285,10.428572],"to":[14.257143,11.942858,14.428572],"rotation":{"angle":0.0,"axis":"y","origin":[17.0,9.257143,11.428572]},"faces":{"east":{"uv":[3.5,4.0,5.25,6.0],"rotation":0,"texture":"#0","tintindex":0},"south":{"uv":[0.0,0.0,0.0,2.0],"rotation":0,"texture":"#0","tintindex":0},"north":{"uv":[0.0,0.0,0.0,2.0],"rotation":0,"texture":"#0","tintindex":0},"west":{"uv":[5.25,0.0,7.0,2.0],"rotation":0,"texture":"#0","tintindex":0},"up":{"uv":[0.0,1.75,0.0,0.0],"rotation":0,"texture":"#0","tintindex":0},"down":{"uv":[0.0,0.0,0.0,1.75],"rotation":0,"texture":"#0","tintindex":0}}},{"from":[13.628,7.6571426,10.485714],"to":[14.199429,11.657143,14.142858],"rotation":{"angle":0.0,"axis":"y","origin":[17.0,9.257143,11.428572]},"faces":{"east":{"uv":[8.75,3.5,10.25,5.25],"rotation":0,"texture":"#0","tintindex":0},"south":{"uv":[10.5,8.75,10.75,10.5],"rotation":0,"texture":"#0","tintindex":0},"north":{"uv":[10.5,7.0,10.75,8.75],"rotation":0,"texture":"#0","tintindex":0},"west":{"uv":[8.75,5.25,10.25,7.0],"rotation":0,"texture":"#0","tintindex":0},"up":{"uv":[11.25,4.5,11.0,3.0],"rotation":0,"texture":"#0","tintindex":0},"down":{"uv":[11.25,4.5,11.0,6.0],"rotation":0,"texture":"#0","tintindex":0}}},{"from":[13.570857,7.3714285,10.428572],"to":[14.256572,11.942858,10.428572],"rotation":{"angle":0.0,"axis":"y","origin":[17.0,9.257143,11.428572]},"faces":{"east":{"uv":[0.0,0.0,0.0,2.0],"rotation":0,"texture":"#0","tintindex":0},"south":{"uv":[10.0,9.0,10.25,11.0],"rotation":0,"texture":"#0","tintindex":0},"north":{"uv":[10.0,7.0,10.25,9.0],"rotation":0,"texture":"#0","tintindex":0},"west":{"uv":[0.0,0.0,0.0,2.0],"rotation":0,"texture":"#0","tintindex":0},"up":{"uv":[0.25,0.0,0.0,0.0],"rotation":0,"texture":"#0","tintindex":0},"down":{"uv":[0.25,0.0,0.0,0.0],"rotation":0,"texture":"#0","tintindex":0}}},{"from":[13.571428,7.3714285,10.428572],"to":[13.571428,11.942858,14.428572],"rotation":{"angle":0.0,"axis":"y","origin":[17.0,9.257143,11.428572]},"faces":{"east":{"uv":[5.25,2.0,7.0,4.0],"rotation":0,"texture":"#0","tintindex":0},"south":{"uv":[0.0,0.0,0.0,2.0],"rotation":0,"texture":"#0","tintindex":0},"north":{"uv":[0.0,0.0,0.0,2.0],"rotation":0,"texture":"#0","tintindex":0},"west":{"uv":[5.25,4.0,7.0,6.0],"rotation":0,"texture":"#0","tintindex":0},"up":{"uv":[0.0,1.75,0.0,0.0],"rotation":0,"texture":"#0","tintindex":0},"down":{"uv":[0.0,0.0,0.0,1.75],"rotation":0,"texture":"#0","tintindex":0}}},{"from":[15.790103,7.257143,10.385075],"to":[15.790103,11.828571,14.385075],"rotation":{"angle":22.5,"axis":"z","origin":[15.218675,9.657143,11.385075]},"faces":{"east":{"uv":[0.0,6.0,1.75,8.0],"rotation":0,"texture":"#0","tintindex":0},"south":{"uv":[0.0,0.0,0.0,2.0],"rotation":0,"texture":"#0","tintindex":0},"north":{"uv":[0.0,0.0,0.0,2.0],"rotation":0,"texture":"#0","tintindex":0},"west":{"uv":[1.75,6.0,3.5,8.0],"rotation":0,"texture":"#0","tintindex":0},"up":{"uv":[0.0,1.75,0.0,0.0],"rotation":0,"texture":"#0","tintindex":0},"down":{"uv":[0.0,0.0,0.0,1.75],"rotation":0,"texture":"#0","tintindex":0}}},{"from":[15.16096,7.542857,10.442217],"to":[15.732389,11.542857,14.0993595],"rotation":{"angle":22.5,"axis":"z","origin":[15.218675,9.657143,11.385075]},"faces":{"east":{"uv":[7.0,9.75,8.5,11.5],"rotation":0,"texture":"#0","tintindex":0},"south":{"uv":[10.75,0.0,11.0,1.75],"rotation":0,"texture":"#0","tintindex":0},"north":{"uv":[10.5,10.5,10.75,12.25],"rotation":0,"texture":"#0","tintindex":0},"west":{"uv":[8.5,9.75,10.0,11.5],"rotation":0,"texture":"#0","tintindex":0},"up":{"uv":[11.25,7.5,11.0,6.0],"rotation":0,"texture":"#0","tintindex":0},"down":{"uv":[11.25,7.5,11.0,9.0],"rotation":0,"texture":"#0","tintindex":0}}},{"from":[15.103817,7.257143,10.385075],"to":[15.789532,11.828571,10.385075],"rotation":{"angle":22.5,"axis":"z","origin":[15.218675,9.657143,11.385075]},"faces":{"east":{"uv":[0.0,0.0,0.0,2.0],"rotation":0,"texture":"#0","tintindex":0},"south":{"uv":[10.25,2.0,10.5,4.0],"rotation":0,"texture":"#0","tintindex":0},"north":{"uv":[10.25,0.0,10.5,2.0],"rotation":0,"texture":"#0","tintindex":0},"west":{"uv":[0.0,0.0,0.0,2.0],"rotation":0,"texture":"#0","tintindex":0},"up":{"uv":[0.25,0.0,0.0,0.0],"rotation":0,"texture":"#0","tintindex":0},"down":{"uv":[0.25,0.0,0.0,0.0],"rotation":0,"texture":"#0","tintindex":0}}},{"from":[15.104389,7.257143,10.385075],"to":[15.104389,11.828571,14.385075],"rotation":{"angle":22.5,"axis":"z","origin":[15.218675,9.657143,11.385075]},"faces":{"east":{"uv":[3.5,6.0,5.25,8.0],"rotation":0,"texture":"#0","tintindex":0},"south":{"uv":[0.0,0.0,0.0,2.0],"rotation":0,"texture":"#0","tintindex":0},"north":{"uv":[0.0,0.0,0.0,2.0],"rotation":0,"texture":"#0","tintindex":0},"west":{"uv":[5.25,6.0,7.0,8.0],"rotation":0,"texture":"#0","tintindex":0},"up":{"uv":[0.0,1.75,0.0,0.0],"rotation":0,"texture":"#0","tintindex":0},"down":{"uv":[0.0,0.0,0.0,1.75],"rotation":0,"texture":"#0","tintindex":0}}},{"from":[12.028572,7.3714285,10.428572],"to":[12.028572,11.942858,14.428572],"rotation":{"angle":0.0,"axis":"y","origin":[17.0,9.257143,11.428572]},"faces":{"east":{"uv":[7.0,0.0,8.75,2.0],"rotation":0,"texture":"#0","tintindex":0},"south":{"uv":[0.0,0.0,0.0,2.0],"rotation":0,"texture":"#0","tintindex":0},"north":{"uv":[0.0,0.0,0.0,2.0],"rotation":0,"texture":"#0","tintindex":0},"west":{"uv":[7.0,2.0,8.75,4.0],"rotation":0,"texture":"#0","tintindex":0},"up":{"uv":[0.0,1.75,0.0,0.0],"rotation":0,"texture":"#0","tintindex":0},"down":{"uv":[0.0,0.0,0.0,1.75],"rotation":0,"texture":"#0","tintindex":0}}},{"from":[11.399428,7.6571426,10.485714],"to":[11.970858,11.657143,14.142858],"rotation":{"angle":0.0,"axis":"y","origin":[17.0,9.257143,11.428572]},"faces":{"east":{"uv":[0.0,10.0,1.5,11.75],"rotation":0,"texture":"#0","tintindex":0},"south":{"uv":[10.75,3.5,11.0,5.25],"rotation":0,"texture":"#0","tintindex":0},"north":{"uv":[10.75,1.75,11.0,3.5],"rotation":0,"texture":"#0","tintindex":0},"west":{"uv":[1.5,10.0,3.0,11.75],"rotation":0,"texture":"#0","tintindex":0},"up":{"uv":[11.25,10.5,11.0,9.0],"rotation":0,"texture":"#0","tintindex":0},"down":{"uv":[10.25,11.0,10.0,12.5],"rotation":0,"texture":"#0","tintindex":0}}},{"from":[11.342286,7.3714285,10.428572],"to":[12.028,11.942858,10.428572],"rotation":{"angle":0.0,"axis":"y","origin":[17.0,9.257143,11.428572]},"faces":{"east":{"uv":[0.0,0.0,0.0,2.0],"rotation":0,"texture":"#0","tintindex":0},"south":{"uv":[10.25,6.0,10.5,8.0],"rotation":0,"texture":"#0","tintindex":0},"north":{"uv":[10.25,4.0,10.5,6.0],"rotation":0,"texture":"#0","tintindex":0},"west":{"uv":[0.0,0.0,0.0,2.0],"rotation":0,"texture":"#0","tintindex":0},"up":{"uv":[0.25,0.0,0.0,0.0],"rotation":0,"texture":"#0","tintindex":0},"down":{"uv":[0.25,0.0,0.0,0.0],"rotation":0,"texture":"#0","tintindex":0}}},{"from":[11.342857,7.3714285,10.428572],"to":[11.342857,11.942858,14.428572],"rotation":{"angle":0.0,"axis":"y","origin":[17.0,9.257143,11.428572]},"faces":{"east":{"uv":[7.0,4.0,8.75,6.0],"rotation":0,"texture":"#0","tintindex":0},"south":{"uv":[0.0,0.0,0.0,2.0],"rotation":0,"texture":"#0","tintindex":0},"north":{"uv":[0.0,0.0,0.0,2.0],"rotation":0,"texture":"#0","tintindex":0},"west":{"uv":[7.0,6.0,8.75,8.0],"rotation":0,"texture":"#0","tintindex":0},"up":{"uv":[0.0,1.75,0.0,0.0],"rotation":0,"texture":"#0","tintindex":0},"down":{"uv":[0.0,0.0,0.0,1.75],"rotation":0,"texture":"#0","tintindex":0}}},{"from":[11.285714,7.3714285,10.428572],"to":[11.285714,11.942858,14.428572],"rotation":{"angle":0.0,"axis":"y","origin":[17.0,9.257143,11.428572]},"faces":{"east":{"uv":[0.0,8.0,1.75,10.0],"rotation":0,"texture":"#0","tintindex":0},"south":{"uv":[0.0,0.0,0.0,2.0],"rotation":0,"texture":"#0","tintindex":0},"north":{"uv":[0.0,0.0,0.0,2.0],"rotation":0,"texture":"#0","tintindex":0},"west":{"uv":[1.75,8.0,3.5,10.0],"rotation":0,"texture":"#0","tintindex":0},"up":{"uv":[0.0,1.75,0.0,0.0],"rotation":0,"texture":"#0","tintindex":0},"down":{"uv":[0.0,0.0,0.0,1.75],"rotation":0,"texture":"#0","tintindex":0}}},{"from":[10.656571,7.6571426,10.485714],"to":[11.228001,11.657143,14.142858],"rotation":{"angle":0.0,"axis":"y","origin":[17.0,9.257143,11.428572]},"faces":{"east":{"uv":[3.0,10.0,4.5,11.75],"rotation":0,"texture":"#0","tintindex":0},"south":{"uv":[10.75,7.0,11.0,8.75],"rotation":0,"texture":"#0","tintindex":0},"north":{"uv":[10.75,5.25,11.0,7.0],"rotation":0,"texture":"#0","tintindex":0},"west":{"uv":[4.5,10.0,6.0,11.75],"rotation":0,"texture":"#0","tintindex":0},"up":{"uv":[11.25,12.0,11.0,10.5],"rotation":0,"texture":"#0","tintindex":0},"down":{"uv":[11.5,0.0,11.25,1.5],"rotation":0,"texture":"#0","tintindex":0}}},{"from":[10.599428,7.3714285,10.428572],"to":[11.285143,11.942858,10.428572],"rotation":{"angle":0.0,"axis":"y","origin":[17.0,9.257143,11.428572]},"faces":{"east":{"uv":[0.0,0.0,0.0,2.0],"rotation":0,"texture":"#0","tintindex":0},"south":{"uv":[10.25,10.0,10.5,12.0],"rotation":0,"texture":"#0","tintindex":0},"north":{"uv":[10.25,8.0,10.5,10.0],"rotation":0,"texture":"#0","tintindex":0},"west":{"uv":[0.0,0.0,0.0,2.0],"rotation":0,"texture":"#0","tintindex":0},"up":{"uv":[0.25,0.0,0.0,0.0],"rotation":0,"texture":"#0","tintindex":0},"down":{"uv":[0.25,0.0,0.0,0.0],"rotation":0,"texture":"#0","tintindex":0}}},{"from":[10.6,7.3714285,10.428572],"to":[10.6,11.942858,14.428572],"rotation":{"angle":0.0,"axis":"y","origin":[17.0,9.257143,11.428572]},"faces":{"east":{"uv":[3.5,8.0,5.25,10.0],"rotation":0,"texture":"#0","tintindex":0},"south":{"uv":[0.0,0.0,0.0,2.0],"rotation":0,"texture":"#0","tintindex":0},"north":{"uv":[0.0,0.0,0.0,2.0],"rotation":0,"texture":"#0","tintindex":0},"west":{"uv":[5.25,8.0,7.0,10.0],"rotation":0,"texture":"#0","tintindex":0},"up":{"uv":[0.0,1.75,0.0,0.0],"rotation":0,"texture":"#0","tintindex":0},"down":{"uv":[0.0,0.0,0.0,1.75],"rotation":0,"texture":"#0","tintindex":0}}}],"display":{"head":{"translation":[0.0,-6.4,0.0],"scale":[4.0,4.0,4.0]}}}