{
  "credit": "Made with Blockbench",
  "texture_size": [
    64,
    64
  ],
  "textures": {
    "1": "cosmetics:custom/cosmetics/hats/spirit/forest_spirit_helmet",
    "particle": "cosmetics:custom/cosmetics/hats/spirit/forest_spirit_helmet"
  },
  "elements": [
    {
      "from": [
        2.5,
        6,
        3
      ],
      "to": [
        6.5,
        10,
        10
      ],
      "rotation": {
        "angle": -45,
        "axis": "y",
        "origin": [
          1.5,
          4,
          5.25
        ]
      },
      "faces": {
        "north": {
          "uv": [
            0,
            10,
            1,
            11
          ],
          "texture": "#1"
        },
        "east": {
          "uv": [
            7.25,
            4.5,
            9,
            5.5
          ],
          "texture": "#1"
        },
        "south": {
          "uv": [
            1,
            10,
            2,
            11
          ],
          "texture": "#1"
        },
        "west": {
          "uv": [
            9,
            4.5,
            10.75,
            5.5
          ],
          "texture": "#1"
        },
        "up": {
          "uv": [
            10,
            7.25,
            9,
            5.5
          ],
          "texture": "#1"
        },
        "down": {
          "uv": [
            10,
            7.25,
            9,
            9
          ],
          "texture": "#1"
        }
      }
    },
    {
      "from": [
        4.5,
        2,
        4
      ],
      "to": [
        4.5,
        13,
        14
      ],
      "rotation": {
        "angle": -45,
        "axis": "y",
        "origin": [
          1.5,
          4,
          5.25
        ]
      },
      "faces": {
        "north": {
          "uv": [
            0,
            0,
            0,
            2.75
          ],
          "texture": "#1"
        },
        "east": {
          "uv": [
            0,
            0,
            2.5,
            2.75
          ],
          "texture": "#1"
        },
        "south": {
          "uv": [
            0,
            0,
            0,
            2.75
          ],
          "texture": "#1"
        },
        "west": {
          "uv": [
            2.5,
            0,
            5,
            2.75
          ],
          "texture": "#1"
        },
        "up": {
          "uv": [
            0,
            2.5,
            0,
            0
          ],
          "texture": "#1"
        },
        "down": {
          "uv": [
            0,
            0,
            0,
            2.5
          ],
          "texture": "#1"
        }
      }
    },
    {
      "from": [
        3.5,
        11,
        10
      ],
      "to": [
        5.5,
        13,
        14
      ],
      "rotation": {
        "angle": -45,
        "axis": "y",
        "origin": [
          1.5,
          4,
          5.25
        ]
      },
      "faces": {
        "north": {
          "uv": [
            6.5,
            10.75,
            7,
            11.25
          ],
          "texture": "#1"
        },
        "east": {
          "uv": [
            10,
            8.5,
            11,
            9
          ],
          "texture": "#1"
        },
        "south": {
          "uv": [
            7,
            10.75,
            7.5,
            11.25
          ],
          "texture": "#1"
        },
        "west": {
          "uv": [
            10,
            10,
            11,
            10.5
          ],
          "texture": "#1"
        },
        "up": {
          "uv": [
            11,
            2,
            10.5,
            1
          ],
          "texture": "#1"
        },
        "down": {
          "uv": [
            11,
            2,
            10.5,
            3
          ],
          "texture": "#1"
        }
      }
    },
    {
      "from": [
        -2.85876,
        13,
        11.8514
      ],
      "to": [
        -0.85876,
        17,
        13.8514
      ],
      "rotation": {
        "angle": 45,
        "axis": "y",
        "origin": [
          -1.85876,
          15,
          12.8514
        ]
      },
      "faces": {
        "north": {
          "uv": [
            4,
            10.75,
            4.5,
            11.75
          ],
          "texture": "#1"
        },
        "east": {
          "uv": [
            10.75,
            4,
            11.25,
            5
          ],
          "texture": "#1"
        },
        "south": {
          "uv": [
            4.5,
            10.75,
            5,
            11.75
          ],
          "texture": "#1"
        },
        "west": {
          "uv": [
            5,
            10.75,
            5.5,
            11.75
          ],
          "texture": "#1"
        },
        "up": {
          "uv": [
            11.25,
            8,
            10.75,
            7.5
          ],
          "texture": "#1"
        },
        "down": {
          "uv": [
            8.5,
            10.75,
            8,
            11.25
          ],
          "texture": "#1"
        }
      }
    },
    {
      "from": [
        3,
        10,
        7
      ],
      "to": [
        6,
        13,
        10
      ],
      "rotation": {
        "angle": -45,
        "axis": "y",
        "origin": [
          1.5,
          4,
          5.25
        ]
      },
      "faces": {
        "north": {
          "uv": [
            4,
            10,
            4.75,
            10.75
          ],
          "texture": "#1"
        },
        "east": {
          "uv": [
            4.75,
            10,
            5.5,
            10.75
          ],
          "texture": "#1"
        },
        "south": {
          "uv": [
            5.5,
            10,
            6.25,
            10.75
          ],
          "texture": "#1"
        },
        "west": {
          "uv": [
            10,
            5.5,
            10.75,
            6.25
          ],
          "texture": "#1"
        },
        "up": {
          "uv": [
            7,
            10.75,
            6.25,
            10
          ],
          "texture": "#1"
        },
        "down": {
          "uv": [
            10.75,
            6.25,
            10,
            7
          ],
          "texture": "#1"
        }
      }
    },
    {
      "from": [
        9.5,
        6,
        3
      ],
      "to": [
        13.5,
        10,
        10
      ],
      "rotation": {
        "angle": 45,
        "axis": "y",
        "origin": [
          14.5,
          4,
          5.25
        ]
      },
      "faces": {
        "north": {
          "uv": [
            1,
            10,
            0,
            11
          ],
          "texture": "#1"
        },
        "east": {
          "uv": [
            10.75,
            4.5,
            9,
            5.5
          ],
          "texture": "#1"
        },
        "south": {
          "uv": [
            2,
            10,
            1,
            11
          ],
          "texture": "#1"
        },
        "west": {
          "uv": [
            9,
            4.5,
            7.25,
            5.5
          ],
          "texture": "#1"
        },
        "up": {
          "uv": [
            9,
            7.25,
            10,
            5.5
          ],
          "texture": "#1"
        },
        "down": {
          "uv": [
            9,
            7.25,
            10,
            9
          ],
          "texture": "#1"
        }
      }
    },
    {
      "from": [
        10,
        10,
        7
      ],
      "to": [
        13,
        13,
        10
      ],
      "rotation": {
        "angle": 45,
        "axis": "y",
        "origin": [
          14.5,
          4,
          5.25
        ]
      },
      "faces": {
        "north": {
          "uv": [
            4.75,
            10,
            4,
            10.75
          ],
          "texture": "#1"
        },
        "east": {
          "uv": [
            10.75,
            5.5,
            10,
            6.25
          ],
          "texture": "#1"
        },
        "south": {
          "uv": [
            6.25,
            10,
            5.5,
            10.75
          ],
          "texture": "#1"
        },
        "west": {
          "uv": [
            5.5,
            10,
            4.75,
            10.75
          ],
          "texture": "#1"
        },
        "up": {
          "uv": [
            6.25,
            10.75,
            7,
            10
          ],
          "texture": "#1"
        },
        "down": {
          "uv": [
            10,
            6.25,
            10.75,
            7
          ],
          "texture": "#1"
        }
      }
    },
    {
      "from": [
        10.5,
        11,
        10
      ],
      "to": [
        12.5,
        13,
        14
      ],
      "rotation": {
        "angle": 45,
        "axis": "y",
        "origin": [
          14.5,
          4,
          5.25
        ]
      },
      "faces": {
        "north": {
          "uv": [
            7,
            10.75,
            6.5,
            11.25
          ],
          "texture": "#1"
        },
        "east": {
          "uv": [
            11,
            10,
            10,
            10.5
          ],
          "texture": "#1"
        },
        "south": {
          "uv": [
            7.5,
            10.75,
            7,
            11.25
          ],
          "texture": "#1"
        },
        "west": {
          "uv": [
            11,
            8.5,
            10,
            9
          ],
          "texture": "#1"
        },
        "up": {
          "uv": [
            10.5,
            2,
            11,
            1
          ],
          "texture": "#1"
        },
        "down": {
          "uv": [
            10.5,
            2,
            11,
            3
          ],
          "texture": "#1"
        }
      }
    },
    {
      "from": [
        11.5,
        2,
        4
      ],
      "to": [
        11.5,
        13,
        14
      ],
      "rotation": {
        "angle": 45,
        "axis": "y",
        "origin": [
          14.5,
          4,
          5.25
        ]
      },
      "faces": {
        "north": {
          "uv": [
            0,
            0,
            0,
            2.75
          ],
          "texture": "#1"
        },
        "east": {
          "uv": [
            5,
            0,
            2.5,
            2.75
          ],
          "texture": "#1"
        },
        "south": {
          "uv": [
            0,
            0,
            0,
            2.75
          ],
          "texture": "#1"
        },
        "west": {
          "uv": [
            2.5,
            0,
            0,
            2.75
          ],
          "texture": "#1"
        },
        "up": {
          "uv": [
            0,
            2.5,
            0,
            0
          ],
          "texture": "#1"
        },
        "down": {
          "uv": [
            0,
            0,
            0,
            2.5
          ],
          "texture": "#1"
        }
      }
    },
    {
      "from": [
        16.85876,
        13,
        11.8514
      ],
      "to": [
        18.85876,
        17,
        13.8514
      ],
      "rotation": {
        "angle": -45,
        "axis": "y",
        "origin": [
          17.85876,
          15,
          12.8514
        ]
      },
      "faces": {
        "north": {
          "uv": [
            4.5,
            10.75,
            4,
            11.75
          ],
          "texture": "#1"
        },
        "east": {
          "uv": [
            5.5,
            10.75,
            5,
            11.75
          ],
          "texture": "#1"
        },
        "south": {
          "uv": [
            5,
            10.75,
            4.5,
            11.75
          ],
          "texture": "#1"
        },
        "west": {
          "uv": [
            11.25,
            4,
            10.75,
            5
          ],
          "texture": "#1"
        },
        "up": {
          "uv": [
            10.75,
            8,
            11.25,
            7.5
          ],
          "texture": "#1"
        },
        "down": {
          "uv": [
            8,
            10.75,
            8.5,
            11.25
          ],
          "texture": "#1"
        }
      }
    },
    {
      "from": [
        3.5,
        2,
        3.5
      ],
      "to": [
        12.5,
        11,
        3.5
      ],
      "faces": {
        "north": {
          "uv": [
            0,
            5.5,
            2.25,
            7.75
          ],
          "texture": "#1"
        },
        "east": {
          "uv": [
            0,
            0,
            0,
            2.25
          ],
          "texture": "#1"
        },
        "south": {
          "uv": [
            2.25,
            5.5,
            4.5,
            7.75
          ],
          "texture": "#1"
        },
        "west": {
          "uv": [
            0,
            0,
            0,
            2.25
          ],
          "texture": "#1"
        },
        "up": {
          "uv": [
            2.25,
            0,
            0,
            0
          ],
          "texture": "#1"
        },
        "down": {
          "uv": [
            2.25,
            0,
            0,
            0
          ],
          "texture": "#1"
        }
      }
    },
    {
      "from": [
        3.5,
        11,
        3.5
      ],
      "to": [
        12.5,
        11,
        12.5
      ],
      "faces": {
        "north": {
          "uv": [
            0,
            0,
            2.25,
            0
          ],
          "texture": "#1"
        },
        "east": {
          "uv": [
            0,
            0,
            2.25,
            0
          ],
          "texture": "#1"
        },
        "south": {
          "uv": [
            0,
            0,
            2.25,
            0
          ],
          "texture": "#1"
        },
        "west": {
          "uv": [
            0,
            0,
            2.25,
            0
          ],
          "texture": "#1"
        },
        "up": {
          "uv": [
            2.25,
            10,
            0,
            7.75
          ],
          "texture": "#1"
        },
        "down": {
          "uv": [
            4.5,
            7.75,
            2.25,
            10
          ],
          "texture": "#1"
        }
      }
    },
    {
      "from": [
        3.5,
        0,
        12.5
      ],
      "to": [
        12.5,
        11,
        12.5
      ],
      "faces": {
        "north": {
          "uv": [
            5,
            0,
            7.25,
            2.75
          ],
          "texture": "#1"
        },
        "east": {
          "uv": [
            0,
            0,
            0,
            2.75
          ],
          "texture": "#1"
        },
        "south": {
          "uv": [
            5,
            2.75,
            7.25,
            5.5
          ],
          "texture": "#1"
        },
        "west": {
          "uv": [
            0,
            0,
            0,
            2.75
          ],
          "texture": "#1"
        },
        "up": {
          "uv": [
            2.25,
            0,
            0,
            0
          ],
          "texture": "#1"
        },
        "down": {
          "uv": [
            2.25,
            0,
            0,
            0
          ],
          "texture": "#1"
        }
      }
    },
    {
      "from": [
        3.5,
        2,
        3.5
      ],
      "to": [
        3.5,
        11,
        12.5
      ],
      "faces": {
        "north": {
          "uv": [
            0,
            0,
            0,
            2.25
          ],
          "texture": "#1"
        },
        "east": {
          "uv": [
            7.25,
            0,
            9.5,
            2.25
          ],
          "texture": "#1"
        },
        "south": {
          "uv": [
            0,
            0,
            0,
            2.25
          ],
          "texture": "#1"
        },
        "west": {
          "uv": [
            7.25,
            2.25,
            9.5,
            4.5
          ],
          "texture": "#1"
        },
        "up": {
          "uv": [
            0,
            2.25,
            0,
            0
          ],
          "texture": "#1"
        },
        "down": {
          "uv": [
            0,
            0,
            0,
            2.25
          ],
          "texture": "#1"
        }
      }
    },
    {
      "from": [
        12.5,
        2,
        3.5
      ],
      "to": [
        12.5,
        11,
        12.5
      ],
      "rotation": {
        "angle": 0,
        "axis": "y",
        "origin": [
          16,
          0,
          0
        ]
      },
      "faces": {
        "north": {
          "uv": [
            0,
            0,
            0,
            2.25
          ],
          "texture": "#1"
        },
        "east": {
          "uv": [
            4.5,
            7.75,
            6.75,
            10
          ],
          "texture": "#1"
        },
        "south": {
          "uv": [
            0,
            0,
            0,
            2.25
          ],
          "texture": "#1"
        },
        "west": {
          "uv": [
            6.75,
            7.75,
            9,
            10
          ],
          "texture": "#1"
        },
        "up": {
          "uv": [
            0,
            2.25,
            0,
            0
          ],
          "texture": "#1"
        },
        "down": {
          "uv": [
            0,
            0,
            0,
            2.25
          ],
          "texture": "#1"
        }
      }
    },
    {
      "from": [
        3.5,
        2,
        3.8
      ],
      "to": [
        12.5,
        11,
        3.8
      ],
      "faces": {
        "north": {
          "uv": [
            4.5,
            5.5,
            6.75,
            7.75
          ],
          "texture": "#1"
        },
        "east": {
          "uv": [
            0,
            0,
            0,
            2.25
          ],
          "texture": "#1"
        },
        "south": {
          "uv": [
            6.75,
            5.5,
            9,
            7.75
          ],
          "texture": "#1"
        },
        "west": {
          "uv": [
            0,
            0,
            0,
            2.25
          ],
          "texture": "#1"
        },
        "up": {
          "uv": [
            2.25,
            0,
            0,
            0
          ],
          "texture": "#1"
        },
        "down": {
          "uv": [
            2.25,
            0,
            0,
            0
          ],
          "texture": "#1"
        }
      }
    }
  ],
  "display": {
    "thirdperson_righthand": {
      "rotation": [
        75,
        45,
        0
      ],
      "translation": [
        0,
        2.5,
        0
      ],
      "scale": [
        0.375,
        0.375,
        0.375
      ]
    },
    "thirdperson_lefthand": {
      "rotation": [
        75,
        45,
        0
      ],
      "translation": [
        0,
        2.5,
        0
      ],
      "scale": [
        0.375,
        0.375,
        0.375
      ]
    },
    "firstperson_righthand": {
      "rotation": [
        0,
        45,
        0
      ],
      "scale": [
        0.4,
        0.4,
        0.4
      ]
    },
    "firstperson_lefthand": {
      "rotation": [
        0,
        225,
        0
      ],
      "scale": [
        0.4,
        0.4,
        0.4
      ]
    },
    "ground": {
      "translation": [
        0,
        3,
        0
      ],
      "scale": [
        0.25,
        0.25,
        0.25
      ]
    },
    "gui": {
      "rotation": [
        -156.39,
        -25.72,
        171.7
      ],
      "translation": [
        1.5,
        -2,
        0
      ],
      "scale": [
        0.625,
        0.625,
        0.625
      ]
    },
    "head": {
      "translation": [
        0,
        2.5,
        0
      ],
      "scale": [
        1.61,
        1.61,
        1.61
      ]
    },
    "fixed": {
      "scale": [
        0.5,
        0.5,
        0.5
      ]
    }
  },
  "groups": [
    {
      "name": "group",
      "origin": [
        1.5,
        4,
        5.25
      ],
      "color": 0,
      "children": [
        0,
        1,
        2,
        3,
        4,
        5,
        6,
        7,
        8,
        9
      ]
    },
    {
      "name": "group",
      "origin": [
        1.5,
        4,
        5.25
      ],
      "color": 0,
      "children": []
    },
    10,
    11,
    12,
    13,
    14,
    15
  ]
}