{
  "parent": "minecraft:item/generated",
  "textures": {
    "layer0": "minecraft:item/leather_horse_armor"
  },
  "overrides": [
    {
      "predicate": {
        "custom_model_data": 1
      },
      "model": "must_have_props:bottle"
    },
    {
      "predicate": {
        "custom_model_data": 2
      },
      "model": "must_have_props:bottles"
    },
    {
      "predicate": {
        "custom_model_data": 3
      },
      "model": "must_have_props:closed_book"
    },
    {
      "predicate": {
        "custom_model_data": 4
      },
      "model": "must_have_props:open_book"
    },
    {
      "predicate": {
        "custom_model_data": 5
      },
      "model": "must_have_props:spilled_bottle"
    },
    {
      "predicate": {
        "custom_model_data": 6
      },
      "model": "must_have_props:vase_1"
    },
    {
      "predicate": {
        "custom_model_data": 7
      },
      "model": "must_have_props:vase_2"
    },
    {
      "predicate": {
        "custom_model_data": 1000
      },
      "model": "modelengine:baby_skrill/leftleg"
    },
    {
      "predicate": {
        "custom_model_data": 1000
      },
      "model": "modelengine:baby_skrill/leftleg"
    },
    {
      "predicate": {
        "custom_model_data": 1001
      },
      "model": "modelengine:baby_skrill/leftleg2"
    },
    {
      "predicate": {
        "custom_model_data": 1001
      },
      "model": "modelengine:baby_skrill/leftleg2"
    },
    {
      "predicate": {
        "custom_model_data": 1002
      },
      "model": "modelengine:baby_skrill/leftleg3"
    },
    {
      "predicate": {
        "custom_model_data": 1002
      },
      "model": "modelengine:baby_skrill/leftleg3"
    },
    {
      "predicate": {
        "custom_model_data": 1003
      },
      "model": "modelengine:baby_skrill/rightleg"
    },
    {
      "predicate": {
        "custom_model_data": 1003
      },
      "model": "modelengine:baby_skrill/rightleg"
    },
    {
      "predicate": {
        "custom_model_data": 1004
      },
      "model": "modelengine:baby_skrill/rightleg2"
    },
    {
      "predicate": {
        "custom_model_data": 1004
      },
      "model": "modelengine:baby_skrill/rightleg2"
    },
    {
      "predicate": {
        "custom_model_data": 1005
      },
      "model": "modelengine:baby_skrill/rightleg3"
    },
    {
      "predicate": {
        "custom_model_data": 1005
      },
      "model": "modelengine:baby_skrill/rightleg3"
    },
    {
      "predicate": {
        "custom_model_data": 1006
      },
      "model": "modelengine:baby_skrill/tail2"
    },
    {
      "predicate": {
        "custom_model_data": 1006
      },
      "model": "modelengine:baby_skrill/tail2"
    },
    {
      "predicate": {
        "custom_model_data": 1007
      },
      "model": "modelengine:baby_skrill/tail3"
    },
    {
      "predicate": {
        "custom_model_data": 1007
      },
      "model": "modelengine:baby_skrill/tail3"
    },
    {
      "predicate": {
        "custom_model_data": 1008
      },
      "model": "modelengine:baby_skrill/tail5"
    },
    {
      "predicate": {
        "custom_model_data": 1008
      },
      "model": "modelengine:baby_skrill/tail5"
    },
    {
      "predicate": {
        "custom_model_data": 1009
      },
      "model": "modelengine:baby_skrill/body"
    },
    {
      "predicate": {
        "custom_model_data": 1009
      },
      "model": "modelengine:baby_skrill/body"
    },
    {
      "predicate": {
        "custom_model_data": 1010
      },
      "model": "modelengine:baby_skrill/leftwings"
    },
    {
      "predicate": {
        "custom_model_data": 1010
      },
      "model": "modelengine:baby_skrill/leftwings"
    },
    {
      "predicate": {
        "custom_model_data": 1011
      },
      "model": "modelengine:baby_skrill/leftwings2"
    },
    {
      "predicate": {
        "custom_model_data": 1011
      },
      "model": "modelengine:baby_skrill/leftwings2"
    },
    {
      "predicate": {
        "custom_model_data": 1012
      },
      "model": "modelengine:baby_skrill/leftwings5"
    },
    {
      "predicate": {
        "custom_model_data": 1012
      },
      "model": "modelengine:baby_skrill/leftwings5"
    },
    {
      "predicate": {
        "custom_model_data": 1013
      },
      "model": "modelengine:baby_skrill/rightwings"
    },
    {
      "predicate": {
        "custom_model_data": 1013
      },
      "model": "modelengine:baby_skrill/rightwings"
    },
    {
      "predicate": {
        "custom_model_data": 1014
      },
      "model": "modelengine:baby_skrill/rightwings2"
    },
    {
      "predicate": {
        "custom_model_data": 1014
      },
      "model": "modelengine:baby_skrill/rightwings2"
    },
    {
      "predicate": {
        "custom_model_data": 1015
      },
      "model": "modelengine:baby_skrill/rightwings5"
    },
    {
      "predicate": {
        "custom_model_data": 1015
      },
      "model": "modelengine:baby_skrill/rightwings5"
    },
    {
      "predicate": {
        "custom_model_data": 1016
      },
      "model": "modelengine:baby_skrill/lowbody"
    },
    {
      "predicate": {
        "custom_model_data": 1016
      },
      "model": "modelengine:baby_skrill/lowbody"
    },
    {
      "predicate": {
        "custom_model_data": 1017
      },
      "model": "modelengine:baby_skrill/neck"
    },
    {
      "predicate": {
        "custom_model_data": 1017
      },
      "model": "modelengine:baby_skrill/neck"
    },
    {
      "predicate": {
        "custom_model_data": 1018
      },
      "model": "modelengine:baby_skrill/neck2"
    },
    {
      "predicate": {
        "custom_model_data": 1018
      },
      "model": "modelengine:baby_skrill/neck2"
    },
    {
      "predicate": {
        "custom_model_data": 1019
      },
      "model": "modelengine:baby_skrill/mouth"
    },
    {
      "predicate": {
        "custom_model_data": 1019
      },
      "model": "modelengine:baby_skrill/mouth"
    },
    {
      "predicate": {
        "custom_model_data": 1020
      },
      "model": "modelengine:baby_skrill/head"
    },
    {
      "predicate": {
        "custom_model_data": 1020
      },
      "model": "modelengine:baby_skrill/head"
    },
    {
      "predicate": {
        "custom_model_data": 1021
      },
      "model": "modelengine:skrill_dragon/rightleg"
    },
    {
      "predicate": {
        "custom_model_data": 1021
      },
      "model": "modelengine:skrill_dragon/rightleg"
    },
    {
      "predicate": {
        "custom_model_data": 1022
      },
      "model": "modelengine:skrill_dragon/rightleg2"
    },
    {
      "predicate": {
        "custom_model_data": 1022
      },
      "model": "modelengine:skrill_dragon/rightleg2"
    },
    {
      "predicate": {
        "custom_model_data": 1023
      },
      "model": "modelengine:skrill_dragon/rightleg3"
    },
    {
      "predicate": {
        "custom_model_data": 1023
      },
      "model": "modelengine:skrill_dragon/rightleg3"
    },
    {
      "predicate": {
        "custom_model_data": 1024
      },
      "model": "modelengine:skrill_dragon/leftleg"
    },
    {
      "predicate": {
        "custom_model_data": 1024
      },
      "model": "modelengine:skrill_dragon/leftleg"
    },
    {
      "predicate": {
        "custom_model_data": 1025
      },
      "model": "modelengine:skrill_dragon/leftleg2"
    },
    {
      "predicate": {
        "custom_model_data": 1025
      },
      "model": "modelengine:skrill_dragon/leftleg2"
    },
    {
      "predicate": {
        "custom_model_data": 1026
      },
      "model": "modelengine:skrill_dragon/leftleg3"
    },
    {
      "predicate": {
        "custom_model_data": 1026
      },
      "model": "modelengine:skrill_dragon/leftleg3"
    },
    {
      "predicate": {
        "custom_model_data": 1027
      },
      "model": "modelengine:skrill_dragon/tail2"
    },
    {
      "predicate": {
        "custom_model_data": 1027
      },
      "model": "modelengine:skrill_dragon/tail2"
    },
    {
      "predicate": {
        "custom_model_data": 1028
      },
      "model": "modelengine:skrill_dragon/tail3"
    },
    {
      "predicate": {
        "custom_model_data": 1028
      },
      "model": "modelengine:skrill_dragon/tail3"
    },
    {
      "predicate": {
        "custom_model_data": 1029
      },
      "model": "modelengine:skrill_dragon/tail4"
    },
    {
      "predicate": {
        "custom_model_data": 1029
      },
      "model": "modelengine:skrill_dragon/tail4"
    },
    {
      "predicate": {
        "custom_model_data": 1030
      },
      "model": "modelengine:skrill_dragon/tail5"
    },
    {
      "predicate": {
        "custom_model_data": 1030
      },
      "model": "modelengine:skrill_dragon/tail5"
    },
    {
      "predicate": {
        "custom_model_data": 1031
      },
      "model": "modelengine:skrill_dragon/body"
    },
    {
      "predicate": {
        "custom_model_data": 1031
      },
      "model": "modelengine:skrill_dragon/body"
    },
    {
      "predicate": {
        "custom_model_data": 1032
      },
      "model": "modelengine:skrill_dragon/rightwings"
    },
    {
      "predicate": {
        "custom_model_data": 1032
      },
      "model": "modelengine:skrill_dragon/rightwings"
    },
    {
      "predicate": {
        "custom_model_data": 1033
      },
      "model": "modelengine:skrill_dragon/rightwings2"
    },
    {
      "predicate": {
        "custom_model_data": 1033
      },
      "model": "modelengine:skrill_dragon/rightwings2"
    },
    {
      "predicate": {
        "custom_model_data": 1034
      },
      "model": "modelengine:skrill_dragon/rightwings3"
    },
    {
      "predicate": {
        "custom_model_data": 1034
      },
      "model": "modelengine:skrill_dragon/rightwings3"
    },
    {
      "predicate": {
        "custom_model_data": 1035
      },
      "model": "modelengine:skrill_dragon/rightwings4"
    },
    {
      "predicate": {
        "custom_model_data": 1035
      },
      "model": "modelengine:skrill_dragon/rightwings4"
    },
    {
      "predicate": {
        "custom_model_data": 1036
      },
      "model": "modelengine:skrill_dragon/rightwings5"
    },
    {
      "predicate": {
        "custom_model_data": 1036
      },
      "model": "modelengine:skrill_dragon/rightwings5"
    },
    {
      "predicate": {
        "custom_model_data": 1037
      },
      "model": "modelengine:skrill_dragon/electricfx2"
    },
    {
      "predicate": {
        "custom_model_data": 1037
      },
      "model": "modelengine:skrill_dragon/electricfx2"
    },
    {
      "predicate": {
        "custom_model_data": 1038
      },
      "model": "modelengine:skrill_dragon/leftwings"
    },
    {
      "predicate": {
        "custom_model_data": 1038
      },
      "model": "modelengine:skrill_dragon/leftwings"
    },
    {
      "predicate": {
        "custom_model_data": 1039
      },
      "model": "modelengine:skrill_dragon/leftwings2"
    },
    {
      "predicate": {
        "custom_model_data": 1039
      },
      "model": "modelengine:skrill_dragon/leftwings2"
    },
    {
      "predicate": {
        "custom_model_data": 1040
      },
      "model": "modelengine:skrill_dragon/leftwings3"
    },
    {
      "predicate": {
        "custom_model_data": 1040
      },
      "model": "modelengine:skrill_dragon/leftwings3"
    },
    {
      "predicate": {
        "custom_model_data": 1041
      },
      "model": "modelengine:skrill_dragon/electricfx1"
    },
    {
      "predicate": {
        "custom_model_data": 1041
      },
      "model": "modelengine:skrill_dragon/electricfx1"
    },
    {
      "predicate": {
        "custom_model_data": 1042
      },
      "model": "modelengine:skrill_dragon/leftwings4"
    },
    {
      "predicate": {
        "custom_model_data": 1042
      },
      "model": "modelengine:skrill_dragon/leftwings4"
    },
    {
      "predicate": {
        "custom_model_data": 1043
      },
      "model": "modelengine:skrill_dragon/leftwings5"
    },
    {
      "predicate": {
        "custom_model_data": 1043
      },
      "model": "modelengine:skrill_dragon/leftwings5"
    },
    {
      "predicate": {
        "custom_model_data": 1044
      },
      "model": "modelengine:skrill_dragon/lowbody"
    },
    {
      "predicate": {
        "custom_model_data": 1044
      },
      "model": "modelengine:skrill_dragon/lowbody"
    },
    {
      "predicate": {
        "custom_model_data": 1045
      },
      "model": "modelengine:skrill_dragon/electric"
    },
    {
      "predicate": {
        "custom_model_data": 1045
      },
      "model": "modelengine:skrill_dragon/electric"
    },
    {
      "predicate": {
        "custom_model_data": 1046
      },
      "model": "modelengine:skrill_dragon/mouth"
    },
    {
      "predicate": {
        "custom_model_data": 1046
      },
      "model": "modelengine:skrill_dragon/mouth"
    },
    {
      "predicate": {
        "custom_model_data": 1047
      },
      "model": "modelengine:skrill_dragon/head"
    },
    {
      "predicate": {
        "custom_model_data": 1047
      },
      "model": "modelengine:skrill_dragon/head"
    },
    {
      "predicate": {
        "custom_model_data": 1048
      },
      "model": "modelengine:skrill_dragon/neck2"
    },
    {
      "predicate": {
        "custom_model_data": 1048
      },
      "model": "modelengine:skrill_dragon/neck2"
    },
    {
      "predicate": {
        "custom_model_data": 1049
      },
      "model": "modelengine:skrill_dragon/neck"
    },
    {
      "predicate": {
        "custom_model_data": 1049
      },
      "model": "modelengine:skrill_dragon/neck"
    }
  ]
}