{"textures":{"0":"modelengine:entity/bossdemon"},"elements":[{"from":[3.7910476,1.5294929,3.7742853],"to":[8.679619,7.329493,10.734285],"rotation":{"angle":-22.5,"axis":"z","origin":[8.0,8.0,8.248571]},"faces":{"east":{"uv":[5.6875,4.8125,6.21875,5.25],"rotation":0,"texture":"#0","tintindex":0},"south":{"uv":[0.0,6.5625,0.375,7.0],"rotation":0,"texture":"#0","tintindex":0},"north":{"uv":[6.5,2.9375,6.875,3.375],"rotation":0,"texture":"#0","tintindex":0},"west":{"uv":[0.875,5.75,1.40625,6.1875],"rotation":0,"texture":"#0","tintindex":0},"up":{"uv":[1.9375,6.90625,1.5625,6.375],"rotation":0,"texture":"#0","tintindex":0},"down":{"uv":[2.3125,6.375,1.9375,6.90625],"rotation":0,"texture":"#0","tintindex":0}}},{"from":[3.9509778,2.8734078,3.525714],"to":[9.08812,11.407694,10.9],"rotation":{"angle":22.5,"axis":"z","origin":[8.0,8.0,8.248571]},"faces":{"east":{"uv":[5.125,4.5625,5.6875,5.203125],"rotation":0,"texture":"#0","tintindex":0},"south":{"uv":[3.1875,5.6875,3.578125,6.328125],"rotation":0,"texture":"#0","tintindex":0},"north":{"uv":[1.875,5.6875,2.265625,6.328125],"rotation":0,"texture":"#0","tintindex":0},"west":{"uv":[5.25,0.5,5.8125,1.140625],"rotation":0,"texture":"#0","tintindex":0},"up":{"uv":[4.453125,6.3125,4.0625,5.75],"rotation":0,"texture":"#0","tintindex":0},"down":{"uv":[4.890625,5.75,4.5,6.3125],"rotation":0,"texture":"#0","tintindex":0}}},{"from":[7.3481207,2.293408,2.6971421],"to":[9.170978,11.656265,11.728571],"rotation":{"angle":22.5,"axis":"z","origin":[8.0,8.0,8.248571]},"faces":{"east":{"uv":[4.5625,1.375,5.25,2.078125],"rotation":0,"texture":"#0","tintindex":0},"south":{"uv":[5.5625,7.5,5.703125,8.203125],"rotation":0,"texture":"#0","tintindex":0},"north":{"uv":[5.375,7.5,5.515625,8.203125],"rotation":0,"texture":"#0","tintindex":0},"west":{"uv":[4.5625,2.125,5.25,2.828125],"rotation":0,"texture":"#0","tintindex":0},"up":{"uv":[7.703125,0.875,7.5625,0.1875],"rotation":0,"texture":"#0","tintindex":0},"down":{"uv":[7.703125,6.75,7.5625,7.4375],"rotation":0,"texture":"#0","tintindex":0}}},{"from":[4.851428,-2.7365704,4.6028566],"to":[9.988571,4.1405725,10.237143],"rotation":{"angle":0.0,"axis":"y","origin":[24.848612,-17.23657,12.308571]},"faces":{"east":{"uv":[6.0,2.5625,6.421875,3.078125],"rotation":0,"texture":"#0","tintindex":0},"south":{"uv":[4.0625,6.3125,4.453125,6.828125],"rotation":0,"texture":"#0","tintindex":0},"north":{"uv":[3.625,6.3125,4.015625,6.828125],"rotation":0,"texture":"#0","tintindex":0},"west":{"uv":[6.0625,3.125,6.484375,3.640625],"rotation":0,"texture":"#0","tintindex":0},"up":{"uv":[6.828125,2.921875,6.4375,2.5],"rotation":0,"texture":"#0","tintindex":0},"down":{"uv":[5.578125,6.4375,5.1875,6.859375],"rotation":0,"texture":"#0","tintindex":0}}},{"from":[5.1109776,9.999123,7.2542853],"to":[7.7624063,16.047695,7.3371425],"rotation":{"angle":0.0,"axis":"y","origin":[8.0,8.0,8.0]},"faces":{"east":{"uv":[6.375,8.375,6.390625,8.828125],"rotation":0,"texture":"#0","tintindex":0},"south":{"uv":[7.625,5.3125,7.828125,5.765625],"rotation":0,"texture":"#0","tintindex":0},"north":{"uv":[7.625,4.8125,7.828125,5.265625],"rotation":0,"texture":"#0","tintindex":0},"west":{"uv":[2.625,8.4375,2.640625,8.890625],"rotation":0,"texture":"#0","tintindex":0},"up":{"uv":[8.765625,4.015625,8.5625,4.0],"rotation":0,"texture":"#0","tintindex":0},"down":{"uv":[8.765625,4.0625,8.5625,4.078125],"rotation":0,"texture":"#0","tintindex":0}}},{"from":[0.86373425,-0.5233078,7.171428],"to":[6.5808773,2.12812,7.2542853],"rotation":{"angle":-45.0,"axis":"z","origin":[8.0,8.0,8.0]},"faces":{"east":{"uv":[8.5625,4.125,8.578125,4.328125],"rotation":0,"texture":"#0","tintindex":0},"south":{"uv":[8.1875,7.5,7.75,7.703125],"rotation":0,"texture":"#0","tintindex":0},"north":{"uv":[7.75,7.5,8.1875,7.703125],"rotation":0,"texture":"#0","tintindex":0},"west":{"uv":[4.3125,8.5625,4.328125,8.765625],"rotation":0,"texture":"#0","tintindex":0},"up":{"uv":[9.0,2.328125,8.5625,2.3125],"rotation":0,"texture":"#0","tintindex":0},"down":{"uv":[9.0,2.375,8.5625,2.390625],"rotation":0,"texture":"#0","tintindex":0}}},{"from":[3.8681207,10.910551,7.088571],"to":[6.5195494,14.473409,7.171428],"rotation":{"angle":45.0,"axis":"z","origin":[8.0,8.0,8.0]},"faces":{"east":{"uv":[5.0,8.4375,5.015625,8.703125],"rotation":0,"texture":"#0","tintindex":0},"south":{"uv":[1.0,8.125,1.203125,8.390625],"rotation":0,"texture":"#0","tintindex":0},"north":{"uv":[0.75,8.125,0.953125,8.390625],"rotation":0,"texture":"#0","tintindex":0},"west":{"uv":[5.9375,8.5,5.953125,8.765625],"rotation":0,"texture":"#0","tintindex":0},"up":{"uv":[4.578125,8.578125,4.375,8.5625],"rotation":0,"texture":"#0","tintindex":0},"down":{"uv":[8.765625,4.375,8.5625,4.390625],"rotation":0,"texture":"#0","tintindex":0}}}],"display":{"head":{"translation":[0.0,-6.4,0.0],"scale":[4.0,4.0,4.0]}}}