{"textures":{"0":"modelengine:entity/bossdemon"},"elements":[{"from":[7.3203807,1.5294929,3.7742853],"to":[12.208952,7.329493,10.734285],"rotation":{"angle":22.5,"axis":"z","origin":[8.0,8.0,8.248571]},"faces":{"east":{"uv":[5.625,3.9375,6.15625,4.375],"rotation":0,"texture":"#0","tintindex":0},"south":{"uv":[6.5,1.0,6.875,1.4375],"rotation":0,"texture":"#0","tintindex":0},"north":{"uv":[6.4375,5.6875,6.8125,6.125],"rotation":0,"texture":"#0","tintindex":0},"west":{"uv":[5.6875,4.375,6.21875,4.8125],"rotation":0,"texture":"#0","tintindex":0},"up":{"uv":[4.875,6.84375,4.5,6.3125],"rotation":0,"texture":"#0","tintindex":0},"down":{"uv":[6.75,0.0,6.375,0.53125],"rotation":0,"texture":"#0","tintindex":0}}},{"from":[6.9118795,2.8734078,3.525714],"to":[12.049023,11.407694,10.9],"rotation":{"angle":-22.5,"axis":"z","origin":[8.0,8.0,8.248571]},"faces":{"east":{"uv":[1.875,5.0,2.4375,5.640625],"rotation":0,"texture":"#0","tintindex":0},"south":{"uv":[5.625,5.25,6.015625,5.890625],"rotation":0,"texture":"#0","tintindex":0},"north":{"uv":[5.625,3.25,6.015625,3.890625],"rotation":0,"texture":"#0","tintindex":0},"west":{"uv":[5.0625,3.875,5.625,4.515625],"rotation":0,"texture":"#0","tintindex":0},"up":{"uv":[1.828125,6.3125,1.4375,5.75],"rotation":0,"texture":"#0","tintindex":0},"down":{"uv":[4.015625,5.75,3.625,6.3125],"rotation":0,"texture":"#0","tintindex":0}}},{"from":[6.8290224,2.293408,2.6971421],"to":[8.651879,11.656265,11.728571],"rotation":{"angle":-22.5,"axis":"z","origin":[8.0,8.0,8.248571]},"faces":{"east":{"uv":[4.375,4.125,5.0625,4.828125],"rotation":0,"texture":"#0","tintindex":0},"south":{"uv":[3.0,7.5,3.140625,8.203125],"rotation":0,"texture":"#0","tintindex":0},"north":{"uv":[1.25,7.4375,1.390625,8.140625],"rotation":0,"texture":"#0","tintindex":0},"west":{"uv":[4.5625,0.625,5.25,1.328125],"rotation":0,"texture":"#0","tintindex":0},"up":{"uv":[5.890625,8.1875,5.75,7.5],"rotation":0,"texture":"#0","tintindex":0},"down":{"uv":[6.078125,7.5,5.9375,8.1875],"rotation":0,"texture":"#0","tintindex":0}}},{"from":[6.0114284,-2.7365704,4.6028566],"to":[11.148572,4.1405725,10.237143],"rotation":{"angle":0.0,"axis":"y","origin":[-8.848612,-17.23657,12.308571]},"faces":{"east":{"uv":[6.0,1.4375,6.421875,1.953125],"rotation":0,"texture":"#0","tintindex":0},"south":{"uv":[1.125,6.3125,1.515625,6.828125],"rotation":0,"texture":"#0","tintindex":0},"north":{"uv":[6.25,4.5625,6.640625,5.078125],"rotation":0,"texture":"#0","tintindex":0},"west":{"uv":[6.0,2.0,6.421875,2.515625],"rotation":0,"texture":"#0","tintindex":0},"up":{"uv":[6.703125,0.984375,6.3125,0.5625],"rotation":0,"texture":"#0","tintindex":0},"down":{"uv":[6.828125,2.0625,6.4375,2.484375],"rotation":0,"texture":"#0","tintindex":0}}},{"from":[8.237594,9.999123,7.2542853],"to":[10.889023,16.047695,7.3371425],"rotation":{"angle":0.0,"axis":"y","origin":[8.0,8.0,8.0]},"faces":{"east":{"uv":[6.375,7.875,6.390625,8.328125],"rotation":0,"texture":"#0","tintindex":0},"south":{"uv":[7.625,4.0,7.828125,4.453125],"rotation":0,"texture":"#0","tintindex":0},"north":{"uv":[7.625,2.625,7.828125,3.078125],"rotation":0,"texture":"#0","tintindex":0},"west":{"uv":[1.625,8.375,1.640625,8.828125],"rotation":0,"texture":"#0","tintindex":0},"up":{"uv":[8.765625,3.078125,8.5625,3.0625],"rotation":0,"texture":"#0","tintindex":0},"down":{"uv":[8.765625,3.75,8.5625,3.765625],"rotation":0,"texture":"#0","tintindex":0}}},{"from":[9.419123,-0.5233078,7.171428],"to":[15.136266,2.12812,7.2542853],"rotation":{"angle":45.0,"axis":"z","origin":[8.0,8.0,8.0]},"faces":{"east":{"uv":[5.3125,8.0,5.328125,8.203125],"rotation":0,"texture":"#0","tintindex":0},"south":{"uv":[8.1875,0.5,7.75,0.703125],"rotation":0,"texture":"#0","tintindex":0},"north":{"uv":[7.75,0.5,8.1875,0.703125],"rotation":0,"texture":"#0","tintindex":0},"west":{"uv":[2.3125,8.5625,2.328125,8.765625],"rotation":0,"texture":"#0","tintindex":0},"up":{"uv":[8.875,8.203125,8.4375,8.1875],"rotation":0,"texture":"#0","tintindex":0},"down":{"uv":[9.0,1.6875,8.5625,1.703125],"rotation":0,"texture":"#0","tintindex":0}}},{"from":[9.480451,10.910551,7.088571],"to":[12.13188,14.473409,7.171428],"rotation":{"angle":-45.0,"axis":"z","origin":[8.0,8.0,8.0]},"faces":{"east":{"uv":[7.875,5.5,7.890625,5.765625],"rotation":0,"texture":"#0","tintindex":0},"south":{"uv":[0.5,8.125,0.703125,8.390625],"rotation":0,"texture":"#0","tintindex":0},"north":{"uv":[0.25,8.125,0.453125,8.390625],"rotation":0,"texture":"#0","tintindex":0},"west":{"uv":[3.875,8.125,3.890625,8.390625],"rotation":0,"texture":"#0","tintindex":0},"up":{"uv":[8.765625,3.828125,8.5625,3.8125],"rotation":0,"texture":"#0","tintindex":0},"down":{"uv":[8.765625,3.9375,8.5625,3.953125],"rotation":0,"texture":"#0","tintindex":0}}}],"display":{"head":{"translation":[0.0,-6.4,0.0],"scale":[4.0,4.0,4.0]}}}