{"textures":{"0":"modelengine:entity/bossdemon"},"elements":[{"from":[6.3842854,6.1864543,8.050265],"to":[8.787143,9.666454,14.761694],"rotation":{"angle":0.0,"axis":"y","origin":[6.757143,11.231429,-18.182858]},"faces":{"east":{"uv":[7.0,3.375,7.5,3.640625],"rotation":0,"texture":"#0","tintindex":0},"south":{"uv":[8.125,8.0,8.3125,8.265625],"rotation":0,"texture":"#0","tintindex":0},"north":{"uv":[3.6875,8.125,3.875,8.390625],"rotation":0,"texture":"#0","tintindex":0},"west":{"uv":[7.0625,0.1875,7.5625,0.453125],"rotation":0,"texture":"#0","tintindex":0},"up":{"uv":[1.625,8.125,1.4375,7.625],"rotation":0,"texture":"#0","tintindex":0},"down":{"uv":[1.8125,7.625,1.625,8.125],"rotation":0,"texture":"#0","tintindex":0}}},{"from":[7.5857143,6.1129084,21.34],"to":[7.5857143,9.012909,30.454287],"rotation":{"angle":0.0,"axis":"y","origin":[7.917143,-21.395664,14.711429]},"faces":{"east":{"uv":[6.875,2.625,7.5625,2.84375],"rotation":0,"texture":"#0","tintindex":0},"south":{"uv":[0.0,0.0,0.0,0.21875],"rotation":0,"texture":"#0","tintindex":0},"north":{"uv":[0.0,0.0,0.0,0.21875],"rotation":0,"texture":"#0","tintindex":0},"west":{"uv":[2.6875,6.875,3.375,7.09375],"rotation":0,"texture":"#0","tintindex":0},"up":{"uv":[0.0,0.6875,0.0,0.0],"rotation":0,"texture":"#0","tintindex":0},"down":{"uv":[0.0,0.0,0.0,0.6875],"rotation":0,"texture":"#0","tintindex":0}}},{"from":[6.84,6.1864543,14.761694],"to":[8.331429,9.169312,21.473122],"rotation":{"angle":0.0,"axis":"y","origin":[6.757143,11.231429,-18.182858]},"faces":{"east":{"uv":[7.375,2.0,7.875,2.21875],"rotation":0,"texture":"#0","tintindex":0},"south":{"uv":[1.5,8.375,1.609375,8.59375],"rotation":0,"texture":"#0","tintindex":0},"north":{"uv":[1.375,8.375,1.484375,8.59375],"rotation":0,"texture":"#0","tintindex":0},"west":{"uv":[7.375,2.25,7.875,2.46875],"rotation":0,"texture":"#0","tintindex":0},"up":{"uv":[2.421875,6.1875,2.3125,5.6875],"rotation":0,"texture":"#0","tintindex":0},"down":{"uv":[0.234375,8.125,0.125,8.625],"rotation":0,"texture":"#0","tintindex":0}}}],"display":{"head":{"translation":[0.0,-6.4,0.0],"scale":[4.0,4.0,4.0]}}}