{"textures":{"0":"modelengine:entity/bossdemon"},"elements":[{"from":[5.3071427,6.683597,7.9674077],"to":[9.864285,11.075026,14.678837],"rotation":{"angle":0.0,"axis":"y","origin":[6.757143,11.728572,-4.8428583]},"faces":{"east":{"uv":[6.5625,6.125,7.0625,6.453125],"rotation":0,"texture":"#0","tintindex":0},"south":{"uv":[7.3125,1.625,7.65625,1.953125],"rotation":0,"texture":"#0","tintindex":0},"north":{"uv":[7.3125,1.25,7.65625,1.578125],"rotation":0,"texture":"#0","tintindex":0},"west":{"uv":[6.5625,6.5,7.0625,6.828125],"rotation":0,"texture":"#0","tintindex":0},"up":{"uv":[3.21875,6.875,2.875,6.375],"rotation":0,"texture":"#0","tintindex":0},"down":{"uv":[3.59375,6.375,3.25,6.875],"rotation":0,"texture":"#0","tintindex":0}}},{"from":[5.97,6.683597,14.678837],"to":[9.201428,10.743597,21.390266],"rotation":{"angle":0.0,"axis":"y","origin":[6.757143,11.728572,-4.8428583]},"faces":{"east":{"uv":[6.5,3.375,7.0,3.6875],"rotation":0,"texture":"#0","tintindex":0},"south":{"uv":[2.75,7.8125,3.0,8.125],"rotation":0,"texture":"#0","tintindex":0},"north":{"uv":[0.875,7.125,1.125,7.4375],"rotation":0,"texture":"#0","tintindex":0},"west":{"uv":[6.6875,4.5625,7.1875,4.875],"rotation":0,"texture":"#0","tintindex":0},"up":{"uv":[0.625,7.625,0.375,7.125],"rotation":0,"texture":"#0","tintindex":0},"down":{"uv":[0.875,7.125,0.625,7.625],"rotation":0,"texture":"#0","tintindex":0}}}],"display":{"head":{"translation":[0.0,-6.4,0.0],"scale":[4.0,4.0,4.0]}}}