{"textures":{"0":"modelengine:entity/bossdemon"},"elements":[{"from":[19.768047,7.42,7.594],"to":[27.308046,8.6380005,8.6380005],"rotation":{"angle":0.0,"axis":"y","origin":[33.68805,-32.600002,-1.9760008]},"faces":{"east":{"uv":[5.5,6.875,5.609375,7.0],"rotation":0,"texture":"#0","tintindex":0},"south":{"uv":[7.375,2.5,8.1875,2.625],"rotation":0,"texture":"#0","tintindex":0},"north":{"uv":[7.25,3.25,8.0625,3.375],"rotation":0,"texture":"#0","tintindex":0},"west":{"uv":[8.5,0.75,8.609375,0.875],"rotation":0,"texture":"#0","tintindex":0},"up":{"uv":[8.4375,3.234375,7.625,3.125],"rotation":0,"texture":"#0","tintindex":0},"down":{"uv":[8.5,1.75,7.6875,1.859375],"rotation":0,"texture":"#0","tintindex":0}}},{"from":[19.768047,-0.7580004,8.116],"to":[27.308046,7.42,8.116],"rotation":{"angle":0.0,"axis":"y","origin":[33.68805,-32.600002,-1.9760008]},"faces":{"east":{"uv":[0.0,0.0,0.0,0.875],"rotation":0,"texture":"#0","tintindex":0},"south":{"uv":[3.75,1.5,4.5625,2.375],"rotation":0,"texture":"#0","tintindex":0},"north":{"uv":[4.5625,1.5,3.75,2.375],"rotation":0,"texture":"#0","tintindex":0},"west":{"uv":[0.0,0.0,0.0,0.875],"rotation":0,"texture":"#0","tintindex":0},"up":{"uv":[0.8125,0.0,0.0,0.0],"rotation":0,"texture":"#0","tintindex":0},"down":{"uv":[0.8125,0.0,0.0,0.0],"rotation":0,"texture":"#0","tintindex":0}}},{"from":[14.722047,-0.7580004,8.116],"to":[19.768047,15.076,8.116],"rotation":{"angle":0.0,"axis":"y","origin":[33.68805,-32.600002,-1.9760008]},"faces":{"east":{"uv":[0.0,0.0,0.0,1.703125],"rotation":0,"texture":"#0","tintindex":0},"south":{"uv":[2.625,1.75,3.171875,3.453125],"rotation":0,"texture":"#0","tintindex":0},"north":{"uv":[3.171875,1.75,2.625,3.453125],"rotation":0,"texture":"#0","tintindex":0},"west":{"uv":[0.0,0.0,0.0,1.703125],"rotation":0,"texture":"#0","tintindex":0},"up":{"uv":[0.546875,0.0,0.0,0.0],"rotation":0,"texture":"#0","tintindex":0},"down":{"uv":[0.546875,0.0,0.0,0.0],"rotation":0,"texture":"#0","tintindex":0}}},{"from":[-16.0,17.91122,7.768],"to":[-9.040001,18.781221,8.464],"rotation":{"angle":-45.0,"axis":"z","origin":[-7.299999,-22.10878,-1.9760008]},"faces":{"east":{"uv":[0.625,8.5625,0.703125,8.65625],"rotation":0,"texture":"#0","tintindex":0},"south":{"uv":[7.875,0.875,8.625,0.96875],"rotation":0,"texture":"#0","tintindex":0},"north":{"uv":[7.75,0.75,8.5,0.84375],"rotation":0,"texture":"#0","tintindex":0},"west":{"uv":[0.75,8.5625,0.828125,8.65625],"rotation":0,"texture":"#0","tintindex":0},"up":{"uv":[8.6875,0.203125,7.9375,0.125],"rotation":0,"texture":"#0","tintindex":0},"down":{"uv":[8.6875,0.25,7.9375,0.328125],"rotation":0,"texture":"#0","tintindex":0}}}],"display":{"head":{"translation":[-77.46419,-6.4,0.0],"scale":[4.0,4.0,4.0]}}}