{"textures":{"0":"modelengine:entity/sucubus"},"elements":[{"from":[7.3714285,2.9142857,7.4857144],"to":[8.514286,8.0,9.028571],"rotation":{"angle":0.0,"axis":"y","origin":[7.9428573,5.457143,8.257143]},"faces":{"east":{"uv":[6.625,7.625,6.96875,8.75],"rotation":0,"texture":"#0","tintindex":0},"south":{"uv":[1.0,8.625,1.25,9.75],"rotation":0,"texture":"#0","tintindex":0},"north":{"uv":[8.5,8.375,8.75,9.5],"rotation":0,"texture":"#0","tintindex":0},"west":{"uv":[7.0,7.625,7.34375,8.75],"rotation":0,"texture":"#0","tintindex":0},"up":{"uv":[8.5,3.96875,8.25,3.625],"rotation":0,"texture":"#0","tintindex":0},"down":{"uv":[6.4375,9.53125,6.125,9.0],"rotation":0,"texture":"#0","tintindex":0}}}],"display":{"head":{"translation":[0.0,-6.4,0.0],"scale":[4.0,4.0,4.0]}}}