{"textures":{"0":"modelengine:entity/sucubus"},"elements":[{"from":[7.482868,4.8,7.428571],"to":[8.454297,8.114285,8.571428],"rotation":{"angle":0.0,"axis":"y","origin":[7.968582,6.457143,8.0]},"faces":{"east":{"uv":[7.125,8.75,7.375,9.46875],"rotation":0,"texture":"#0","tintindex":0},"south":{"uv":[3.75,9.125,3.96875,9.84375],"rotation":0,"texture":"#0","tintindex":0},"north":{"uv":[5.5,9.0,5.71875,9.71875],"rotation":0,"texture":"#0","tintindex":0},"west":{"uv":[9.0,0.375,9.25,1.09375],"rotation":0,"texture":"#0","tintindex":0},"up":{"uv":[6.34375,10.75,6.125,10.5],"rotation":0,"texture":"#0","tintindex":0},"down":{"uv":[7.21875,10.5,7.0,10.75],"rotation":0,"texture":"#0","tintindex":0}}},{"from":[7.542857,3.6,7.0857143],"to":[8.685715,4.8571424,8.285714],"rotation":{"angle":0.0,"axis":"y","origin":[8.114285,4.2285714,7.6857142]},"faces":{"east":{"uv":[10.125,0.0,10.375,0.28125],"rotation":0,"texture":"#0","tintindex":0},"south":{"uv":[3.375,10.125,3.625,10.40625],"rotation":0,"texture":"#0","tintindex":0},"north":{"uv":[10.0,9.5,10.25,9.78125],"rotation":0,"texture":"#0","tintindex":0},"west":{"uv":[4.0,10.125,4.25,10.40625],"rotation":0,"texture":"#0","tintindex":0},"up":{"uv":[7.0,2.5,6.75,2.25],"rotation":0,"texture":"#0","tintindex":0},"down":{"uv":[8.5,2.125,8.25,2.375],"rotation":0,"texture":"#0","tintindex":0}}},{"from":[6.763645,4.917572,7.3714285],"to":[7.735074,7.4318576,8.6285715],"rotation":{"angle":22.5,"axis":"z","origin":[7.2493596,6.1747146,8.0]},"faces":{"east":{"uv":[9.25,0.875,9.53125,1.4375],"rotation":0,"texture":"#0","tintindex":0},"south":{"uv":[8.75,9.625,8.96875,10.1875],"rotation":0,"texture":"#0","tintindex":0},"north":{"uv":[8.125,9.625,8.34375,10.1875],"rotation":0,"texture":"#0","tintindex":0},"west":{"uv":[7.75,9.25,8.03125,9.8125],"rotation":0,"texture":"#0","tintindex":0},"up":{"uv":[10.46875,10.65625,10.25,10.375],"rotation":0,"texture":"#0","tintindex":0},"down":{"uv":[3.09375,10.5,2.875,10.78125],"rotation":0,"texture":"#0","tintindex":0}}}],"display":{"head":{"translation":[0.0,-6.4,0.0],"scale":[4.0,4.0,4.0]}}}