{"textures":{"0":"modelengine:entity/sucubus"},"elements":[{"from":[7.257143,7.2408648,6.0646496],"to":[8.742857,7.983722,8.521792],"rotation":{"angle":0.0,"axis":"y","origin":[8.0,7.6122932,7.2932215]},"faces":{"east":{"uv":[10.0,1.0,10.53125,1.15625],"rotation":0,"texture":"#0","tintindex":0},"south":{"uv":[0.375,10.625,0.6875,10.78125],"rotation":0,"texture":"#0","tintindex":0},"north":{"uv":[10.5,8.125,10.8125,8.28125],"rotation":0,"texture":"#0","tintindex":0},"west":{"uv":[10.0,2.25,10.53125,2.40625],"rotation":0,"texture":"#0","tintindex":0},"up":{"uv":[6.4375,9.53125,6.125,9.0],"rotation":0,"texture":"#0","tintindex":0},"down":{"uv":[9.3125,7.5,9.0,8.03125],"rotation":0,"texture":"#0","tintindex":0}}},{"from":[7.285714,7.32193,5.6571093],"to":[8.714286,8.064787,6.228538],"rotation":{"angle":22.5,"axis":"x","origin":[8.0,7.6933584,5.9428234]},"faces":{"east":{"uv":[4.75,10.125,4.875,10.28125],"rotation":0,"texture":"#0","tintindex":0},"south":{"uv":[1.25,10.625,1.5625,10.78125],"rotation":0,"texture":"#0","tintindex":0},"north":{"uv":[10.625,1.0,10.9375,1.15625],"rotation":0,"texture":"#0","tintindex":0},"west":{"uv":[5.375,10.125,5.5,10.28125],"rotation":0,"texture":"#0","tintindex":0},"up":{"uv":[7.6875,10.875,7.375,10.75],"rotation":0,"texture":"#0","tintindex":0},"down":{"uv":[11.0625,7.5,10.75,7.625],"rotation":0,"texture":"#0","tintindex":0}}}],"display":{"head":{"translation":[0.0,-6.4,0.0],"scale":[4.0,4.0,4.0]}}}