{"textures":{"0":"modelengine:entity/sucubus"},"elements":[{"from":[7.5457034,4.8,7.428571],"to":[8.517132,8.114285,8.571428],"rotation":{"angle":0.0,"axis":"y","origin":[8.031418,6.457143,8.0]},"faces":{"east":{"uv":[4.0,9.0,4.25,9.71875],"rotation":0,"texture":"#0","tintindex":0},"south":{"uv":[2.625,9.5,2.84375,10.21875],"rotation":0,"texture":"#0","tintindex":0},"north":{"uv":[6.875,9.125,7.09375,9.84375],"rotation":0,"texture":"#0","tintindex":0},"west":{"uv":[4.25,9.0,4.5,9.71875],"rotation":0,"texture":"#0","tintindex":0},"up":{"uv":[7.46875,10.75,7.25,10.5],"rotation":0,"texture":"#0","tintindex":0},"down":{"uv":[7.71875,10.5,7.5,10.75],"rotation":0,"texture":"#0","tintindex":0}}},{"from":[8.264926,4.917572,7.3714285],"to":[9.236355,7.4318576,8.6285715],"rotation":{"angle":-22.5,"axis":"z","origin":[8.75064,6.1747146,8.0]},"faces":{"east":{"uv":[2.25,9.375,2.53125,9.9375],"rotation":0,"texture":"#0","tintindex":0},"south":{"uv":[9.25,9.625,9.46875,10.1875],"rotation":0,"texture":"#0","tintindex":0},"north":{"uv":[9.0,9.625,9.21875,10.1875],"rotation":0,"texture":"#0","tintindex":0},"west":{"uv":[9.375,5.0,9.65625,5.5625],"rotation":0,"texture":"#0","tintindex":0},"up":{"uv":[3.34375,10.78125,3.125,10.5],"rotation":0,"texture":"#0","tintindex":0},"down":{"uv":[3.59375,10.5,3.375,10.78125],"rotation":0,"texture":"#0","tintindex":0}}}],"display":{"head":{"translation":[0.0,-6.4,0.0],"scale":[4.0,4.0,4.0]}}}