{"textures":{"0":"modelengine:entity/phoenixec","1":"modelengine:entity/phoenixreg"},"elements":[{"from":[1.1281724,7.420756,-3.2759962],"to":[17.92256,8.593876,13.123283],"rotation":{"angle":0.0,"axis":"y","origin":[1.0447254,8.0,6.683323]},"faces":{"east":{"uv":[1.03125,9.46875,1.96875,9.5625],"rotation":0,"texture":"#0","tintindex":0},"south":{"uv":[1.03125,9.46875,1.96875,9.5625],"rotation":0,"texture":"#0","tintindex":0},"north":{"uv":[1.03125,9.46875,1.96875,9.5625],"rotation":0,"texture":"#0","tintindex":0},"west":{"uv":[1.03125,9.46875,1.96875,9.5625],"rotation":0,"texture":"#0","tintindex":0},"up":{"uv":[6.65625,3.125,7.96875,1.84375],"rotation":0,"texture":"#0","tintindex":0},"down":{"uv":[6.65625,1.84375,7.96875,3.125],"rotation":0,"texture":"#0","tintindex":0}}},{"from":[1.1281724,7.992684,-3.2759962],"to":[32.0,7.992684,20.162003],"rotation":{"angle":0.0,"axis":"y","origin":[1.0447254,8.0,6.683323]},"faces":{"east":{"uv":[0.0,0.0,1.84375,0.0],"rotation":0,"texture":"#0","tintindex":0},"south":{"uv":[0.0,0.0,2.40625,0.0],"rotation":0,"texture":"#0","tintindex":0},"north":{"uv":[0.0,0.0,2.40625,0.0],"rotation":0,"texture":"#0","tintindex":0},"west":{"uv":[0.0,0.0,1.84375,0.0],"rotation":0,"texture":"#0","tintindex":0},"up":{"uv":[4.25,1.84375,6.65625,0.0],"rotation":0,"texture":"#0","tintindex":0},"down":{"uv":[4.25,0.0,6.65625,1.84375],"rotation":0,"texture":"#0","tintindex":0}}},{"from":[1.1012926,7.992396,10.962002],"to":[22.773132,7.992396,32.0],"rotation":{"angle":0.0,"axis":"y","origin":[-11.126373,6.389291,-3.0044127]},"faces":{"east":{"uv":[0.0,0.0,3.3125,0.0],"rotation":0,"texture":"#1","tintindex":0},"south":{"uv":[0.0,0.0,3.375,0.0],"rotation":0,"texture":"#1","tintindex":0},"north":{"uv":[0.0,0.0,3.375,0.0],"rotation":0,"texture":"#1","tintindex":0},"west":{"uv":[0.0,0.0,3.3125,0.0],"rotation":0,"texture":"#1","tintindex":0},"up":{"uv":[3.375,3.3125,0.0,0.0],"rotation":0,"texture":"#1","tintindex":0},"down":{"uv":[3.375,0.0,0.0,3.3125],"rotation":0,"texture":"#1","tintindex":0}}}],"display":{"head":{"translation":[27.821098,-6.4,45.26671],"scale":[4.0,4.0,4.0]}}}