{"textures":{"0":"modelengine:entity/phoenixec"},"elements":[{"from":[-16.0,8.269884,-2.0370665],"to":[8.568485,8.269884,32.0],"rotation":{"angle":0.0,"axis":"y","origin":[8.352732,8.0,-2.0703354]},"faces":{"east":{"uv":[0.0,0.0,1.875,0.0],"rotation":0,"texture":"#0","tintindex":0},"south":{"uv":[0.0,0.0,1.34375,0.0],"rotation":0,"texture":"#0","tintindex":0},"north":{"uv":[0.0,0.0,1.34375,0.0],"rotation":0,"texture":"#0","tintindex":0},"west":{"uv":[0.0,0.0,1.875,0.0],"rotation":0,"texture":"#0","tintindex":0},"up":{"uv":[2.40625,6.3125,3.75,4.4375],"rotation":0,"texture":"#0","tintindex":0},"down":{"uv":[2.40625,4.4375,3.75,6.3125],"rotation":0,"texture":"#0","tintindex":0}}},{"from":[-16.0,7.6984553,-2.0370665],"to":[8.568485,7.6984553,32.0],"rotation":{"angle":0.0,"axis":"y","origin":[8.352732,8.0,-2.0703354]},"faces":{"east":{"uv":[0.0,0.0,1.875,0.0],"rotation":0,"texture":"#0","tintindex":0},"south":{"uv":[0.0,0.0,1.34375,0.0],"rotation":0,"texture":"#0","tintindex":0},"north":{"uv":[0.0,0.0,1.34375,0.0],"rotation":0,"texture":"#0","tintindex":0},"west":{"uv":[0.0,0.0,1.875,0.0],"rotation":0,"texture":"#0","tintindex":0},"up":{"uv":[0.0625,4.34375,1.40625,2.46875],"rotation":0,"texture":"#0","tintindex":0},"down":{"uv":[0.0625,2.46875,1.40625,4.34375],"rotation":0,"texture":"#0","tintindex":0}}}],"display":{"head":{"translation":[-1.4109268,-6.4,40.28134],"scale":[4.0,4.0,4.0]}}}