{
  "sources": [
    {
      "type": "directory",
      "source": "custom",
      "prefix": "custom/"
    },
    {
      "source": "entity",
      "prefix": "entity/",
      "type": "directory"
    },
    {
      "type": "single",
      "resource": "modelengine:entity/phoenixec"
    },
    {
      "type": "single",
      "resource": "items:custom/keys/common_key"
    },
    {
      "type": "single",
      "resource": "modelengine:entity/lavadragonreg"
    },
    {
      "type": "single",
      "resource": "modelengine:entity/lavaswordreg"
    },
    {
      "type": "single",
      "resource": "modelengine:entity/sucubus"
    },
    {
      "type": "single",
      "resource": "modelengine:entity/voiddragon"
    },
    {
      "type": "single",
      "resource": "modelengine:entity/electric2"
    },
    {
      "type": "single",
      "resource": "items:custom/keys/epic_key"
    },
    {
      "type": "single",
      "resource": "modelengine:entity/demonchest"
    },
    {
      "type": "single",
      "resource": "_iainternal:icons/icon_left_blue"
    },
    {
      "type": "single",
      "resource": "_iainternal:icons/icon_cancel"
    },
    {
      "type": "single",
      "resource": "items:custom/keys/creature_key"
    },
    {
      "type": "single",
      "resource": "items:custom/keys/legendary_key"
    },
    {
      "type": "single",
      "resource": "magicgestures:custom/menu/empty"
    },
    {
      "type": "single",
      "resource": "items:custom/keys/gesture_key"
    },
    {
      "type": "single",
      "resource": "_iainternal:icons/icon_back_orange"
    },
    {
      "type": "single",
      "resource": "items:custom/coins/comp_radianite"
    },
    {
      "type": "single",
      "resource": "items:custom/gesture/tokens/common_gesture_token"
    },
    {
      "type": "single",
      "resource": "_iainternal:icons/icon_arrow_chest"
    },
    {
      "type": "single",
      "resource": "items:custom/keys/raven_key"
    },
    {
      "type": "single",
      "resource": "modelengine:entity/rotatingreg"
    },
    {
      "type": "single",
      "resource": "modelengine:entity/hydra"
    },
    {
      "type": "single",
      "resource": "modelengine:entity/electric"
    },
    {
      "type": "single",
      "resource": "modelengine:entity/demonflying"
    },
    {
      "type": "single",
      "resource": "modelengine:entity/nes_bacteria"
    },
    {
      "type": "single",
      "resource": "items:custom/gesture/tokens/legendary_gesture_token"
    },
    {
      "type": "single",
      "resource": "_iainternal:icons/icon_search"
    },
    {
      "type": "single",
      "resource": "_iainternal:icons/icon_next_orange"
    },
    {
      "type": "single",
      "resource": "_iainternal:icons/icon_right_blue"
    },
    {
      "type": "single",
      "resource": "modelengine:entity/bossdemon"
    },
    {
      "type": "single",
      "resource": "modelengine:entity/demonground"
    },
    {
      "type": "single",
      "resource": "items:custom/gesture/tokens/epic_gesture_token"
    },
    {
      "type": "single",
      "resource": "modelengine:entity/lavajaw2reg"
    },
    {
      "type": "single",
      "resource": "modelengine:entity/smolderingshadow"
    },
    {
      "type": "single",
      "resource": "modelengine:entity/lavajawreg"
    },
    {
      "type": "single",
      "resource": "modelengine:entity/dragonskrill"
    },
    {
      "type": "single",
      "resource": "items:custom/coins/radianite"
    },
    {
      "type": "single",
      "resource": "modelengine:entity/lavashieldreg"
    },
    {
      "type": "single",
      "resource": "items:custom/gesture/tokens/rare_gesture_token"
    },
    {
      "type": "single",
      "resource": "items:custom/keys/sweet_tooth_key"
    },
    {
      "type": "single",
      "resource": "modelengine:entity/phoenixreg"
    },
    {
      "type": "single",
      "resource": "modelengine:entity/spiritbodyreg"
    },
    {
      "type": "single",
      "resource": "modelengine:entity/skrilldragonbaby"
    }
  ]
}