{
  "sources": [
    {
      "type": "directory",
      "source": "custom",
      "prefix": "custom/"
    },
    {
      "source": "entity",
      "prefix": "entity/",
      "type": "directory"
    },
    {
      "type": "single",
      "resource": "modelengine:entity/lavadragonani"
    },
    {
      "type": "single",
      "resource": "modelengine:entity/phoenixec"
    },
    {
      "type": "single",
      "resource": "modelengine:entity/em_cursed_santa"
    },
    {
      "type": "single",
      "resource": "modelengine:entity/lavajawanima"
    },
    {
      "type": "single",
      "resource": "modelengine:entity/rotating"
    },
    {
      "type": "single",
      "resource": "modelengine:entity/sucubus"
    },
    {
      "type": "single",
      "resource": "modelengine:entity/em_rocket_launcher1"
    },
    {
      "type": "single",
      "resource": "modelengine:entity/voiddragon"
    },
    {
      "type": "single",
      "resource": "modelengine:entity/electric2"
    },
    {
      "type": "single",
      "resource": "modelengine:entity/demonchest"
    },
    {
      "type": "single",
      "resource": "_iainternal:icons/icon_left_blue"
    },
    {
      "type": "single",
      "resource": "_iainternal:icons/icon_cancel"
    },
    {
      "type": "single",
      "resource": "modelengine:entity/em_ssanta_present_red"
    },
    {
      "type": "single",
      "resource": "magicgestures:custom/menu/empty"
    },
    {
      "type": "single",
      "resource": "_iainternal:icons/icon_back_orange"
    },
    {
      "type": "single",
      "resource": "items:custom/coins/comp_radianite"
    },
    {
      "type": "single",
      "resource": "modelengine:entity/lavasword"
    },
    {
      "type": "single",
      "resource": "_iainternal:icons/icon_arrow_chest"
    },
    {
      "type": "single",
      "resource": "modelengine:entity/spiritbody"
    },
    {
      "type": "single",
      "resource": "modelengine:entity/lavashield"
    },
    {
      "type": "single",
      "resource": "modelengine:entity/hydra"
    },
    {
      "type": "single",
      "resource": "modelengine:entity/electric"
    },
    {
      "type": "single",
      "resource": "modelengine:entity/demonflying"
    },
    {
      "type": "single",
      "resource": "_iainternal:icons/icon_search"
    },
    {
      "type": "single",
      "resource": "_iainternal:icons/icon_next_orange"
    },
    {
      "type": "single",
      "resource": "_iainternal:icons/icon_right_blue"
    },
    {
      "type": "single",
      "resource": "modelengine:entity/bossdemon"
    },
    {
      "type": "single",
      "resource": "modelengine:entity/demonground"
    },
    {
      "type": "single",
      "resource": "modelengine:entity/lavajaw2anitexture"
    },
    {
      "type": "single",
      "resource": "modelengine:entity/em_ssanta_present_green"
    },
    {
      "type": "single",
      "resource": "modelengine:entity/smolderingshadow"
    },
    {
      "type": "single",
      "resource": "modelengine:entity/dragonskrill"
    },
    {
      "type": "single",
      "resource": "items:custom/coins/radianite"
    },
    {
      "type": "single",
      "resource": "modelengine:entity/bolitum1"
    },
    {
      "type": "single",
      "resource": "modelengine:entity/bolitum2"
    },
    {
      "type": "single",
      "resource": "modelengine:entity/skrilldragonbaby"
    },
    {
      "type": "single",
      "resource": "modelengine:entity/phoenixflameanima"
    }
  ]
}