{"textures":{"0":"modelengine:entity/lavadragonani"},"elements":[{"from":[4.962,-1.4089069,6.377809],"to":[8.752286,8.583665,11.890952],"rotation":{"angle":-22.5,"axis":"x","origin":[6.684857,4.965665,9.8235235]},"faces":{"east":{"uv":[7.622519,7.503605,7.124987,8.407921],"rotation":0,"texture":"#0","tintindex":0},"south":{"uv":[4.3416452,8.37663,4.0005684,9.280946],"rotation":0,"texture":"#0","tintindex":0},"north":{"uv":[5.713764,8.248341,5.386133,9.155781],"rotation":0,"texture":"#0","tintindex":0},"west":{"uv":[7.124987,7.503605,6.627455,8.404796],"rotation":0,"texture":"#0","tintindex":0},"up":{"uv":[8.886662,9.011826,9.230864,8.5111685],"rotation":0,"texture":"#0","tintindex":0},"down":{"uv":[6.164339,6.251962,6.49754,6.7463694],"rotation":0,"texture":"#0","tintindex":0}}}],"display":{"head":{"translation":[0.0,-6.4,0.0],"scale":[4.0,4.0,4.0]}}}