{"textures":{"0":"modelengine:entity/lavadragonani"},"elements":[{"from":[5.188857,-2.0504503,1.0540118],"to":[9.668285,9.320407,7.6008697],"rotation":{"angle":45.0,"axis":"x","origin":[13.8031435,3.6349778,4.327441]},"faces":{"east":{"uv":[7.466064,1.1233532,6.8746586,2.1559582],"rotation":0,"texture":"#0","tintindex":0},"south":{"uv":[0.4036588,8.010511,0.00513369,9.043117],"rotation":0,"texture":"#0","tintindex":0},"north":{"uv":[8.279632,6.2488375,7.8759727,7.2783175],"rotation":0,"texture":"#0","tintindex":0},"west":{"uv":[7.4660597,0.009375,6.8777795,1.0258456],"rotation":0,"texture":"#0","tintindex":0},"up":{"uv":[3.2511454,9.215239,3.6548042,8.634345],"rotation":0,"texture":"#0","tintindex":0},"down":{"uv":[8.634345,4.4981003,9.027492,5.0895057],"rotation":0,"texture":"#0","tintindex":0}}},{"from":[5.533428,-7.0303707,2.2340183],"to":[9.323714,2.962201,6.024304],"rotation":{"angle":-22.5,"axis":"x","origin":[7.6008573,0.033343315,2.7508755]},"faces":{"east":{"uv":[8.842871,0.0,8.501794,0.9023071],"rotation":0,"texture":"#0","tintindex":0},"south":{"uv":[8.719014,7.497355,8.382879,8.404796],"rotation":0,"texture":"#0","tintindex":0},"north":{"uv":[4.7187004,8.37663,4.3776236,9.280946],"rotation":0,"texture":"#0","tintindex":0},"west":{"uv":[8.715889,5.998509,8.386004,6.9059496],"rotation":0,"texture":"#0","tintindex":0},"up":{"uv":[5.8827195,7.07178,6.133048,6.764492],"rotation":0,"texture":"#0","tintindex":0},"down":{"uv":[5.8764696,7.062405,6.123673,6.758242],"rotation":0,"texture":"#0","tintindex":0}}}],"display":{"head":{"translation":[0.0,-6.4,0.0],"scale":[4.0,4.0,4.0]}}}