{"textures":{"0":"modelengine:entity/phoenixec"},"elements":[{"from":[7.162057,7.7192802,7.6036515],"to":[8.837943,9.395166,10.486176],"rotation":{"angle":-22.5,"axis":"x","origin":[7.765376,8.557223,9.044913]},"faces":{"east":{"uv":[8.21875,9.6875,8.375,9.59375],"rotation":0,"texture":"#0","tintindex":0},"south":{"uv":[0.5,9.6875,0.40625,9.78125],"rotation":0,"texture":"#0","tintindex":0},"north":{"uv":[0.875,9.6875,0.96875,9.78125],"rotation":0,"texture":"#0","tintindex":0},"west":{"uv":[8.21875,9.59375,8.375,9.6875],"rotation":0,"texture":"#0","tintindex":0},"up":{"uv":[8.21875,9.6875,8.375,9.59375],"rotation":90,"texture":"#0","tintindex":0},"down":{"uv":[8.375,9.59375,8.21875,9.6875],"rotation":90,"texture":"#0","tintindex":0}}},{"from":[8.0,7.244925,10.018218],"to":[8.0,9.926342,13.034813],"rotation":{"angle":0.0,"axis":"y","origin":[2.6457934,7.747691,1.571753]},"faces":{"east":{"uv":[2.21875,9.53125,2.0625,9.6875],"rotation":0,"texture":"#0","tintindex":0},"south":{"uv":[0.0,0.0,0.0,0.15625],"rotation":0,"texture":"#0","tintindex":0},"north":{"uv":[0.0,0.0,0.0,0.15625],"rotation":0,"texture":"#0","tintindex":0},"west":{"uv":[2.0625,9.53125,2.21875,9.6875],"rotation":0,"texture":"#0","tintindex":0},"up":{"uv":[0.0,0.15625,0.0,0.0],"rotation":0,"texture":"#0","tintindex":0},"down":{"uv":[0.0,0.0,0.0,0.15625],"rotation":0,"texture":"#0","tintindex":0}}}],"display":{"head":{"translation":[0.0,-6.4,0.0],"scale":[4.0,4.0,4.0]}}}