{"textures":{"0":"modelengine:entity/phoenixec"},"elements":[{"from":[8.479303,1.321979,0.041913986],"to":[19.318932,13.245571,10.57184],"rotation":{"angle":0.0,"axis":"y","origin":[7.7050443,7.3048325,2.2098618]},"faces":{"east":{"uv":[8.6875,4.1875,9.34375,4.75],"rotation":90,"texture":"#0","tintindex":0},"south":{"uv":[8.90625,8.21875,9.5,8.78125],"rotation":0,"texture":"#0","tintindex":0},"north":{"uv":[8.90625,8.21875,9.5,8.78125],"rotation":0,"texture":"#0","tintindex":0},"west":{"uv":[8.6875,4.75,9.34375,4.1875],"rotation":90,"texture":"#0","tintindex":0},"up":{"uv":[9.5,8.21875,8.90625,8.78125],"rotation":0,"texture":"#0","tintindex":0},"down":{"uv":[9.5,8.78125,8.90625,8.21875],"rotation":0,"texture":"#0","tintindex":0}}},{"from":[8.73739,1.6058745,0.29262686],"to":[19.060846,12.961676,10.321127],"rotation":{"angle":0.0,"axis":"y","origin":[8.0,7.3038297,2.357339]},"faces":{"east":{"uv":[8.71875,2.9375,9.34375,3.5],"rotation":90,"texture":"#0","tintindex":0},"south":{"uv":[2.0625,8.96875,2.625,9.53125],"rotation":0,"texture":"#0","tintindex":0},"north":{"uv":[2.0625,8.96875,2.625,9.53125],"rotation":0,"texture":"#0","tintindex":0},"west":{"uv":[8.71875,3.5,9.34375,2.9375],"rotation":90,"texture":"#0","tintindex":0},"up":{"uv":[2.625,8.96875,2.0625,9.53125],"rotation":0,"texture":"#0","tintindex":0},"down":{"uv":[2.625,9.53125,2.0625,8.96875],"rotation":0,"texture":"#0","tintindex":0}}},{"from":[8.73739,3.0806532,10.321127],"to":[19.060846,11.4868965,18.874847],"rotation":{"angle":0.0,"axis":"y","origin":[8.0,9.714286,3.1365347]},"faces":{"east":{"uv":[9.34375,2.53125,9.75,3.0],"rotation":90,"texture":"#0","tintindex":0},"south":{"uv":[5.09375,9.0,5.65625,9.46875],"rotation":0,"texture":"#0","tintindex":0},"north":{"uv":[1.3125,9.0,1.875,9.46875],"rotation":0,"texture":"#0","tintindex":0},"west":{"uv":[9.34375,3.0,9.75,2.53125],"rotation":90,"texture":"#0","tintindex":0},"up":{"uv":[7.5625,9.5,7.0,9.03125],"rotation":0,"texture":"#0","tintindex":0},"down":{"uv":[7.5625,9.03125,7.0,9.5],"rotation":0,"texture":"#0","tintindex":0}}},{"from":[4.1659613,3.606039,18.874847],"to":[23.632275,10.537502,32.0],"rotation":{"angle":0.0,"axis":"y","origin":[8.0,9.714286,2.841579]},"faces":{"east":{"uv":[3.03125,9.34375,3.5,9.71875],"rotation":0,"texture":"#0","tintindex":0},"south":{"uv":[9.25,5.59375,9.8125,5.96875],"rotation":0,"texture":"#0","tintindex":0},"north":{"uv":[9.25,5.21875,9.8125,5.59375],"rotation":0,"texture":"#0","tintindex":0},"west":{"uv":[3.5,9.34375,3.96875,9.71875],"rotation":0,"texture":"#0","tintindex":0},"up":{"uv":[3.595814,3.6552815,2.53125,2.9375],"rotation":0,"texture":"#0","tintindex":0},"down":{"uv":[3.595814,2.9375,2.53125,3.6552815],"rotation":0,"texture":"#0","tintindex":0}}}],"display":{"head":{"translation":[0.0,-6.4,32.062256],"scale":[4.0,4.0,4.0]}}}