{
  "credit": "Made with Blockbench",
  "texture_size": [
    64,
    64
  ],
  "textures": {
    "0": "cosmetics:custom/cosmetics/backpacks/tentacles/nautical_tentacles",
    "particle": "cosmetics:custom/cosmetics/backpacks/tentacles/nautical_tentacles"
  },
  "elements": [
    {
      "from": [
        9.21158,
        26.36359,
        4
      ],
      "to": [
        12.21158,
        28.36359,
        7
      ],
      "rotation": {
        "angle": 22.5,
        "axis": "x",
        "origin": [
          6.71158,
          13.11359,
          5
        ]
      },
      "faces": {
        "north": {
          "uv": [
            4.25,
            4.25,
            3.75,
            5
          ],
          "rotation": 270,
          "texture": "#0"
        }
      }
    },
    {
      "from": [
        4.21158,
        12.36359,
        4
      ],
      "to": [
        9.21158,
        24.36359,
        9
      ],
      "rotation": {
        "angle": 22.5,
        "axis": "x",
        "origin": [
          6.71158,
          13.11359,
          5
        ]
      },
      "faces": {
        "north": {
          "uv": [
            4.75,
            5,
            1.75,
            6.25
          ],
          "rotation": 270,
          "texture": "#0",
          "tintindex": 0
        },
        "east": {
          "uv": [
            7.5,
            1.25,
            4.5,
            2.5
          ],
          "rotation": 270,
          "texture": "#0",
          "tintindex": 0
        },
        "south": {
          "uv": [
            4.5,
            0,
            7.5,
            1.25
          ],
          "rotation": 90,
          "texture": "#0",
          "tintindex": 0
        },
        "west": {
          "uv": [
            7.5,
            2.5,
            4.5,
            1.25
          ],
          "rotation": 270,
          "texture": "#0",
          "tintindex": 0
        },
        "up": {
          "uv": [
            8.75,
            0,
            7.5,
            1.25
          ],
          "rotation": 90,
          "texture": "#0",
          "tintindex": 0
        },
        "down": {
          "uv": [
            7.5,
            0.75,
            7,
            1.25
          ],
          "rotation": 90,
          "texture": "#0",
          "tintindex": 0
        }
      }
    },
    {
      "from": [
        9.21158,
        20.36359,
        4
      ],
      "to": [
        16.21158,
        24.36359,
        8
      ],
      "rotation": {
        "angle": 22.5,
        "axis": "x",
        "origin": [
          6.71158,
          13.11359,
          5
        ]
      },
      "faces": {
        "north": {
          "uv": [
            2.75,
            3.25,
            1.75,
            5
          ],
          "rotation": 270,
          "texture": "#0",
          "tintindex": 0
        },
        "east": {
          "uv": [
            0,
            2,
            1,
            1
          ],
          "rotation": 180,
          "texture": "#0",
          "tintindex": 0
        },
        "south": {
          "uv": [
            2.5,
            0.75,
            3.5,
            2.5
          ],
          "rotation": 90,
          "texture": "#0",
          "tintindex": 0
        },
        "up": {
          "uv": [
            4.5,
            0.75,
            3.5,
            2.5
          ],
          "rotation": 90,
          "texture": "#0",
          "tintindex": 0
        },
        "down": {
          "uv": [
            1,
            0.75,
            0,
            2.5
          ],
          "rotation": 90,
          "texture": "#0",
          "tintindex": 0
        }
      }
    },
    {
      "from": [
        13.21158,
        24.36359,
        4
      ],
      "to": [
        16.21158,
        31.36359,
        7
      ],
      "rotation": {
        "angle": 22.5,
        "axis": "x",
        "origin": [
          6.71158,
          13.11359,
          5
        ]
      },
      "faces": {
        "north": {
          "uv": [
            1.75,
            3.25,
            0,
            4
          ],
          "rotation": 270,
          "texture": "#0",
          "tintindex": 0
        },
        "east": {
          "uv": [
            3.5,
            0,
            1.75,
            0.75
          ],
          "rotation": 90,
          "texture": "#0",
          "tintindex": 0
        },
        "south": {
          "uv": [
            3.5,
            0.75,
            1.75,
            1.5
          ],
          "rotation": 90,
          "texture": "#0",
          "tintindex": 0
        },
        "west": {
          "uv": [
            6.25,
            1.75,
            4.5,
            2.5
          ],
          "rotation": 90,
          "texture": "#0",
          "tintindex": 0
        },
        "up": {
          "uv": [
            0,
            0.75,
            0.75,
            1.5
          ],
          "rotation": 90,
          "texture": "#0",
          "tintindex": 0
        }
      }
    },
    {
      "from": [
        9.21158,
        28.36359,
        4
      ],
      "to": [
        13.21158,
        31.36359,
        7
      ],
      "rotation": {
        "angle": 22.5,
        "axis": "x",
        "origin": [
          6.71158,
          13.11359,
          5
        ]
      },
      "faces": {
        "north": {
          "uv": [
            0.75,
            4,
            0,
            5
          ],
          "rotation": 270,
          "texture": "#0",
          "tintindex": 0
        },
        "south": {
          "uv": [
            0.75,
            1.5,
            1.5,
            2.5
          ],
          "rotation": 90,
          "texture": "#0",
          "tintindex": 0
        },
        "west": {
          "uv": [
            6.25,
            1.75,
            5.75,
            2.5
          ],
          "rotation": 270,
          "texture": "#0",
          "tintindex": 0
        },
        "up": {
          "uv": [
            0,
            1.5,
            0.75,
            2.5
          ],
          "rotation": 90,
          "texture": "#0",
          "tintindex": 0
        },
        "down": {
          "uv": [
            5.75,
            2.5,
            6.25,
            1.75
          ],
          "rotation": 180,
          "texture": "#0",
          "tintindex": 0
        }
      }
    },
    {
      "from": [
        9.21158,
        26.36359,
        4
      ],
      "to": [
        12.21158,
        28.36359,
        7
      ],
      "rotation": {
        "angle": 22.5,
        "axis": "x",
        "origin": [
          6.71158,
          13.11359,
          5
        ]
      },
      "faces": {
        "north": {
          "uv": [
            1.25,
            4.25,
            0.75,
            5
          ],
          "rotation": 270,
          "texture": "#0",
          "tintindex": 0
        },
        "east": {
          "uv": [
            2,
            1.75,
            1.5,
            2.25
          ],
          "rotation": 90,
          "texture": "#0",
          "tintindex": 0
        },
        "south": {
          "uv": [
            1.5,
            1.75,
            2,
            2.5
          ],
          "rotation": 90,
          "texture": "#0",
          "tintindex": 0
        },
        "west": {
          "uv": [
            6.25,
            1.75,
            5.75,
            2.5
          ],
          "rotation": 270,
          "texture": "#0",
          "tintindex": 0
        },
        "down": {
          "uv": [
            5.75,
            2.5,
            6.25,
            1.75
          ],
          "rotation": 180,
          "texture": "#0",
          "tintindex": 0
        }
      }
    },
    {
      "from": [
        4.21158,
        12.36359,
        4
      ],
      "to": [
        9.21158,
        24.36359,
        9
      ],
      "rotation": {
        "angle": 22.5,
        "axis": "x",
        "origin": [
          6.71158,
          13.11359,
          5
        ]
      },
      "faces": {
        "north": {
          "uv": [
            7.75,
            5,
            4.75,
            6.25
          ],
          "rotation": 270,
          "texture": "#0"
        }
      }
    },
    {
      "from": [
        13.21158,
        24.36359,
        4
      ],
      "to": [
        16.21158,
        31.36359,
        7
      ],
      "rotation": {
        "angle": 22.5,
        "axis": "x",
        "origin": [
          6.71158,
          13.11359,
          5
        ]
      },
      "faces": {
        "north": {
          "uv": [
            4.75,
            3.25,
            3,
            4
          ],
          "rotation": 270,
          "texture": "#0"
        }
      }
    },
    {
      "from": [
        9.21158,
        20.36359,
        4
      ],
      "to": [
        16.21158,
        24.36359,
        8
      ],
      "rotation": {
        "angle": 22.5,
        "axis": "x",
        "origin": [
          6.71158,
          13.11359,
          5
        ]
      },
      "faces": {
        "north": {
          "uv": [
            5.75,
            3.25,
            4.75,
            5
          ],
          "rotation": 270,
          "texture": "#0"
        }
      }
    },
    {
      "from": [
        9.21158,
        28.36359,
        4
      ],
      "to": [
        13.21158,
        31.36359,
        7
      ],
      "rotation": {
        "angle": 22.5,
        "axis": "x",
        "origin": [
          6.71158,
          13.11359,
          5
        ]
      },
      "faces": {
        "north": {
          "uv": [
            3.75,
            4,
            3,
            5
          ],
          "rotation": 270,
          "texture": "#0"
        }
      }
    },
    {
      "from": [
        9.21158,
        26.36359,
        4
      ],
      "to": [
        12.21158,
        28.36359,
        7
      ],
      "rotation": {
        "angle": 22.5,
        "axis": "x",
        "origin": [
          6.71158,
          13.11359,
          5
        ]
      },
      "faces": {
        "north": {
          "uv": [
            4.25,
            4.25,
            3.75,
            5
          ],
          "rotation": 270,
          "texture": "#0"
        }
      }
    },
    {
      "from": [
        4.21158,
        12.36359,
        4
      ],
      "to": [
        9.21158,
        24.36359,
        9
      ],
      "rotation": {
        "angle": 22.5,
        "axis": "x",
        "origin": [
          6.71158,
          13.11359,
          5
        ]
      },
      "faces": {
        "north": {
          "uv": [
            4.75,
            5,
            1.75,
            6.25
          ],
          "rotation": 270,
          "texture": "#0",
          "tintindex": 0
        },
        "east": {
          "uv": [
            7.5,
            1.25,
            4.5,
            2.5
          ],
          "rotation": 270,
          "texture": "#0",
          "tintindex": 0
        },
        "south": {
          "uv": [
            4.5,
            0,
            7.5,
            1.25
          ],
          "rotation": 90,
          "texture": "#0",
          "tintindex": 0
        },
        "west": {
          "uv": [
            7.5,
            2.5,
            4.5,
            1.25
          ],
          "rotation": 270,
          "texture": "#0",
          "tintindex": 0
        },
        "up": {
          "uv": [
            8.75,
            0,
            7.5,
            1.25
          ],
          "rotation": 90,
          "texture": "#0",
          "tintindex": 0
        },
        "down": {
          "uv": [
            7.5,
            0.75,
            7,
            1.25
          ],
          "rotation": 90,
          "texture": "#0",
          "tintindex": 0
        }
      }
    },
    {
      "from": [
        9.21158,
        20.36359,
        4
      ],
      "to": [
        16.21158,
        24.36359,
        8
      ],
      "rotation": {
        "angle": 22.5,
        "axis": "x",
        "origin": [
          6.71158,
          13.11359,
          5
        ]
      },
      "faces": {
        "north": {
          "uv": [
            2.75,
            3.25,
            1.75,
            5
          ],
          "rotation": 270,
          "texture": "#0",
          "tintindex": 0
        },
        "east": {
          "uv": [
            0,
            2,
            1,
            1
          ],
          "rotation": 180,
          "texture": "#0",
          "tintindex": 0
        },
        "south": {
          "uv": [
            2.5,
            0.75,
            3.5,
            2.5
          ],
          "rotation": 90,
          "texture": "#0",
          "tintindex": 0
        },
        "up": {
          "uv": [
            4.5,
            0.75,
            3.5,
            2.5
          ],
          "rotation": 90,
          "texture": "#0",
          "tintindex": 0
        },
        "down": {
          "uv": [
            1,
            0.75,
            0,
            2.5
          ],
          "rotation": 90,
          "texture": "#0",
          "tintindex": 0
        }
      }
    },
    {
      "from": [
        13.21158,
        24.36359,
        4
      ],
      "to": [
        16.21158,
        31.36359,
        7
      ],
      "rotation": {
        "angle": 22.5,
        "axis": "x",
        "origin": [
          6.71158,
          13.11359,
          5
        ]
      },
      "faces": {
        "north": {
          "uv": [
            1.75,
            3.25,
            0,
            4
          ],
          "rotation": 270,
          "texture": "#0",
          "tintindex": 0
        },
        "east": {
          "uv": [
            3.5,
            0,
            1.75,
            0.75
          ],
          "rotation": 90,
          "texture": "#0",
          "tintindex": 0
        },
        "south": {
          "uv": [
            3.5,
            0.75,
            1.75,
            1.5
          ],
          "rotation": 90,
          "texture": "#0",
          "tintindex": 0
        },
        "west": {
          "uv": [
            6.25,
            1.75,
            4.5,
            2.5
          ],
          "rotation": 90,
          "texture": "#0",
          "tintindex": 0
        },
        "up": {
          "uv": [
            0,
            0.75,
            0.75,
            1.5
          ],
          "rotation": 90,
          "texture": "#0",
          "tintindex": 0
        }
      }
    },
    {
      "from": [
        9.21158,
        28.36359,
        4
      ],
      "to": [
        13.21158,
        31.36359,
        7
      ],
      "rotation": {
        "angle": 22.5,
        "axis": "x",
        "origin": [
          6.71158,
          13.11359,
          5
        ]
      },
      "faces": {
        "north": {
          "uv": [
            0.75,
            4,
            0,
            5
          ],
          "rotation": 270,
          "texture": "#0",
          "tintindex": 0
        },
        "south": {
          "uv": [
            0.75,
            1.5,
            1.5,
            2.5
          ],
          "rotation": 90,
          "texture": "#0",
          "tintindex": 0
        },
        "west": {
          "uv": [
            6.25,
            1.75,
            5.75,
            2.5
          ],
          "rotation": 270,
          "texture": "#0",
          "tintindex": 0
        },
        "up": {
          "uv": [
            0,
            1.5,
            0.75,
            2.5
          ],
          "rotation": 90,
          "texture": "#0",
          "tintindex": 0
        },
        "down": {
          "uv": [
            5.75,
            2.5,
            6.25,
            1.75
          ],
          "rotation": 180,
          "texture": "#0",
          "tintindex": 0
        }
      }
    },
    {
      "from": [
        9.21158,
        26.36359,
        4
      ],
      "to": [
        12.21158,
        28.36359,
        7
      ],
      "rotation": {
        "angle": 22.5,
        "axis": "x",
        "origin": [
          6.71158,
          13.11359,
          5
        ]
      },
      "faces": {
        "north": {
          "uv": [
            1.25,
            4.25,
            0.75,
            5
          ],
          "rotation": 270,
          "texture": "#0",
          "tintindex": 0
        },
        "east": {
          "uv": [
            2,
            1.75,
            1.5,
            2.25
          ],
          "rotation": 90,
          "texture": "#0",
          "tintindex": 0
        },
        "south": {
          "uv": [
            1.5,
            1.75,
            2,
            2.5
          ],
          "rotation": 90,
          "texture": "#0",
          "tintindex": 0
        },
        "west": {
          "uv": [
            6.25,
            1.75,
            5.75,
            2.5
          ],
          "rotation": 270,
          "texture": "#0",
          "tintindex": 0
        },
        "down": {
          "uv": [
            5.75,
            2.5,
            6.25,
            1.75
          ],
          "rotation": 180,
          "texture": "#0",
          "tintindex": 0
        }
      }
    },
    {
      "from": [
        4.21158,
        12.36359,
        4
      ],
      "to": [
        9.21158,
        24.36359,
        9
      ],
      "rotation": {
        "angle": 22.5,
        "axis": "x",
        "origin": [
          6.71158,
          13.11359,
          5
        ]
      },
      "faces": {
        "north": {
          "uv": [
            7.75,
            5,
            4.75,
            6.25
          ],
          "rotation": 270,
          "texture": "#0"
        }
      }
    },
    {
      "from": [
        13.21158,
        24.36359,
        4
      ],
      "to": [
        16.21158,
        31.36359,
        7
      ],
      "rotation": {
        "angle": 22.5,
        "axis": "x",
        "origin": [
          6.71158,
          13.11359,
          5
        ]
      },
      "faces": {
        "north": {
          "uv": [
            4.75,
            3.25,
            3,
            4
          ],
          "rotation": 270,
          "texture": "#0"
        }
      }
    },
    {
      "from": [
        9.21158,
        20.36359,
        4
      ],
      "to": [
        16.21158,
        24.36359,
        8
      ],
      "rotation": {
        "angle": 22.5,
        "axis": "x",
        "origin": [
          6.71158,
          13.11359,
          5
        ]
      },
      "faces": {
        "north": {
          "uv": [
            5.75,
            3.25,
            4.75,
            5
          ],
          "rotation": 270,
          "texture": "#0"
        }
      }
    },
    {
      "from": [
        9.21158,
        28.36359,
        4
      ],
      "to": [
        13.21158,
        31.36359,
        7
      ],
      "rotation": {
        "angle": 22.5,
        "axis": "x",
        "origin": [
          6.71158,
          13.11359,
          5
        ]
      },
      "faces": {
        "north": {
          "uv": [
            3.75,
            4,
            3,
            5
          ],
          "rotation": 270,
          "texture": "#0"
        }
      }
    },
    {
      "from": [
        26.09331,
        9.48186,
        4
      ],
      "to": [
        28.09331,
        12.48186,
        7
      ],
      "rotation": {
        "angle": -22.5,
        "axis": "y",
        "origin": [
          12.84331,
          6.98186,
          5
        ]
      },
      "faces": {
        "north": {
          "uv": [
            3.75,
            4.25,
            4.25,
            5
          ],
          "texture": "#0"
        }
      }
    },
    {
      "from": [
        12.09331,
        4.48186,
        4
      ],
      "to": [
        24.09331,
        9.48186,
        9
      ],
      "rotation": {
        "angle": -22.5,
        "axis": "y",
        "origin": [
          12.84331,
          6.98186,
          5
        ]
      },
      "faces": {
        "north": {
          "uv": [
            1.75,
            5,
            4.75,
            6.25
          ],
          "texture": "#0",
          "tintindex": 0
        },
        "east": {
          "uv": [
            7.5,
            0,
            8.75,
            1.25
          ],
          "texture": "#0",
          "tintindex": 0
        },
        "south": {
          "uv": [
            7.5,
            0,
            4.5,
            1.25
          ],
          "texture": "#0",
          "tintindex": 0
        },
        "west": {
          "uv": [
            7,
            0.75,
            7.5,
            1.25
          ],
          "texture": "#0",
          "tintindex": 0
        },
        "up": {
          "uv": [
            4.5,
            1.25,
            7.5,
            2.5
          ],
          "rotation": 180,
          "texture": "#0",
          "tintindex": 0
        },
        "down": {
          "uv": [
            4.5,
            2.5,
            7.5,
            1.25
          ],
          "rotation": 180,
          "texture": "#0",
          "tintindex": 0
        }
      }
    },
    {
      "from": [
        20.09331,
        9.48186,
        4
      ],
      "to": [
        24.09331,
        16.48186,
        8
      ],
      "rotation": {
        "angle": -22.5,
        "axis": "y",
        "origin": [
          12.84331,
          6.98186,
          5
        ]
      },
      "faces": {
        "north": {
          "uv": [
            1.75,
            3.25,
            2.75,
            5
          ],
          "texture": "#0",
          "tintindex": 0
        },
        "east": {
          "uv": [
            3.5,
            0.75,
            4.5,
            2.5
          ],
          "texture": "#0",
          "tintindex": 0
        },
        "south": {
          "uv": [
            3.5,
            0.75,
            2.5,
            2.5
          ],
          "texture": "#0",
          "tintindex": 0
        },
        "west": {
          "uv": [
            0,
            0.75,
            1,
            2.5
          ],
          "texture": "#0",
          "tintindex": 0
        },
        "up": {
          "uv": [
            0,
            1,
            1,
            2
          ],
          "rotation": 90,
          "texture": "#0",
          "tintindex": 0
        }
      }
    },
    {
      "from": [
        24.09331,
        13.48186,
        4
      ],
      "to": [
        31.09331,
        16.48186,
        7
      ],
      "rotation": {
        "angle": -22.5,
        "axis": "y",
        "origin": [
          12.84331,
          6.98186,
          5
        ]
      },
      "faces": {
        "north": {
          "uv": [
            0,
            3.25,
            1.75,
            4
          ],
          "texture": "#0",
          "tintindex": 0
        },
        "east": {
          "uv": [
            0.75,
            0.75,
            0,
            1.5
          ],
          "texture": "#0",
          "tintindex": 0
        },
        "south": {
          "uv": [
            1.75,
            0.75,
            3.5,
            1.5
          ],
          "texture": "#0",
          "tintindex": 0
        },
        "up": {
          "uv": [
            1.75,
            0,
            3.5,
            0.75
          ],
          "texture": "#0",
          "tintindex": 0
        },
        "down": {
          "uv": [
            4.5,
            1.75,
            6.25,
            2.5
          ],
          "texture": "#0",
          "tintindex": 0
        }
      }
    },
    {
      "from": [
        28.09331,
        9.48186,
        4
      ],
      "to": [
        31.09331,
        13.48186,
        7
      ],
      "rotation": {
        "angle": -22.5,
        "axis": "y",
        "origin": [
          12.84331,
          6.98186,
          5
        ]
      },
      "faces": {
        "north": {
          "uv": [
            0,
            4,
            0.75,
            5
          ],
          "texture": "#0",
          "tintindex": 0
        },
        "east": {
          "uv": [
            0.75,
            1.5,
            0,
            2.5
          ],
          "texture": "#0",
          "tintindex": 0
        },
        "south": {
          "uv": [
            1.5,
            1.5,
            0.75,
            2.5
          ],
          "texture": "#0",
          "tintindex": 0
        },
        "west": {
          "uv": [
            5.75,
            1.75,
            6.25,
            2.5
          ],
          "rotation": 90,
          "texture": "#0",
          "tintindex": 0
        },
        "down": {
          "uv": [
            5.75,
            1.75,
            6.25,
            2.5
          ],
          "rotation": 180,
          "texture": "#0",
          "tintindex": 0
        }
      }
    },
    {
      "from": [
        26.09331,
        9.48186,
        4
      ],
      "to": [
        28.09331,
        12.48186,
        7
      ],
      "rotation": {
        "angle": -22.5,
        "axis": "y",
        "origin": [
          12.84331,
          6.98186,
          5
        ]
      },
      "faces": {
        "north": {
          "uv": [
            0.75,
            4.25,
            1.25,
            5
          ],
          "texture": "#0",
          "tintindex": 0
        },
        "south": {
          "uv": [
            2,
            1.75,
            1.5,
            2.5
          ],
          "texture": "#0",
          "tintindex": 0
        },
        "west": {
          "uv": [
            5.75,
            1.75,
            6.25,
            2.5
          ],
          "rotation": 90,
          "texture": "#0",
          "tintindex": 0
        },
        "up": {
          "uv": [
            1.5,
            1.75,
            2,
            2.25
          ],
          "texture": "#0",
          "tintindex": 0
        },
        "down": {
          "uv": [
            5.75,
            1.75,
            6.25,
            2.5
          ],
          "rotation": 180,
          "texture": "#0",
          "tintindex": 0
        }
      }
    },
    {
      "from": [
        12.09331,
        4.48186,
        4
      ],
      "to": [
        24.09331,
        9.48186,
        9
      ],
      "rotation": {
        "angle": -22.5,
        "axis": "y",
        "origin": [
          12.84331,
          6.98186,
          5
        ]
      },
      "faces": {
        "north": {
          "uv": [
            4.75,
            5,
            7.75,
            6.25
          ],
          "texture": "#0"
        }
      }
    },
    {
      "from": [
        24.09331,
        13.48186,
        4
      ],
      "to": [
        31.09331,
        16.48186,
        7
      ],
      "rotation": {
        "angle": -22.5,
        "axis": "y",
        "origin": [
          12.84331,
          6.98186,
          5
        ]
      },
      "faces": {
        "north": {
          "uv": [
            3,
            3.25,
            4.75,
            4
          ],
          "texture": "#0"
        }
      }
    },
    {
      "from": [
        20.09331,
        9.48186,
        4
      ],
      "to": [
        24.09331,
        16.48186,
        8
      ],
      "rotation": {
        "angle": -22.5,
        "axis": "y",
        "origin": [
          12.84331,
          6.98186,
          5
        ]
      },
      "faces": {
        "north": {
          "uv": [
            4.75,
            3.25,
            5.75,
            5
          ],
          "texture": "#0"
        }
      }
    },
    {
      "from": [
        28.09331,
        9.48186,
        4
      ],
      "to": [
        31.09331,
        13.48186,
        7
      ],
      "rotation": {
        "angle": -22.5,
        "axis": "y",
        "origin": [
          12.84331,
          6.98186,
          5
        ]
      },
      "faces": {
        "north": {
          "uv": [
            3,
            4,
            3.75,
            5
          ],
          "texture": "#0"
        }
      }
    },
    {
      "from": [
        26.09331,
        9.48186,
        4
      ],
      "to": [
        28.09331,
        12.48186,
        7
      ],
      "rotation": {
        "angle": -22.5,
        "axis": "y",
        "origin": [
          12.84331,
          6.98186,
          5
        ]
      },
      "faces": {
        "north": {
          "uv": [
            3.75,
            4.25,
            4.25,
            5
          ],
          "texture": "#0"
        }
      }
    },
    {
      "from": [
        12.09331,
        4.48186,
        4
      ],
      "to": [
        24.09331,
        9.48186,
        9
      ],
      "rotation": {
        "angle": -22.5,
        "axis": "y",
        "origin": [
          12.84331,
          6.98186,
          5
        ]
      },
      "faces": {
        "north": {
          "uv": [
            1.75,
            5,
            4.75,
            6.25
          ],
          "texture": "#0",
          "tintindex": 0
        },
        "east": {
          "uv": [
            7.5,
            0,
            8.75,
            1.25
          ],
          "texture": "#0",
          "tintindex": 0
        },
        "south": {
          "uv": [
            7.5,
            0,
            4.5,
            1.25
          ],
          "texture": "#0",
          "tintindex": 0
        },
        "west": {
          "uv": [
            7,
            0.75,
            7.5,
            1.25
          ],
          "texture": "#0",
          "tintindex": 0
        },
        "up": {
          "uv": [
            4.5,
            1.25,
            7.5,
            2.5
          ],
          "rotation": 180,
          "texture": "#0",
          "tintindex": 0
        },
        "down": {
          "uv": [
            4.5,
            2.5,
            7.5,
            1.25
          ],
          "rotation": 180,
          "texture": "#0",
          "tintindex": 0
        }
      }
    },
    {
      "from": [
        20.09331,
        9.48186,
        4
      ],
      "to": [
        24.09331,
        16.48186,
        8
      ],
      "rotation": {
        "angle": -22.5,
        "axis": "y",
        "origin": [
          12.84331,
          6.98186,
          5
        ]
      },
      "faces": {
        "north": {
          "uv": [
            1.75,
            3.25,
            2.75,
            5
          ],
          "texture": "#0",
          "tintindex": 0
        },
        "east": {
          "uv": [
            3.5,
            0.75,
            4.5,
            2.5
          ],
          "texture": "#0",
          "tintindex": 0
        },
        "south": {
          "uv": [
            3.5,
            0.75,
            2.5,
            2.5
          ],
          "texture": "#0",
          "tintindex": 0
        },
        "west": {
          "uv": [
            0,
            0.75,
            1,
            2.5
          ],
          "texture": "#0",
          "tintindex": 0
        },
        "up": {
          "uv": [
            0,
            1,
            1,
            2
          ],
          "rotation": 90,
          "texture": "#0",
          "tintindex": 0
        }
      }
    },
    {
      "from": [
        24.09331,
        13.48186,
        4
      ],
      "to": [
        31.09331,
        16.48186,
        7
      ],
      "rotation": {
        "angle": -22.5,
        "axis": "y",
        "origin": [
          12.84331,
          6.98186,
          5
        ]
      },
      "faces": {
        "north": {
          "uv": [
            0,
            3.25,
            1.75,
            4
          ],
          "texture": "#0",
          "tintindex": 0
        },
        "east": {
          "uv": [
            0.75,
            0.75,
            0,
            1.5
          ],
          "texture": "#0",
          "tintindex": 0
        },
        "south": {
          "uv": [
            1.75,
            0.75,
            3.5,
            1.5
          ],
          "texture": "#0",
          "tintindex": 0
        },
        "up": {
          "uv": [
            1.75,
            0,
            3.5,
            0.75
          ],
          "texture": "#0",
          "tintindex": 0
        },
        "down": {
          "uv": [
            4.5,
            1.75,
            6.25,
            2.5
          ],
          "texture": "#0",
          "tintindex": 0
        }
      }
    },
    {
      "from": [
        28.09331,
        9.48186,
        4
      ],
      "to": [
        31.09331,
        13.48186,
        7
      ],
      "rotation": {
        "angle": -22.5,
        "axis": "y",
        "origin": [
          12.84331,
          6.98186,
          5
        ]
      },
      "faces": {
        "north": {
          "uv": [
            0,
            4,
            0.75,
            5
          ],
          "texture": "#0",
          "tintindex": 0
        },
        "east": {
          "uv": [
            0.75,
            1.5,
            0,
            2.5
          ],
          "texture": "#0",
          "tintindex": 0
        },
        "south": {
          "uv": [
            1.5,
            1.5,
            0.75,
            2.5
          ],
          "texture": "#0",
          "tintindex": 0
        },
        "west": {
          "uv": [
            5.75,
            1.75,
            6.25,
            2.5
          ],
          "rotation": 90,
          "texture": "#0",
          "tintindex": 0
        },
        "down": {
          "uv": [
            5.75,
            1.75,
            6.25,
            2.5
          ],
          "rotation": 180,
          "texture": "#0",
          "tintindex": 0
        }
      }
    },
    {
      "from": [
        26.09331,
        9.48186,
        4
      ],
      "to": [
        28.09331,
        12.48186,
        7
      ],
      "rotation": {
        "angle": -22.5,
        "axis": "y",
        "origin": [
          12.84331,
          6.98186,
          5
        ]
      },
      "faces": {
        "north": {
          "uv": [
            0.75,
            4.25,
            1.25,
            5
          ],
          "texture": "#0",
          "tintindex": 0
        },
        "south": {
          "uv": [
            2,
            1.75,
            1.5,
            2.5
          ],
          "texture": "#0",
          "tintindex": 0
        },
        "west": {
          "uv": [
            5.75,
            1.75,
            6.25,
            2.5
          ],
          "rotation": 90,
          "texture": "#0",
          "tintindex": 0
        },
        "up": {
          "uv": [
            1.5,
            1.75,
            2,
            2.25
          ],
          "texture": "#0",
          "tintindex": 0
        },
        "down": {
          "uv": [
            5.75,
            1.75,
            6.25,
            2.5
          ],
          "rotation": 180,
          "texture": "#0",
          "tintindex": 0
        }
      }
    },
    {
      "from": [
        12.09331,
        4.48186,
        4
      ],
      "to": [
        24.09331,
        9.48186,
        9
      ],
      "rotation": {
        "angle": -22.5,
        "axis": "y",
        "origin": [
          12.84331,
          6.98186,
          5
        ]
      },
      "faces": {
        "north": {
          "uv": [
            4.75,
            5,
            7.75,
            6.25
          ],
          "texture": "#0"
        }
      }
    },
    {
      "from": [
        24.09331,
        13.48186,
        4
      ],
      "to": [
        31.09331,
        16.48186,
        7
      ],
      "rotation": {
        "angle": -22.5,
        "axis": "y",
        "origin": [
          12.84331,
          6.98186,
          5
        ]
      },
      "faces": {
        "north": {
          "uv": [
            3,
            3.25,
            4.75,
            4
          ],
          "texture": "#0"
        }
      }
    },
    {
      "from": [
        20.09331,
        9.48186,
        4
      ],
      "to": [
        24.09331,
        16.48186,
        8
      ],
      "rotation": {
        "angle": -22.5,
        "axis": "y",
        "origin": [
          12.84331,
          6.98186,
          5
        ]
      },
      "faces": {
        "north": {
          "uv": [
            4.75,
            3.25,
            5.75,
            5
          ],
          "texture": "#0"
        }
      }
    },
    {
      "from": [
        28.09331,
        9.48186,
        4
      ],
      "to": [
        31.09331,
        13.48186,
        7
      ],
      "rotation": {
        "angle": -22.5,
        "axis": "y",
        "origin": [
          12.84331,
          6.98186,
          5
        ]
      },
      "faces": {
        "north": {
          "uv": [
            3,
            4,
            3.75,
            5
          ],
          "texture": "#0"
        }
      }
    },
    {
      "from": [
        1.35129,
        -11.71696,
        3
      ],
      "to": [
        4.35129,
        -9.71696,
        6
      ],
      "rotation": {
        "angle": 22.5,
        "axis": "z",
        "origin": [
          7.11793,
          9.42985,
          6.25
        ]
      },
      "faces": {
        "north": {
          "uv": [
            3.75,
            5,
            4.25,
            4.25
          ],
          "rotation": 270,
          "texture": "#0"
        }
      }
    },
    {
      "from": [
        4.35129,
        -7.71696,
        3
      ],
      "to": [
        9.35129,
        4.28304,
        8
      ],
      "rotation": {
        "angle": 22.5,
        "axis": "z",
        "origin": [
          7.11793,
          9.42985,
          6.25
        ]
      },
      "faces": {
        "north": {
          "uv": [
            1.75,
            6.25,
            4.75,
            5
          ],
          "rotation": 270,
          "texture": "#0",
          "tintindex": 0
        },
        "east": {
          "uv": [
            4.5,
            1.25,
            7.5,
            2.5
          ],
          "rotation": 270,
          "texture": "#0",
          "tintindex": 0
        },
        "south": {
          "uv": [
            7.5,
            1.25,
            4.5,
            0
          ],
          "rotation": 90,
          "texture": "#0",
          "tintindex": 0
        },
        "west": {
          "uv": [
            4.5,
            2.5,
            7.5,
            1.25
          ],
          "rotation": 270,
          "texture": "#0",
          "tintindex": 0
        },
        "up": {
          "uv": [
            7,
            1.25,
            7.5,
            0.75
          ],
          "rotation": 90,
          "texture": "#0",
          "tintindex": 0
        },
        "down": {
          "uv": [
            7.5,
            1.25,
            8.75,
            0
          ],
          "rotation": 90,
          "texture": "#0",
          "tintindex": 0
        }
      }
    },
    {
      "from": [
        -2.64871,
        -7.71696,
        3
      ],
      "to": [
        4.35129,
        -3.71696,
        7
      ],
      "rotation": {
        "angle": 22.5,
        "axis": "z",
        "origin": [
          7.11793,
          9.42985,
          6.25
        ]
      },
      "faces": {
        "north": {
          "uv": [
            1.75,
            5,
            2.75,
            3.25
          ],
          "rotation": 270,
          "texture": "#0",
          "tintindex": 0
        },
        "south": {
          "uv": [
            3.5,
            2.5,
            2.5,
            0.75
          ],
          "rotation": 90,
          "texture": "#0",
          "tintindex": 0
        },
        "west": {
          "uv": [
            1,
            1,
            0,
            2
          ],
          "rotation": 180,
          "texture": "#0",
          "tintindex": 0
        },
        "up": {
          "uv": [
            0,
            2.5,
            1,
            0.75
          ],
          "rotation": 90,
          "texture": "#0",
          "tintindex": 0
        },
        "down": {
          "uv": [
            3.5,
            2.5,
            4.5,
            0.75
          ],
          "rotation": 90,
          "texture": "#0",
          "tintindex": 0
        }
      }
    },
    {
      "from": [
        -2.64871,
        -14.71696,
        3
      ],
      "to": [
        0.35129,
        -7.71696,
        6
      ],
      "rotation": {
        "angle": 22.5,
        "axis": "z",
        "origin": [
          7.11793,
          9.42985,
          6.25
        ]
      },
      "faces": {
        "north": {
          "uv": [
            0,
            4,
            1.75,
            3.25
          ],
          "rotation": 270,
          "texture": "#0",
          "tintindex": 0
        },
        "east": {
          "uv": [
            4.5,
            2.5,
            6.25,
            1.75
          ],
          "rotation": 90,
          "texture": "#0",
          "tintindex": 0
        },
        "south": {
          "uv": [
            1.75,
            1.5,
            3.5,
            0.75
          ],
          "rotation": 90,
          "texture": "#0",
          "tintindex": 0
        },
        "west": {
          "uv": [
            1.75,
            0.75,
            3.5,
            0
          ],
          "rotation": 90,
          "texture": "#0",
          "tintindex": 0
        },
        "down": {
          "uv": [
            0.75,
            1.5,
            0,
            0.75
          ],
          "rotation": 90,
          "texture": "#0",
          "tintindex": 0
        }
      }
    },
    {
      "from": [
        0.35129,
        -14.71696,
        3
      ],
      "to": [
        4.35129,
        -11.71696,
        6
      ],
      "rotation": {
        "angle": 22.5,
        "axis": "z",
        "origin": [
          7.11793,
          9.42985,
          6.25
        ]
      },
      "faces": {
        "north": {
          "uv": [
            0,
            5,
            0.75,
            4
          ],
          "rotation": 270,
          "texture": "#0",
          "tintindex": 0
        },
        "east": {
          "uv": [
            5.75,
            2.5,
            6.25,
            1.75
          ],
          "rotation": 270,
          "texture": "#0",
          "tintindex": 0
        },
        "south": {
          "uv": [
            1.5,
            2.5,
            0.75,
            1.5
          ],
          "rotation": 90,
          "texture": "#0",
          "tintindex": 0
        },
        "up": {
          "uv": [
            6.25,
            1.75,
            5.75,
            2.5
          ],
          "rotation": 180,
          "texture": "#0",
          "tintindex": 0
        },
        "down": {
          "uv": [
            0.75,
            2.5,
            0,
            1.5
          ],
          "rotation": 90,
          "texture": "#0",
          "tintindex": 0
        }
      }
    },
    {
      "from": [
        1.35129,
        -11.71696,
        3
      ],
      "to": [
        4.35129,
        -9.71696,
        6
      ],
      "rotation": {
        "angle": 22.5,
        "axis": "z",
        "origin": [
          7.11793,
          9.42985,
          6.25
        ]
      },
      "faces": {
        "north": {
          "uv": [
            0.75,
            5,
            1.25,
            4.25
          ],
          "rotation": 270,
          "texture": "#0",
          "tintindex": 0
        },
        "east": {
          "uv": [
            5.75,
            2.5,
            6.25,
            1.75
          ],
          "rotation": 270,
          "texture": "#0",
          "tintindex": 0
        },
        "south": {
          "uv": [
            2,
            2.5,
            1.5,
            1.75
          ],
          "rotation": 90,
          "texture": "#0",
          "tintindex": 0
        },
        "west": {
          "uv": [
            1.5,
            2.25,
            2,
            1.75
          ],
          "rotation": 90,
          "texture": "#0",
          "tintindex": 0
        },
        "up": {
          "uv": [
            6.25,
            1.75,
            5.75,
            2.5
          ],
          "rotation": 180,
          "texture": "#0",
          "tintindex": 0
        }
      }
    },
    {
      "from": [
        4.35129,
        -7.71696,
        3
      ],
      "to": [
        9.35129,
        4.28304,
        8
      ],
      "rotation": {
        "angle": 22.5,
        "axis": "z",
        "origin": [
          7.11793,
          9.42985,
          6.25
        ]
      },
      "faces": {
        "north": {
          "uv": [
            4.75,
            6.25,
            7.75,
            5
          ],
          "rotation": 270,
          "texture": "#0"
        }
      }
    },
    {
      "from": [
        -2.64871,
        -14.71696,
        3
      ],
      "to": [
        0.35129,
        -7.71696,
        6
      ],
      "rotation": {
        "angle": 22.5,
        "axis": "z",
        "origin": [
          7.11793,
          9.42985,
          6.25
        ]
      },
      "faces": {
        "north": {
          "uv": [
            3,
            4,
            4.75,
            3.25
          ],
          "rotation": 270,
          "texture": "#0"
        }
      }
    },
    {
      "from": [
        -2.64871,
        -7.71696,
        3
      ],
      "to": [
        4.35129,
        -3.71696,
        7
      ],
      "rotation": {
        "angle": 22.5,
        "axis": "z",
        "origin": [
          7.11793,
          9.42985,
          6.25
        ]
      },
      "faces": {
        "north": {
          "uv": [
            4.75,
            5,
            5.75,
            3.25
          ],
          "rotation": 270,
          "texture": "#0"
        }
      }
    },
    {
      "from": [
        0.35129,
        -14.71696,
        3
      ],
      "to": [
        4.35129,
        -11.71696,
        6
      ],
      "rotation": {
        "angle": 22.5,
        "axis": "z",
        "origin": [
          7.11793,
          9.42985,
          6.25
        ]
      },
      "faces": {
        "north": {
          "uv": [
            3,
            5,
            3.75,
            4
          ],
          "rotation": 270,
          "texture": "#0"
        }
      }
    },
    {
      "from": [
        1.35129,
        -11.71696,
        3
      ],
      "to": [
        4.35129,
        -9.71696,
        6
      ],
      "rotation": {
        "angle": 22.5,
        "axis": "z",
        "origin": [
          7.11793,
          9.42985,
          6.25
        ]
      },
      "faces": {
        "north": {
          "uv": [
            3.75,
            5,
            4.25,
            4.25
          ],
          "rotation": 270,
          "texture": "#0"
        }
      }
    },
    {
      "from": [
        4.35129,
        -7.71696,
        3
      ],
      "to": [
        9.35129,
        4.28304,
        8
      ],
      "rotation": {
        "angle": 22.5,
        "axis": "z",
        "origin": [
          7.11793,
          9.42985,
          6.25
        ]
      },
      "faces": {
        "north": {
          "uv": [
            1.75,
            6.25,
            4.75,
            5
          ],
          "rotation": 270,
          "texture": "#0",
          "tintindex": 0
        },
        "east": {
          "uv": [
            4.5,
            1.25,
            7.5,
            2.5
          ],
          "rotation": 270,
          "texture": "#0",
          "tintindex": 0
        },
        "south": {
          "uv": [
            7.5,
            1.25,
            4.5,
            0
          ],
          "rotation": 90,
          "texture": "#0",
          "tintindex": 0
        },
        "west": {
          "uv": [
            4.5,
            2.5,
            7.5,
            1.25
          ],
          "rotation": 270,
          "texture": "#0",
          "tintindex": 0
        },
        "up": {
          "uv": [
            7,
            1.25,
            7.5,
            0.75
          ],
          "rotation": 90,
          "texture": "#0",
          "tintindex": 0
        },
        "down": {
          "uv": [
            7.5,
            1.25,
            8.75,
            0
          ],
          "rotation": 90,
          "texture": "#0",
          "tintindex": 0
        }
      }
    },
    {
      "from": [
        -2.64871,
        -7.71696,
        3
      ],
      "to": [
        4.35129,
        -3.71696,
        7
      ],
      "rotation": {
        "angle": 22.5,
        "axis": "z",
        "origin": [
          7.11793,
          9.42985,
          6.25
        ]
      },
      "faces": {
        "north": {
          "uv": [
            1.75,
            5,
            2.75,
            3.25
          ],
          "rotation": 270,
          "texture": "#0",
          "tintindex": 0
        },
        "south": {
          "uv": [
            3.5,
            2.5,
            2.5,
            0.75
          ],
          "rotation": 90,
          "texture": "#0",
          "tintindex": 0
        },
        "west": {
          "uv": [
            1,
            1,
            0,
            2
          ],
          "rotation": 180,
          "texture": "#0",
          "tintindex": 0
        },
        "up": {
          "uv": [
            0,
            2.5,
            1,
            0.75
          ],
          "rotation": 90,
          "texture": "#0",
          "tintindex": 0
        },
        "down": {
          "uv": [
            3.5,
            2.5,
            4.5,
            0.75
          ],
          "rotation": 90,
          "texture": "#0",
          "tintindex": 0
        }
      }
    },
    {
      "from": [
        -2.64871,
        -14.71696,
        3
      ],
      "to": [
        0.35129,
        -7.71696,
        6
      ],
      "rotation": {
        "angle": 22.5,
        "axis": "z",
        "origin": [
          7.11793,
          9.42985,
          6.25
        ]
      },
      "faces": {
        "north": {
          "uv": [
            0,
            4,
            1.75,
            3.25
          ],
          "rotation": 270,
          "texture": "#0",
          "tintindex": 0
        },
        "east": {
          "uv": [
            4.5,
            2.5,
            6.25,
            1.75
          ],
          "rotation": 90,
          "texture": "#0",
          "tintindex": 0
        },
        "south": {
          "uv": [
            1.75,
            1.5,
            3.5,
            0.75
          ],
          "rotation": 90,
          "texture": "#0",
          "tintindex": 0
        },
        "west": {
          "uv": [
            1.75,
            0.75,
            3.5,
            0
          ],
          "rotation": 90,
          "texture": "#0",
          "tintindex": 0
        },
        "down": {
          "uv": [
            0.75,
            1.5,
            0,
            0.75
          ],
          "rotation": 90,
          "texture": "#0",
          "tintindex": 0
        }
      }
    },
    {
      "from": [
        0.35129,
        -14.71696,
        3
      ],
      "to": [
        4.35129,
        -11.71696,
        6
      ],
      "rotation": {
        "angle": 22.5,
        "axis": "z",
        "origin": [
          7.11793,
          9.42985,
          6.25
        ]
      },
      "faces": {
        "north": {
          "uv": [
            0,
            5,
            0.75,
            4
          ],
          "rotation": 270,
          "texture": "#0",
          "tintindex": 0
        },
        "east": {
          "uv": [
            5.75,
            2.5,
            6.25,
            1.75
          ],
          "rotation": 270,
          "texture": "#0",
          "tintindex": 0
        },
        "south": {
          "uv": [
            1.5,
            2.5,
            0.75,
            1.5
          ],
          "rotation": 90,
          "texture": "#0",
          "tintindex": 0
        },
        "up": {
          "uv": [
            6.25,
            1.75,
            5.75,
            2.5
          ],
          "rotation": 180,
          "texture": "#0",
          "tintindex": 0
        },
        "down": {
          "uv": [
            0.75,
            2.5,
            0,
            1.5
          ],
          "rotation": 90,
          "texture": "#0",
          "tintindex": 0
        }
      }
    },
    {
      "from": [
        1.35129,
        -11.71696,
        3
      ],
      "to": [
        4.35129,
        -9.71696,
        6
      ],
      "rotation": {
        "angle": 22.5,
        "axis": "z",
        "origin": [
          7.11793,
          9.42985,
          6.25
        ]
      },
      "faces": {
        "north": {
          "uv": [
            0.75,
            5,
            1.25,
            4.25
          ],
          "rotation": 270,
          "texture": "#0",
          "tintindex": 0
        },
        "east": {
          "uv": [
            5.75,
            2.5,
            6.25,
            1.75
          ],
          "rotation": 270,
          "texture": "#0",
          "tintindex": 0
        },
        "south": {
          "uv": [
            2,
            2.5,
            1.5,
            1.75
          ],
          "rotation": 90,
          "texture": "#0",
          "tintindex": 0
        },
        "west": {
          "uv": [
            1.5,
            2.25,
            2,
            1.75
          ],
          "rotation": 90,
          "texture": "#0",
          "tintindex": 0
        },
        "up": {
          "uv": [
            6.25,
            1.75,
            5.75,
            2.5
          ],
          "rotation": 180,
          "texture": "#0",
          "tintindex": 0
        }
      }
    },
    {
      "from": [
        4.35129,
        -7.71696,
        3
      ],
      "to": [
        9.35129,
        4.28304,
        8
      ],
      "rotation": {
        "angle": 22.5,
        "axis": "z",
        "origin": [
          7.11793,
          9.42985,
          6.25
        ]
      },
      "faces": {
        "north": {
          "uv": [
            4.75,
            6.25,
            7.75,
            5
          ],
          "rotation": 270,
          "texture": "#0"
        }
      }
    },
    {
      "from": [
        -2.64871,
        -14.71696,
        3
      ],
      "to": [
        0.35129,
        -7.71696,
        6
      ],
      "rotation": {
        "angle": 22.5,
        "axis": "z",
        "origin": [
          7.11793,
          9.42985,
          6.25
        ]
      },
      "faces": {
        "north": {
          "uv": [
            3,
            4,
            4.75,
            3.25
          ],
          "rotation": 270,
          "texture": "#0"
        }
      }
    },
    {
      "from": [
        -2.64871,
        -7.71696,
        3
      ],
      "to": [
        4.35129,
        -3.71696,
        7
      ],
      "rotation": {
        "angle": 22.5,
        "axis": "z",
        "origin": [
          7.11793,
          9.42985,
          6.25
        ]
      },
      "faces": {
        "north": {
          "uv": [
            4.75,
            5,
            5.75,
            3.25
          ],
          "rotation": 270,
          "texture": "#0"
        }
      }
    },
    {
      "from": [
        0.35129,
        -14.71696,
        3
      ],
      "to": [
        4.35129,
        -11.71696,
        6
      ],
      "rotation": {
        "angle": 22.5,
        "axis": "z",
        "origin": [
          7.11793,
          9.42985,
          6.25
        ]
      },
      "faces": {
        "north": {
          "uv": [
            3,
            5,
            3.75,
            4
          ],
          "rotation": 270,
          "texture": "#0"
        }
      }
    },
    {
      "from": [
        -11.36134,
        2.55828,
        3
      ],
      "to": [
        -9.36134,
        5.55828,
        6
      ],
      "rotation": {
        "angle": -22.5,
        "axis": "z",
        "origin": [
          7.11793,
          9.42985,
          6.25
        ]
      },
      "faces": {
        "north": {
          "uv": [
            4.25,
            5,
            3.75,
            4.25
          ],
          "texture": "#0"
        }
      }
    },
    {
      "from": [
        -7.36134,
        5.55828,
        3
      ],
      "to": [
        4.63866,
        10.55828,
        8
      ],
      "rotation": {
        "angle": -22.5,
        "axis": "z",
        "origin": [
          7.11793,
          9.42985,
          6.25
        ]
      },
      "faces": {
        "north": {
          "uv": [
            4.75,
            6.25,
            1.75,
            5
          ],
          "texture": "#0",
          "tintindex": 0
        },
        "east": {
          "uv": [
            7.5,
            1.25,
            7,
            0.75
          ],
          "texture": "#0",
          "tintindex": 0
        },
        "south": {
          "uv": [
            4.5,
            1.25,
            7.5,
            0
          ],
          "texture": "#0",
          "tintindex": 0
        },
        "west": {
          "uv": [
            8.75,
            1.25,
            7.5,
            0
          ],
          "texture": "#0",
          "tintindex": 0
        },
        "up": {
          "uv": [
            7.5,
            1.25,
            4.5,
            2.5
          ],
          "rotation": 180,
          "texture": "#0",
          "tintindex": 0
        },
        "down": {
          "uv": [
            7.5,
            2.5,
            4.5,
            1.25
          ],
          "rotation": 180,
          "texture": "#0",
          "tintindex": 0
        }
      }
    },
    {
      "from": [
        -7.36134,
        -1.44172,
        3
      ],
      "to": [
        -3.36134,
        5.55828,
        7
      ],
      "rotation": {
        "angle": -22.5,
        "axis": "z",
        "origin": [
          7.11793,
          9.42985,
          6.25
        ]
      },
      "faces": {
        "north": {
          "uv": [
            2.75,
            5,
            1.75,
            3.25
          ],
          "texture": "#0",
          "tintindex": 0
        },
        "east": {
          "uv": [
            1,
            2.5,
            0,
            0.75
          ],
          "texture": "#0",
          "tintindex": 0
        },
        "south": {
          "uv": [
            2.5,
            2.5,
            3.5,
            0.75
          ],
          "texture": "#0",
          "tintindex": 0
        },
        "west": {
          "uv": [
            4.5,
            2.5,
            3.5,
            0.75
          ],
          "texture": "#0",
          "tintindex": 0
        },
        "down": {
          "uv": [
            1,
            2,
            0,
            1
          ],
          "rotation": 90,
          "texture": "#0",
          "tintindex": 0
        }
      }
    },
    {
      "from": [
        -14.36134,
        -1.44172,
        3
      ],
      "to": [
        -7.36134,
        1.55828,
        6
      ],
      "rotation": {
        "angle": -22.5,
        "axis": "z",
        "origin": [
          7.11793,
          9.42985,
          6.25
        ]
      },
      "faces": {
        "north": {
          "uv": [
            1.75,
            4,
            0,
            3.25
          ],
          "texture": "#0",
          "tintindex": 0
        },
        "south": {
          "uv": [
            3.5,
            1.5,
            1.75,
            0.75
          ],
          "texture": "#0",
          "tintindex": 0
        },
        "west": {
          "uv": [
            0,
            1.5,
            0.75,
            0.75
          ],
          "texture": "#0",
          "tintindex": 0
        },
        "up": {
          "uv": [
            6.25,
            2.5,
            4.5,
            1.75
          ],
          "texture": "#0",
          "tintindex": 0
        },
        "down": {
          "uv": [
            3.5,
            0.75,
            1.75,
            0
          ],
          "texture": "#0",
          "tintindex": 0
        }
      }
    },
    {
      "from": [
        -14.36134,
        1.55828,
        3
      ],
      "to": [
        -11.36134,
        5.55828,
        6
      ],
      "rotation": {
        "angle": -22.5,
        "axis": "z",
        "origin": [
          7.11793,
          9.42985,
          6.25
        ]
      },
      "faces": {
        "north": {
          "uv": [
            0.75,
            5,
            0,
            4
          ],
          "texture": "#0",
          "tintindex": 0
        },
        "east": {
          "uv": [
            6.25,
            2.5,
            5.75,
            1.75
          ],
          "rotation": 90,
          "texture": "#0",
          "tintindex": 0
        },
        "south": {
          "uv": [
            0.75,
            2.5,
            1.5,
            1.5
          ],
          "texture": "#0",
          "tintindex": 0
        },
        "west": {
          "uv": [
            0,
            2.5,
            0.75,
            1.5
          ],
          "texture": "#0",
          "tintindex": 0
        },
        "up": {
          "uv": [
            6.25,
            2.5,
            5.75,
            1.75
          ],
          "rotation": 180,
          "texture": "#0",
          "tintindex": 0
        }
      }
    },
    {
      "from": [
        -11.36134,
        2.55828,
        3
      ],
      "to": [
        -9.36134,
        5.55828,
        6
      ],
      "rotation": {
        "angle": -22.5,
        "axis": "z",
        "origin": [
          7.11793,
          9.42985,
          6.25
        ]
      },
      "faces": {
        "north": {
          "uv": [
            1.25,
            5,
            0.75,
            4.25
          ],
          "texture": "#0",
          "tintindex": 0
        },
        "east": {
          "uv": [
            6.25,
            2.5,
            5.75,
            1.75
          ],
          "rotation": 90,
          "texture": "#0",
          "tintindex": 0
        },
        "south": {
          "uv": [
            1.5,
            2.5,
            2,
            1.75
          ],
          "texture": "#0",
          "tintindex": 0
        },
        "up": {
          "uv": [
            6.25,
            2.5,
            5.75,
            1.75
          ],
          "rotation": 180,
          "texture": "#0",
          "tintindex": 0
        },
        "down": {
          "uv": [
            2,
            2.25,
            1.5,
            1.75
          ],
          "texture": "#0",
          "tintindex": 0
        }
      }
    },
    {
      "from": [
        -7.36134,
        5.55828,
        3
      ],
      "to": [
        4.63866,
        10.55828,
        8
      ],
      "rotation": {
        "angle": -22.5,
        "axis": "z",
        "origin": [
          7.11793,
          9.42985,
          6.25
        ]
      },
      "faces": {
        "north": {
          "uv": [
            7.75,
            6.25,
            4.75,
            5
          ],
          "texture": "#0"
        }
      }
    },
    {
      "from": [
        -14.36134,
        -1.44172,
        3
      ],
      "to": [
        -7.36134,
        1.55828,
        6
      ],
      "rotation": {
        "angle": -22.5,
        "axis": "z",
        "origin": [
          7.11793,
          9.42985,
          6.25
        ]
      },
      "faces": {
        "north": {
          "uv": [
            4.75,
            4,
            3,
            3.25
          ],
          "texture": "#0"
        }
      }
    },
    {
      "from": [
        -7.36134,
        -1.44172,
        3
      ],
      "to": [
        -3.36134,
        5.55828,
        7
      ],
      "rotation": {
        "angle": -22.5,
        "axis": "z",
        "origin": [
          7.11793,
          9.42985,
          6.25
        ]
      },
      "faces": {
        "north": {
          "uv": [
            5.75,
            5,
            4.75,
            3.25
          ],
          "texture": "#0"
        }
      }
    },
    {
      "from": [
        -14.36134,
        1.55828,
        3
      ],
      "to": [
        -11.36134,
        5.55828,
        6
      ],
      "rotation": {
        "angle": -22.5,
        "axis": "z",
        "origin": [
          7.11793,
          9.42985,
          6.25
        ]
      },
      "faces": {
        "north": {
          "uv": [
            3.75,
            5,
            3,
            4
          ],
          "texture": "#0"
        }
      }
    },
    {
      "from": [
        -11.36134,
        2.55828,
        3
      ],
      "to": [
        -9.36134,
        5.55828,
        6
      ],
      "rotation": {
        "angle": -22.5,
        "axis": "z",
        "origin": [
          7.11793,
          9.42985,
          6.25
        ]
      },
      "faces": {
        "north": {
          "uv": [
            4.25,
            5,
            3.75,
            4.25
          ],
          "texture": "#0"
        }
      }
    },
    {
      "from": [
        -7.36134,
        5.55828,
        3
      ],
      "to": [
        4.63866,
        10.55828,
        8
      ],
      "rotation": {
        "angle": -22.5,
        "axis": "z",
        "origin": [
          7.11793,
          9.42985,
          6.25
        ]
      },
      "faces": {
        "north": {
          "uv": [
            4.75,
            6.25,
            1.75,
            5
          ],
          "texture": "#0",
          "tintindex": 0
        },
        "east": {
          "uv": [
            7.5,
            1.25,
            7,
            0.75
          ],
          "texture": "#0",
          "tintindex": 0
        },
        "south": {
          "uv": [
            4.5,
            1.25,
            7.5,
            0
          ],
          "texture": "#0",
          "tintindex": 0
        },
        "west": {
          "uv": [
            8.75,
            1.25,
            7.5,
            0
          ],
          "texture": "#0",
          "tintindex": 0
        },
        "up": {
          "uv": [
            7.5,
            1.25,
            4.5,
            2.5
          ],
          "rotation": 180,
          "texture": "#0",
          "tintindex": 0
        },
        "down": {
          "uv": [
            7.5,
            2.5,
            4.5,
            1.25
          ],
          "rotation": 180,
          "texture": "#0",
          "tintindex": 0
        }
      }
    },
    {
      "from": [
        -7.36134,
        -1.44172,
        3
      ],
      "to": [
        -3.36134,
        5.55828,
        7
      ],
      "rotation": {
        "angle": -22.5,
        "axis": "z",
        "origin": [
          7.11793,
          9.42985,
          6.25
        ]
      },
      "faces": {
        "north": {
          "uv": [
            2.75,
            5,
            1.75,
            3.25
          ],
          "texture": "#0",
          "tintindex": 0
        },
        "east": {
          "uv": [
            1,
            2.5,
            0,
            0.75
          ],
          "texture": "#0",
          "tintindex": 0
        },
        "south": {
          "uv": [
            2.5,
            2.5,
            3.5,
            0.75
          ],
          "texture": "#0",
          "tintindex": 0
        },
        "west": {
          "uv": [
            4.5,
            2.5,
            3.5,
            0.75
          ],
          "texture": "#0",
          "tintindex": 0
        },
        "down": {
          "uv": [
            1,
            2,
            0,
            1
          ],
          "rotation": 90,
          "texture": "#0",
          "tintindex": 0
        }
      }
    },
    {
      "from": [
        -14.36134,
        -1.44172,
        3
      ],
      "to": [
        -7.36134,
        1.55828,
        6
      ],
      "rotation": {
        "angle": -22.5,
        "axis": "z",
        "origin": [
          7.11793,
          9.42985,
          6.25
        ]
      },
      "faces": {
        "north": {
          "uv": [
            1.75,
            4,
            0,
            3.25
          ],
          "texture": "#0",
          "tintindex": 0
        },
        "south": {
          "uv": [
            3.5,
            1.5,
            1.75,
            0.75
          ],
          "texture": "#0",
          "tintindex": 0
        },
        "west": {
          "uv": [
            0,
            1.5,
            0.75,
            0.75
          ],
          "texture": "#0",
          "tintindex": 0
        },
        "up": {
          "uv": [
            6.25,
            2.5,
            4.5,
            1.75
          ],
          "texture": "#0",
          "tintindex": 0
        },
        "down": {
          "uv": [
            3.5,
            0.75,
            1.75,
            0
          ],
          "texture": "#0",
          "tintindex": 0
        }
      }
    },
    {
      "from": [
        -14.36134,
        1.55828,
        3
      ],
      "to": [
        -11.36134,
        5.55828,
        6
      ],
      "rotation": {
        "angle": -22.5,
        "axis": "z",
        "origin": [
          7.11793,
          9.42985,
          6.25
        ]
      },
      "faces": {
        "north": {
          "uv": [
            0.75,
            5,
            0,
            4
          ],
          "texture": "#0",
          "tintindex": 0
        },
        "east": {
          "uv": [
            6.25,
            2.5,
            5.75,
            1.75
          ],
          "rotation": 90,
          "texture": "#0",
          "tintindex": 0
        },
        "south": {
          "uv": [
            0.75,
            2.5,
            1.5,
            1.5
          ],
          "texture": "#0",
          "tintindex": 0
        },
        "west": {
          "uv": [
            0,
            2.5,
            0.75,
            1.5
          ],
          "texture": "#0",
          "tintindex": 0
        },
        "up": {
          "uv": [
            6.25,
            2.5,
            5.75,
            1.75
          ],
          "rotation": 180,
          "texture": "#0",
          "tintindex": 0
        }
      }
    },
    {
      "from": [
        -11.36134,
        2.55828,
        3
      ],
      "to": [
        -9.36134,
        5.55828,
        6
      ],
      "rotation": {
        "angle": -22.5,
        "axis": "z",
        "origin": [
          7.11793,
          9.42985,
          6.25
        ]
      },
      "faces": {
        "north": {
          "uv": [
            1.25,
            5,
            0.75,
            4.25
          ],
          "texture": "#0",
          "tintindex": 0
        },
        "east": {
          "uv": [
            6.25,
            2.5,
            5.75,
            1.75
          ],
          "rotation": 90,
          "texture": "#0",
          "tintindex": 0
        },
        "south": {
          "uv": [
            1.5,
            2.5,
            2,
            1.75
          ],
          "texture": "#0",
          "tintindex": 0
        },
        "up": {
          "uv": [
            6.25,
            2.5,
            5.75,
            1.75
          ],
          "rotation": 180,
          "texture": "#0",
          "tintindex": 0
        },
        "down": {
          "uv": [
            2,
            2.25,
            1.5,
            1.75
          ],
          "texture": "#0",
          "tintindex": 0
        }
      }
    },
    {
      "from": [
        -7.36134,
        5.55828,
        3
      ],
      "to": [
        4.63866,
        10.55828,
        8
      ],
      "rotation": {
        "angle": -22.5,
        "axis": "z",
        "origin": [
          7.11793,
          9.42985,
          6.25
        ]
      },
      "faces": {
        "north": {
          "uv": [
            7.75,
            6.25,
            4.75,
            5
          ],
          "texture": "#0"
        }
      }
    },
    {
      "from": [
        -14.36134,
        -1.44172,
        3
      ],
      "to": [
        -7.36134,
        1.55828,
        6
      ],
      "rotation": {
        "angle": -22.5,
        "axis": "z",
        "origin": [
          7.11793,
          9.42985,
          6.25
        ]
      },
      "faces": {
        "north": {
          "uv": [
            4.75,
            4,
            3,
            3.25
          ],
          "texture": "#0"
        }
      }
    },
    {
      "from": [
        -7.36134,
        -1.44172,
        3
      ],
      "to": [
        -3.36134,
        5.55828,
        7
      ],
      "rotation": {
        "angle": -22.5,
        "axis": "z",
        "origin": [
          7.11793,
          9.42985,
          6.25
        ]
      },
      "faces": {
        "north": {
          "uv": [
            5.75,
            5,
            4.75,
            3.25
          ],
          "texture": "#0"
        }
      }
    },
    {
      "from": [
        -14.36134,
        1.55828,
        3
      ],
      "to": [
        -11.36134,
        5.55828,
        6
      ],
      "rotation": {
        "angle": -22.5,
        "axis": "z",
        "origin": [
          7.11793,
          9.42985,
          6.25
        ]
      },
      "faces": {
        "north": {
          "uv": [
            3.75,
            5,
            3,
            4
          ],
          "texture": "#0"
        }
      }
    },
    {
      "from": [
        2.56159,
        5.66153,
        5.25
      ],
      "to": [
        14.56159,
        14.66153,
        11.25
      ],
      "rotation": {
        "angle": -45,
        "axis": "z",
        "origin": [
          7.11793,
          9.42985,
          6.25
        ]
      },
      "faces": {
        "north": {
          "uv": [
            8,
            4,
            11,
            6.25
          ],
          "texture": "#0"
        },
        "east": {
          "uv": [
            11.25,
            4,
            12.75,
            6.25
          ],
          "texture": "#0"
        },
        "south": {
          "uv": [
            8,
            4,
            11,
            6.25
          ],
          "texture": "#0"
        },
        "west": {
          "uv": [
            12.75,
            4,
            11.25,
            6.25
          ],
          "texture": "#0"
        },
        "up": {
          "uv": [
            8,
            2.25,
            11,
            3.75
          ],
          "texture": "#0"
        },
        "down": {
          "uv": [
            8,
            6.5,
            11,
            8
          ],
          "texture": "#0"
        }
      }
    },
    {
      "from": [
        4.56159,
        2.66153,
        7.25
      ],
      "to": [
        12.56159,
        5.66153,
        9.25
      ],
      "rotation": {
        "angle": -45,
        "axis": "z",
        "origin": [
          7.11793,
          9.42985,
          6.25
        ]
      },
      "faces": {
        "north": {
          "uv": [
            8.75,
            0,
            10.75,
            0.75
          ],
          "texture": "#0"
        },
        "east": {
          "uv": [
            8.75,
            0,
            9,
            0.75
          ],
          "texture": "#0"
        },
        "south": {
          "uv": [
            8.75,
            0,
            10.75,
            0.75
          ],
          "texture": "#0"
        },
        "west": {
          "uv": [
            8.75,
            0,
            9,
            0.75
          ],
          "texture": "#0"
        },
        "down": {
          "uv": [
            8.75,
            0.5,
            10.75,
            0.75
          ],
          "texture": "#0"
        }
      }
    },
    {
      "from": [
        -6,
        12,
        8
      ],
      "to": [
        6,
        24,
        8
      ],
      "faces": {
        "north": {
          "uv": [
            12,
            0,
            15,
            3
          ],
          "texture": "#0"
        },
        "south": {
          "uv": [
            15,
            0,
            12,
            3
          ],
          "texture": "#0"
        }
      }
    },
    {
      "from": [
        11,
        -5,
        8
      ],
      "to": [
        23,
        7,
        8
      ],
      "rotation": {
        "angle": 0,
        "axis": "y",
        "origin": [
          16,
          16,
          0
        ]
      },
      "faces": {
        "north": {
          "uv": [
            15,
            0,
            12,
            3
          ],
          "rotation": 270,
          "texture": "#0"
        },
        "south": {
          "uv": [
            15,
            3,
            12,
            0
          ],
          "rotation": 270,
          "texture": "#0"
        }
      }
    }
  ],
  "gui_light": "front",
  "display": {
    "thirdperson_righthand": {
      "rotation": [
        100,
        0,
        45
      ],
      "translation": [
        -1,
        -7.46875,
        18.85
      ]
    },
    "gui": {
      "rotation": [
        21,
        -180,
        45
      ],
      "translation": [
        0,
        -0.75,
        0
      ],
      "scale": [
        0.38,
        0.38,
        0.38
      ]
    },
    "head": {
      "rotation": [
        10,
        0,
        45
      ],
      "translation": [
        0,
        -46,
        8.75
      ],
      "scale": [
        1.6,
        1.6,
        1.6
      ]
    }
  },
  "groups": [
    {
      "name": "group",
      "origin": [
        16,
        0,
        0
      ],
      "color": 0,
      "children": [
        0,
        1,
        2,
        3,
        4,
        5,
        6,
        7,
        8,
        9,
        10,
        11,
        12,
        13,
        14,
        15,
        16,
        17,
        18,
        19
      ]
    },
    {
      "name": "group",
      "origin": [
        0,
        0,
        0
      ],
      "color": 0,
      "children": [
        20,
        21,
        22,
        23,
        24,
        25,
        26,
        27,
        28,
        29,
        30,
        31,
        32,
        33,
        34,
        35,
        36,
        37,
        38,
        39
      ]
    },
    {
      "name": "group",
      "origin": [
        0,
        0,
        0
      ],
      "color": 0,
      "children": [
        40,
        41,
        42,
        43,
        44,
        45,
        46,
        47,
        48,
        49,
        50,
        51,
        52,
        53,
        54,
        55,
        56,
        57,
        58,
        59
      ]
    },
    {
      "name": "group",
      "origin": [
        16,
        0,
        0
      ],
      "color": 0,
      "children": [
        60,
        61,
        62,
        63,
        64,
        65,
        66,
        67,
        68,
        69,
        70,
        71,
        72,
        73,
        74,
        75,
        76,
        77,
        78,
        79
      ]
    },
    80,
    81,
    82,
    83
  ]
}