{
	"credit": "Made with Blockbench",
	"texture_size": [32, 32],
	"textures": {
		"3": "must_have_props:eating_set"
	},
	"elements": [
		{
			"from": [0, 0.1, 2],
			"to": [3, 0.1, 9],
			"faces": {
				"north": {"uv": [0, 0, 1.5, 0], "texture": "#3"},
				"east": {"uv": [0, 0, 3.5, 0], "texture": "#3"},
				"south": {"uv": [0, 0, 1.5, 0], "texture": "#3"},
				"west": {"uv": [0, 0, 3.5, 0], "texture": "#3"},
				"up": {"uv": [5, 3.5, 3.5, 0], "texture": "#3"},
				"down": {"uv": [5, 3.5, 3.5, 7], "texture": "#3"}
			}
		},
		{
			"from": [13, 0.1, 2],
			"to": [16, 0.1, 9],
			"rotation": {"angle": 0, "axis": "y", "origin": [16, 0, 0]},
			"faces": {
				"north": {"uv": [0, 0, 1.5, 0], "texture": "#3"},
				"east": {"uv": [0, 0, 3.5, 0], "texture": "#3"},
				"south": {"uv": [0, 0, 1.5, 0], "texture": "#3"},
				"west": {"uv": [0, 0, 3.5, 0], "texture": "#3"},
				"up": {"uv": [6.5, 3.5, 5, 0], "texture": "#3"},
				"down": {"uv": [6.5, 3.5, 5, 7], "texture": "#3"}
			}
		},
		{
			"from": [4.5, 0, 2.5],
			"to": [11.5, 1, 9.5],
			"faces": {
				"north": {"uv": [7, 5.5, 10.5, 6], "texture": "#3"},
				"east": {"uv": [7, 6, 10.5, 6.5], "texture": "#3"},
				"south": {"uv": [7, 6.5, 10.5, 7], "texture": "#3"},
				"west": {"uv": [7, 7, 10.5, 7.5], "texture": "#3"},
				"up": {"uv": [3.5, 3.5, 0, 0], "texture": "#3"},
				"down": {"uv": [3.5, 3.5, 0, 7], "texture": "#3"}
			}
		},
		{
			"from": [11, 0.5, 2],
			"to": [12, 1.5, 10],
			"faces": {
				"north": {"uv": [4.5, 7, 5, 7.5], "texture": "#3"},
				"east": {"uv": [6.5, 0, 10.5, 0.5], "texture": "#3"},
				"south": {"uv": [5, 7, 5.5, 7.5], "texture": "#3"},
				"west": {"uv": [6.5, 0.5, 10.5, 1], "texture": "#3"},
				"up": {"uv": [7, 5, 6.5, 1], "texture": "#3"},
				"down": {"uv": [7, 5, 6.5, 9], "texture": "#3"}
			}
		},
		{
			"from": [4, 0.5, 2],
			"to": [5, 1.5, 10],
			"faces": {
				"north": {"uv": [5.5, 7, 6, 7.5], "texture": "#3"},
				"east": {"uv": [0, 7, 4, 7.5], "texture": "#3"},
				"south": {"uv": [6, 7, 6.5, 7.5], "texture": "#3"},
				"west": {"uv": [7, 1, 11, 1.5], "texture": "#3"},
				"up": {"uv": [7.5, 5.5, 7, 1.5], "texture": "#3"},
				"down": {"uv": [4.5, 7, 4, 11], "texture": "#3"}
			}
		},
		{
			"from": [5, 0.5, 2],
			"to": [11, 1.5, 3],
			"faces": {
				"north": {"uv": [0, 7.5, 3, 8], "texture": "#3"},
				"east": {"uv": [3, 7.5, 3.5, 8], "texture": "#3"},
				"south": {"uv": [7.5, 1.5, 10.5, 2], "texture": "#3"},
				"west": {"uv": [3.5, 7.5, 4, 8], "texture": "#3"},
				"up": {"uv": [10.5, 2.5, 7.5, 2], "texture": "#3"},
				"down": {"uv": [10.5, 2.5, 7.5, 3], "texture": "#3"}
			}
		},
		{
			"from": [5, 0.5, 9],
			"to": [11, 1.5, 10],
			"faces": {
				"north": {"uv": [7.5, 3, 10.5, 3.5], "texture": "#3"},
				"east": {"uv": [4.5, 7.5, 5, 8], "texture": "#3"},
				"south": {"uv": [7.5, 3.5, 10.5, 4], "texture": "#3"},
				"west": {"uv": [5, 7.5, 5.5, 8], "texture": "#3"},
				"up": {"uv": [10.5, 4.5, 7.5, 4], "texture": "#3"},
				"down": {"uv": [10.5, 4.5, 7.5, 5], "texture": "#3"}
			}
		}
	],
	"display": {
		"thirdperson_righthand": {
			"rotation": [75, 45, 0],
			"translation": [0, 2.5, 0],
			"scale": [0.375, 0.375, 0.375]
		},
		"thirdperson_lefthand": {
			"rotation": [75, 45, 0],
			"translation": [0, 2.5, 0],
			"scale": [0.375, 0.375, 0.375]
		},
		"firstperson_righthand": {
			"rotation": [0, 45, 0],
			"scale": [0.4, 0.4, 0.4]
		},
		"firstperson_lefthand": {
			"rotation": [0, 225, 0],
			"scale": [0.4, 0.4, 0.4]
		},
		"ground": {
			"translation": [0, 3, 0],
			"scale": [0.25, 0.25, 0.25]
		},
		"gui": {
			"rotation": [30, 225, 0],
			"scale": [0.625, 0.625, 0.625]
		},
		"fixed": {
			"rotation": [-90, 0, 0],
			"translation": [0, 0, -16],
			"scale": [2, 2, 2]
		}
	}
}