{"textures":{"0":"modelengine:entity/em_cursed_santa"},"elements":[{"from":[3.5857143,4.7714286,6.885714],"to":[12.385715,7.857143,9.4],"rotation":{"angle":0.0,"axis":"y","origin":[7.7,0.88571405,7.285714]},"faces":{"east":{"uv":[4.127,1.252,4.373,1.5605],"rotation":0,"texture":"#0","tintindex":0},"south":{"uv":[3.4395,1.627,4.373,1.9355],"rotation":0,"texture":"#0","tintindex":0},"north":{"uv":[3.377,0.752,4.3105,1.0605],"rotation":0,"texture":"#0","tintindex":0},"west":{"uv":[8.752,0.6895,8.998,0.998],"rotation":0,"texture":"#0","tintindex":0},"up":{"uv":[5.4355,5.6855,4.502,5.4395],"rotation":0,"texture":"#0","tintindex":0},"down":{"uv":[6.4355,0.5645,5.502,0.8105],"rotation":0,"texture":"#0","tintindex":0}}},{"from":[12.385715,7.857143,9.4],"to":[3.5857143,4.7714286,6.885714],"rotation":{"angle":0.0,"axis":"y","origin":[8.271429,-13.685717,6.428571]},"faces":{"east":{"uv":[1.5645,8.752,1.8105,9.0605],"rotation":0,"texture":"#0","tintindex":0},"south":{"uv":[3.752,2.377,4.6855,2.6855],"rotation":0,"texture":"#0","tintindex":0},"north":{"uv":[3.752,2.002,4.6855,2.3105],"rotation":0,"texture":"#0","tintindex":0},"west":{"uv":[2.4395,8.752,2.6855,9.0605],"rotation":0,"texture":"#0","tintindex":0},"up":{"uv":[6.5605,5.123,5.627,4.877],"rotation":0,"texture":"#0","tintindex":0},"down":{"uv":[0.9355,5.752,0.002,5.998],"rotation":0,"texture":"#0","tintindex":0}}}],"display":{"head":{"translation":[0.0,-6.4,0.0],"scale":[4.0,4.0,4.0]}}}