{"textures":{"1":"modelengine:entity/em_rocket_launcher1"},"elements":[{"from":[-2.4979,6.8455257,6.485714],"to":[16.816387,8.445526,8.085714],"rotation":{"angle":45.0,"axis":"x","origin":[15.159243,8.216954,8.857143]},"faces":{"east":{"uv":[1.375,7.125,1.75,7.5],"rotation":0,"texture":"#1","tintindex":0},"south":{"uv":[1.0,1.5,5.25,1.875],"rotation":0,"texture":"#1","tintindex":0},"north":{"uv":[1.0,1.0,5.25,1.375],"rotation":0,"texture":"#1","tintindex":0},"west":{"uv":[5.25,7.0,5.625,7.375],"rotation":0,"texture":"#1","tintindex":0},"up":{"uv":[1.375,6.25,1.0,2.0],"rotation":270,"texture":"#1","tintindex":0},"down":{"uv":[1.875,2.0,1.5,6.25],"rotation":90,"texture":"#1","tintindex":0}}},{"from":[-2.4979,6.8455257,8.485714],"to":[16.816387,8.445526,10.085714],"rotation":{"angle":45.0,"axis":"x","origin":[15.159243,8.216954,8.857143]},"faces":{"east":{"uv":[3.5,7.125,3.875,7.5],"rotation":0,"texture":"#1","tintindex":0},"south":{"uv":[0.0,0.5,4.375,0.875],"rotation":0,"texture":"#1","tintindex":0},"north":{"uv":[0.0,0.0,4.375,0.375],"rotation":0,"texture":"#1","tintindex":0},"west":{"uv":[3.0,7.125,3.375,7.5],"rotation":0,"texture":"#1","tintindex":0},"up":{"uv":[0.375,5.375,0.0,1.0],"rotation":270,"texture":"#1","tintindex":0},"down":{"uv":[0.875,1.0,0.5,5.375],"rotation":90,"texture":"#1","tintindex":0}}},{"from":[6.016386,6.788383,6.428571],"to":[6.5878143,8.502668,8.142858],"rotation":{"angle":45.0,"axis":"x","origin":[15.159243,8.216954,8.857143]},"faces":{"east":{"uv":[7.125,5.5,7.5,5.875],"rotation":0,"texture":"#1","tintindex":0},"south":{"uv":[2.75,8.25,2.875,8.625],"rotation":0,"texture":"#1","tintindex":0},"north":{"uv":[4.0,7.125,4.125,7.5],"rotation":0,"texture":"#1","tintindex":0},"west":{"uv":[7.125,5.0,7.5,5.375],"rotation":0,"texture":"#1","tintindex":0},"up":{"uv":[8.875,3.375,8.5,3.25],"rotation":270,"texture":"#1","tintindex":0},"down":{"uv":[8.875,3.5,8.5,3.625],"rotation":90,"texture":"#1","tintindex":0}}},{"from":[6.016386,6.788383,8.428572],"to":[6.5878143,8.502668,10.142858],"rotation":{"angle":45.0,"axis":"x","origin":[15.159243,8.216954,8.857143]},"faces":{"east":{"uv":[6.25,7.125,6.625,7.5],"rotation":0,"texture":"#1","tintindex":0},"south":{"uv":[8.625,0.875,8.75,1.25],"rotation":0,"texture":"#1","tintindex":0},"north":{"uv":[7.25,8.375,7.375,8.75],"rotation":0,"texture":"#1","tintindex":0},"west":{"uv":[5.75,7.125,6.125,7.5],"rotation":0,"texture":"#1","tintindex":0},"up":{"uv":[9.0,0.375,8.625,0.25],"rotation":270,"texture":"#1","tintindex":0},"down":{"uv":[9.0,1.375,8.625,1.5],"rotation":90,"texture":"#1","tintindex":0}}},{"from":[2.0163856,6.788383,6.428571],"to":[2.5878139,8.502668,8.142858],"rotation":{"angle":45.0,"axis":"x","origin":[15.159243,8.216954,8.857143]},"faces":{"east":{"uv":[6.75,7.125,7.125,7.5],"rotation":0,"texture":"#1","tintindex":0},"south":{"uv":[3.75,8.625,3.875,9.0],"rotation":0,"texture":"#1","tintindex":0},"north":{"uv":[3.5,8.625,3.625,9.0],"rotation":0,"texture":"#1","tintindex":0},"west":{"uv":[7.125,6.25,7.5,6.625],"rotation":0,"texture":"#1","tintindex":0},"up":{"uv":[4.875,8.75,4.5,8.625],"rotation":270,"texture":"#1","tintindex":0},"down":{"uv":[5.375,8.625,5.0,8.75],"rotation":90,"texture":"#1","tintindex":0}}},{"from":[2.0163856,6.788383,8.428572],"to":[2.5878139,8.502668,10.142858],"rotation":{"angle":45.0,"axis":"x","origin":[15.159243,8.216954,8.857143]},"faces":{"east":{"uv":[7.25,4.25,7.625,4.625],"rotation":0,"texture":"#1","tintindex":0},"south":{"uv":[7.5,8.625,7.625,9.0],"rotation":0,"texture":"#1","tintindex":0},"north":{"uv":[5.5,8.625,5.625,9.0],"rotation":0,"texture":"#1","tintindex":0},"west":{"uv":[7.25,3.75,7.625,4.125],"rotation":0,"texture":"#1","tintindex":0},"up":{"uv":[8.125,8.75,7.75,8.625],"rotation":270,"texture":"#1","tintindex":0},"down":{"uv":[8.625,8.625,8.25,8.75],"rotation":90,"texture":"#1","tintindex":0}}},{"from":[3.1592426,6.788383,6.428571],"to":[3.7306714,8.502668,8.142858],"rotation":{"angle":45.0,"axis":"x","origin":[15.159243,8.216954,8.857143]},"faces":{"east":{"uv":[7.25,7.25,7.625,7.625],"rotation":0,"texture":"#1","tintindex":0},"south":{"uv":[1.375,8.75,1.5,9.125],"rotation":0,"texture":"#1","tintindex":0},"north":{"uv":[0.0,8.75,0.125,9.125],"rotation":0,"texture":"#1","tintindex":0},"west":{"uv":[7.25,6.75,7.625,7.125],"rotation":0,"texture":"#1","tintindex":0},"up":{"uv":[2.0,8.875,1.625,8.75],"rotation":270,"texture":"#1","tintindex":0},"down":{"uv":[2.5,8.75,2.125,8.875],"rotation":90,"texture":"#1","tintindex":0}}},{"from":[3.244957,6.874097,8.085714],"to":[3.644957,8.416954,8.485714],"rotation":{"angle":45.0,"axis":"x","origin":[15.159243,8.216954,8.857143]},"faces":{"east":{"uv":[4.25,8.75,4.375,9.125],"rotation":0,"texture":"#1","tintindex":0},"south":{"uv":[8.75,4.5,8.875,4.875],"rotation":0,"texture":"#1","tintindex":0},"north":{"uv":[4.0,8.75,4.125,9.125],"rotation":0,"texture":"#1","tintindex":0},"west":{"uv":[2.625,8.75,2.75,9.125],"rotation":0,"texture":"#1","tintindex":0},"up":{"uv":[1.5,7.0,1.375,6.875],"rotation":270,"texture":"#1","tintindex":0},"down":{"uv":[7.125,3.75,7.0,3.875],"rotation":90,"texture":"#1","tintindex":0}}},{"from":[2.1020994,6.874097,8.085714],"to":[2.5021,8.416954,8.485714],"rotation":{"angle":45.0,"axis":"x","origin":[15.159243,8.216954,8.857143]},"faces":{"east":{"uv":[6.125,8.75,6.25,9.125],"rotation":0,"texture":"#1","tintindex":0},"south":{"uv":[8.75,6.25,8.875,6.625],"rotation":0,"texture":"#1","tintindex":0},"north":{"uv":[8.75,5.5,8.875,5.875],"rotation":0,"texture":"#1","tintindex":0},"west":{"uv":[8.75,5.0,8.875,5.375],"rotation":0,"texture":"#1","tintindex":0},"up":{"uv":[9.25,1.125,9.125,1.0],"rotation":270,"texture":"#1","tintindex":0},"down":{"uv":[9.25,1.25,9.125,1.375],"rotation":90,"texture":"#1","tintindex":0}}},{"from":[3.1592426,6.788383,8.428572],"to":[3.7306714,8.502668,10.142858],"rotation":{"angle":45.0,"axis":"x","origin":[15.159243,8.216954,8.857143]},"faces":{"east":{"uv":[7.375,3.0,7.75,3.375],"rotation":0,"texture":"#1","tintindex":0},"south":{"uv":[6.625,8.75,6.75,9.125],"rotation":0,"texture":"#1","tintindex":0},"north":{"uv":[6.375,8.75,6.5,9.125],"rotation":0,"texture":"#1","tintindex":0},"west":{"uv":[0.375,7.375,0.75,7.75],"rotation":0,"texture":"#1","tintindex":0},"up":{"uv":[9.125,6.875,8.75,6.75],"rotation":270,"texture":"#1","tintindex":0},"down":{"uv":[9.125,7.875,8.75,8.0],"rotation":90,"texture":"#1","tintindex":0}}},{"from":[-3.0693293,6.788383,6.428571],"to":[-2.4979,8.502668,6.714286],"rotation":{"angle":45.0,"axis":"x","origin":[15.159243,8.216954,8.857143]},"faces":{"east":{"uv":[0.25,8.875,0.375,9.25],"rotation":0,"texture":"#1","tintindex":0},"south":{"uv":[0.5,8.875,0.625,9.25],"rotation":0,"texture":"#1","tintindex":0},"north":{"uv":[8.75,8.625,8.875,9.0],"rotation":0,"texture":"#1","tintindex":0},"west":{"uv":[6.875,8.75,7.0,9.125],"rotation":0,"texture":"#1","tintindex":0},"up":{"uv":[9.25,2.0,9.125,1.875],"rotation":270,"texture":"#1","tintindex":0},"down":{"uv":[9.25,2.125,9.125,2.25],"rotation":90,"texture":"#1","tintindex":0}}},{"from":[-3.0693293,6.788383,7.857143],"to":[-2.4979,8.502668,8.142858],"rotation":{"angle":45.0,"axis":"x","origin":[15.159243,8.216954,8.857143]},"faces":{"east":{"uv":[8.875,2.375,9.0,2.75],"rotation":0,"texture":"#1","tintindex":0},"south":{"uv":[2.875,8.875,3.0,9.25],"rotation":0,"texture":"#1","tintindex":0},"north":{"uv":[8.875,1.875,9.0,2.25],"rotation":0,"texture":"#1","tintindex":0},"west":{"uv":[8.875,0.875,9.0,1.25],"rotation":0,"texture":"#1","tintindex":0},"up":{"uv":[9.25,2.5,9.125,2.375],"rotation":270,"texture":"#1","tintindex":0},"down":{"uv":[9.25,2.625,9.125,2.75],"rotation":90,"texture":"#1","tintindex":0}}},{"from":[-3.0693293,6.788383,6.714286],"to":[-2.4979,7.074097,7.857143],"rotation":{"angle":45.0,"axis":"x","origin":[15.159243,8.216954,8.857143]},"faces":{"east":{"uv":[9.0,3.25,9.25,3.375],"rotation":0,"texture":"#1","tintindex":0},"south":{"uv":[3.375,9.125,3.5,9.25],"rotation":0,"texture":"#1","tintindex":0},"north":{"uv":[9.125,2.875,9.25,3.0],"rotation":0,"texture":"#1","tintindex":0},"west":{"uv":[1.625,6.375,1.875,6.5],"rotation":0,"texture":"#1","tintindex":0},"up":{"uv":[9.25,3.625,9.0,3.5],"rotation":270,"texture":"#1","tintindex":0},"down":{"uv":[9.25,4.0,9.0,4.125],"rotation":90,"texture":"#1","tintindex":0}}},{"from":[-3.0693293,8.216954,6.714286],"to":[-2.4979,8.502668,7.857143],"rotation":{"angle":45.0,"axis":"x","origin":[15.159243,8.216954,8.857143]},"faces":{"east":{"uv":[9.0,4.5,9.25,4.625],"rotation":0,"texture":"#1","tintindex":0},"south":{"uv":[4.75,9.125,4.875,9.25],"rotation":0,"texture":"#1","tintindex":0},"north":{"uv":[3.625,9.125,3.75,9.25],"rotation":0,"texture":"#1","tintindex":0},"west":{"uv":[9.0,4.25,9.25,4.375],"rotation":0,"texture":"#1","tintindex":0},"up":{"uv":[9.25,4.875,9.0,4.75],"rotation":270,"texture":"#1","tintindex":0},"down":{"uv":[9.25,5.0,9.0,5.125],"rotation":90,"texture":"#1","tintindex":0}}},{"from":[-3.0693293,6.788383,8.714286],"to":[-2.4979,7.074097,9.857143],"rotation":{"angle":45.0,"axis":"x","origin":[15.159243,8.216954,8.857143]},"faces":{"east":{"uv":[9.0,3.25,9.25,3.375],"rotation":0,"texture":"#1","tintindex":0},"south":{"uv":[3.375,9.125,3.5,9.25],"rotation":0,"texture":"#1","tintindex":0},"north":{"uv":[9.125,2.875,9.25,3.0],"rotation":0,"texture":"#1","tintindex":0},"west":{"uv":[1.625,6.375,1.875,6.5],"rotation":0,"texture":"#1","tintindex":0},"up":{"uv":[9.25,3.625,9.0,3.5],"rotation":270,"texture":"#1","tintindex":0},"down":{"uv":[9.25,4.0,9.0,4.125],"rotation":90,"texture":"#1","tintindex":0}}},{"from":[-3.0693293,6.788383,8.428572],"to":[-2.4979,8.502668,8.714286],"rotation":{"angle":45.0,"axis":"x","origin":[15.159243,8.216954,8.857143]},"faces":{"east":{"uv":[0.25,8.875,0.375,9.25],"rotation":0,"texture":"#1","tintindex":0},"south":{"uv":[0.5,8.875,0.625,9.25],"rotation":0,"texture":"#1","tintindex":0},"north":{"uv":[8.75,8.625,8.875,9.0],"rotation":0,"texture":"#1","tintindex":0},"west":{"uv":[6.875,8.75,7.0,9.125],"rotation":0,"texture":"#1","tintindex":0},"up":{"uv":[9.25,2.0,9.125,1.875],"rotation":270,"texture":"#1","tintindex":0},"down":{"uv":[9.25,2.125,9.125,2.25],"rotation":90,"texture":"#1","tintindex":0}}},{"from":[-3.0693293,6.788383,9.857143],"to":[-2.4979,8.502668,10.142858],"rotation":{"angle":45.0,"axis":"x","origin":[15.159243,8.216954,8.857143]},"faces":{"east":{"uv":[8.875,2.375,9.0,2.75],"rotation":0,"texture":"#1","tintindex":0},"south":{"uv":[2.875,8.875,3.0,9.25],"rotation":0,"texture":"#1","tintindex":0},"north":{"uv":[8.875,1.875,9.0,2.25],"rotation":0,"texture":"#1","tintindex":0},"west":{"uv":[8.875,0.875,9.0,1.25],"rotation":0,"texture":"#1","tintindex":0},"up":{"uv":[9.25,2.5,9.125,2.375],"rotation":270,"texture":"#1","tintindex":0},"down":{"uv":[9.25,2.625,9.125,2.75],"rotation":90,"texture":"#1","tintindex":0}}},{"from":[-3.0693293,8.216954,8.714286],"to":[-2.4979,8.502668,9.857143],"rotation":{"angle":45.0,"axis":"x","origin":[15.159243,8.216954,8.857143]},"faces":{"east":{"uv":[9.0,4.5,9.25,4.625],"rotation":0,"texture":"#1","tintindex":0},"south":{"uv":[4.75,9.125,4.875,9.25],"rotation":0,"texture":"#1","tintindex":0},"north":{"uv":[3.625,9.125,3.75,9.25],"rotation":0,"texture":"#1","tintindex":0},"west":{"uv":[9.0,4.25,9.25,4.375],"rotation":0,"texture":"#1","tintindex":0},"up":{"uv":[9.25,4.875,9.0,4.75],"rotation":270,"texture":"#1","tintindex":0},"down":{"uv":[9.25,5.0,9.0,5.125],"rotation":90,"texture":"#1","tintindex":0}}},{"from":[7.159243,5.645526,6.285714],"to":[7.7306714,9.645526,10.285714],"rotation":{"angle":45.0,"axis":"x","origin":[15.159243,8.216954,8.857143]},"faces":{"east":{"uv":[5.5,5.0,6.375,5.875],"rotation":0,"texture":"#1","tintindex":0},"south":{"uv":[0.625,7.875,0.75,8.75],"rotation":0,"texture":"#1","tintindex":0},"north":{"uv":[0.375,7.875,0.5,8.75],"rotation":0,"texture":"#1","tintindex":0},"west":{"uv":[0.0,5.5,0.875,6.375],"rotation":0,"texture":"#1","tintindex":0},"up":{"uv":[5.375,4.125,4.5,4.0],"rotation":270,"texture":"#1","tintindex":0},"down":{"uv":[6.0,7.875,5.125,8.0],"rotation":90,"texture":"#1","tintindex":0}}},{"from":[8.3021,5.7883825,5.714286],"to":[13.444958,10.359812,10.285714],"rotation":{"angle":0.0,"axis":"y","origin":[10.587814,-10.2116165,11.428572]},"faces":{"east":{"uv":[3.125,5.5,4.125,6.5],"rotation":0,"texture":"#1","tintindex":0},"south":{"uv":[3.25,3.125,4.375,4.125],"rotation":0,"texture":"#1","tintindex":0},"north":{"uv":[3.25,2.0,4.375,3.0],"rotation":0,"texture":"#1","tintindex":0},"west":{"uv":[2.0,4.5,3.0,5.5],"rotation":0,"texture":"#1","tintindex":0},"up":{"uv":[4.25,5.375,3.25,4.25],"rotation":270,"texture":"#1","tintindex":0},"down":{"uv":[5.375,4.25,4.375,5.375],"rotation":90,"texture":"#1","tintindex":0}}},{"from":[7.7306714,6.3598113,5.142857],"to":[8.3021,10.359812,10.857143],"rotation":{"angle":0.0,"axis":"y","origin":[10.587814,-10.2116165,11.428572]},"faces":{"east":{"uv":[4.5,2.0,5.75,2.875],"rotation":0,"texture":"#1","tintindex":0},"south":{"uv":[3.25,7.875,3.375,8.75],"rotation":0,"texture":"#1","tintindex":0},"north":{"uv":[3.0,7.875,3.125,8.75],"rotation":0,"texture":"#1","tintindex":0},"west":{"uv":[4.5,0.0,5.75,0.875],"rotation":0,"texture":"#1","tintindex":0},"up":{"uv":[8.0,1.0,6.75,0.875],"rotation":270,"texture":"#1","tintindex":0},"down":{"uv":[8.0,1.125,6.75,1.25],"rotation":90,"texture":"#1","tintindex":0}}},{"from":[7.7306714,10.359812,5.714286],"to":[8.3021,10.93124,10.285714],"rotation":{"angle":0.0,"axis":"y","origin":[10.587814,-10.2116165,11.428572]},"faces":{"east":{"uv":[7.25,4.75,8.25,4.875],"rotation":0,"texture":"#1","tintindex":0},"south":{"uv":[5.5,9.125,5.625,9.25],"rotation":0,"texture":"#1","tintindex":0},"north":{"uv":[5.0,9.125,5.125,9.25],"rotation":0,"texture":"#1","tintindex":0},"west":{"uv":[7.0,0.375,8.0,0.5],"rotation":0,"texture":"#1","tintindex":0},"up":{"uv":[8.375,3.625,7.375,3.5],"rotation":270,"texture":"#1","tintindex":0},"down":{"uv":[3.375,7.625,2.375,7.75],"rotation":90,"texture":"#1","tintindex":0}}},{"from":[7.7329574,10.076384,5.2634897],"to":[8.299814,10.64324,6.066061],"rotation":{"angle":-45.0,"axis":"x","origin":[8.016386,10.359812,5.546918]},"faces":{"east":{"uv":[0.0,9.25,0.125,9.375],"rotation":0,"texture":"#1","tintindex":0},"south":{"uv":[0.75,9.25,0.875,9.375],"rotation":0,"texture":"#1","tintindex":0},"north":{"uv":[8.75,9.125,8.875,9.25],"rotation":0,"texture":"#1","tintindex":0},"west":{"uv":[7.375,9.125,7.5,9.25],"rotation":0,"texture":"#1","tintindex":0},"up":{"uv":[1.125,9.375,1.0,9.25],"rotation":270,"texture":"#1","tintindex":0},"down":{"uv":[1.375,9.25,1.25,9.375],"rotation":90,"texture":"#1","tintindex":0}}},{"from":[7.7329574,10.076384,9.933939],"to":[8.299814,10.64324,10.73651],"rotation":{"angle":45.0,"axis":"x","origin":[8.016386,10.359812,10.453082]},"faces":{"east":{"uv":[2.0,9.25,2.125,9.375],"rotation":0,"texture":"#1","tintindex":0},"south":{"uv":[2.25,9.25,2.375,9.375],"rotation":0,"texture":"#1","tintindex":0},"north":{"uv":[1.75,9.25,1.875,9.375],"rotation":0,"texture":"#1","tintindex":0},"west":{"uv":[1.5,9.25,1.625,9.375],"rotation":0,"texture":"#1","tintindex":0},"up":{"uv":[2.625,9.375,2.5,9.25],"rotation":270,"texture":"#1","tintindex":0},"down":{"uv":[4.0,9.25,3.875,9.375],"rotation":90,"texture":"#1","tintindex":0}}},{"from":[7.7329574,6.0763826,5.2634897],"to":[8.299814,6.64324,6.066061],"rotation":{"angle":45.0,"axis":"x","origin":[8.016386,6.3598113,5.546918]},"faces":{"east":{"uv":[6.0,9.25,6.125,9.375],"rotation":0,"texture":"#1","tintindex":0},"south":{"uv":[9.25,6.0,9.375,6.125],"rotation":0,"texture":"#1","tintindex":0},"north":{"uv":[9.25,5.75,9.375,5.875],"rotation":0,"texture":"#1","tintindex":0},"west":{"uv":[4.125,9.25,4.25,9.375],"rotation":0,"texture":"#1","tintindex":0},"up":{"uv":[6.375,9.375,6.25,9.25],"rotation":270,"texture":"#1","tintindex":0},"down":{"uv":[9.375,6.25,9.25,6.375],"rotation":90,"texture":"#1","tintindex":0}}},{"from":[7.7329574,6.0763826,9.933939],"to":[8.299814,6.64324,10.73651],"rotation":{"angle":-45.0,"axis":"x","origin":[8.016386,6.3598113,10.453082]},"faces":{"east":{"uv":[9.25,6.75,9.375,6.875],"rotation":0,"texture":"#1","tintindex":0},"south":{"uv":[9.25,7.0,9.375,7.125],"rotation":0,"texture":"#1","tintindex":0},"north":{"uv":[6.75,9.25,6.875,9.375],"rotation":0,"texture":"#1","tintindex":0},"west":{"uv":[6.5,9.25,6.625,9.375],"rotation":0,"texture":"#1","tintindex":0},"up":{"uv":[9.375,7.375,9.25,7.25],"rotation":270,"texture":"#1","tintindex":0},"down":{"uv":[9.375,7.5,9.25,7.625],"rotation":90,"texture":"#1","tintindex":0}}},{"from":[7.7306714,5.7883825,5.714286],"to":[8.3021,6.3598113,10.285714],"rotation":{"angle":0.0,"axis":"y","origin":[10.587814,-10.2116165,11.428572]},"faces":{"east":{"uv":[5.125,7.625,6.125,7.75],"rotation":0,"texture":"#1","tintindex":0},"south":{"uv":[9.25,8.0,9.375,8.125],"rotation":0,"texture":"#1","tintindex":0},"north":{"uv":[9.25,7.75,9.375,7.875],"rotation":0,"texture":"#1","tintindex":0},"west":{"uv":[7.625,5.0,8.625,5.125],"rotation":0,"texture":"#1","tintindex":0},"up":{"uv":[8.625,5.375,7.625,5.25],"rotation":270,"texture":"#1","tintindex":0},"down":{"uv":[8.625,5.5,7.625,5.625],"rotation":90,"texture":"#1","tintindex":0}}},{"from":[13.447243,6.0763826,5.2634897],"to":[14.014101,6.64324,6.066061],"rotation":{"angle":45.0,"axis":"x","origin":[13.730672,6.3598113,5.546918]},"faces":{"east":{"uv":[9.25,9.25,9.375,9.375],"rotation":0,"texture":"#1","tintindex":0},"south":{"uv":[9.375,0.0,9.5,0.125],"rotation":0,"texture":"#1","tintindex":0},"north":{"uv":[9.0,9.25,9.125,9.375],"rotation":0,"texture":"#1","tintindex":0},"west":{"uv":[9.25,8.625,9.375,8.75],"rotation":0,"texture":"#1","tintindex":0},"up":{"uv":[0.375,9.5,0.25,9.375],"rotation":270,"texture":"#1","tintindex":0},"down":{"uv":[0.625,9.375,0.5,9.5],"rotation":90,"texture":"#1","tintindex":0}}},{"from":[13.447243,6.0763826,9.933939],"to":[14.014101,6.64324,10.73651],"rotation":{"angle":-45.0,"axis":"x","origin":[13.730672,6.3598113,10.453082]},"faces":{"east":{"uv":[9.375,1.875,9.5,2.0],"rotation":0,"texture":"#1","tintindex":0},"south":{"uv":[9.375,2.125,9.5,2.25],"rotation":0,"texture":"#1","tintindex":0},"north":{"uv":[9.375,1.25,9.5,1.375],"rotation":0,"texture":"#1","tintindex":0},"west":{"uv":[9.375,1.0,9.5,1.125],"rotation":0,"texture":"#1","tintindex":0},"up":{"uv":[9.5,2.5,9.375,2.375],"rotation":270,"texture":"#1","tintindex":0},"down":{"uv":[9.5,2.625,9.375,2.75],"rotation":90,"texture":"#1","tintindex":0}}},{"from":[13.447243,10.076384,5.2634897],"to":[14.014101,10.64324,6.066061],"rotation":{"angle":-45.0,"axis":"x","origin":[13.730672,10.359812,5.546918]},"faces":{"east":{"uv":[3.0,9.375,3.125,9.5],"rotation":0,"texture":"#1","tintindex":0},"south":{"uv":[9.375,3.125,9.5,3.25],"rotation":0,"texture":"#1","tintindex":0},"north":{"uv":[9.375,2.875,9.5,3.0],"rotation":0,"texture":"#1","tintindex":0},"west":{"uv":[2.75,9.375,2.875,9.5],"rotation":0,"texture":"#1","tintindex":0},"up":{"uv":[3.375,9.5,3.25,9.375],"rotation":270,"texture":"#1","tintindex":0},"down":{"uv":[9.5,3.375,9.375,3.5],"rotation":90,"texture":"#1","tintindex":0}}},{"from":[13.444958,10.359812,5.714286],"to":[14.016386,10.93124,10.285714],"rotation":{"angle":0.0,"axis":"y","origin":[16.302101,-10.2116165,11.428572]},"faces":{"east":{"uv":[7.625,6.25,8.625,6.375],"rotation":0,"texture":"#1","tintindex":0},"south":{"uv":[9.375,3.625,9.5,3.75],"rotation":0,"texture":"#1","tintindex":0},"north":{"uv":[3.5,9.375,3.625,9.5],"rotation":0,"texture":"#1","tintindex":0},"west":{"uv":[7.625,5.75,8.625,5.875],"rotation":0,"texture":"#1","tintindex":0},"up":{"uv":[8.625,6.625,7.625,6.5],"rotation":270,"texture":"#1","tintindex":0},"down":{"uv":[8.75,0.0,7.75,0.125],"rotation":90,"texture":"#1","tintindex":0}}},{"from":[13.444958,6.3598113,5.142857],"to":[14.016386,10.359812,10.857143],"rotation":{"angle":0.0,"axis":"y","origin":[16.302101,-10.2116165,11.428572]},"faces":{"east":{"uv":[5.375,1.0,6.625,1.875],"rotation":0,"texture":"#1","tintindex":0},"south":{"uv":[1.125,8.0,1.25,8.875],"rotation":0,"texture":"#1","tintindex":0},"north":{"uv":[0.875,8.0,1.0,8.875],"rotation":0,"texture":"#1","tintindex":0},"west":{"uv":[4.5,3.0,5.75,3.875],"rotation":0,"texture":"#1","tintindex":0},"up":{"uv":[8.0,1.5,6.75,1.375],"rotation":270,"texture":"#1","tintindex":0},"down":{"uv":[8.0,1.625,6.75,1.75],"rotation":90,"texture":"#1","tintindex":0}}},{"from":[16.87353,6.3598113,5.714286],"to":[18.587814,10.359812,10.285714],"rotation":{"angle":0.0,"axis":"y","origin":[16.302101,-10.2116165,11.428572]},"faces":{"east":{"uv":[4.25,5.5,5.25,6.375],"rotation":0,"texture":"#1","tintindex":0},"south":{"uv":[5.375,6.0,5.75,6.875],"rotation":0,"texture":"#1","tintindex":0},"north":{"uv":[5.875,3.0,6.25,3.875],"rotation":0,"texture":"#1","tintindex":0},"west":{"uv":[5.5,4.0,6.5,4.875],"rotation":0,"texture":"#1","tintindex":0},"up":{"uv":[6.875,2.375,5.875,2.0],"rotation":270,"texture":"#1","tintindex":0},"down":{"uv":[6.875,2.5,5.875,2.875],"rotation":90,"texture":"#1","tintindex":0}}},{"from":[16.816387,6.3026686,5.6571426],"to":[19.216387,7.5598116,10.342857],"rotation":{"angle":0.0,"axis":"y","origin":[16.302101,-10.2116165,11.428572]},"faces":{"east":{"uv":[5.875,6.25,6.875,6.5],"rotation":0,"texture":"#1","tintindex":0},"south":{"uv":[3.5,7.625,4.0,7.875],"rotation":0,"texture":"#1","tintindex":0},"north":{"uv":[0.875,7.625,1.375,7.875],"rotation":0,"texture":"#1","tintindex":0},"west":{"uv":[2.0,6.25,3.0,6.5],"rotation":0,"texture":"#1","tintindex":0},"up":{"uv":[3.0,6.125,2.0,5.625],"rotation":270,"texture":"#1","tintindex":0},"down":{"uv":[6.875,0.0,5.875,0.5],"rotation":90,"texture":"#1","tintindex":0}}},{"from":[18.587814,8.645526,6.857143],"to":[20.302101,9.7883835,9.142858],"rotation":{"angle":0.0,"axis":"y","origin":[16.302101,-10.2116165,11.428572]},"faces":{"east":{"uv":[7.75,1.875,8.25,2.125],"rotation":0,"texture":"#1","tintindex":0},"south":{"uv":[3.5,8.0,3.875,8.25],"rotation":0,"texture":"#1","tintindex":0},"north":{"uv":[1.875,8.0,2.25,8.25],"rotation":0,"texture":"#1","tintindex":0},"west":{"uv":[6.25,7.625,6.75,7.875],"rotation":0,"texture":"#1","tintindex":0},"up":{"uv":[1.5,6.75,1.0,6.375],"rotation":270,"texture":"#1","tintindex":0},"down":{"uv":[6.875,3.0,6.375,3.375],"rotation":90,"texture":"#1","tintindex":0}}},{"from":[13.444958,5.7883825,5.714286],"to":[14.016386,6.3598113,10.285714],"rotation":{"angle":0.0,"axis":"y","origin":[16.302101,-10.2116165,11.428572]},"faces":{"east":{"uv":[7.75,2.5,8.75,2.625],"rotation":0,"texture":"#1","tintindex":0},"south":{"uv":[9.375,4.125,9.5,4.25],"rotation":0,"texture":"#1","tintindex":0},"north":{"uv":[9.375,3.875,9.5,4.0],"rotation":0,"texture":"#1","tintindex":0},"west":{"uv":[7.75,2.25,8.75,2.375],"rotation":0,"texture":"#1","tintindex":0},"up":{"uv":[8.75,2.875,7.75,2.75],"rotation":270,"texture":"#1","tintindex":0},"down":{"uv":[8.75,3.75,7.75,3.875],"rotation":90,"texture":"#1","tintindex":0}}},{"from":[13.447243,10.076384,9.933939],"to":[14.014101,10.64324,10.73651],"rotation":{"angle":45.0,"axis":"x","origin":[13.730672,10.359812,10.453082]},"faces":{"east":{"uv":[4.625,9.375,4.75,9.5],"rotation":0,"texture":"#1","tintindex":0},"south":{"uv":[9.375,4.625,9.5,4.75],"rotation":0,"texture":"#1","tintindex":0},"north":{"uv":[9.375,4.375,9.5,4.5],"rotation":0,"texture":"#1","tintindex":0},"west":{"uv":[4.375,9.375,4.5,9.5],"rotation":0,"texture":"#1","tintindex":0},"up":{"uv":[5.0,9.5,4.875,9.375],"rotation":270,"texture":"#1","tintindex":0},"down":{"uv":[9.5,4.875,9.375,5.0],"rotation":90,"texture":"#1","tintindex":0}}},{"from":[18.416088,9.484975,6.8599997],"to":[20.12466,10.050689,9.14],"rotation":{"angle":-22.5,"axis":"z","origin":[19.270374,9.767832,5.714286]},"faces":{"east":{"uv":[3.5,8.375,4.0,8.5],"rotation":0,"texture":"#1","tintindex":0},"south":{"uv":[4.75,8.875,5.125,9.0],"rotation":0,"texture":"#1","tintindex":0},"north":{"uv":[8.875,3.75,9.25,3.875],"rotation":0,"texture":"#1","tintindex":0},"west":{"uv":[8.375,0.625,8.875,0.75],"rotation":0,"texture":"#1","tintindex":0},"up":{"uv":[6.875,3.875,6.375,3.5],"rotation":270,"texture":"#1","tintindex":0},"down":{"uv":[0.5,6.5,0.0,6.875],"rotation":90,"texture":"#1","tintindex":0}}},{"from":[16.832294,4.8700485,6.8599997],"to":[18.540867,6.007191,9.14],"rotation":{"angle":22.5,"axis":"z","origin":[17.68658,5.1529055,6.857143]},"faces":{"east":{"uv":[7.75,4.375,8.25,4.625],"rotation":0,"texture":"#1","tintindex":0},"south":{"uv":[8.125,0.25,8.5,0.5],"rotation":0,"texture":"#1","tintindex":0},"north":{"uv":[6.125,8.0,6.5,8.25],"rotation":0,"texture":"#1","tintindex":0},"west":{"uv":[7.75,4.0,8.25,4.25],"rotation":0,"texture":"#1","tintindex":0},"up":{"uv":[4.75,6.875,4.25,6.5],"rotation":270,"texture":"#1","tintindex":0},"down":{"uv":[7.0,5.0,6.5,5.375],"rotation":90,"texture":"#1","tintindex":0}}},{"from":[11.193478,4.739826,7.4314284],"to":[14.044907,5.876969,8.568571],"rotation":{"angle":45.0,"axis":"z","origin":[12.697763,5.2512546,8.0]},"faces":{"east":{"uv":[0.0,8.375,0.25,8.625],"rotation":0,"texture":"#1","tintindex":0},"south":{"uv":[7.0,1.875,7.625,2.125],"rotation":0,"texture":"#1","tintindex":0},"north":{"uv":[7.0,0.0,7.625,0.25],"rotation":0,"texture":"#1","tintindex":0},"west":{"uv":[1.875,7.125,2.125,7.375],"rotation":0,"texture":"#1","tintindex":0},"up":{"uv":[1.25,7.5,1.0,6.875],"rotation":270,"texture":"#1","tintindex":0},"down":{"uv":[0.25,7.0,0.0,7.625],"rotation":90,"texture":"#1","tintindex":0}}},{"from":[6.016386,5.216954,6.857143],"to":[16.87353,5.7883825,9.142858],"rotation":{"angle":0.0,"axis":"y","origin":[14.587814,-11.925903,11.428572]},"faces":{"east":{"uv":[8.375,4.25,8.875,4.375],"rotation":0,"texture":"#1","tintindex":0},"south":{"uv":[5.875,6.0,8.25,6.125],"rotation":0,"texture":"#1","tintindex":0},"north":{"uv":[5.875,0.625,8.25,0.75],"rotation":0,"texture":"#1","tintindex":0},"west":{"uv":[8.375,4.0,8.875,4.125],"rotation":0,"texture":"#1","tintindex":0},"up":{"uv":[2.5,4.375,2.0,2.0],"rotation":270,"texture":"#1","tintindex":0},"down":{"uv":[3.125,2.0,2.625,4.375],"rotation":90,"texture":"#1","tintindex":0}}},{"from":[4.3021,5.216954,6.857143],"to":[6.016386,6.3598113,9.142858],"rotation":{"angle":0.0,"axis":"y","origin":[14.587814,-11.925903,11.428572]},"faces":{"east":{"uv":[6.875,7.75,7.375,8.0],"rotation":0,"texture":"#1","tintindex":0},"south":{"uv":[8.125,1.25,8.5,1.5],"rotation":0,"texture":"#1","tintindex":0},"north":{"uv":[8.125,0.875,8.5,1.125],"rotation":0,"texture":"#1","tintindex":0},"west":{"uv":[7.75,6.75,8.25,7.0],"rotation":0,"texture":"#1","tintindex":0},"up":{"uv":[7.0,5.875,6.5,5.5],"rotation":270,"texture":"#1","tintindex":0},"down":{"uv":[2.125,6.625,1.625,7.0],"rotation":90,"texture":"#1","tintindex":0}}},{"from":[1.4449568,4.13124,7.714286],"to":[2.5878139,5.8455257,8.285714],"rotation":{"angle":0.0,"axis":"y","origin":[14.587814,-11.925903,11.428572]},"faces":{"east":{"uv":[7.125,8.875,7.25,9.25],"rotation":0,"texture":"#1","tintindex":0},"south":{"uv":[5.5,8.125,5.75,8.5],"rotation":0,"texture":"#1","tintindex":0},"north":{"uv":[5.125,8.125,5.375,8.5],"rotation":0,"texture":"#1","tintindex":0},"west":{"uv":[5.25,8.875,5.375,9.25],"rotation":0,"texture":"#1","tintindex":0},"up":{"uv":[0.5,7.25,0.375,7.0],"rotation":270,"texture":"#1","tintindex":0},"down":{"uv":[4.75,7.0,4.625,7.25],"rotation":90,"texture":"#1","tintindex":0}}},{"from":[1.3592429,5.1883826,7.6285715],"to":[2.6735282,5.93124,8.3714285],"rotation":{"angle":-22.5,"axis":"x","origin":[2.0163856,5.5598116,8.0]},"faces":{"east":{"uv":[9.375,5.125,9.5,5.25],"rotation":0,"texture":"#1","tintindex":0},"south":{"uv":[9.0,5.5,9.25,5.625],"rotation":0,"texture":"#1","tintindex":0},"north":{"uv":[9.0,5.25,9.25,5.375],"rotation":0,"texture":"#1","tintindex":0},"west":{"uv":[5.125,9.375,5.25,9.5],"rotation":0,"texture":"#1","tintindex":0},"up":{"uv":[5.875,9.25,5.75,9.0],"rotation":270,"texture":"#1","tintindex":0},"down":{"uv":[9.125,5.75,9.0,6.0],"rotation":90,"texture":"#1","tintindex":0}}},{"from":[1.0163856,5.3026686,7.742857],"to":[4.3878145,5.8169546,8.257143],"rotation":{"angle":0.0,"axis":"y","origin":[14.587814,-11.925903,11.428572]},"faces":{"east":{"uv":[9.375,5.375,9.5,5.5],"rotation":0,"texture":"#1","tintindex":0},"south":{"uv":[6.625,8.125,7.375,8.25],"rotation":0,"texture":"#1","tintindex":0},"north":{"uv":[8.125,1.625,8.875,1.75],"rotation":0,"texture":"#1","tintindex":0},"west":{"uv":[5.375,9.375,5.5,9.5],"rotation":0,"texture":"#1","tintindex":0},"up":{"uv":[6.0,8.875,5.875,8.125],"rotation":270,"texture":"#1","tintindex":0},"down":{"uv":[8.25,7.125,8.125,7.875],"rotation":90,"texture":"#1","tintindex":0}}},{"from":[4.8735285,4.074097,7.714286],"to":[5.444957,5.216954,8.285714],"rotation":{"angle":0.0,"axis":"y","origin":[14.587814,-11.925903,11.428572]},"faces":{"east":{"uv":[9.0,7.375,9.125,7.625],"rotation":0,"texture":"#1","tintindex":0},"south":{"uv":[9.0,8.625,9.125,8.875],"rotation":0,"texture":"#1","tintindex":0},"north":{"uv":[9.0,7.0,9.125,7.25],"rotation":0,"texture":"#1","tintindex":0},"west":{"uv":[9.0,6.125,9.125,6.375],"rotation":0,"texture":"#1","tintindex":0},"up":{"uv":[5.75,9.5,5.625,9.375],"rotation":270,"texture":"#1","tintindex":0},"down":{"uv":[9.5,6.5,9.375,6.625],"rotation":90,"texture":"#1","tintindex":0}}},{"from":[5.072742,2.5149326,7.7165713],"to":[5.639599,4.2246466,8.283428],"rotation":{"angle":22.5,"axis":"z","origin":[5.3561707,3.6555042,8.0]},"faces":{"east":{"uv":[8.25,8.875,8.375,9.25],"rotation":0,"texture":"#1","tintindex":0},"south":{"uv":[8.5,8.875,8.625,9.25],"rotation":0,"texture":"#1","tintindex":0},"north":{"uv":[8.0,8.875,8.125,9.25],"rotation":0,"texture":"#1","tintindex":0},"west":{"uv":[7.75,8.875,7.875,9.25],"rotation":0,"texture":"#1","tintindex":0},"up":{"uv":[7.125,9.5,7.0,9.375],"rotation":270,"texture":"#1","tintindex":0},"down":{"uv":[7.375,9.375,7.25,9.5],"rotation":90,"texture":"#1","tintindex":0}}},{"from":[11.159243,2.93124,7.428571],"to":[12.3021,5.216954,8.571428],"rotation":{"angle":0.0,"axis":"y","origin":[14.587814,-11.925903,11.428572]},"faces":{"east":{"uv":[4.125,7.75,4.375,8.25],"rotation":0,"texture":"#1","tintindex":0},"south":{"uv":[7.75,7.125,8.0,7.625],"rotation":0,"texture":"#1","tintindex":0},"north":{"uv":[0.0,7.75,0.25,8.25],"rotation":0,"texture":"#1","tintindex":0},"west":{"uv":[1.5,7.625,1.75,8.125],"rotation":0,"texture":"#1","tintindex":0},"up":{"uv":[4.375,8.625,4.125,8.375],"rotation":270,"texture":"#1","tintindex":0},"down":{"uv":[8.625,4.5,8.375,4.75],"rotation":90,"texture":"#1","tintindex":0}}},{"from":[10.530672,2.302668,7.3714285],"to":[12.359243,2.9883828,8.6285715],"rotation":{"angle":0.0,"axis":"y","origin":[14.587814,-11.925903,11.428572]},"faces":{"east":{"uv":[9.0,9.0,9.25,9.125],"rotation":0,"texture":"#1","tintindex":0},"south":{"uv":[9.0,0.5,9.375,0.625],"rotation":0,"texture":"#1","tintindex":0},"north":{"uv":[8.875,8.375,9.25,8.5],"rotation":0,"texture":"#1","tintindex":0},"west":{"uv":[9.0,6.5,9.25,6.625],"rotation":0,"texture":"#1","tintindex":0},"up":{"uv":[7.75,8.5,7.5,8.125],"rotation":270,"texture":"#1","tintindex":0},"down":{"uv":[8.125,8.125,7.875,8.5],"rotation":90,"texture":"#1","tintindex":0}}},{"from":[6.6220493,4.739826,7.4314284],"to":[9.473477,5.876969,8.568571],"rotation":{"angle":45.0,"axis":"z","origin":[8.126335,5.2512546,8.0]},"faces":{"east":{"uv":[6.5,8.375,6.75,8.625],"rotation":0,"texture":"#1","tintindex":0},"south":{"uv":[7.0,2.625,7.625,2.875],"rotation":0,"texture":"#1","tintindex":0},"north":{"uv":[7.0,2.25,7.625,2.5],"rotation":0,"texture":"#1","tintindex":0},"west":{"uv":[6.125,8.375,6.375,8.625],"rotation":0,"texture":"#1","tintindex":0},"up":{"uv":[7.25,3.625,7.0,3.0],"rotation":270,"texture":"#1","tintindex":0},"down":{"uv":[4.5,7.0,4.25,7.625],"rotation":90,"texture":"#1","tintindex":0}}},{"from":[6.4521,2.4883828,7.428571],"to":[7.5949574,5.916954,8.571428],"rotation":{"angle":-22.5,"axis":"z","origin":[7.159243,4.074097,8.0]},"faces":{"east":{"uv":[2.25,6.625,2.5,7.375],"rotation":0,"texture":"#1","tintindex":0},"south":{"uv":[2.625,6.625,2.875,7.375],"rotation":0,"texture":"#1","tintindex":0},"north":{"uv":[4.875,6.5,5.125,7.25],"rotation":0,"texture":"#1","tintindex":0},"west":{"uv":[0.625,6.5,0.875,7.25],"rotation":0,"texture":"#1","tintindex":0},"up":{"uv":[8.625,7.0,8.375,6.75],"rotation":270,"texture":"#1","tintindex":0},"down":{"uv":[7.125,8.375,6.875,8.625],"rotation":90,"texture":"#1","tintindex":0}}},{"from":[5.3949575,1.8669538,7.3714285],"to":[7.223529,2.5526686,8.6285715],"rotation":{"angle":-22.5,"axis":"z","origin":[6.8735285,2.6455255,8.0]},"faces":{"east":{"uv":[9.125,0.75,9.375,0.875],"rotation":0,"texture":"#1","tintindex":0},"south":{"uv":[1.625,9.0,2.0,9.125],"rotation":0,"texture":"#1","tintindex":0},"north":{"uv":[0.75,9.0,1.125,9.125],"rotation":0,"texture":"#1","tintindex":0},"west":{"uv":[9.125,0.25,9.375,0.375],"rotation":0,"texture":"#1","tintindex":0},"up":{"uv":[1.625,8.625,1.375,8.25],"rotation":270,"texture":"#1","tintindex":0},"down":{"uv":[2.625,8.25,2.375,8.625],"rotation":90,"texture":"#1","tintindex":0}}},{"from":[16.87353,5.216954,6.857143],"to":[18.587814,6.3598113,9.142858],"rotation":{"angle":0.0,"axis":"y","origin":[14.587814,-11.925903,11.428572]},"faces":{"east":{"uv":[2.375,7.875,2.875,8.125],"rotation":0,"texture":"#1","tintindex":0},"south":{"uv":[8.25,8.0,8.625,8.25],"rotation":0,"texture":"#1","tintindex":0},"north":{"uv":[4.5,8.25,4.875,8.5],"rotation":0,"texture":"#1","tintindex":0},"west":{"uv":[7.5,7.75,8.0,8.0],"rotation":0,"texture":"#1","tintindex":0},"up":{"uv":[3.5,7.0,3.0,6.625],"rotation":270,"texture":"#1","tintindex":0},"down":{"uv":[4.125,6.625,3.625,7.0],"rotation":90,"texture":"#1","tintindex":0}}},{"from":[18.416088,6.6689343,6.8599997],"to":[20.12466,7.2346487,9.14],"rotation":{"angle":22.5,"axis":"z","origin":[19.270374,6.9517913,6.857143]},"faces":{"east":{"uv":[8.375,7.125,8.875,7.25],"rotation":0,"texture":"#1","tintindex":0},"south":{"uv":[2.125,9.0,2.5,9.125],"rotation":0,"texture":"#1","tintindex":0},"north":{"uv":[9.0,1.625,9.375,1.75],"rotation":0,"texture":"#1","tintindex":0},"west":{"uv":[8.375,6.0,8.875,6.125],"rotation":0,"texture":"#1","tintindex":0},"up":{"uv":[7.125,4.375,6.625,4.0],"rotation":270,"texture":"#1","tintindex":0},"down":{"uv":[7.125,4.5,6.625,4.875],"rotation":90,"texture":"#1","tintindex":0}}},{"from":[18.587814,6.93124,6.857143],"to":[20.302101,8.074098,9.142858],"rotation":{"angle":0.0,"axis":"y","origin":[16.302101,-10.2116165,11.428572]},"faces":{"east":{"uv":[4.5,7.875,5.0,8.125],"rotation":0,"texture":"#1","tintindex":0},"south":{"uv":[8.375,1.875,8.75,2.125],"rotation":0,"texture":"#1","tintindex":0},"north":{"uv":[1.75,8.375,2.125,8.625],"rotation":0,"texture":"#1","tintindex":0},"west":{"uv":[7.875,3.0,8.375,3.25],"rotation":0,"texture":"#1","tintindex":0},"up":{"uv":[6.375,7.0,5.875,6.625],"rotation":270,"texture":"#1","tintindex":0},"down":{"uv":[7.0,6.625,6.5,7.0],"rotation":90,"texture":"#1","tintindex":0}}},{"from":[19.73067,8.074098,6.857143],"to":[20.302101,8.645526,9.142858],"rotation":{"angle":0.0,"axis":"y","origin":[16.302101,-10.2116165,11.428572]},"faces":{"east":{"uv":[8.375,7.625,8.875,7.75],"rotation":0,"texture":"#1","tintindex":0},"south":{"uv":[7.75,9.375,7.875,9.5],"rotation":0,"texture":"#1","tintindex":0},"north":{"uv":[7.5,9.375,7.625,9.5],"rotation":0,"texture":"#1","tintindex":0},"west":{"uv":[8.375,7.375,8.875,7.5],"rotation":0,"texture":"#1","tintindex":0},"up":{"uv":[8.75,8.5,8.25,8.375],"rotation":270,"texture":"#1","tintindex":0},"down":{"uv":[9.0,3.0,8.5,3.125],"rotation":90,"texture":"#1","tintindex":0}}}],"display":{"head":{"translation":[0.0,-6.4,0.0],"scale":[4.0,4.0,4.0]}}}