{"textures":{"0":"modelengine:entity/em_cursed_santa"},"elements":[{"from":[7.028571,5.712494,7.3142858],"to":[8.971429,7.0839224,10.4],"rotation":{"angle":0.0,"axis":"y","origin":[6.9142857,-1.3160772,8.285714]},"faces":{"east":{"uv":[1.877,8.9395,2.248,9.123],"rotation":0,"texture":"#0","tintindex":0},"south":{"uv":[2.627,9.3145,2.873,9.498],"rotation":0,"texture":"#0","tintindex":0},"north":{"uv":[2.3145,9.3145,2.5605,9.498],"rotation":0,"texture":"#0","tintindex":0},"west":{"uv":[8.9395,4.627,9.3105,4.8105],"rotation":0,"texture":"#0","tintindex":0},"up":{"uv":[2.748,6.623,2.502,6.252],"rotation":0,"texture":"#0","tintindex":0},"down":{"uv":[4.248,6.8145,4.002,7.1855],"rotation":0,"texture":"#0","tintindex":0}}},{"from":[5.997143,10.923923,7.004286],"to":[7.717143,12.0724945,8.152857],"rotation":{"angle":-22.5,"axis":"z","origin":[6.857143,11.083922,8.721429]},"faces":{"east":{"uv":[6.0645,10.0645,6.1855,10.1855],"rotation":0,"texture":"#0","tintindex":0},"south":{"uv":[9.752,1.1895,9.9355,1.3105],"rotation":0,"texture":"#0","tintindex":0},"north":{"uv":[0.502,9.752,0.6855,9.873],"rotation":0,"texture":"#0","tintindex":0},"west":{"uv":[6.252,10.0645,6.373,10.1855],"rotation":0,"texture":"#0","tintindex":0},"up":{"uv":[9.9355,1.498,9.752,1.377],"rotation":0,"texture":"#0","tintindex":0},"down":{"uv":[9.9355,1.5645,9.752,1.6855],"rotation":0,"texture":"#0","tintindex":0}}},{"from":[8.282857,10.123922,6.9114285],"to":[10.002857,11.272494,8.06],"rotation":{"angle":22.5,"axis":"z","origin":[9.142858,10.283922,8.6285715]},"faces":{"east":{"uv":[6.8145,10.0645,6.9355,10.1855],"rotation":0,"texture":"#0","tintindex":0},"south":{"uv":[9.752,5.627,9.9355,5.748],"rotation":0,"texture":"#0","tintindex":0},"north":{"uv":[9.752,5.4395,9.9355,5.5605],"rotation":0,"texture":"#0","tintindex":0},"west":{"uv":[7.002,10.0645,7.123,10.1855],"rotation":0,"texture":"#0","tintindex":0},"up":{"uv":[9.9355,5.9355,9.752,5.8145],"rotation":0,"texture":"#0","tintindex":0},"down":{"uv":[9.9355,6.002,9.752,6.123],"rotation":0,"texture":"#0","tintindex":0}}},{"from":[5.997143,10.123922,6.9114285],"to":[7.717143,11.272494,8.06],"rotation":{"angle":-22.5,"axis":"z","origin":[6.857143,10.283922,8.6285715]},"faces":{"east":{"uv":[6.4395,10.0645,6.5605,10.1855],"rotation":0,"texture":"#0","tintindex":0},"south":{"uv":[9.752,3.627,9.9355,3.748],"rotation":0,"texture":"#0","tintindex":0},"north":{"uv":[9.752,1.752,9.9355,1.873],"rotation":0,"texture":"#0","tintindex":0},"west":{"uv":[6.627,10.0645,6.748,10.1855],"rotation":0,"texture":"#0","tintindex":0},"up":{"uv":[9.9355,5.1855,9.752,5.0645],"rotation":0,"texture":"#0","tintindex":0},"down":{"uv":[9.9355,5.252,9.752,5.373],"rotation":0,"texture":"#0","tintindex":0}}},{"from":[5.997143,9.209637,7.004286],"to":[7.717143,10.358209,8.152857],"rotation":{"angle":-22.5,"axis":"z","origin":[6.857143,9.369637,8.721429]},"faces":{"east":{"uv":[10.0645,9.5645,10.1855,9.6855],"rotation":0,"texture":"#0","tintindex":0},"south":{"uv":[7.3145,9.752,7.498,9.873],"rotation":0,"texture":"#0","tintindex":0},"north":{"uv":[7.0645,9.752,7.248,9.873],"rotation":0,"texture":"#0","tintindex":0},"west":{"uv":[10.0645,9.877,10.1855,9.998],"rotation":0,"texture":"#0","tintindex":0},"up":{"uv":[7.748,9.873,7.5645,9.752],"rotation":0,"texture":"#0","tintindex":0},"down":{"uv":[9.9355,7.752,9.752,7.873],"rotation":0,"texture":"#0","tintindex":0}}},{"from":[8.282857,9.209637,7.004286],"to":[10.002857,10.358209,8.152857],"rotation":{"angle":22.5,"axis":"z","origin":[9.142858,9.369637,8.721429]},"faces":{"east":{"uv":[7.1895,10.0645,7.3105,10.1855],"rotation":0,"texture":"#0","tintindex":0},"south":{"uv":[6.3145,9.752,6.498,9.873],"rotation":0,"texture":"#0","tintindex":0},"north":{"uv":[6.0645,9.752,6.248,9.873],"rotation":0,"texture":"#0","tintindex":0},"west":{"uv":[7.377,10.0645,7.498,10.1855],"rotation":0,"texture":"#0","tintindex":0},"up":{"uv":[6.748,9.873,6.5645,9.752],"rotation":0,"texture":"#0","tintindex":0},"down":{"uv":[6.998,9.752,6.8145,9.873],"rotation":0,"texture":"#0","tintindex":0}}},{"from":[8.282857,10.923923,7.004286],"to":[10.002857,12.0724945,8.152857],"rotation":{"angle":22.5,"axis":"z","origin":[9.142858,11.083922,8.721429]},"faces":{"east":{"uv":[4.502,10.0645,4.623,10.1855],"rotation":0,"texture":"#0","tintindex":0},"south":{"uv":[9.752,0.002,9.9355,0.123],"rotation":0,"texture":"#0","tintindex":0},"north":{"uv":[9.6895,7.252,9.873,7.373],"rotation":0,"texture":"#0","tintindex":0},"west":{"uv":[4.6895,10.0645,4.8105,10.1855],"rotation":0,"texture":"#0","tintindex":0},"up":{"uv":[9.9355,0.3105,9.752,0.1895],"rotation":0,"texture":"#0","tintindex":0},"down":{"uv":[9.9355,0.377,9.752,0.498],"rotation":0,"texture":"#0","tintindex":0}}},{"from":[10.290857,10.67929,6.9504075],"to":[10.857715,12.389004,7.517265],"rotation":{"angle":-45.0,"axis":"x","origin":[10.5742855,11.534147,7.233836]},"faces":{"east":{"uv":[7.3145,10.252,7.373,10.4355],"rotation":0,"texture":"#0","tintindex":0},"south":{"uv":[7.4395,10.252,7.498,10.4355],"rotation":0,"texture":"#0","tintindex":0},"north":{"uv":[7.1895,10.252,7.248,10.4355],"rotation":0,"texture":"#0","tintindex":0},"west":{"uv":[8.252,10.252,8.3105,10.4355],"rotation":0,"texture":"#0","tintindex":0},"up":{"uv":[4.3105,10.4355,4.252,10.377],"rotation":0,"texture":"#0","tintindex":0},"down":{"uv":[10.4355,4.252,10.377,4.3105],"rotation":0,"texture":"#0","tintindex":0}}},{"from":[10.288571,9.081065,6.997143],"to":[10.860001,11.938208,7.568571],"rotation":{"angle":0.0,"axis":"y","origin":[9.717143,8.223923,7.282857]},"faces":{"east":{"uv":[8.627,9.9395,8.6855,10.248],"rotation":0,"texture":"#0","tintindex":0},"south":{"uv":[8.752,9.9395,8.8105,10.248],"rotation":0,"texture":"#0","tintindex":0},"north":{"uv":[8.127,9.9395,8.1855,10.248],"rotation":0,"texture":"#0","tintindex":0},"west":{"uv":[9.0645,9.9395,9.123,10.248],"rotation":0,"texture":"#0","tintindex":0},"up":{"uv":[4.4355,10.4355,4.377,10.377],"rotation":0,"texture":"#0","tintindex":0},"down":{"uv":[10.4355,4.6895,10.377,4.748],"rotation":0,"texture":"#0","tintindex":0}}},{"from":[10.657227,7.781921,6.9942856],"to":[11.234369,8.930492,7.5714283],"rotation":{"angle":22.5,"axis":"z","origin":[10.0886545,8.070492,7.282857]},"faces":{"east":{"uv":[2.5645,10.3145,2.623,10.4355],"rotation":0,"texture":"#0","tintindex":0},"south":{"uv":[3.252,10.3145,3.3105,10.4355],"rotation":0,"texture":"#0","tintindex":0},"north":{"uv":[2.4395,10.3145,2.498,10.4355],"rotation":0,"texture":"#0","tintindex":0},"west":{"uv":[10.3145,3.252,10.373,3.373],"rotation":0,"texture":"#0","tintindex":0},"up":{"uv":[4.9355,10.4355,4.877,10.377],"rotation":0,"texture":"#0","tintindex":0},"down":{"uv":[10.4355,9.502,10.377,9.5605],"rotation":0,"texture":"#0","tintindex":0}}},{"from":[5.1422853,10.67929,6.9504075],"to":[5.7091427,12.389004,7.517265],"rotation":{"angle":-45.0,"axis":"x","origin":[5.425714,11.534147,7.233836]},"faces":{"east":{"uv":[0.502,10.3145,0.5605,10.498],"rotation":0,"texture":"#0","tintindex":0},"south":{"uv":[0.627,10.3145,0.6855,10.498],"rotation":0,"texture":"#0","tintindex":0},"north":{"uv":[0.377,10.3145,0.4355,10.498],"rotation":0,"texture":"#0","tintindex":0},"west":{"uv":[0.877,10.3145,0.9355,10.498],"rotation":0,"texture":"#0","tintindex":0},"up":{"uv":[5.0605,10.498,5.002,10.4395],"rotation":0,"texture":"#0","tintindex":0},"down":{"uv":[10.498,5.0645,10.4395,5.123],"rotation":0,"texture":"#0","tintindex":0}}},{"from":[5.14,9.081065,6.997143],"to":[5.7114286,11.938208,7.568571],"rotation":{"angle":0.0,"axis":"y","origin":[6.282857,8.223923,7.282857]},"faces":{"east":{"uv":[2.1895,10.002,2.248,10.3105],"rotation":0,"texture":"#0","tintindex":0},"south":{"uv":[2.3145,10.002,2.373,10.3105],"rotation":0,"texture":"#0","tintindex":0},"north":{"uv":[2.0645,10.002,2.123,10.3105],"rotation":0,"texture":"#0","tintindex":0},"west":{"uv":[4.002,10.002,4.0605,10.3105],"rotation":0,"texture":"#0","tintindex":0},"up":{"uv":[10.498,4.873,10.4395,4.8145],"rotation":0,"texture":"#0","tintindex":0},"down":{"uv":[10.498,4.9395,10.4395,4.998],"rotation":0,"texture":"#0","tintindex":0}}},{"from":[4.7656307,7.781921,6.9942856],"to":[5.342774,8.930492,7.5714283],"rotation":{"angle":-22.5,"axis":"z","origin":[5.9113455,8.070492,7.282857]},"faces":{"east":{"uv":[10.3145,5.4395,10.373,5.5605],"rotation":0,"texture":"#0","tintindex":0},"south":{"uv":[10.3145,5.627,10.373,5.748],"rotation":0,"texture":"#0","tintindex":0},"north":{"uv":[10.3145,5.252,10.373,5.373],"rotation":0,"texture":"#0","tintindex":0},"west":{"uv":[10.3145,5.8145,10.373,5.9355],"rotation":0,"texture":"#0","tintindex":0},"up":{"uv":[10.498,3.748,10.4395,3.6895],"rotation":0,"texture":"#0","tintindex":0},"down":{"uv":[10.498,4.502,10.4395,4.5605],"rotation":0,"texture":"#0","tintindex":0}}},{"from":[3.8132539,8.544537,6.7073865],"to":[5.532111,11.97768,6.711958],"rotation":{"angle":-45.0,"axis":"y","origin":[4.672683,9.975394,6.709672]},"faces":{"east":{"uv":[9.877,10.3145,9.877,10.6855],"rotation":0,"texture":"#0","tintindex":0},"south":{"uv":[5.002,8.9395,5.1855,9.3105],"rotation":0,"texture":"#0","tintindex":0},"north":{"uv":[0.252,8.9395,0.4355,9.3105],"rotation":0,"texture":"#0","tintindex":0},"west":{"uv":[2.377,10.377,2.377,10.748],"rotation":0,"texture":"#0","tintindex":0},"up":{"uv":[6.1855,1.502,6.002,1.502],"rotation":0,"texture":"#0","tintindex":0},"down":{"uv":[2.1855,6.1895,2.002,6.1895],"rotation":0,"texture":"#0","tintindex":0}}},{"from":[10.467889,8.544537,6.7073865],"to":[12.186747,11.97768,6.711958],"rotation":{"angle":45.0,"axis":"y","origin":[11.327317,9.975394,6.709672]},"faces":{"east":{"uv":[10.502,2.5645,10.502,2.9355],"rotation":0,"texture":"#0","tintindex":0},"south":{"uv":[8.9395,5.877,9.123,6.248],"rotation":0,"texture":"#0","tintindex":0},"north":{"uv":[5.252,8.9395,5.4355,9.3105],"rotation":0,"texture":"#0","tintindex":0},"west":{"uv":[2.627,10.502,2.627,10.873],"rotation":0,"texture":"#0","tintindex":0},"up":{"uv":[3.998,6.252,3.8145,6.252],"rotation":0,"texture":"#0","tintindex":0},"down":{"uv":[6.6855,0.8145,6.502,0.8145],"rotation":0,"texture":"#0","tintindex":0}}},{"from":[7.142857,7.9410653,7.4714284],"to":[8.857143,9.083922,9.671429],"rotation":{"angle":0.0,"axis":"y","origin":[8.0,2.226779,8.571428]},"faces":{"east":{"uv":[5.877,7.877,6.123,7.998],"rotation":0,"texture":"#0","tintindex":0},"south":{"uv":[7.0645,7.627,7.248,7.748],"rotation":0,"texture":"#0","tintindex":0},"north":{"uv":[1.002,5.752,1.1855,5.873],"rotation":0,"texture":"#0","tintindex":0},"west":{"uv":[8.627,9.5645,8.873,9.6855],"rotation":0,"texture":"#0","tintindex":0},"up":{"uv":[4.873,8.4355,4.6895,8.1895],"rotation":0,"texture":"#0","tintindex":0},"down":{"uv":[3.498,9.127,3.3145,9.373],"rotation":0,"texture":"#0","tintindex":0}}},{"from":[5.6,7.255351,7.3142858],"to":[10.4,8.055351,9.828571],"rotation":{"angle":0.0,"axis":"y","origin":[8.285714,0.51249313,8.442857]},"faces":{"east":{"uv":[4.4395,1.877,4.6855,1.9355],"rotation":0,"texture":"#0","tintindex":0},"south":{"uv":[9.5645,7.502,10.0605,7.5605],"rotation":0,"texture":"#0","tintindex":0},"north":{"uv":[9.5645,6.8145,10.0605,6.873],"rotation":0,"texture":"#0","tintindex":0},"west":{"uv":[2.5645,7.5645,2.8105,7.623],"rotation":0,"texture":"#0","tintindex":0},"up":{"uv":[8.0605,3.748,7.5645,3.502],"rotation":0,"texture":"#0","tintindex":0},"down":{"uv":[8.123,0.4395,7.627,0.6855],"rotation":0,"texture":"#0","tintindex":0}}},{"from":[3.8285713,7.0839224,6.857143],"to":[12.171429,8.569636,10.6285715],"rotation":{"angle":0.0,"axis":"y","origin":[7.714286,0.39820766,8.742857]},"faces":{"east":{"uv":[9.127,8.627,9.498,8.748],"rotation":0,"texture":"#0","tintindex":0},"south":{"uv":[8.252,0.1895,9.123,0.3105],"rotation":0,"texture":"#0","tintindex":0},"north":{"uv":[8.252,0.002,9.123,0.123],"rotation":0,"texture":"#0","tintindex":0},"west":{"uv":[9.127,8.8145,9.498,8.9355],"rotation":0,"texture":"#0","tintindex":0},"up":{"uv":[3.873,3.1855,3.002,2.8145],"rotation":0,"texture":"#0","tintindex":0},"down":{"uv":[4.0605,1.1895,3.1895,1.5605],"rotation":0,"texture":"#0","tintindex":0}}},{"from":[6.857143,8.055351,6.457143],"to":[9.142858,8.62678,7.028571],"rotation":{"angle":0.0,"axis":"y","origin":[7.714286,0.055350304,5.3142858]},"faces":{"east":{"uv":[10.4395,5.8145,10.498,5.873],"rotation":0,"texture":"#0","tintindex":0},"south":{"uv":[1.127,10.1895,1.373,10.248],"rotation":0,"texture":"#0","tintindex":0},"north":{"uv":[10.1895,0.627,10.4355,0.6855],"rotation":0,"texture":"#0","tintindex":0},"west":{"uv":[5.877,10.4395,5.9355,10.498],"rotation":0,"texture":"#0","tintindex":0},"up":{"uv":[1.6855,10.248,1.4395,10.1895],"rotation":0,"texture":"#0","tintindex":0},"down":{"uv":[2.6855,10.1895,2.4395,10.248],"rotation":0,"texture":"#0","tintindex":0}}},{"from":[6.857143,6.9124937,6.457143],"to":[9.142858,7.4839225,7.028571],"rotation":{"angle":0.0,"axis":"y","origin":[7.714286,-1.0875072,5.3142858]},"faces":{"east":{"uv":[10.4395,5.9395,10.498,5.998],"rotation":0,"texture":"#0","tintindex":0},"south":{"uv":[10.1895,2.8145,10.4355,2.873],"rotation":0,"texture":"#0","tintindex":0},"north":{"uv":[10.1895,2.6895,10.4355,2.748],"rotation":0,"texture":"#0","tintindex":0},"west":{"uv":[10.4395,6.0645,10.498,6.123],"rotation":0,"texture":"#0","tintindex":0},"up":{"uv":[10.4355,2.998,10.1895,2.9395],"rotation":0,"texture":"#0","tintindex":0},"down":{"uv":[3.498,10.1895,3.252,10.248],"rotation":0,"texture":"#0","tintindex":0}}},{"from":[8.571428,7.4839225,6.457143],"to":[9.142858,8.055351,7.028571],"rotation":{"angle":0.0,"axis":"y","origin":[7.714286,-0.516078,5.3142858]},"faces":{"east":{"uv":[10.4395,6.4395,10.498,6.498],"rotation":0,"texture":"#0","tintindex":0},"south":{"uv":[10.4395,6.5645,10.498,6.623],"rotation":0,"texture":"#0","tintindex":0},"north":{"uv":[10.4395,6.1895,10.498,6.248],"rotation":0,"texture":"#0","tintindex":0},"west":{"uv":[10.4395,6.8145,10.498,6.873],"rotation":0,"texture":"#0","tintindex":0},"up":{"uv":[10.498,6.998,10.4395,6.9395],"rotation":0,"texture":"#0","tintindex":0},"down":{"uv":[10.498,7.0645,10.4395,7.123],"rotation":0,"texture":"#0","tintindex":0}}},{"from":[6.857143,7.4839225,6.457143],"to":[7.428571,8.055351,7.028571],"rotation":{"angle":0.0,"axis":"y","origin":[6.0,-0.516078,5.3142858]},"faces":{"east":{"uv":[10.4395,7.3145,10.498,7.373],"rotation":0,"texture":"#0","tintindex":0},"south":{"uv":[10.4395,7.4395,10.498,7.498],"rotation":0,"texture":"#0","tintindex":0},"north":{"uv":[10.4395,7.1895,10.498,7.248],"rotation":0,"texture":"#0","tintindex":0},"west":{"uv":[10.4395,7.5645,10.498,7.623],"rotation":0,"texture":"#0","tintindex":0},"up":{"uv":[10.498,7.748,10.4395,7.6895],"rotation":0,"texture":"#0","tintindex":0},"down":{"uv":[10.498,7.8145,10.4395,7.873],"rotation":0,"texture":"#0","tintindex":0}}},{"from":[4.0,8.512494,7.428571],"to":[12.0,12.512494,10.285714],"rotation":{"angle":0.0,"axis":"y","origin":[8.0,1.0839219,8.0]},"faces":{"east":{"uv":[4.1895,7.6895,4.498,8.123],"rotation":0,"texture":"#0","tintindex":0},"south":{"uv":[1.752,2.0645,2.623,2.498],"rotation":0,"texture":"#0","tintindex":0},"north":{"uv":[0.8145,2.0645,1.6855,2.498],"rotation":0,"texture":"#0","tintindex":0},"west":{"uv":[4.5645,7.6895,4.873,8.123],"rotation":0,"texture":"#0","tintindex":0},"up":{"uv":[5.8105,2.8105,4.9395,2.502],"rotation":0,"texture":"#0","tintindex":0},"down":{"uv":[5.8105,2.877,4.9395,3.1855],"rotation":0,"texture":"#0","tintindex":0}}},{"from":[6.0,9.655351,10.167368],"to":[6.5714283,14.22678,10.738796],"rotation":{"angle":-45.0,"axis":"y","origin":[6.285714,11.083922,10.453082]},"faces":{"east":{"uv":[3.127,9.5645,3.1855,10.0605],"rotation":0,"texture":"#0","tintindex":0},"south":{"uv":[5.502,9.5645,5.5605,10.0605],"rotation":0,"texture":"#0","tintindex":0},"north":{"uv":[3.002,9.5645,3.0605,10.0605],"rotation":0,"texture":"#0","tintindex":0},"west":{"uv":[5.627,9.5645,5.6855,10.0605],"rotation":0,"texture":"#0","tintindex":0},"up":{"uv":[5.0605,8.873,5.002,8.8145],"rotation":0,"texture":"#0","tintindex":0},"down":{"uv":[9.1855,9.377,9.127,9.4355],"rotation":0,"texture":"#0","tintindex":0}}},{"from":[6.285714,9.369637,10.167368],"to":[9.714286,9.941065,10.738796],"rotation":{"angle":45.0,"axis":"x","origin":[8.285714,9.655351,10.453082]},"faces":{"east":{"uv":[2.752,8.752,2.8105,8.8105],"rotation":0,"texture":"#0","tintindex":0},"south":{"uv":[2.252,8.5645,2.623,8.623],"rotation":0,"texture":"#0","tintindex":0},"north":{"uv":[3.9395,4.502,4.3105,4.5605],"rotation":0,"texture":"#0","tintindex":0},"west":{"uv":[8.752,5.877,8.8105,5.9355],"rotation":0,"texture":"#0","tintindex":0},"up":{"uv":[4.373,9.748,4.002,9.6895],"rotation":0,"texture":"#0","tintindex":0},"down":{"uv":[10.0605,4.002,9.6895,4.0605],"rotation":0,"texture":"#0","tintindex":0}}},{"from":[9.428572,9.655351,10.167368],"to":[10.0,14.22678,10.738796],"rotation":{"angle":45.0,"axis":"y","origin":[9.714286,11.083922,10.453082]},"faces":{"east":{"uv":[0.252,9.5645,0.3105,10.0605],"rotation":0,"texture":"#0","tintindex":0},"south":{"uv":[0.377,9.5645,0.4355,10.0605],"rotation":0,"texture":"#0","tintindex":0},"north":{"uv":[0.127,9.5645,0.1855,10.0605],"rotation":0,"texture":"#0","tintindex":0},"west":{"uv":[2.877,9.5645,2.9355,10.0605],"rotation":0,"texture":"#0","tintindex":0},"up":{"uv":[8.0605,3.4355,8.002,3.377],"rotation":0,"texture":"#0","tintindex":0},"down":{"uv":[8.5605,2.0645,8.502,2.123],"rotation":0,"texture":"#0","tintindex":0}}},{"from":[6.285714,9.655351,10.285714],"to":[9.714286,14.22678,10.857143],"rotation":{"angle":0.0,"axis":"y","origin":[8.0,-1.2017927,9.142858]},"faces":{"east":{"uv":[8.377,9.5645,8.4355,10.0605],"rotation":0,"texture":"#0","tintindex":0},"south":{"uv":[6.877,6.752,7.248,7.248],"rotation":0,"texture":"#0","tintindex":0},"north":{"uv":[6.877,6.1895,7.248,6.6855],"rotation":0,"texture":"#0","tintindex":0},"west":{"uv":[8.502,9.5645,8.5605,10.0605],"rotation":0,"texture":"#0","tintindex":0},"up":{"uv":[10.0605,4.1855,9.6895,4.127],"rotation":0,"texture":"#0","tintindex":0},"down":{"uv":[4.8105,9.6895,4.4395,9.748],"rotation":0,"texture":"#0","tintindex":0}}}],"display":{"head":{"translation":[0.0,-6.4,0.0],"scale":[4.0,4.0,4.0]}}}