{"textures":{"0":"modelengine:entity/em_cursed_santa"},"elements":[{"from":[7.1445713,8.001715,7.716],"to":[8.855429,8.569715,8.284],"rotation":{"angle":0.0,"axis":"y","origin":[8.0,8.0,8.0]},"faces":{"east":{"uv":[9.002,10.3145,9.0605,10.373],"rotation":0,"texture":"#0","tintindex":0},"south":{"uv":[10.252,1.5645,10.4355,1.623],"rotation":0,"texture":"#0","tintindex":0},"north":{"uv":[8.627,1.3145,8.8105,1.373],"rotation":0,"texture":"#0","tintindex":0},"west":{"uv":[9.127,10.3145,9.1855,10.373],"rotation":0,"texture":"#0","tintindex":0},"up":{"uv":[10.4355,2.623,10.252,2.5645],"rotation":0,"texture":"#0","tintindex":0},"down":{"uv":[10.4355,3.4395,10.252,3.498],"rotation":0,"texture":"#0","tintindex":0}}}],"display":{"head":{"translation":[0.0,-6.4,0.0],"scale":[4.0,4.0,4.0]}}}