{
  "credit": "Made with Blockbench",
  "textures": {
    "3": "modelengine:entity/soldierswordanimated",
    "5": "modelengine:entity/soldierswordanimatedhalo"
  },
  "elements": [
    {
      "from": [
        7.66657,
        4.75223,
        -2.2242
      ],
      "to": [
        7.66657,
        14.46651,
        7.49009
      ],
      "rotation": {
        "angle": -45,
        "axis": "x",
        "origin": [
          7.86086,
          7.8608,
          4.50276
        ]
      },
      "faces": {
        "north": {
          "uv": [
            15.5,
            16,
            16,
            15.5
          ],
          "rotation": 180,
          "texture": "#5",
          "tintindex": 0
        },
        "east": {
          "uv": [
            16,
            16,
            0,
            0
          ],
          "rotation": 180,
          "texture": "#5",
          "tintindex": 0
        },
        "south": {
          "uv": [
            15.5,
            16,
            16,
            15.5
          ],
          "rotation": 180,
          "texture": "#5",
          "tintindex": 0
        },
        "west": {
          "uv": [
            0,
            16,
            16,
            0
          ],
          "rotation": 180,
          "texture": "#5",
          "tintindex": 0
        },
        "up": {
          "uv": [
            15.5,
            16,
            16,
            15.5
          ],
          "rotation": 180,
          "texture": "#5",
          "tintindex": 0
        },
        "down": {
          "uv": [
            15.5,
            16,
            16,
            15.5
          ],
          "rotation": 180,
          "texture": "#5",
          "tintindex": 0
        }
      }
    },
    {
      "from": [
        7.48086,
        10.96937,
        0.31295
      ],
      "to": [
        7.86943,
        12.91223,
        0.70152
      ],
      "rotation": {
        "angle": -45,
        "axis": "x",
        "origin": [
          7.67514,
          7.8608,
          4.50276
        ]
      },
      "faces": {
        "north": {
          "uv": [
            10,
            7,
            10.5,
            4.5
          ],
          "rotation": 180,
          "texture": "#3",
          "tintindex": 0
        },
        "east": {
          "uv": [
            10.5,
            7,
            10,
            4.5
          ],
          "rotation": 180,
          "texture": "#3",
          "tintindex": 0
        },
        "south": {
          "uv": [
            10,
            7,
            10.5,
            4.5
          ],
          "rotation": 180,
          "texture": "#3",
          "tintindex": 0
        },
        "west": {
          "uv": [
            10.5,
            4.5,
            10,
            7
          ],
          "texture": "#3",
          "tintindex": 0
        },
        "up": {
          "uv": [
            10,
            4.5,
            10.5,
            5
          ],
          "rotation": 270,
          "texture": "#3",
          "tintindex": 0
        },
        "down": {
          "uv": [
            10.5,
            6.5,
            10,
            7
          ],
          "rotation": 270,
          "texture": "#3",
          "tintindex": 0
        }
      }
    },
    {
      "from": [
        7.48086,
        10.19223,
        0.70152
      ],
      "to": [
        7.86943,
        12.52366,
        1.09009
      ],
      "rotation": {
        "angle": -45,
        "axis": "x",
        "origin": [
          7.67514,
          7.8608,
          4.50276
        ]
      },
      "faces": {
        "north": {
          "uv": [
            9.5,
            8,
            10,
            5
          ],
          "rotation": 180,
          "texture": "#3",
          "tintindex": 0
        },
        "east": {
          "uv": [
            10,
            8,
            9.5,
            5
          ],
          "rotation": 180,
          "texture": "#3",
          "tintindex": 0
        },
        "south": {
          "uv": [
            9.5,
            8,
            10,
            5
          ],
          "rotation": 180,
          "texture": "#3",
          "tintindex": 0
        },
        "west": {
          "uv": [
            10,
            5,
            9.5,
            8
          ],
          "texture": "#3",
          "tintindex": 0
        },
        "up": {
          "uv": [
            9.5,
            5,
            10,
            5.5
          ],
          "rotation": 270,
          "texture": "#3",
          "tintindex": 0
        },
        "down": {
          "uv": [
            10,
            7.5,
            9.5,
            8
          ],
          "rotation": 270,
          "texture": "#3",
          "tintindex": 0
        }
      }
    },
    {
      "from": [
        7.48086,
        9.80365,
        1.09009
      ],
      "to": [
        7.86943,
        12.13508,
        1.47866
      ],
      "rotation": {
        "angle": -45,
        "axis": "x",
        "origin": [
          7.67514,
          7.8608,
          4.50276
        ]
      },
      "faces": {
        "north": {
          "uv": [
            9,
            8.5,
            9.5,
            5.5
          ],
          "rotation": 180,
          "texture": "#3",
          "tintindex": 0
        },
        "east": {
          "uv": [
            9.5,
            8.5,
            9,
            5.5
          ],
          "rotation": 180,
          "texture": "#3",
          "tintindex": 0
        },
        "south": {
          "uv": [
            9,
            8.5,
            9.5,
            5.5
          ],
          "rotation": 180,
          "texture": "#3",
          "tintindex": 0
        },
        "west": {
          "uv": [
            9.5,
            5.5,
            9,
            8.5
          ],
          "texture": "#3",
          "tintindex": 0
        },
        "up": {
          "uv": [
            9,
            5.5,
            9.5,
            6
          ],
          "rotation": 270,
          "texture": "#3",
          "tintindex": 0
        },
        "down": {
          "uv": [
            9.5,
            8,
            9,
            8.5
          ],
          "rotation": 270,
          "texture": "#3",
          "tintindex": 0
        }
      }
    },
    {
      "from": [
        7.48086,
        9.80365,
        1.47866
      ],
      "to": [
        7.86943,
        11.74651,
        2.2558
      ],
      "rotation": {
        "angle": -45,
        "axis": "x",
        "origin": [
          7.67514,
          7.8608,
          4.50276
        ]
      },
      "faces": {
        "north": {
          "uv": [
            8.5,
            8.5,
            9,
            6
          ],
          "rotation": 180,
          "texture": "#3",
          "tintindex": 0
        },
        "east": {
          "uv": [
            9,
            8.5,
            8,
            6
          ],
          "rotation": 180,
          "texture": "#3",
          "tintindex": 0
        },
        "south": {
          "uv": [
            8,
            8.5,
            8.5,
            6
          ],
          "rotation": 180,
          "texture": "#3",
          "tintindex": 0
        },
        "west": {
          "uv": [
            9,
            6,
            8,
            8.5
          ],
          "texture": "#3",
          "tintindex": 0
        },
        "up": {
          "uv": [
            8,
            6,
            9,
            6.5
          ],
          "rotation": 270,
          "texture": "#3",
          "tintindex": 0
        },
        "down": {
          "uv": [
            9,
            8,
            8,
            8.5
          ],
          "rotation": 270,
          "texture": "#3",
          "tintindex": 0
        }
      }
    },
    {
      "from": [
        7.48086,
        9.02651,
        2.2558
      ],
      "to": [
        7.86943,
        11.35794,
        2.64438
      ],
      "rotation": {
        "angle": -45,
        "axis": "x",
        "origin": [
          7.67514,
          7.8608,
          4.50276
        ]
      },
      "faces": {
        "north": {
          "uv": [
            7.5,
            9.5,
            8,
            6.5
          ],
          "rotation": 180,
          "texture": "#3",
          "tintindex": 0
        },
        "east": {
          "uv": [
            8,
            9.5,
            7.5,
            6.5
          ],
          "rotation": 180,
          "texture": "#3",
          "tintindex": 0
        },
        "south": {
          "uv": [
            7.5,
            9.5,
            8,
            6.5
          ],
          "rotation": 180,
          "texture": "#3",
          "tintindex": 0
        },
        "west": {
          "uv": [
            8,
            6.5,
            7.5,
            9.5
          ],
          "texture": "#3",
          "tintindex": 0
        },
        "up": {
          "uv": [
            7.5,
            6.5,
            8,
            7
          ],
          "rotation": 270,
          "texture": "#3",
          "tintindex": 0
        },
        "down": {
          "uv": [
            8,
            9,
            7.5,
            9.5
          ],
          "rotation": 270,
          "texture": "#3",
          "tintindex": 0
        }
      }
    },
    {
      "from": [
        7.48086,
        8.63794,
        2.64438
      ],
      "to": [
        7.86943,
        10.5808,
        3.03295
      ],
      "rotation": {
        "angle": -45,
        "axis": "x",
        "origin": [
          7.67514,
          7.8608,
          4.50276
        ]
      },
      "faces": {
        "north": {
          "uv": [
            7,
            10,
            7.5,
            7.5
          ],
          "rotation": 180,
          "texture": "#3",
          "tintindex": 0
        },
        "east": {
          "uv": [
            7.5,
            10,
            7,
            7.5
          ],
          "rotation": 180,
          "texture": "#3",
          "tintindex": 0
        },
        "south": {
          "uv": [
            7,
            10,
            7.5,
            7.5
          ],
          "rotation": 180,
          "texture": "#3",
          "tintindex": 0
        },
        "west": {
          "uv": [
            7.5,
            7.5,
            7,
            10
          ],
          "texture": "#3",
          "tintindex": 0
        },
        "up": {
          "uv": [
            7,
            7.5,
            7.5,
            8
          ],
          "rotation": 270,
          "texture": "#3",
          "tintindex": 0
        },
        "down": {
          "uv": [
            7.5,
            9.5,
            7,
            10
          ],
          "rotation": 270,
          "texture": "#3",
          "tintindex": 0
        }
      }
    },
    {
      "from": [
        7.48086,
        8.24937,
        3.03295
      ],
      "to": [
        7.86943,
        10.19223,
        3.42152
      ],
      "rotation": {
        "angle": -45,
        "axis": "x",
        "origin": [
          7.67514,
          7.8608,
          4.50276
        ]
      },
      "faces": {
        "north": {
          "uv": [
            6.5,
            10.5,
            7,
            8
          ],
          "rotation": 180,
          "texture": "#3",
          "tintindex": 0
        },
        "east": {
          "uv": [
            7,
            10.5,
            6.5,
            8
          ],
          "rotation": 180,
          "texture": "#3",
          "tintindex": 0
        },
        "south": {
          "uv": [
            6.5,
            10.5,
            7,
            8
          ],
          "rotation": 180,
          "texture": "#3",
          "tintindex": 0
        },
        "west": {
          "uv": [
            7,
            8,
            6.5,
            10.5
          ],
          "texture": "#3",
          "tintindex": 0
        },
        "up": {
          "uv": [
            6.5,
            8,
            7,
            8.5
          ],
          "rotation": 270,
          "texture": "#3",
          "tintindex": 0
        },
        "down": {
          "uv": [
            7,
            10,
            6.5,
            10.5
          ],
          "rotation": 270,
          "texture": "#3",
          "tintindex": 0
        }
      }
    },
    {
      "from": [
        7.48086,
        7.8608,
        3.42152
      ],
      "to": [
        7.86943,
        9.80365,
        3.81009
      ],
      "rotation": {
        "angle": -45,
        "axis": "x",
        "origin": [
          7.67514,
          7.8608,
          4.50276
        ]
      },
      "faces": {
        "north": {
          "uv": [
            6,
            11,
            6.5,
            8.5
          ],
          "rotation": 180,
          "texture": "#3",
          "tintindex": 0
        },
        "east": {
          "uv": [
            6.5,
            11,
            6,
            8.5
          ],
          "rotation": 180,
          "texture": "#3",
          "tintindex": 0
        },
        "south": {
          "uv": [
            6,
            11,
            6.5,
            8.5
          ],
          "rotation": 180,
          "texture": "#3",
          "tintindex": 0
        },
        "west": {
          "uv": [
            6.5,
            8.5,
            6,
            11
          ],
          "texture": "#3",
          "tintindex": 0
        },
        "up": {
          "uv": [
            6,
            8.5,
            6.5,
            9
          ],
          "rotation": 270,
          "texture": "#3",
          "tintindex": 0
        },
        "down": {
          "uv": [
            6.5,
            10.5,
            6,
            11
          ],
          "rotation": 270,
          "texture": "#3",
          "tintindex": 0
        }
      }
    },
    {
      "from": [
        7.48086,
        9.41508,
        1.86723
      ],
      "to": [
        7.86943,
        9.80365,
        2.2558
      ],
      "rotation": {
        "angle": -45,
        "axis": "x",
        "origin": [
          7.67514,
          7.8608,
          4.50276
        ]
      },
      "faces": {
        "north": {
          "uv": [
            8,
            9,
            8.5,
            8.5
          ],
          "rotation": 180,
          "texture": "#3",
          "tintindex": 0
        },
        "east": {
          "uv": [
            8.5,
            9,
            8,
            8.5
          ],
          "rotation": 180,
          "texture": "#3",
          "tintindex": 0
        },
        "south": {
          "uv": [
            8,
            9,
            8.5,
            8.5
          ],
          "rotation": 180,
          "texture": "#3",
          "tintindex": 0
        },
        "west": {
          "uv": [
            8.5,
            8.5,
            8,
            9
          ],
          "texture": "#3",
          "tintindex": 0
        },
        "up": {
          "uv": [
            8,
            8.5,
            8.5,
            9
          ],
          "rotation": 270,
          "texture": "#3",
          "tintindex": 0
        },
        "down": {
          "uv": [
            8.5,
            8.5,
            8,
            9
          ],
          "rotation": 270,
          "texture": "#3",
          "tintindex": 0
        }
      }
    },
    {
      "from": [
        7.48086,
        7.47223,
        3.81009
      ],
      "to": [
        7.86943,
        9.41508,
        4.19866
      ],
      "rotation": {
        "angle": -45,
        "axis": "x",
        "origin": [
          7.67514,
          7.8608,
          4.50276
        ]
      },
      "faces": {
        "north": {
          "uv": [
            5.5,
            11.5,
            6,
            9
          ],
          "rotation": 180,
          "texture": "#3",
          "tintindex": 0
        },
        "east": {
          "uv": [
            6,
            11.5,
            5.5,
            9
          ],
          "rotation": 180,
          "texture": "#3",
          "tintindex": 0
        },
        "south": {
          "uv": [
            5.5,
            11.5,
            6,
            9
          ],
          "rotation": 180,
          "texture": "#3",
          "tintindex": 0
        },
        "west": {
          "uv": [
            6,
            9,
            5.5,
            11.5
          ],
          "texture": "#3",
          "tintindex": 0
        },
        "up": {
          "uv": [
            5.5,
            9,
            6,
            9.5
          ],
          "rotation": 270,
          "texture": "#3",
          "tintindex": 0
        },
        "down": {
          "uv": [
            6,
            11,
            5.5,
            11.5
          ],
          "rotation": 270,
          "texture": "#3",
          "tintindex": 0
        }
      }
    },
    {
      "from": [
        7.48086,
        7.08365,
        4.19866
      ],
      "to": [
        7.86943,
        9.02651,
        4.58723
      ],
      "rotation": {
        "angle": -45,
        "axis": "x",
        "origin": [
          7.67514,
          7.8608,
          4.50276
        ]
      },
      "faces": {
        "north": {
          "uv": [
            5,
            12,
            5.5,
            9.5
          ],
          "rotation": 180,
          "texture": "#3",
          "tintindex": 0
        },
        "east": {
          "uv": [
            5.5,
            12,
            5,
            9.5
          ],
          "rotation": 180,
          "texture": "#3",
          "tintindex": 0
        },
        "south": {
          "uv": [
            5,
            12,
            5.5,
            9.5
          ],
          "rotation": 180,
          "texture": "#3",
          "tintindex": 0
        },
        "west": {
          "uv": [
            5.5,
            9.5,
            5,
            12
          ],
          "texture": "#3",
          "tintindex": 0
        },
        "up": {
          "uv": [
            5,
            9.5,
            5.5,
            10
          ],
          "rotation": 270,
          "texture": "#3",
          "tintindex": 0
        },
        "down": {
          "uv": [
            5.5,
            11.5,
            5,
            12
          ],
          "rotation": 270,
          "texture": "#3",
          "tintindex": 0
        }
      }
    },
    {
      "from": [
        7.48086,
        6.69508,
        4.58723
      ],
      "to": [
        7.86943,
        8.63794,
        4.9758
      ],
      "rotation": {
        "angle": -45,
        "axis": "x",
        "origin": [
          7.67514,
          7.8608,
          4.50276
        ]
      },
      "faces": {
        "north": {
          "uv": [
            4.5,
            12.5,
            5,
            10
          ],
          "rotation": 180,
          "texture": "#3",
          "tintindex": 0
        },
        "east": {
          "uv": [
            5,
            12.5,
            4.5,
            10
          ],
          "rotation": 180,
          "texture": "#3",
          "tintindex": 0
        },
        "south": {
          "uv": [
            4.5,
            12.5,
            5,
            10
          ],
          "rotation": 180,
          "texture": "#3",
          "tintindex": 0
        },
        "west": {
          "uv": [
            5,
            10,
            4.5,
            12.5
          ],
          "texture": "#3",
          "tintindex": 0
        },
        "up": {
          "uv": [
            4.5,
            10,
            5,
            10.5
          ],
          "rotation": 270,
          "texture": "#3",
          "tintindex": 0
        },
        "down": {
          "uv": [
            5,
            12,
            4.5,
            12.5
          ],
          "rotation": 270,
          "texture": "#3",
          "tintindex": 0
        }
      }
    },
    {
      "from": [
        7.48086,
        4.75223,
        4.9758
      ],
      "to": [
        7.86943,
        8.24937,
        5.36438
      ],
      "rotation": {
        "angle": -45,
        "axis": "x",
        "origin": [
          7.67514,
          7.8608,
          4.50276
        ]
      },
      "faces": {
        "north": {
          "uv": [
            4,
            15,
            4.5,
            10.5
          ],
          "rotation": 180,
          "texture": "#3",
          "tintindex": 0
        },
        "east": {
          "uv": [
            4.5,
            15,
            4,
            10.5
          ],
          "rotation": 180,
          "texture": "#3",
          "tintindex": 0
        },
        "south": {
          "uv": [
            4,
            15,
            4.5,
            10.5
          ],
          "rotation": 180,
          "texture": "#3",
          "tintindex": 0
        },
        "west": {
          "uv": [
            4.5,
            10.5,
            4,
            15
          ],
          "texture": "#3",
          "tintindex": 0
        },
        "up": {
          "uv": [
            4,
            10.5,
            4.5,
            11
          ],
          "rotation": 270,
          "texture": "#3",
          "tintindex": 0
        },
        "down": {
          "uv": [
            4.5,
            14.5,
            4,
            15
          ],
          "rotation": 270,
          "texture": "#3",
          "tintindex": 0
        }
      }
    },
    {
      "from": [
        7.48086,
        7.08365,
        6.91866
      ],
      "to": [
        7.86943,
        7.8608,
        7.6958
      ],
      "rotation": {
        "angle": -45,
        "axis": "x",
        "origin": [
          7.67514,
          7.8608,
          4.50276
        ]
      },
      "faces": {
        "north": {
          "uv": [
            1.5,
            12,
            2,
            11
          ],
          "rotation": 180,
          "texture": "#3",
          "tintindex": 0
        },
        "east": {
          "uv": [
            2,
            12,
            1,
            11
          ],
          "rotation": 180,
          "texture": "#3",
          "tintindex": 0
        },
        "south": {
          "uv": [
            1,
            12,
            1.5,
            11
          ],
          "rotation": 180,
          "texture": "#3",
          "tintindex": 0
        },
        "west": {
          "uv": [
            2,
            11,
            1,
            12
          ],
          "texture": "#3",
          "tintindex": 0
        },
        "up": {
          "uv": [
            1,
            11,
            2,
            11.5
          ],
          "rotation": 270,
          "texture": "#3",
          "tintindex": 0
        },
        "down": {
          "uv": [
            2,
            11.5,
            1,
            12
          ],
          "rotation": 270,
          "texture": "#3",
          "tintindex": 0
        }
      }
    },
    {
      "from": [
        7.48086,
        5.1408,
        5.36438
      ],
      "to": [
        7.86943,
        7.8608,
        5.75295
      ],
      "rotation": {
        "angle": -45,
        "axis": "x",
        "origin": [
          7.67514,
          7.8608,
          4.50276
        ]
      },
      "faces": {
        "north": {
          "uv": [
            3.5,
            14.5,
            4,
            11
          ],
          "rotation": 180,
          "texture": "#3",
          "tintindex": 0
        },
        "east": {
          "uv": [
            4,
            14.5,
            3.5,
            11
          ],
          "rotation": 180,
          "texture": "#3",
          "tintindex": 0
        },
        "south": {
          "uv": [
            3.5,
            14.5,
            4,
            11
          ],
          "rotation": 180,
          "texture": "#3",
          "tintindex": 0
        },
        "west": {
          "uv": [
            4,
            11,
            3.5,
            14.5
          ],
          "texture": "#3",
          "tintindex": 0
        },
        "up": {
          "uv": [
            3.5,
            11,
            4,
            11.5
          ],
          "rotation": 270,
          "texture": "#3",
          "tintindex": 0
        },
        "down": {
          "uv": [
            4,
            14,
            3.5,
            14.5
          ],
          "rotation": 270,
          "texture": "#3",
          "tintindex": 0
        }
      }
    },
    {
      "from": [
        7.48086,
        5.52937,
        5.75295
      ],
      "to": [
        7.86943,
        7.47223,
        6.91866
      ],
      "rotation": {
        "angle": -45,
        "axis": "x",
        "origin": [
          7.67514,
          7.8608,
          4.50276
        ]
      },
      "faces": {
        "north": {
          "uv": [
            3,
            14,
            3.5,
            11.5
          ],
          "rotation": 180,
          "texture": "#3",
          "tintindex": 0
        },
        "east": {
          "uv": [
            3.5,
            14,
            2,
            11.5
          ],
          "rotation": 180,
          "texture": "#3",
          "tintindex": 0
        },
        "south": {
          "uv": [
            2,
            14,
            2.5,
            11.5
          ],
          "rotation": 180,
          "texture": "#3",
          "tintindex": 0
        },
        "west": {
          "uv": [
            3.5,
            11.5,
            2,
            14
          ],
          "texture": "#3",
          "tintindex": 0
        },
        "up": {
          "uv": [
            2,
            11.5,
            3.5,
            12
          ],
          "rotation": 270,
          "texture": "#3",
          "tintindex": 0
        },
        "down": {
          "uv": [
            3.5,
            13.5,
            2,
            14
          ],
          "rotation": 270,
          "texture": "#3",
          "tintindex": 0
        }
      }
    },
    {
      "from": [
        7.48086,
        6.30651,
        6.91866
      ],
      "to": [
        7.86943,
        7.08365,
        7.30723
      ],
      "rotation": {
        "angle": -45,
        "axis": "x",
        "origin": [
          7.67514,
          7.8608,
          4.50276
        ]
      },
      "faces": {
        "north": {
          "uv": [
            1.5,
            13,
            2,
            12
          ],
          "rotation": 180,
          "texture": "#3",
          "tintindex": 0
        },
        "east": {
          "uv": [
            2,
            13,
            1.5,
            12
          ],
          "rotation": 180,
          "texture": "#3",
          "tintindex": 0
        },
        "south": {
          "uv": [
            1.5,
            13,
            2,
            12
          ],
          "rotation": 180,
          "texture": "#3",
          "tintindex": 0
        },
        "west": {
          "uv": [
            2,
            12,
            1.5,
            13
          ],
          "texture": "#3",
          "tintindex": 0
        },
        "up": {
          "uv": [
            1.5,
            12,
            2,
            12.5
          ],
          "rotation": 270,
          "texture": "#3",
          "tintindex": 0
        },
        "down": {
          "uv": [
            2,
            12.5,
            1.5,
            13
          ],
          "rotation": 270,
          "texture": "#3",
          "tintindex": 0
        }
      }
    },
    {
      "from": [
        7.48086,
        4.75223,
        6.91866
      ],
      "to": [
        7.86943,
        5.91794,
        7.30723
      ],
      "rotation": {
        "angle": -45,
        "axis": "x",
        "origin": [
          7.67514,
          7.8608,
          4.50276
        ]
      },
      "faces": {
        "north": {
          "uv": [
            1.5,
            15,
            2,
            13.5
          ],
          "rotation": 180,
          "texture": "#3",
          "tintindex": 0
        },
        "east": {
          "uv": [
            2,
            15,
            1.5,
            13.5
          ],
          "rotation": 180,
          "texture": "#3",
          "tintindex": 0
        },
        "south": {
          "uv": [
            1.5,
            15,
            2,
            13.5
          ],
          "rotation": 180,
          "texture": "#3",
          "tintindex": 0
        },
        "west": {
          "uv": [
            2,
            13.5,
            1.5,
            15
          ],
          "texture": "#3",
          "tintindex": 0
        },
        "up": {
          "uv": [
            1.5,
            13.5,
            2,
            14
          ],
          "rotation": 270,
          "texture": "#3",
          "tintindex": 0
        },
        "down": {
          "uv": [
            2,
            14.5,
            1.5,
            15
          ],
          "rotation": 270,
          "texture": "#3",
          "tintindex": 0
        }
      }
    },
    {
      "from": [
        7.48086,
        3.97508,
        7.30723
      ],
      "to": [
        7.86943,
        5.52937,
        7.6958
      ],
      "rotation": {
        "angle": -45,
        "axis": "x",
        "origin": [
          7.67514,
          7.8608,
          4.50276
        ]
      },
      "faces": {
        "north": {
          "uv": [
            1,
            16,
            1.5,
            14
          ],
          "rotation": 180,
          "texture": "#3",
          "tintindex": 0
        },
        "east": {
          "uv": [
            1.5,
            16,
            1,
            14
          ],
          "rotation": 180,
          "texture": "#3",
          "tintindex": 0
        },
        "south": {
          "uv": [
            1,
            16,
            1.5,
            14
          ],
          "rotation": 180,
          "texture": "#3",
          "tintindex": 0
        },
        "west": {
          "uv": [
            1.5,
            14,
            1,
            16
          ],
          "texture": "#3",
          "tintindex": 0
        },
        "up": {
          "uv": [
            1,
            14,
            1.5,
            14.5
          ],
          "rotation": 270,
          "texture": "#3",
          "tintindex": 0
        },
        "down": {
          "uv": [
            1.5,
            15.5,
            1,
            16
          ],
          "rotation": 270,
          "texture": "#3",
          "tintindex": 0
        }
      }
    },
    {
      "from": [
        7.48086,
        5.1408,
        6.53009
      ],
      "to": [
        7.86943,
        5.52937,
        6.91866
      ],
      "rotation": {
        "angle": -45,
        "axis": "x",
        "origin": [
          7.67514,
          7.8608,
          4.50276
        ]
      },
      "faces": {
        "north": {
          "uv": [
            2,
            14.5,
            2.5,
            14
          ],
          "rotation": 180,
          "texture": "#3",
          "tintindex": 0
        },
        "east": {
          "uv": [
            2.5,
            14.5,
            2,
            14
          ],
          "rotation": 180,
          "texture": "#3",
          "tintindex": 0
        },
        "south": {
          "uv": [
            2,
            14.5,
            2.5,
            14
          ],
          "rotation": 180,
          "texture": "#3",
          "tintindex": 0
        },
        "west": {
          "uv": [
            2.5,
            14,
            2,
            14.5
          ],
          "texture": "#3",
          "tintindex": 0
        },
        "up": {
          "uv": [
            2,
            14,
            2.5,
            14.5
          ],
          "rotation": 270,
          "texture": "#3",
          "tintindex": 0
        },
        "down": {
          "uv": [
            2.5,
            14,
            2,
            14.5
          ],
          "rotation": 270,
          "texture": "#3",
          "tintindex": 0
        }
      }
    },
    {
      "from": [
        7.48086,
        5.1408,
        5.75295
      ],
      "to": [
        7.86943,
        5.52937,
        6.14152
      ],
      "rotation": {
        "angle": -45,
        "axis": "x",
        "origin": [
          7.67514,
          7.8608,
          4.50276
        ]
      },
      "faces": {
        "north": {
          "uv": [
            3,
            14.5,
            3.5,
            14
          ],
          "rotation": 180,
          "texture": "#3",
          "tintindex": 0
        },
        "east": {
          "uv": [
            3.5,
            14.5,
            3,
            14
          ],
          "rotation": 180,
          "texture": "#3",
          "tintindex": 0
        },
        "south": {
          "uv": [
            3,
            14.5,
            3.5,
            14
          ],
          "rotation": 180,
          "texture": "#3",
          "tintindex": 0
        },
        "west": {
          "uv": [
            3.5,
            14,
            3,
            14.5
          ],
          "texture": "#3",
          "tintindex": 0
        },
        "up": {
          "uv": [
            3,
            14,
            3.5,
            14.5
          ],
          "rotation": 270,
          "texture": "#3",
          "tintindex": 0
        },
        "down": {
          "uv": [
            3.5,
            14,
            3,
            14.5
          ],
          "rotation": 270,
          "texture": "#3",
          "tintindex": 0
        }
      }
    },
    {
      "from": [
        7.48086,
        4.75223,
        4.58723
      ],
      "to": [
        7.86943,
        5.52937,
        4.9758
      ],
      "rotation": {
        "angle": -45,
        "axis": "x",
        "origin": [
          7.67514,
          7.8608,
          4.50276
        ]
      },
      "faces": {
        "north": {
          "uv": [
            4.5,
            15,
            5,
            14
          ],
          "rotation": 180,
          "texture": "#3",
          "tintindex": 0
        },
        "east": {
          "uv": [
            5,
            15,
            4.5,
            14
          ],
          "rotation": 180,
          "texture": "#3",
          "tintindex": 0
        },
        "south": {
          "uv": [
            4.5,
            15,
            5,
            14
          ],
          "rotation": 180,
          "texture": "#3",
          "tintindex": 0
        },
        "west": {
          "uv": [
            5,
            14,
            4.5,
            15
          ],
          "texture": "#3",
          "tintindex": 0
        },
        "up": {
          "uv": [
            4.5,
            14,
            5,
            14.5
          ],
          "rotation": 270,
          "texture": "#3",
          "tintindex": 0
        },
        "down": {
          "uv": [
            5,
            14.5,
            4.5,
            15
          ],
          "rotation": 270,
          "texture": "#3",
          "tintindex": 0
        }
      }
    },
    {
      "from": [
        7.48086,
        3.97508,
        7.6958
      ],
      "to": [
        7.86943,
        5.1408,
        8.47295
      ],
      "rotation": {
        "angle": -45,
        "axis": "x",
        "origin": [
          7.67514,
          7.8608,
          4.50276
        ]
      },
      "faces": {
        "north": {
          "uv": [
            0.5,
            16,
            1,
            14.5
          ],
          "rotation": 180,
          "texture": "#3",
          "tintindex": 0
        },
        "east": {
          "uv": [
            1,
            16,
            0,
            14.5
          ],
          "rotation": 180,
          "texture": "#3",
          "tintindex": 0
        },
        "south": {
          "uv": [
            0,
            16,
            0.5,
            14.5
          ],
          "rotation": 180,
          "texture": "#3",
          "tintindex": 0
        },
        "west": {
          "uv": [
            1,
            14.5,
            0,
            16
          ],
          "texture": "#3",
          "tintindex": 0
        },
        "up": {
          "uv": [
            0,
            14.5,
            1,
            15
          ],
          "rotation": 270,
          "texture": "#3",
          "tintindex": 0
        },
        "down": {
          "uv": [
            1,
            15.5,
            0,
            16
          ],
          "rotation": 270,
          "texture": "#3",
          "tintindex": 0
        }
      }
    }
  ],
  "display": {
    "thirdperson_righthand": {
      "rotation": [
        90,
        0,
        0
      ],
      "translation": [
        0.5,
        0.25,
        1.5
      ],
      "scale": [
        1.5,
        1.5,
        1.5
      ]
    },
    "thirdperson_lefthand": {
      "rotation": [
        90,
        0,
        0
      ],
      "translation": [
        0.5,
        0.25,
        1.5
      ],
      "scale": [
        1.5,
        1.5,
        1.5
      ]
    },
    "firstperson_righthand": {
      "rotation": [
        115,
        0,
        0
      ]
    },
    "firstperson_lefthand": {
      "rotation": [
        115,
        0,
        0
      ]
    },
    "ground": {
      "rotation": [
        45,
        0,
        0
      ],
      "translation": [
        0,
        0,
        4
      ],
      "scale": [
        1.5,
        1.5,
        1.5
      ]
    },
    "gui": {
      "rotation": [
        90,
        52.5,
        -71.5
      ],
      "translation": [
        5,
        -3.25,
        0
      ],
      "scale": [
        1.5,
        1.5,
        1.5
      ]
    },
    "head": {
      "translation": [
        0,
        -6.4,
        0
      ],
      "scale": [
        4,
        4,
        4
      ]
    }
  }
}