{
    "parent": "item/handheld",
    "textures": {
        "layer0": "item/bone"
    },
    "display": {
        "head": {
            "rotation": [
                0,
                0,
                -45
            ],
            "translation": [
                0,
                -4.5,
                -6.5
            ],
            "scale": [
                1,
                1,
                1
            ]
        }
    },
    "overrides": [
        {
            "predicate": {
                "custom_model_data": 10004
            },
            "model": "minecraft:item/bone"
        },
        {
            "predicate": {
                "custom_model_data": 36591
            },
            "model": "the_skrill_boss:bolt1-1"
        },
        {
            "predicate": {
                "custom_model_data": 36592
            },
            "model": "the_skrill_boss:bolt1-2"
        },
        {
            "predicate": {
                "custom_model_data": 36593
            },
            "model": "the_skrill_boss:bolt1-3"
        },
        {
            "predicate": {
                "custom_model_data": 36594
            },
            "model": "the_skrill_boss:bolt1-4"
        },
        {
            "predicate": {
                "custom_model_data": 36595
            },
            "model": "the_skrill_boss:bolt1-5"
        },
        {
            "predicate": {
                "custom_model_data": 36596
            },
            "model": "the_skrill_boss:bolt1-6"
        },
        {
            "predicate": {
                "custom_model_data": 36597
            },
            "model": "the_skrill_boss:bolt1-7"
        },
        {
            "predicate": {
                "custom_model_data": 36598
            },
            "model": "the_skrill_boss:bolt1-8"
        },
        {
            "predicate": {
                "custom_model_data": 36599
            },
            "model": "the_skrill_boss:spark1-1"
        },
        {
            "predicate": {
                "custom_model_data": 36600
            },
            "model": "the_skrill_boss:spark1-2"
        },
        {
            "predicate": {
                "custom_model_data": 36601
            },
            "model": "the_skrill_boss:spark1-3"
        },
        {
            "predicate": {
                "custom_model_data": 36602
            },
            "model": "the_skrill_boss:spark1-4"
        },
        {
            "predicate": {
                "custom_model_data": 36603
            },
            "model": "the_skrill_boss:spark1-5"
        },
        {
            "predicate": {
                "custom_model_data": 36604
            },
            "model": "the_skrill_boss:spark1-6"
        },
        {
            "predicate": {
                "custom_model_data": 36605
            },
            "model": "the_skrill_boss:spark2-1"
        },
        {
            "predicate": {
                "custom_model_data": 36606
            },
            "model": "the_skrill_boss:spark2-2"
        },
        {
            "predicate": {
                "custom_model_data": 36607
            },
            "model": "the_skrill_boss:spark2-3"
        },
        {
            "predicate": {
                "custom_model_data": 36608
            },
            "model": "the_skrill_boss:spark2-4"
        },
        {
            "predicate": {
                "custom_model_data": 36609
            },
            "model": "the_skrill_boss:lightningbolt"
        },
        {
            "predicate": {
                "custom_model_data": 36610
            },
            "model": "minecraft:item/bone"
        }
    ]
}