{
	"__comment": "Designed by Sefreneth with Cubik Studio - https://cubik.studio",
	"textures": {
		"heartanima": "item/heartanima"
	},
	"elements": [ 	 
		{
			"__comment": "Element",
			"from": [ -2.0938, 6.5312, 11.1875 ],
			"to": [ -0.8437996, 7.2812, 12.5625 ],
			"faces": {
				"down": { "uv": [ 2.5, 9.25, 3.125, 9.875 ], "texture": "#heartanima" },
				"up": { "uv": [ 5, 8.375, 5.125, 8.5 ], "texture": "#heartanima", "rotation": 180 },
				"north": { "uv": [ 7, 8, 6.375, 8.375 ], "texture": "#heartanima" },
				"south": { "uv": [ 7, 8, 6.375, 8.375 ], "texture": "#heartanima" },
				"west": { "uv": [ 7, 8, 6.375, 8.375 ], "texture": "#heartanima" },
				"east": { "uv": [ 7, 8, 6.375, 8.375 ], "texture": "#heartanima" }
			}
		},
		{
			"__comment": "Element",
			"from": [ -2.6875, 7.9688, 10.625 ],
			"to": [ -0.1875, 10.0938, 13.125 ],
			"faces": {
				"down": { "uv": [ 2.5, 9.25, 3.75, 10.25 ], "texture": "#heartanima" },
				"up": { "uv": [ 2.5, 9.25, 3.75, 10.25 ], "texture": "#heartanima" },
				"north": { "uv": [ 2.5, 9.25, 3.75, 10.25 ], "texture": "#heartanima" },
				"south": { "uv": [ 2.5, 9.25, 3.75, 10.25 ], "texture": "#heartanima" },
				"west": { "uv": [ 2.5, 9.25, 3.75, 10.25 ], "texture": "#heartanima" },
				"east": { "uv": [ 2.5, 9.25, 3.75, 10.25 ], "texture": "#heartanima" }
			}
		},
		{
			"__comment": "Element",
			"from": [ -2.375, 7.25, 10.875 ],
			"to": [ -0.5, 8, 12.875 ],
			"faces": {
				"down": { "uv": [ 2.875, 9.25, 3.75, 10.25 ], "texture": "#heartanima" },
				"up": { "uv": [ 7.75, 9.375, 7.875, 9.625 ], "texture": "#heartanima", "rotation": 180 },
				"north": { "uv": [ 2.625, 8, 1.75, 8.375 ], "texture": "#heartanima" },
				"south": { "uv": [ 2.625, 8, 1.75, 8.375 ], "texture": "#heartanima" },
				"west": { "uv": [ 2.625, 8, 1.75, 8.375 ], "texture": "#heartanima" },
				"east": { "uv": [ 2.625, 8, 1.75, 8.375 ], "texture": "#heartanima" }
			}
		},
		{
			"__comment": "Element",
			"from": [ -2.375, 10.0938, 10.875 ],
			"to": [ -0.5, 10.8438, 12.875 ],
			"faces": {
				"down": { "uv": [ 7.875, 9.375, 8, 9.625 ], "texture": "#heartanima" },
				"up": { "uv": [ 2.875, 9.25, 3.75, 10.25 ], "texture": "#heartanima" },
				"north": { "uv": [ 2.625, 8, 1.75, 8.375 ], "texture": "#heartanima" },
				"south": { "uv": [ 2.625, 8, 1.75, 8.375 ], "texture": "#heartanima" },
				"west": { "uv": [ 2.625, 8, 1.75, 8.375 ], "texture": "#heartanima" },
				"east": { "uv": [ 2.625, 8, 1.75, 8.375 ], "texture": "#heartanima" }
			}
		},
		{
			"__comment": "Element",
			"from": [ -2.0312, 10.8125, 11.1875 ],
			"to": [ -0.7811999, 11.5625, 12.5625 ],
			"faces": {
				"down": { "uv": [ 3.375, 8.375, 3.5, 8.5 ], "texture": "#heartanima" },
				"up": { "uv": [ 2.5, 9.25, 3.125, 9.875 ], "texture": "#heartanima" },
				"north": { "uv": [ 7, 8, 6.375, 8.375 ], "texture": "#heartanima" },
				"south": { "uv": [ 7, 8, 6.375, 8.375 ], "texture": "#heartanima" },
				"west": { "uv": [ 7, 8, 6.375, 8.375 ], "texture": "#heartanima" },
				"east": { "uv": [ 7, 8, 6.375, 8.375 ], "texture": "#heartanima" }
			}
		},
		{
			"__comment": "Element",
			"from": [ 5.375, 1.25, 4.875 ],
			"to": [ 10.375, 4.25, 10.375 ],
			"faces": {
				"down": { "uv": [ 3.0625, 9.3125, 3.6875, 9.9375 ], "texture": "#heartanima", "rotation": 180 },
				"up": { "uv": [ 0, 8.375, 0.625, 9 ], "texture": "#heartanima", "rotation": 180 },
				"north": { "uv": [ 4.5, 8, 5.125, 8.375 ], "texture": "#heartanima" },
				"south": { "uv": [ 4.5, 8, 5.125, 8.375 ], "texture": "#heartanima" },
				"west": { "uv": [ 4.5, 8, 5.125, 8.375 ], "texture": "#heartanima" },
				"east": { "uv": [ 4.5, 8, 5.125, 8.375 ], "texture": "#heartanima" }
			}
		},
		{
			"__comment": "Element",
			"from": [ 4.25, 4.125, 3.625 ],
			"to": [ 11.75, 7.125, 11.625 ],
			"faces": {
				"down": { "uv": [ 2.8125, 9.25, 3.6875, 10.25 ], "texture": "#heartanima", "rotation": 180 },
				"up": { "uv": [ 6.25, 9.25, 7.125, 10.25 ], "texture": "#heartanima", "rotation": 180 },
				"north": { "uv": [ 0.875, 8, 1.75, 8.375 ], "texture": "#heartanima" },
				"south": { "uv": [ 0.875, 8, 1.75, 8.375 ], "texture": "#heartanima" },
				"west": { "uv": [ 0.875, 8, 1.75, 8.375 ], "texture": "#heartanima" },
				"east": { "uv": [ 0.875, 8, 1.75, 8.375 ], "texture": "#heartanima" }
			}
		},
		{
			"__comment": "Element",
			"from": [ 3, 7, 2.625 ],
			"to": [ 13, 15.5, 12.625 ],
			"faces": {
				"down": { "uv": [ 2.5, 9.25, 3.75, 10.25 ], "texture": "#heartanima" },
				"up": { "uv": [ 3.75, 9.25, 2.5, 10.25 ], "texture": "#heartanima" },
				"north": { "uv": [ 2.5, 9.25, 3.75, 10.25 ], "texture": "#heartanima" },
				"south": { "uv": [ 2.5, 9.25, 3.75, 10.25 ], "texture": "#heartanima" },
				"west": { "uv": [ 3.75, 9.25, 2.5, 10.25 ], "texture": "#heartanima" },
				"east": { "uv": [ 3.75, 9.25, 2.5, 10.25 ], "texture": "#heartanima" }
			}
		},
		{
			"__comment": "Element",
			"from": [ 4.25, 15.5, 3.625 ],
			"to": [ 11.75, 18.5, 11.625 ],
			"faces": {
				"down": { "uv": [ 4.5, 10.5, 5.375, 11.5 ], "texture": "#heartanima" },
				"up": { "uv": [ 2.875, 9.25, 3.75, 10.25 ], "texture": "#heartanima" },
				"north": { "uv": [ 1.75, 8, 2.625, 8.375 ], "texture": "#heartanima" },
				"south": { "uv": [ 1.75, 8, 2.625, 8.375 ], "texture": "#heartanima" },
				"west": { "uv": [ 2.625, 8, 1.75, 8.375 ], "texture": "#heartanima" },
				"east": { "uv": [ 2.625, 8, 1.75, 8.375 ], "texture": "#heartanima" }
			}
		},
		{
			"__comment": "Element",
			"from": [ 5.625, 18.375, 4.875 ],
			"to": [ 10.625, 21.375, 10.375 ],
			"faces": {
				"down": { "uv": [ 1.875, 8.375, 2.5, 9 ], "texture": "#heartanima" },
				"up": { "uv": [ 2.5, 9.25, 3.125, 9.875 ], "texture": "#heartanima" },
				"north": { "uv": [ 6.375, 8, 7, 8.375 ], "texture": "#heartanima" },
				"south": { "uv": [ 6.375, 8, 7, 8.375 ], "texture": "#heartanima" },
				"west": { "uv": [ 7, 8, 6.375, 8.375 ], "texture": "#heartanima" },
				"east": { "uv": [ 7, 8, 6.375, 8.375 ], "texture": "#heartanima" }
			}
		},
		{
			"__comment": "Element",
			"from": [ -0.6063, -0.8062, -0.8125 ],
			"to": [ 1.1437, 0.2438002, 1.1125 ],
			"faces": {
				"down": { "uv": [ 2.5, 9.25, 3.125, 9.875 ], "texture": "#heartanima" },
				"up": { "uv": [ 7, 9, 7.125, 9.125 ], "texture": "#heartanima", "rotation": 180 },
				"north": { "uv": [ 7, 8, 6.375, 8.375 ], "texture": "#heartanima" },
				"south": { "uv": [ 7, 8, 6.375, 8.375 ], "texture": "#heartanima" },
				"west": { "uv": [ 7, 8, 6.375, 8.375 ], "texture": "#heartanima" },
				"east": { "uv": [ 7, 8, 6.375, 8.375 ], "texture": "#heartanima" }
			}
		},
		{
			"__comment": "Element",
			"from": [ -1, 0.2, -1.25 ],
			"to": [ 1.625, 1.25, 1.55 ],
			"faces": {
				"down": { "uv": [ 2.875, 9.25, 3.75, 10.25 ], "texture": "#heartanima" },
				"up": { "uv": [ 7.75, 11.25, 8, 11.5 ], "texture": "#heartanima", "rotation": 180 },
				"north": { "uv": [ 2.625, 8, 1.75, 8.375 ], "texture": "#heartanima" },
				"south": { "uv": [ 2.625, 8, 1.75, 8.375 ], "texture": "#heartanima" },
				"west": { "uv": [ 2.625, 8, 1.75, 8.375 ], "texture": "#heartanima" },
				"east": { "uv": [ 2.625, 8, 1.75, 8.375 ], "texture": "#heartanima" }
			}
		},
		{
			"__comment": "Element",
			"from": [ -1.4375, 1.2063, -1.6 ],
			"to": [ 2.0625, 4.1813, 1.9 ],
			"faces": {
				"down": { "uv": [ 2.5, 9.25, 3.75, 10.25 ], "texture": "#heartanima" },
				"up": { "uv": [ 2.5, 9.25, 3.75, 10.25 ], "texture": "#heartanima" },
				"north": { "uv": [ 2.5, 9.25, 3.75, 10.25 ], "texture": "#heartanima" },
				"south": { "uv": [ 2.5, 9.25, 3.75, 10.25 ], "texture": "#heartanima" },
				"west": { "uv": [ 2.5, 9.25, 3.75, 10.25 ], "texture": "#heartanima" },
				"east": { "uv": [ 2.5, 9.25, 3.75, 10.25 ], "texture": "#heartanima" }
			}
		},
		{
			"__comment": "Element",
			"from": [ -1, 4.1812, -1.25 ],
			"to": [ 1.625, 5.2312, 1.55 ],
			"faces": {
				"down": { "uv": [ 1.75, 9, 2, 9.25 ], "texture": "#heartanima" },
				"up": { "uv": [ 2.875, 9.25, 3.75, 10.25 ], "texture": "#heartanima" },
				"north": { "uv": [ 2.625, 8, 1.75, 8.375 ], "texture": "#heartanima" },
				"south": { "uv": [ 2.625, 8, 1.75, 8.375 ], "texture": "#heartanima" },
				"west": { "uv": [ 2.625, 8, 1.75, 8.375 ], "texture": "#heartanima" },
				"east": { "uv": [ 2.625, 8, 1.75, 8.375 ], "texture": "#heartanima" }
			}
		},
		{
			"__comment": "Element",
			"from": [ -0.5188, 5.1875, -0.8125 ],
			"to": [ 1.2312, 6.2375, 1.1125 ],
			"faces": {
				"down": { "uv": [ 6.25, 8.375, 6.375, 8.5 ], "texture": "#heartanima" },
				"up": { "uv": [ 2.5, 9.25, 3.125, 9.875 ], "texture": "#heartanima" },
				"north": { "uv": [ 7, 8, 6.375, 8.375 ], "texture": "#heartanima" },
				"south": { "uv": [ 7, 8, 6.375, 8.375 ], "texture": "#heartanima" },
				"west": { "uv": [ 7, 8, 6.375, 8.375 ], "texture": "#heartanima" },
				"east": { "uv": [ 7, 8, 6.375, 8.375 ], "texture": "#heartanima" }
			}
		},
		{
			"__comment": "Element",
			"from": [ 16.2812, 10.0312, -1.8125 ],
			"to": [ 17.5312, 10.7812, -0.4375 ],
			"faces": {
				"down": { "uv": [ 2.5, 9.25, 3.125, 9.875 ], "texture": "#heartanima" },
				"up": { "uv": [ 6, 8.375, 6.125, 8.5 ], "texture": "#heartanima", "rotation": 180 },
				"north": { "uv": [ 7, 8, 6.375, 8.375 ], "texture": "#heartanima" },
				"south": { "uv": [ 7, 8, 6.375, 8.375 ], "texture": "#heartanima" },
				"west": { "uv": [ 7, 8, 6.375, 8.375 ], "texture": "#heartanima" },
				"east": { "uv": [ 7, 8, 6.375, 8.375 ], "texture": "#heartanima" }
			}
		},
		{
			"__comment": "Element",
			"from": [ 16, 10.75, -2.125 ],
			"to": [ 17.875, 11.5, -0.125 ],
			"faces": {
				"down": { "uv": [ 2.875, 9.25, 3.75, 10.25 ], "texture": "#heartanima" },
				"up": { "uv": [ 7.875, 12.625, 8, 12.875 ], "texture": "#heartanima", "rotation": 180 },
				"north": { "uv": [ 2.625, 8, 1.75, 8.375 ], "texture": "#heartanima" },
				"south": { "uv": [ 2.625, 8, 1.75, 8.375 ], "texture": "#heartanima" },
				"west": { "uv": [ 2.625, 8, 1.75, 8.375 ], "texture": "#heartanima" },
				"east": { "uv": [ 2.625, 8, 1.75, 8.375 ], "texture": "#heartanima" }
			}
		},
		{
			"__comment": "Element",
			"from": [ 15.6875, 11.4688, -2.375 ],
			"to": [ 18.1875, 13.5938, 0.125 ],
			"faces": {
				"down": { "uv": [ 2.5, 9.25, 3.75, 10.25 ], "texture": "#heartanima" },
				"up": { "uv": [ 2.5, 9.25, 3.75, 10.25 ], "texture": "#heartanima" },
				"north": { "uv": [ 2.5, 9.25, 3.75, 10.25 ], "texture": "#heartanima" },
				"south": { "uv": [ 2.5, 9.25, 3.75, 10.25 ], "texture": "#heartanima" },
				"west": { "uv": [ 2.5, 9.25, 3.75, 10.25 ], "texture": "#heartanima" },
				"east": { "uv": [ 2.5, 9.25, 3.75, 10.25 ], "texture": "#heartanima" }
			}
		},
		{
			"__comment": "Element",
			"from": [ 16, 13.5938, -2.125 ],
			"to": [ 17.875, 14.3438, -0.125 ],
			"faces": {
				"down": { "uv": [ 7.875, 12.375, 8, 12.625 ], "texture": "#heartanima" },
				"up": { "uv": [ 2.875, 9.25, 3.75, 10.25 ], "texture": "#heartanima" },
				"north": { "uv": [ 2.625, 8, 1.75, 8.375 ], "texture": "#heartanima" },
				"south": { "uv": [ 2.625, 8, 1.75, 8.375 ], "texture": "#heartanima" },
				"west": { "uv": [ 2.625, 8, 1.75, 8.375 ], "texture": "#heartanima" },
				"east": { "uv": [ 2.625, 8, 1.75, 8.375 ], "texture": "#heartanima" }
			}
		},
		{
			"__comment": "Element",
			"from": [ 16.3438, 14.3125, -1.8125 ],
			"to": [ 17.5938, 15.0625, -0.4375 ],
			"faces": {
				"down": { "uv": [ 4.625, 8.5, 4.75, 8.625 ], "texture": "#heartanima" },
				"up": { "uv": [ 2.5, 9.25, 3.125, 9.875 ], "texture": "#heartanima" },
				"north": { "uv": [ 7, 8, 6.375, 8.375 ], "texture": "#heartanima" },
				"south": { "uv": [ 7, 8, 6.375, 8.375 ], "texture": "#heartanima" },
				"west": { "uv": [ 7, 8, 6.375, 8.375 ], "texture": "#heartanima" },
				"east": { "uv": [ 7, 8, 6.375, 8.375 ], "texture": "#heartanima" }
			}
		},
		{
			"__comment": "Element",
			"from": [ 8.5625, 15.9375, 15 ],
			"to": [ 11.0625, 17.4375, 17.75 ],
			"faces": {
				"down": { "uv": [ 2.5, 9.25, 3.125, 9.875 ], "texture": "#heartanima" },
				"up": { "uv": [ 7.75, 11, 8, 11.25 ], "texture": "#heartanima", "rotation": 180 },
				"north": { "uv": [ 7, 8, 6.375, 8.375 ], "texture": "#heartanima" },
				"south": { "uv": [ 7, 8, 6.375, 8.375 ], "texture": "#heartanima" },
				"west": { "uv": [ 7, 8, 6.375, 8.375 ], "texture": "#heartanima" },
				"east": { "uv": [ 7, 8, 6.375, 8.375 ], "texture": "#heartanima" }
			}
		},
		{
			"__comment": "Element",
			"from": [ 8, 17.375, 14.375 ],
			"to": [ 11.75, 18.875, 18.375 ],
			"faces": {
				"down": { "uv": [ 2.875, 9.25, 3.75, 10.25 ], "texture": "#heartanima" },
				"up": { "uv": [ 7.625, 15.5, 8, 16 ], "texture": "#heartanima", "rotation": 180 },
				"north": { "uv": [ 2.625, 8, 1.75, 8.375 ], "texture": "#heartanima" },
				"south": { "uv": [ 2.625, 8, 1.75, 8.375 ], "texture": "#heartanima" },
				"west": { "uv": [ 2.625, 8, 1.75, 8.375 ], "texture": "#heartanima" },
				"east": { "uv": [ 2.625, 8, 1.75, 8.375 ], "texture": "#heartanima" }
			}
		},
		{
			"__comment": "Element",
			"from": [ 7.375, 18.8125, 13.875 ],
			"to": [ 12.375, 23.0625, 18.875 ],
			"faces": {
				"down": { "uv": [ 2.5, 9.25, 3.75, 10.25 ], "texture": "#heartanima" },
				"up": { "uv": [ 2.5, 9.25, 3.75, 10.25 ], "texture": "#heartanima" },
				"north": { "uv": [ 2.5, 9.25, 3.75, 10.25 ], "texture": "#heartanima" },
				"south": { "uv": [ 2.5, 9.25, 3.75, 10.25 ], "texture": "#heartanima" },
				"west": { "uv": [ 2.5, 9.25, 3.75, 10.25 ], "texture": "#heartanima" },
				"east": { "uv": [ 2.5, 9.25, 3.75, 10.25 ], "texture": "#heartanima" }
			}
		},
		{
			"__comment": "Element",
			"from": [ 8, 23.0625, 14.375 ],
			"to": [ 11.75, 24.5625, 18.375 ],
			"faces": {
				"down": { "uv": [ 7.625, 14.5, 8, 15 ], "texture": "#heartanima" },
				"up": { "uv": [ 2.875, 9.25, 3.75, 10.25 ], "texture": "#heartanima" },
				"north": { "uv": [ 2.625, 8, 1.75, 8.375 ], "texture": "#heartanima" },
				"south": { "uv": [ 2.625, 8, 1.75, 8.375 ], "texture": "#heartanima" },
				"west": { "uv": [ 2.625, 8, 1.75, 8.375 ], "texture": "#heartanima" },
				"east": { "uv": [ 2.625, 8, 1.75, 8.375 ], "texture": "#heartanima" }
			}
		},
		{
			"__comment": "Element",
			"from": [ 8.6875, 24.5, 15 ],
			"to": [ 11.1875, 26, 17.75 ],
			"faces": {
				"down": { "uv": [ 1.5, 9, 1.75, 9.25 ], "texture": "#heartanima" },
				"up": { "uv": [ 2.5, 9.25, 3.125, 9.875 ], "texture": "#heartanima" },
				"north": { "uv": [ 7, 8, 6.375, 8.375 ], "texture": "#heartanima" },
				"south": { "uv": [ 7, 8, 6.375, 8.375 ], "texture": "#heartanima" },
				"west": { "uv": [ 7, 8, 6.375, 8.375 ], "texture": "#heartanima" },
				"east": { "uv": [ 7, 8, 6.375, 8.375 ], "texture": "#heartanima" }
			}
		},
		{
			"__comment": "Element",
			"from": [ 19.4688, 6.1875, 8.9375 ],
			"to": [ 20.7188, 6.9375, 10.3125 ],
			"faces": {
				"down": { "uv": [ 4, 8.5, 4.125, 8.625 ], "texture": "#heartanima" },
				"up": { "uv": [ 2.5, 9.25, 3.125, 9.875 ], "texture": "#heartanima" },
				"north": { "uv": [ 7, 8, 6.375, 8.375 ], "texture": "#heartanima" },
				"south": { "uv": [ 7, 8, 6.375, 8.375 ], "texture": "#heartanima" },
				"west": { "uv": [ 7, 8, 6.375, 8.375 ], "texture": "#heartanima" },
				"east": { "uv": [ 7, 8, 6.375, 8.375 ], "texture": "#heartanima" }
			}
		},
		{
			"__comment": "Element",
			"from": [ 19.125, 5.4688, 8.625 ],
			"to": [ 21, 6.2188, 10.625 ],
			"faces": {
				"down": { "uv": [ 7.875, 11.875, 8, 12.125 ], "texture": "#heartanima" },
				"up": { "uv": [ 2.875, 9.25, 3.75, 10.25 ], "texture": "#heartanima" },
				"north": { "uv": [ 2.625, 8, 1.75, 8.375 ], "texture": "#heartanima" },
				"south": { "uv": [ 2.625, 8, 1.75, 8.375 ], "texture": "#heartanima" },
				"west": { "uv": [ 2.625, 8, 1.75, 8.375 ], "texture": "#heartanima" },
				"east": { "uv": [ 2.625, 8, 1.75, 8.375 ], "texture": "#heartanima" }
			}
		},
		{
			"__comment": "Element",
			"from": [ 18.8125, 3.3438, 8.375 ],
			"to": [ 21.3125, 5.4688, 10.875 ],
			"faces": {
				"down": { "uv": [ 3.75, 9.25, 2.5, 10.25 ], "texture": "#heartanima" },
				"up": { "uv": [ 3.75, 9.25, 2.5, 10.25 ], "texture": "#heartanima" },
				"north": { "uv": [ 3.75, 9.25, 2.5, 10.25 ], "texture": "#heartanima" },
				"south": { "uv": [ 3.75, 9.25, 2.5, 10.25 ], "texture": "#heartanima" },
				"west": { "uv": [ 3.75, 9.25, 2.5, 10.25 ], "texture": "#heartanima" },
				"east": { "uv": [ 3.75, 9.25, 2.5, 10.25 ], "texture": "#heartanima" }
			}
		},
		{
			"__comment": "Element",
			"from": [ 19.125, 2.625, 8.625 ],
			"to": [ 21, 3.375, 10.625 ],
			"faces": {
				"down": { "uv": [ 2.875, 9.25, 3.75, 10.25 ], "texture": "#heartanima" },
				"up": { "uv": [ 7.75, 9.875, 7.875, 10.125 ], "texture": "#heartanima", "rotation": 180 },
				"north": { "uv": [ 2.625, 8, 1.75, 8.375 ], "texture": "#heartanima" },
				"south": { "uv": [ 2.625, 8, 1.75, 8.375 ], "texture": "#heartanima" },
				"west": { "uv": [ 2.625, 8, 1.75, 8.375 ], "texture": "#heartanima" },
				"east": { "uv": [ 2.625, 8, 1.75, 8.375 ], "texture": "#heartanima" }
			}
		},
		{
			"__comment": "Element",
			"from": [ 19.4062, 1.9062, 8.9375 ],
			"to": [ 20.6562, 2.6562, 10.3125 ],
			"faces": {
				"down": { "uv": [ 2.5, 9.25, 3.125, 9.875 ], "texture": "#heartanima" },
				"up": { "uv": [ 5.5, 8.375, 5.625, 8.5 ], "texture": "#heartanima", "rotation": 180 },
				"north": { "uv": [ 7, 8, 6.375, 8.375 ], "texture": "#heartanima" },
				"south": { "uv": [ 7, 8, 6.375, 8.375 ], "texture": "#heartanima" },
				"west": { "uv": [ 7, 8, 6.375, 8.375 ], "texture": "#heartanima" },
				"east": { "uv": [ 7, 8, 6.375, 8.375 ], "texture": "#heartanima" }
			}
		},
		{
			"__comment": "Element",
			"from": [ 3.75, 14, 9.932 ],
			"to": [ 3.751, 27, 18.932 ],
			"rotation": { "origin": [ 3.75, 14, 11.25 ], "axis": "y", "angle": 45 },
			"faces": {
				"west": { "uv": [ 3.375, 11.5, 4.5, 13.125 ], "texture": "#heartanima" },
				"east": { "uv": [ 4.5, 11.5, 3.375, 13.125 ], "texture": "#heartanima" }
			}
		},
		{
			"__comment": "Element",
			"from": [ -1.75, 3, -0.251 ],
			"to": [ 24.25, 26, -0.25 ],
			"rotation": { "origin": [ -1.75, 3, -0.25 ], "axis": "y", "angle": -22.5 },
			"faces": {
				"north": { "uv": [ 3.25, 13.125, 0, 16 ], "texture": "#heartanima" },
				"south": { "uv": [ 0, 13.125, 3.25, 16 ], "texture": "#heartanima" }
			}
		},
		{
			"__comment": "Element",
			"from": [ 10.318, 3, -0.932 ],
			"to": [ 19.318, 26, -0.931 ],
			"rotation": { "origin": [ 18, 3, 2.25 ], "axis": "y", "angle": 45 },
			"faces": {
				"north": { "uv": [ 6.5, 13.125, 7.625, 16 ], "texture": "#heartanima" },
				"south": { "uv": [ 7.625, 13.125, 6.5, 16 ], "texture": "#heartanima" }
			}
		},
		{
			"__comment": "Element",
			"from": [ -1.932, 3, 5.943 ],
			"to": [ 7.068, 26, 5.944 ],
			"rotation": { "origin": [ 5.75, 3, 9.125 ], "axis": "y", "angle": 45 },
			"faces": {
				"north": { "uv": [ 1.125, 10.25, 2.25, 13.125 ], "texture": "#heartanima" },
				"south": { "uv": [ 2.25, 10.25, 1.125, 13.125 ], "texture": "#heartanima" }
			}
		},
		{
			"__comment": "Element",
			"from": [ 9.5, 13.75, 7.682 ],
			"to": [ 9.501, 26.75, 16.682 ],
			"faces": {
				"west": { "uv": [ 7.875, 11.5, 6.75, 13.125 ], "texture": "#heartanima" },
				"east": { "uv": [ 6.75, 11.5, 7.875, 13.125 ], "texture": "#heartanima" }
			}
		}
	],
	"display": {
		"thirdperson_righthand": {
			"translation":  [ 2.0869, -2.782, 0.6956 ],
			"scale":  [ 0.5, 0.5, 0.5 ]
		},
		"thirdperson_lefthand": {
			"translation":  [ -2.086, -2.086, 0.6956 ],
			"scale":  [ 0.5, 0.5, 0.5 ]
		},
		"firstperson_righthand": {
			"translation":  [ 0.6955, 0, 0 ],
			"scale":  [ 0.3, 0.3, 0.3 ]
		},
		"firstperson_lefthand": {
			"scale":  [ 0.3, 0.3, 0.3 ]
		},
		"gui": {
			"translation":  [ -1.391, -1.391, 0 ],
			"scale":  [ 0.5, 0.5, 0.5 ]
		},
		"head": {
			"translation":  [ 0.0628, 2.7831, -0.695 ],
			"scale":  [ 4, 4, 4 ]
		},
		"ground": {
			"scale":  [ 0.5, 0.5, 0.5 ]
		},
		"fixed": {
			"rotation":  [ -89, 23, 0 ],
			"translation":  [ 2.0872, 0, -33.38 ],
			"scale":  [ 4, 4, 4 ]
		}
	}
}