{
  "parent": "item/generated",
  "textures": {
    "layer0": "item/feather"
  },
  "display": {
    "head": {
      "rotation": [
        0,
        0,
        45
      ],
      "translation": [
        -1,
        13,
        7
      ],
      "scale": [
        1,
        1,
        1
      ]
    }
  },
  "overrides": [
    {
      "predicate": {
        "custom_model_data": 9001
      },
      "model": "magicgestures:custom/menu/empty"
    },
    {
      "predicate": {
        "custom_model_data": 9002
      },
      "model": "item/feather"
    }
  ]
}