{"parent":"minecraft:item/generated","textures":{"layer0":"minecraft:item/leather_horse_armor"},"overrides":[{"predicate":{"custom_model_data":1},"model":"modelengine:baby_skrill/leftleg"},{"predicate":{"custom_model_data":2},"model":"modelengine:baby_skrill/leftleg2"},{"predicate":{"custom_model_data":3},"model":"modelengine:baby_skrill/leftleg3"},{"predicate":{"custom_model_data":4},"model":"modelengine:baby_skrill/rightleg"},{"predicate":{"custom_model_data":5},"model":"modelengine:baby_skrill/rightleg2"},{"predicate":{"custom_model_data":6},"model":"modelengine:baby_skrill/rightleg3"},{"predicate":{"custom_model_data":7},"model":"modelengine:baby_skrill/tail2"},{"predicate":{"custom_model_data":8},"model":"modelengine:baby_skrill/tail3"},{"predicate":{"custom_model_data":9},"model":"modelengine:baby_skrill/tail5"},{"predicate":{"custom_model_data":10},"model":"modelengine:baby_skrill/body"},{"predicate":{"custom_model_data":11},"model":"modelengine:baby_skrill/leftwings"},{"predicate":{"custom_model_data":12},"model":"modelengine:baby_skrill/leftwings2"},{"predicate":{"custom_model_data":13},"model":"modelengine:baby_skrill/leftwings5"},{"predicate":{"custom_model_data":14},"model":"modelengine:baby_skrill/rightwings"},{"predicate":{"custom_model_data":15},"model":"modelengine:baby_skrill/rightwings2"},{"predicate":{"custom_model_data":16},"model":"modelengine:baby_skrill/rightwings5"},{"predicate":{"custom_model_data":17},"model":"modelengine:baby_skrill/lowbody"},{"predicate":{"custom_model_data":18},"model":"modelengine:baby_skrill/neck"},{"predicate":{"custom_model_data":19},"model":"modelengine:baby_skrill/neck2"},{"predicate":{"custom_model_data":20},"model":"modelengine:baby_skrill/mouth"},{"predicate":{"custom_model_data":21},"model":"modelengine:baby_skrill/head"},{"predicate":{"custom_model_data":22},"model":"modelengine:common_crate/bone8"},{"predicate":{"custom_model_data":23},"model":"modelengine:common_crate/bone5"},{"predicate":{"custom_model_data":24},"model":"modelengine:common_crate/bone7"},{"predicate":{"custom_model_data":25},"model":"modelengine:common_crate/bone6"},{"predicate":{"custom_model_data":26},"model":"modelengine:common_crate/top"},{"predicate":{"custom_model_data":27},"model":"modelengine:common_crate/bone10"},{"predicate":{"custom_model_data":28},"model":"modelengine:common_crate/bone9"},{"predicate":{"custom_model_data":29},"model":"modelengine:common_crate/crate"},{"predicate":{"custom_model_data":30},"model":"modelengine:common_crate/bone"},{"predicate":{"custom_model_data":31},"model":"modelengine:common_crate/bone2"},{"predicate":{"custom_model_data":32},"model":"modelengine:common_crate/bone3"},{"predicate":{"custom_model_data":33},"model":"modelengine:common_crate/bone4"},{"predicate":{"custom_model_data":34},"model":"modelengine:crate_creature/top"},{"predicate":{"custom_model_data":35},"model":"modelengine:crate_creature/top_tentacle"},{"predicate":{"custom_model_data":36},"model":"modelengine:crate_creature/handle"},{"predicate":{"custom_model_data":37},"model":"modelengine:crate_creature/lid"},{"predicate":{"custom_model_data":38},"model":"modelengine:crate_creature/leg_right"},{"predicate":{"custom_model_data":39},"model":"modelengine:crate_creature/leg_right_low"},{"predicate":{"custom_model_data":40},"model":"modelengine:crate_creature/leg_left"},{"predicate":{"custom_model_data":41},"model":"modelengine:crate_creature/leg_left_low"},{"predicate":{"custom_model_data":42},"model":"modelengine:crate_creature/leg_left_back"},{"predicate":{"custom_model_data":43},"model":"modelengine:crate_creature/leg_left_low_back"},{"predicate":{"custom_model_data":44},"model":"modelengine:crate_creature/leg_right_back"},{"predicate":{"custom_model_data":45},"model":"modelengine:crate_creature/leg_right_low_back"},{"predicate":{"custom_model_data":46},"model":"modelengine:crate_creature/base"},{"predicate":{"custom_model_data":47},"model":"modelengine:crate_creature/low_chain"},{"predicate":{"custom_model_data":48},"model":"modelengine:crate_creature/low_chain2"},{"predicate":{"custom_model_data":49},"model":"modelengine:crate_creature/chain0"},{"predicate":{"custom_model_data":50},"model":"modelengine:crate_creature/chain1"},{"predicate":{"custom_model_data":51},"model":"modelengine:crate_creature/chain2"},{"predicate":{"custom_model_data":52},"model":"modelengine:crate_creature/iris"},{"predicate":{"custom_model_data":53},"model":"modelengine:crate_creature/key"},{"predicate":{"custom_model_data":54},"model":"modelengine:crate_raven/base"},{"predicate":{"custom_model_data":55},"model":"modelengine:crate_raven/top"},{"predicate":{"custom_model_data":56},"model":"modelengine:crate_raven/raven"},{"predicate":{"custom_model_data":57},"model":"modelengine:crate_raven/jaw"},{"predicate":{"custom_model_data":58},"model":"modelengine:crate_raven/key"},{"predicate":{"custom_model_data":59},"model":"modelengine:crate_sweet_tooth/base"},{"predicate":{"custom_model_data":60},"model":"modelengine:crate_sweet_tooth/tongue_base"},{"predicate":{"custom_model_data":61},"model":"modelengine:crate_sweet_tooth/tongue1"},{"predicate":{"custom_model_data":62},"model":"modelengine:crate_sweet_tooth/tongue2"},{"predicate":{"custom_model_data":63},"model":"modelengine:crate_sweet_tooth/tongue_end"},{"predicate":{"custom_model_data":64},"model":"modelengine:crate_sweet_tooth/claw_right"},{"predicate":{"custom_model_data":65},"model":"modelengine:crate_sweet_tooth/claw_left"},{"predicate":{"custom_model_data":66},"model":"modelengine:crate_sweet_tooth/top"},{"predicate":{"custom_model_data":67},"model":"modelengine:crate_sweet_tooth/candy"},{"predicate":{"custom_model_data":68},"model":"modelengine:demonboss/rightleg"},{"predicate":{"custom_model_data":69},"model":"modelengine:demonboss/rightleglow"},{"predicate":{"custom_model_data":70},"model":"modelengine:demonboss/rightlegboot"},{"predicate":{"custom_model_data":71},"model":"modelengine:demonboss/leftleg"},{"predicate":{"custom_model_data":72},"model":"modelengine:demonboss/leftleglow"},{"predicate":{"custom_model_data":73},"model":"modelengine:demonboss/leftlegboot"},{"predicate":{"custom_model_data":74},"model":"modelengine:demonboss/wingleft"},{"predicate":{"custom_model_data":75},"model":"modelengine:demonboss/wingleft7"},{"predicate":{"custom_model_data":76},"model":"modelengine:demonboss/wingright4"},{"predicate":{"custom_model_data":77},"model":"modelengine:demonboss/wingright6"},{"predicate":{"custom_model_data":78},"model":"modelengine:demonboss/head"},{"predicate":{"custom_model_data":79},"model":"modelengine:demonboss/lowbody"},{"predicate":{"custom_model_data":80},"model":"modelengine:demonboss/rightarm"},{"predicate":{"custom_model_data":81},"model":"modelengine:demonboss/rightarmlow"},{"predicate":{"custom_model_data":82},"model":"modelengine:demonboss/righthand"},{"predicate":{"custom_model_data":83},"model":"modelengine:demonboss/leftarm"},{"predicate":{"custom_model_data":84},"model":"modelengine:demonboss/leftarmlow"},{"predicate":{"custom_model_data":85},"model":"modelengine:demonboss/lefthand"},{"predicate":{"custom_model_data":86},"model":"modelengine:demonboss/body"},{"predicate":{"custom_model_data":87},"model":"modelengine:demonboss/tail"},{"predicate":{"custom_model_data":88},"model":"modelengine:demonboss/tail3"},{"predicate":{"custom_model_data":89},"model":"modelengine:demonchest/bottom"},{"predicate":{"custom_model_data":90},"model":"modelengine:demonchest/horn"},{"predicate":{"custom_model_data":91},"model":"modelengine:demonchest/top"},{"predicate":{"custom_model_data":92},"model":"modelengine:demonchest/coins"},{"predicate":{"custom_model_data":93},"model":"modelengine:epic_crate/top"},{"predicate":{"custom_model_data":94},"model":"modelengine:epic_crate/bone6"},{"predicate":{"custom_model_data":95},"model":"modelengine:epic_crate/bone7"},{"predicate":{"custom_model_data":96},"model":"modelengine:epic_crate/bone8"},{"predicate":{"custom_model_data":97},"model":"modelengine:epic_crate/bone5"},{"predicate":{"custom_model_data":98},"model":"modelengine:epic_crate/bone10"},{"predicate":{"custom_model_data":99},"model":"modelengine:epic_crate/bone9"},{"predicate":{"custom_model_data":100},"model":"modelengine:epic_crate/bone12"},{"predicate":{"custom_model_data":101},"model":"modelengine:epic_crate/crate"},{"predicate":{"custom_model_data":102},"model":"modelengine:epic_crate/bone4"},{"predicate":{"custom_model_data":103},"model":"modelengine:epic_crate/bone3"},{"predicate":{"custom_model_data":104},"model":"modelengine:epic_crate/bone2"},{"predicate":{"custom_model_data":105},"model":"modelengine:epic_crate/bone"},{"predicate":{"custom_model_data":106},"model":"modelengine:femaledemon/rightleg"},{"predicate":{"custom_model_data":107},"model":"modelengine:femaledemon/rightlegboot"},{"predicate":{"custom_model_data":108},"model":"modelengine:femaledemon/rightleglow"},{"predicate":{"custom_model_data":109},"model":"modelengine:femaledemon/leftleg"},{"predicate":{"custom_model_data":110},"model":"modelengine:femaledemon/leftlegboot"},{"predicate":{"custom_model_data":111},"model":"modelengine:femaledemon/leftleglow"},{"predicate":{"custom_model_data":112},"model":"modelengine:femaledemon/lowbody"},{"predicate":{"custom_model_data":113},"model":"modelengine:femaledemon/rightwings"},{"predicate":{"custom_model_data":114},"model":"modelengine:femaledemon/rightwings3"},{"predicate":{"custom_model_data":115},"model":"modelengine:femaledemon/leftwings4"},{"predicate":{"custom_model_data":116},"model":"modelengine:femaledemon/leftwings6"},{"predicate":{"custom_model_data":117},"model":"modelengine:femaledemon/leftarm"},{"predicate":{"custom_model_data":118},"model":"modelengine:femaledemon/leftarmlow"},{"predicate":{"custom_model_data":119},"model":"modelengine:femaledemon/rightarm"},{"predicate":{"custom_model_data":120},"model":"modelengine:femaledemon/rightarmlow"},{"predicate":{"custom_model_data":121},"model":"modelengine:femaledemon/whip"},{"predicate":{"custom_model_data":122},"model":"modelengine:femaledemon/whip2"},{"predicate":{"custom_model_data":123},"model":"modelengine:femaledemon/whip3"},{"predicate":{"custom_model_data":124},"model":"modelengine:femaledemon/righthand"},{"predicate":{"custom_model_data":125},"model":"modelengine:femaledemon/head"},{"predicate":{"custom_model_data":126},"model":"modelengine:femaledemon/tail"},{"predicate":{"custom_model_data":127},"model":"modelengine:femaledemon/tail3"},{"predicate":{"custom_model_data":128},"model":"modelengine:flyingdemon/leftleg2"},{"predicate":{"custom_model_data":129},"model":"modelengine:flyingdemon/leftleg"},{"predicate":{"custom_model_data":130},"model":"modelengine:flyingdemon/rightleg2"},{"predicate":{"custom_model_data":131},"model":"modelengine:flyingdemon/rightleg"},{"predicate":{"custom_model_data":132},"model":"modelengine:flyingdemon/leftwing"},{"predicate":{"custom_model_data":133},"model":"modelengine:flyingdemon/leftwingmid"},{"predicate":{"custom_model_data":134},"model":"modelengine:flyingdemon/leftarm"},{"predicate":{"custom_model_data":135},"model":"modelengine:flyingdemon/leftarmlow"},{"predicate":{"custom_model_data":136},"model":"modelengine:flyingdemon/lefthand"},{"predicate":{"custom_model_data":137},"model":"modelengine:flyingdemon/rightarm"},{"predicate":{"custom_model_data":138},"model":"modelengine:flyingdemon/rightarmlow"},{"predicate":{"custom_model_data":139},"model":"modelengine:flyingdemon/righthand"},{"predicate":{"custom_model_data":140},"model":"modelengine:flyingdemon/rightwing"},{"predicate":{"custom_model_data":141},"model":"modelengine:flyingdemon/rightwingmid"},{"predicate":{"custom_model_data":142},"model":"modelengine:flyingdemon/head"},{"predicate":{"custom_model_data":143},"model":"modelengine:flyingdemon/lowbody"},{"predicate":{"custom_model_data":144},"model":"modelengine:flyingdemon/tail"},{"predicate":{"custom_model_data":145},"model":"modelengine:flyingdemon/tail3"},{"predicate":{"custom_model_data":146},"model":"modelengine:grounddemon/head"},{"predicate":{"custom_model_data":147},"model":"modelengine:grounddemon/bone3"},{"predicate":{"custom_model_data":148},"model":"modelengine:grounddemon/lowbody"},{"predicate":{"custom_model_data":149},"model":"modelengine:grounddemon/rightarm"},{"predicate":{"custom_model_data":150},"model":"modelengine:grounddemon/rightarmdown"},{"predicate":{"custom_model_data":151},"model":"modelengine:grounddemon/rightfingerbig"},{"predicate":{"custom_model_data":152},"model":"modelengine:grounddemon/leftarm"},{"predicate":{"custom_model_data":153},"model":"modelengine:grounddemon/leftarmdown"},{"predicate":{"custom_model_data":154},"model":"modelengine:grounddemon/leftfingerbig"},{"predicate":{"custom_model_data":155},"model":"modelengine:grounddemon/tail"},{"predicate":{"custom_model_data":156},"model":"modelengine:grounddemon/tail2"},{"predicate":{"custom_model_data":157},"model":"modelengine:grounddemon/tail3"},{"predicate":{"custom_model_data":158},"model":"modelengine:grounddemon/leftleg"},{"predicate":{"custom_model_data":159},"model":"modelengine:grounddemon/leftleg3"},{"predicate":{"custom_model_data":160},"model":"modelengine:grounddemon/rightleg4"},{"predicate":{"custom_model_data":161},"model":"modelengine:grounddemon/rightleg6"},{"predicate":{"custom_model_data":162},"model":"modelengine:lavadragon/body"},{"predicate":{"custom_model_data":163},"model":"modelengine:lavadragon/neck"},{"predicate":{"custom_model_data":164},"model":"modelengine:lavadragon/upperneck"},{"predicate":{"custom_model_data":165},"model":"modelengine:lavadragon/head"},{"predicate":{"custom_model_data":166},"model":"modelengine:lavadragon/mouth"},{"predicate":{"custom_model_data":167},"model":"modelengine:lavadragon/wing_left"},{"predicate":{"custom_model_data":168},"model":"modelengine:lavadragon/wing_lefttop"},{"predicate":{"custom_model_data":169},"model":"modelengine:lavadragon/wing_right"},{"predicate":{"custom_model_data":170},"model":"modelengine:lavadragon/wing_righttop"},{"predicate":{"custom_model_data":171},"model":"modelengine:lavadragon/tail"},{"predicate":{"custom_model_data":172},"model":"modelengine:lavadragon/tail2"},{"predicate":{"custom_model_data":173},"model":"modelengine:lavadragon/leg_left"},{"predicate":{"custom_model_data":174},"model":"modelengine:lavadragon/legleftbottom"},{"predicate":{"custom_model_data":175},"model":"modelengine:lavadragon/leg_right2"},{"predicate":{"custom_model_data":176},"model":"modelengine:lavadragon/legrightbottom"},{"predicate":{"custom_model_data":177},"model":"modelengine:lavadragon/armleftbottom"},{"predicate":{"custom_model_data":178},"model":"modelengine:lavadragon/arm_left2"},{"predicate":{"custom_model_data":179},"model":"modelengine:lavadragon/arm_right3"},{"predicate":{"custom_model_data":180},"model":"modelengine:lavadragon/armrightbottom"},{"predicate":{"custom_model_data":181},"model":"modelengine:lavajaw/tail"},{"predicate":{"custom_model_data":182},"model":"modelengine:lavajaw/tailend"},{"predicate":{"custom_model_data":183},"model":"modelengine:lavajaw/head"},{"predicate":{"custom_model_data":184},"model":"modelengine:lavajaw/upperjaw"},{"predicate":{"custom_model_data":185},"model":"modelengine:lavajaw/lowerjaw"},{"predicate":{"custom_model_data":186},"model":"modelengine:lavajaw/leftleg"},{"predicate":{"custom_model_data":187},"model":"modelengine:lavajaw/leftbottomleg"},{"predicate":{"custom_model_data":188},"model":"modelengine:lavajaw/leftfoot"},{"predicate":{"custom_model_data":189},"model":"modelengine:lavajaw/rightleg"},{"predicate":{"custom_model_data":190},"model":"modelengine:lavajaw/rightbottomleg"},{"predicate":{"custom_model_data":191},"model":"modelengine:lavajaw/rightfoot"},{"predicate":{"custom_model_data":192},"model":"modelengine:legendary_crate/left_top_ear"},{"predicate":{"custom_model_data":193},"model":"modelengine:legendary_crate/right_top_ear"},{"predicate":{"custom_model_data":194},"model":"modelengine:legendary_crate/left_ear"},{"predicate":{"custom_model_data":195},"model":"modelengine:legendary_crate/right_ear"},{"predicate":{"custom_model_data":196},"model":"modelengine:legendary_crate/top"},{"predicate":{"custom_model_data":197},"model":"modelengine:legendary_crate/key"},{"predicate":{"custom_model_data":198},"model":"modelengine:legendary_crate/crate"},{"predicate":{"custom_model_data":199},"model":"modelengine:legendary_crate/bone4"},{"predicate":{"custom_model_data":200},"model":"modelengine:legendary_crate/bone3"},{"predicate":{"custom_model_data":201},"model":"modelengine:legendary_crate/bone2"},{"predicate":{"custom_model_data":202},"model":"modelengine:legendary_crate/bone"},{"predicate":{"custom_model_data":203},"model":"modelengine:moltenspirit/body"},{"predicate":{"custom_model_data":204},"model":"modelengine:moltenspirit/head"},{"predicate":{"custom_model_data":205},"model":"modelengine:moltenspirit/lefthandb"},{"predicate":{"custom_model_data":206},"model":"modelengine:moltenspirit/lefthand"},{"predicate":{"custom_model_data":207},"model":"modelengine:moltenspirit/righthandb"},{"predicate":{"custom_model_data":208},"model":"modelengine:moltenspirit/righthand"},{"predicate":{"custom_model_data":209},"model":"modelengine:moltenspirit/rightpalm"},{"predicate":{"custom_model_data":210},"model":"modelengine:moltenspirit/sword"},{"predicate":{"custom_model_data":211},"model":"modelengine:phoenixec/bone"},{"predicate":{"custom_model_data":212},"model":"modelengine:phoenixec/leftwing"},{"predicate":{"custom_model_data":213},"model":"modelengine:phoenixec/leftwingbottom"},{"predicate":{"custom_model_data":214},"model":"modelengine:phoenixec/rightwing"},{"predicate":{"custom_model_data":215},"model":"modelengine:phoenixec/rightwingbottom"},{"predicate":{"custom_model_data":216},"model":"modelengine:phoenixec/tail"},{"predicate":{"custom_model_data":217},"model":"modelengine:phoenixec/tailrightup"},{"predicate":{"custom_model_data":218},"model":"modelengine:phoenixec/tailrightdown"},{"predicate":{"custom_model_data":219},"model":"modelengine:phoenixec/tailleftup"},{"predicate":{"custom_model_data":220},"model":"modelengine:phoenixec/tailleftbottom"},{"predicate":{"custom_model_data":221},"model":"modelengine:phoenixec/leftupperleg"},{"predicate":{"custom_model_data":222},"model":"modelengine:phoenixec/fingersfront"},{"predicate":{"custom_model_data":223},"model":"modelengine:phoenixec/backfinger"},{"predicate":{"custom_model_data":224},"model":"modelengine:phoenixec/rightupperleg"},{"predicate":{"custom_model_data":225},"model":"modelengine:phoenixec/frontfingers"},{"predicate":{"custom_model_data":226},"model":"modelengine:phoenixec/backfingerright"},{"predicate":{"custom_model_data":227},"model":"modelengine:phoenixec/lowerneck"},{"predicate":{"custom_model_data":228},"model":"modelengine:phoenixec/neck"},{"predicate":{"custom_model_data":229},"model":"modelengine:phoenixec/head"},{"predicate":{"custom_model_data":230},"model":"modelengine:phoenixec/beak"},{"predicate":{"custom_model_data":231},"model":"modelengine:skrill_dragon/rightleg"},{"predicate":{"custom_model_data":232},"model":"modelengine:skrill_dragon/rightleg2"},{"predicate":{"custom_model_data":233},"model":"modelengine:skrill_dragon/rightleg3"},{"predicate":{"custom_model_data":234},"model":"modelengine:skrill_dragon/leftleg"},{"predicate":{"custom_model_data":235},"model":"modelengine:skrill_dragon/leftleg2"},{"predicate":{"custom_model_data":236},"model":"modelengine:skrill_dragon/leftleg3"},{"predicate":{"custom_model_data":237},"model":"modelengine:skrill_dragon/tail2"},{"predicate":{"custom_model_data":238},"model":"modelengine:skrill_dragon/tail3"},{"predicate":{"custom_model_data":239},"model":"modelengine:skrill_dragon/tail4"},{"predicate":{"custom_model_data":240},"model":"modelengine:skrill_dragon/tail5"},{"predicate":{"custom_model_data":241},"model":"modelengine:skrill_dragon/body"},{"predicate":{"custom_model_data":242},"model":"modelengine:skrill_dragon/rightwings"},{"predicate":{"custom_model_data":243},"model":"modelengine:skrill_dragon/rightwings2"},{"predicate":{"custom_model_data":244},"model":"modelengine:skrill_dragon/rightwings3"},{"predicate":{"custom_model_data":245},"model":"modelengine:skrill_dragon/rightwings4"},{"predicate":{"custom_model_data":246},"model":"modelengine:skrill_dragon/rightwings5"},{"predicate":{"custom_model_data":247},"model":"modelengine:skrill_dragon/electricfx2"},{"predicate":{"custom_model_data":248},"model":"modelengine:skrill_dragon/leftwings"},{"predicate":{"custom_model_data":249},"model":"modelengine:skrill_dragon/leftwings2"},{"predicate":{"custom_model_data":250},"model":"modelengine:skrill_dragon/leftwings3"},{"predicate":{"custom_model_data":251},"model":"modelengine:skrill_dragon/electricfx1"},{"predicate":{"custom_model_data":252},"model":"modelengine:skrill_dragon/leftwings4"},{"predicate":{"custom_model_data":253},"model":"modelengine:skrill_dragon/leftwings5"},{"predicate":{"custom_model_data":254},"model":"modelengine:skrill_dragon/lowbody"},{"predicate":{"custom_model_data":255},"model":"modelengine:skrill_dragon/electric"},{"predicate":{"custom_model_data":256},"model":"modelengine:skrill_dragon/mouth"},{"predicate":{"custom_model_data":257},"model":"modelengine:skrill_dragon/head"},{"predicate":{"custom_model_data":258},"model":"modelengine:skrill_dragon/neck2"},{"predicate":{"custom_model_data":259},"model":"modelengine:skrill_dragon/neck"},{"predicate":{"custom_model_data":260},"model":"modelengine:smolderingshadow/body"},{"predicate":{"custom_model_data":261},"model":"modelengine:smolderingshadow/torso"},{"predicate":{"custom_model_data":262},"model":"modelengine:smolderingshadow/belly"},{"predicate":{"custom_model_data":263},"model":"modelengine:smolderingshadow/leftrearleg"},{"predicate":{"custom_model_data":264},"model":"modelengine:smolderingshadow/leftrearmid"},{"predicate":{"custom_model_data":265},"model":"modelengine:smolderingshadow/leftreardown"},{"predicate":{"custom_model_data":266},"model":"modelengine:smolderingshadow/rightrearleg"},{"predicate":{"custom_model_data":267},"model":"modelengine:smolderingshadow/rightrearmid"},{"predicate":{"custom_model_data":268},"model":"modelengine:smolderingshadow/rightreardown"},{"predicate":{"custom_model_data":269},"model":"modelengine:smolderingshadow/leftfrontleg"},{"predicate":{"custom_model_data":270},"model":"modelengine:smolderingshadow/leftfrontmid"},{"predicate":{"custom_model_data":271},"model":"modelengine:smolderingshadow/leftfrontdown"},{"predicate":{"custom_model_data":272},"model":"modelengine:smolderingshadow/rightfrontleg"},{"predicate":{"custom_model_data":273},"model":"modelengine:smolderingshadow/rightfrontmid"},{"predicate":{"custom_model_data":274},"model":"modelengine:smolderingshadow/rightfrontdown"},{"predicate":{"custom_model_data":275},"model":"modelengine:smolderingshadow/leftwingbase"},{"predicate":{"custom_model_data":276},"model":"modelengine:smolderingshadow/leftwingmiddle"},{"predicate":{"custom_model_data":277},"model":"modelengine:smolderingshadow/leftwingend"},{"predicate":{"custom_model_data":278},"model":"modelengine:smolderingshadow/rightwingbase"},{"predicate":{"custom_model_data":279},"model":"modelengine:smolderingshadow/rightwingmiddle"},{"predicate":{"custom_model_data":280},"model":"modelengine:smolderingshadow/rightwingend"},{"predicate":{"custom_model_data":281},"model":"modelengine:smolderingshadow/uppertail"},{"predicate":{"custom_model_data":282},"model":"modelengine:smolderingshadow/lowertail"},{"predicate":{"custom_model_data":283},"model":"modelengine:smolderingshadow/lowerneck"},{"predicate":{"custom_model_data":284},"model":"modelengine:smolderingshadow/upperneck"},{"predicate":{"custom_model_data":285},"model":"modelengine:smolderingshadow/tophead"},{"predicate":{"custom_model_data":286},"model":"modelengine:smolderingshadow/lowerjaw"},{"predicate":{"custom_model_data":287},"model":"modelengine:smolderingshadow/eyebrow"},{"predicate":{"custom_model_data":288},"model":"modelengine:voidstormdragon/body"},{"predicate":{"custom_model_data":289},"model":"modelengine:voidstormdragon/neck"},{"predicate":{"custom_model_data":290},"model":"modelengine:voidstormdragon/neck2"},{"predicate":{"custom_model_data":291},"model":"modelengine:voidstormdragon/mouth"},{"predicate":{"custom_model_data":292},"model":"modelengine:voidstormdragon/head"},{"predicate":{"custom_model_data":293},"model":"modelengine:voidstormdragon/wing_lefttop"},{"predicate":{"custom_model_data":294},"model":"modelengine:voidstormdragon/leftwingextra"},{"predicate":{"custom_model_data":295},"model":"modelengine:voidstormdragon/wing_left"},{"predicate":{"custom_model_data":296},"model":"modelengine:voidstormdragon/wing_righttop"},{"predicate":{"custom_model_data":297},"model":"modelengine:voidstormdragon/rightwingextra"},{"predicate":{"custom_model_data":298},"model":"modelengine:voidstormdragon/wing_right"},{"predicate":{"custom_model_data":299},"model":"modelengine:voidstormdragon/armleftbottom"},{"predicate":{"custom_model_data":300},"model":"modelengine:voidstormdragon/arm_left2"},{"predicate":{"custom_model_data":301},"model":"modelengine:voidstormdragon/armrightbottom"},{"predicate":{"custom_model_data":302},"model":"modelengine:voidstormdragon/arm_right3"},{"predicate":{"custom_model_data":303},"model":"modelengine:voidstormdragon/leg_left"},{"predicate":{"custom_model_data":304},"model":"modelengine:voidstormdragon/legleftbottom"},{"predicate":{"custom_model_data":305},"model":"modelengine:voidstormdragon/legrightbottom"},{"predicate":{"custom_model_data":306},"model":"modelengine:voidstormdragon/leg_right2"},{"predicate":{"custom_model_data":307},"model":"modelengine:voidstormdragon/tail2"},{"predicate":{"custom_model_data":308},"model":"modelengine:voidstormdragon/tail"}]}