{"parent":"minecraft:item/generated","textures":{"layer0":"minecraft:item/leather_horse_armor"},"overrides":[{"predicate":{"custom_model_data":1},"model":"modelengine:baby_skrill/leftleg"},{"predicate":{"custom_model_data":2},"model":"modelengine:baby_skrill/leftleg2"},{"predicate":{"custom_model_data":3},"model":"modelengine:baby_skrill/leftleg3"},{"predicate":{"custom_model_data":4},"model":"modelengine:baby_skrill/rightleg"},{"predicate":{"custom_model_data":5},"model":"modelengine:baby_skrill/rightleg2"},{"predicate":{"custom_model_data":6},"model":"modelengine:baby_skrill/rightleg3"},{"predicate":{"custom_model_data":7},"model":"modelengine:baby_skrill/tail2"},{"predicate":{"custom_model_data":8},"model":"modelengine:baby_skrill/tail3"},{"predicate":{"custom_model_data":9},"model":"modelengine:baby_skrill/tail5"},{"predicate":{"custom_model_data":10},"model":"modelengine:baby_skrill/body"},{"predicate":{"custom_model_data":11},"model":"modelengine:baby_skrill/leftwings"},{"predicate":{"custom_model_data":12},"model":"modelengine:baby_skrill/leftwings2"},{"predicate":{"custom_model_data":13},"model":"modelengine:baby_skrill/leftwings5"},{"predicate":{"custom_model_data":14},"model":"modelengine:baby_skrill/rightwings"},{"predicate":{"custom_model_data":15},"model":"modelengine:baby_skrill/rightwings2"},{"predicate":{"custom_model_data":16},"model":"modelengine:baby_skrill/rightwings5"},{"predicate":{"custom_model_data":17},"model":"modelengine:baby_skrill/lowbody"},{"predicate":{"custom_model_data":18},"model":"modelengine:baby_skrill/neck"},{"predicate":{"custom_model_data":19},"model":"modelengine:baby_skrill/neck2"},{"predicate":{"custom_model_data":20},"model":"modelengine:baby_skrill/mouth"},{"predicate":{"custom_model_data":21},"model":"modelengine:baby_skrill/head"},{"predicate":{"custom_model_data":22},"model":"modelengine:common_crate/bone8"},{"predicate":{"custom_model_data":23},"model":"modelengine:common_crate/bone5"},{"predicate":{"custom_model_data":24},"model":"modelengine:common_crate/bone7"},{"predicate":{"custom_model_data":25},"model":"modelengine:common_crate/bone6"},{"predicate":{"custom_model_data":26},"model":"modelengine:common_crate/top"},{"predicate":{"custom_model_data":27},"model":"modelengine:common_crate/bone10"},{"predicate":{"custom_model_data":28},"model":"modelengine:common_crate/bone9"},{"predicate":{"custom_model_data":29},"model":"modelengine:common_crate/crate"},{"predicate":{"custom_model_data":30},"model":"modelengine:common_crate/bone"},{"predicate":{"custom_model_data":31},"model":"modelengine:common_crate/bone2"},{"predicate":{"custom_model_data":32},"model":"modelengine:common_crate/bone3"},{"predicate":{"custom_model_data":33},"model":"modelengine:common_crate/bone4"},{"predicate":{"custom_model_data":34},"model":"modelengine:crate_creature/top"},{"predicate":{"custom_model_data":35},"model":"modelengine:crate_creature/top_tentacle"},{"predicate":{"custom_model_data":36},"model":"modelengine:crate_creature/handle"},{"predicate":{"custom_model_data":37},"model":"modelengine:crate_creature/lid"},{"predicate":{"custom_model_data":38},"model":"modelengine:crate_creature/leg_right"},{"predicate":{"custom_model_data":39},"model":"modelengine:crate_creature/leg_right_low"},{"predicate":{"custom_model_data":40},"model":"modelengine:crate_creature/leg_left"},{"predicate":{"custom_model_data":41},"model":"modelengine:crate_creature/leg_left_low"},{"predicate":{"custom_model_data":42},"model":"modelengine:crate_creature/leg_left_back"},{"predicate":{"custom_model_data":43},"model":"modelengine:crate_creature/leg_left_low_back"},{"predicate":{"custom_model_data":44},"model":"modelengine:crate_creature/leg_right_back"},{"predicate":{"custom_model_data":45},"model":"modelengine:crate_creature/leg_right_low_back"},{"predicate":{"custom_model_data":46},"model":"modelengine:crate_creature/base"},{"predicate":{"custom_model_data":47},"model":"modelengine:crate_creature/low_chain"},{"predicate":{"custom_model_data":48},"model":"modelengine:crate_creature/low_chain2"},{"predicate":{"custom_model_data":49},"model":"modelengine:crate_creature/chain0"},{"predicate":{"custom_model_data":50},"model":"modelengine:crate_creature/chain1"},{"predicate":{"custom_model_data":51},"model":"modelengine:crate_creature/chain2"},{"predicate":{"custom_model_data":52},"model":"modelengine:crate_creature/iris"},{"predicate":{"custom_model_data":53},"model":"modelengine:crate_creature/key"},{"predicate":{"custom_model_data":54},"model":"modelengine:crate_raven/base"},{"predicate":{"custom_model_data":55},"model":"modelengine:crate_raven/top"},{"predicate":{"custom_model_data":56},"model":"modelengine:crate_raven/raven"},{"predicate":{"custom_model_data":57},"model":"modelengine:crate_raven/jaw"},{"predicate":{"custom_model_data":58},"model":"modelengine:crate_raven/key"},{"predicate":{"custom_model_data":59},"model":"modelengine:crate_sweet_tooth/base"},{"predicate":{"custom_model_data":60},"model":"modelengine:crate_sweet_tooth/tongue_base"},{"predicate":{"custom_model_data":61},"model":"modelengine:crate_sweet_tooth/tongue1"},{"predicate":{"custom_model_data":62},"model":"modelengine:crate_sweet_tooth/tongue2"},{"predicate":{"custom_model_data":63},"model":"modelengine:crate_sweet_tooth/tongue_end"},{"predicate":{"custom_model_data":64},"model":"modelengine:crate_sweet_tooth/claw_right"},{"predicate":{"custom_model_data":65},"model":"modelengine:crate_sweet_tooth/claw_left"},{"predicate":{"custom_model_data":66},"model":"modelengine:crate_sweet_tooth/top"},{"predicate":{"custom_model_data":67},"model":"modelengine:crate_sweet_tooth/candy"},{"predicate":{"custom_model_data":68},"model":"modelengine:creature_crate/top"},{"predicate":{"custom_model_data":69},"model":"modelengine:creature_crate/top_tentacle"},{"predicate":{"custom_model_data":70},"model":"modelengine:creature_crate/handle"},{"predicate":{"custom_model_data":71},"model":"modelengine:creature_crate/lid"},{"predicate":{"custom_model_data":72},"model":"modelengine:creature_crate/leg_right"},{"predicate":{"custom_model_data":73},"model":"modelengine:creature_crate/leg_right_low"},{"predicate":{"custom_model_data":74},"model":"modelengine:creature_crate/leg_left"},{"predicate":{"custom_model_data":75},"model":"modelengine:creature_crate/leg_left_low"},{"predicate":{"custom_model_data":76},"model":"modelengine:creature_crate/leg_left_back"},{"predicate":{"custom_model_data":77},"model":"modelengine:creature_crate/leg_left_low_back"},{"predicate":{"custom_model_data":78},"model":"modelengine:creature_crate/leg_right_back"},{"predicate":{"custom_model_data":79},"model":"modelengine:creature_crate/leg_right_low_back"},{"predicate":{"custom_model_data":80},"model":"modelengine:creature_crate/base"},{"predicate":{"custom_model_data":81},"model":"modelengine:creature_crate/low_chain"},{"predicate":{"custom_model_data":82},"model":"modelengine:creature_crate/low_chain2"},{"predicate":{"custom_model_data":83},"model":"modelengine:creature_crate/chain0"},{"predicate":{"custom_model_data":84},"model":"modelengine:creature_crate/chain1"},{"predicate":{"custom_model_data":85},"model":"modelengine:creature_crate/chain2"},{"predicate":{"custom_model_data":86},"model":"modelengine:creature_crate/iris"},{"predicate":{"custom_model_data":87},"model":"modelengine:creature_crate/key"},{"predicate":{"custom_model_data":88},"model":"modelengine:demonboss/rightleg"},{"predicate":{"custom_model_data":89},"model":"modelengine:demonboss/rightleglow"},{"predicate":{"custom_model_data":90},"model":"modelengine:demonboss/rightlegboot"},{"predicate":{"custom_model_data":91},"model":"modelengine:demonboss/leftleg"},{"predicate":{"custom_model_data":92},"model":"modelengine:demonboss/leftleglow"},{"predicate":{"custom_model_data":93},"model":"modelengine:demonboss/leftlegboot"},{"predicate":{"custom_model_data":94},"model":"modelengine:demonboss/wingleft"},{"predicate":{"custom_model_data":95},"model":"modelengine:demonboss/wingleft7"},{"predicate":{"custom_model_data":96},"model":"modelengine:demonboss/wingright4"},{"predicate":{"custom_model_data":97},"model":"modelengine:demonboss/wingright6"},{"predicate":{"custom_model_data":98},"model":"modelengine:demonboss/head"},{"predicate":{"custom_model_data":99},"model":"modelengine:demonboss/lowbody"},{"predicate":{"custom_model_data":100},"model":"modelengine:demonboss/rightarm"},{"predicate":{"custom_model_data":101},"model":"modelengine:demonboss/rightarmlow"},{"predicate":{"custom_model_data":102},"model":"modelengine:demonboss/righthand"},{"predicate":{"custom_model_data":103},"model":"modelengine:demonboss/leftarm"},{"predicate":{"custom_model_data":104},"model":"modelengine:demonboss/leftarmlow"},{"predicate":{"custom_model_data":105},"model":"modelengine:demonboss/lefthand"},{"predicate":{"custom_model_data":106},"model":"modelengine:demonboss/body"},{"predicate":{"custom_model_data":107},"model":"modelengine:demonboss/tail"},{"predicate":{"custom_model_data":108},"model":"modelengine:demonboss/tail3"},{"predicate":{"custom_model_data":109},"model":"modelengine:demonchest/bottom"},{"predicate":{"custom_model_data":110},"model":"modelengine:demonchest/horn"},{"predicate":{"custom_model_data":111},"model":"modelengine:demonchest/top"},{"predicate":{"custom_model_data":112},"model":"modelengine:demonchest/coins"},{"predicate":{"custom_model_data":113},"model":"modelengine:em_ssanta_present_green/core"},{"predicate":{"custom_model_data":114},"model":"modelengine:em_ssanta_present_red/core"},{"predicate":{"custom_model_data":115},"model":"modelengine:em_super_santa/hip"},{"predicate":{"custom_model_data":116},"model":"modelengine:em_super_santa/bodygrenade1"},{"predicate":{"custom_model_data":117},"model":"modelengine:em_super_santa/bodygrenade2"},{"predicate":{"custom_model_data":118},"model":"modelengine:em_super_santa/back_beltum"},{"predicate":{"custom_model_data":119},"model":"modelengine:em_super_santa/back_beltum_tip"},{"predicate":{"custom_model_data":120},"model":"modelengine:em_super_santa/body"},{"predicate":{"custom_model_data":121},"model":"modelengine:em_super_santa/bodybasuga"},{"predicate":{"custom_model_data":122},"model":"modelengine:em_super_santa/head"},{"predicate":{"custom_model_data":123},"model":"modelengine:em_super_santa/barbum"},{"predicate":{"custom_model_data":124},"model":"modelengine:em_super_santa/right_cejum"},{"predicate":{"custom_model_data":125},"model":"modelengine:em_super_santa/left_cejum"},{"predicate":{"custom_model_data":126},"model":"modelengine:em_super_santa/left_arm"},{"predicate":{"custom_model_data":127},"model":"modelengine:em_super_santa/left_forearm"},{"predicate":{"custom_model_data":128},"model":"modelengine:em_super_santa/handgrenade1"},{"predicate":{"custom_model_data":129},"model":"modelengine:em_super_santa/handgrenade2"},{"predicate":{"custom_model_data":130},"model":"modelengine:em_super_santa/handgift"},{"predicate":{"custom_model_data":131},"model":"modelengine:em_super_santa/handgift2"},{"predicate":{"custom_model_data":132},"model":"modelengine:em_super_santa/left_hand"},{"predicate":{"custom_model_data":133},"model":"modelengine:em_super_santa/right_arm"},{"predicate":{"custom_model_data":134},"model":"modelengine:em_super_santa/right_forearm"},{"predicate":{"custom_model_data":135},"model":"modelengine:em_super_santa/right_handgrenade1"},{"predicate":{"custom_model_data":136},"model":"modelengine:em_super_santa/right_handgrenade2"},{"predicate":{"custom_model_data":137},"model":"modelengine:em_super_santa/right_hand"},{"predicate":{"custom_model_data":138},"model":"modelengine:em_super_santa/turnibba"},{"predicate":{"custom_model_data":139},"model":"modelengine:em_super_santa/basuga"},{"predicate":{"custom_model_data":140},"model":"modelengine:em_super_santa/right_leg"},{"predicate":{"custom_model_data":141},"model":"modelengine:em_super_santa/right_shin"},{"predicate":{"custom_model_data":142},"model":"modelengine:em_super_santa/right_foot"},{"predicate":{"custom_model_data":143},"model":"modelengine:em_super_santa/left_leg"},{"predicate":{"custom_model_data":144},"model":"modelengine:em_super_santa/left_shin"},{"predicate":{"custom_model_data":145},"model":"modelengine:em_super_santa/left_foot"},{"predicate":{"custom_model_data":146},"model":"modelengine:epic_crate/top"},{"predicate":{"custom_model_data":147},"model":"modelengine:epic_crate/bone6"},{"predicate":{"custom_model_data":148},"model":"modelengine:epic_crate/bone7"},{"predicate":{"custom_model_data":149},"model":"modelengine:epic_crate/bone8"},{"predicate":{"custom_model_data":150},"model":"modelengine:epic_crate/bone5"},{"predicate":{"custom_model_data":151},"model":"modelengine:epic_crate/bone10"},{"predicate":{"custom_model_data":152},"model":"modelengine:epic_crate/bone9"},{"predicate":{"custom_model_data":153},"model":"modelengine:epic_crate/bone12"},{"predicate":{"custom_model_data":154},"model":"modelengine:epic_crate/crate"},{"predicate":{"custom_model_data":155},"model":"modelengine:epic_crate/bone4"},{"predicate":{"custom_model_data":156},"model":"modelengine:epic_crate/bone3"},{"predicate":{"custom_model_data":157},"model":"modelengine:epic_crate/bone2"},{"predicate":{"custom_model_data":158},"model":"modelengine:epic_crate/bone"},{"predicate":{"custom_model_data":159},"model":"modelengine:fallenherald/capa"},{"predicate":{"custom_model_data":160},"model":"modelengine:fallenherald/body"},{"predicate":{"custom_model_data":161},"model":"modelengine:fallenherald/leftarm"},{"predicate":{"custom_model_data":162},"model":"modelengine:fallenherald/leftarmbot"},{"predicate":{"custom_model_data":163},"model":"modelengine:fallenherald/rightarm"},{"predicate":{"custom_model_data":164},"model":"modelengine:fallenherald/hand"},{"predicate":{"custom_model_data":165},"model":"modelengine:fallenherald/sword"},{"predicate":{"custom_model_data":166},"model":"modelengine:fallenherald/rightarmbot"},{"predicate":{"custom_model_data":167},"model":"modelengine:fallenherald/head"},{"predicate":{"custom_model_data":168},"model":"modelengine:fallenherald/rightleg"},{"predicate":{"custom_model_data":169},"model":"modelengine:fallenherald/rightlegbot"},{"predicate":{"custom_model_data":170},"model":"modelengine:fallenherald/piedderenn"},{"predicate":{"custom_model_data":171},"model":"modelengine:fallenherald/leftleg"},{"predicate":{"custom_model_data":172},"model":"modelengine:fallenherald/leftlegbot"},{"predicate":{"custom_model_data":173},"model":"modelengine:fallenherald/piedleften"},{"predicate":{"custom_model_data":174},"model":"modelengine:fallenherald2/capa"},{"predicate":{"custom_model_data":175},"model":"modelengine:fallenherald2/body"},{"predicate":{"custom_model_data":176},"model":"modelengine:fallenherald2/leftarm"},{"predicate":{"custom_model_data":177},"model":"modelengine:fallenherald2/leftarmbot"},{"predicate":{"custom_model_data":178},"model":"modelengine:fallenherald2/rightarm"},{"predicate":{"custom_model_data":179},"model":"modelengine:fallenherald2/hand"},{"predicate":{"custom_model_data":180},"model":"modelengine:fallenherald2/sword"},{"predicate":{"custom_model_data":181},"model":"modelengine:fallenherald2/rightarmbot"},{"predicate":{"custom_model_data":182},"model":"modelengine:fallenherald2/head"},{"predicate":{"custom_model_data":183},"model":"modelengine:fallenherald2/rightleg"},{"predicate":{"custom_model_data":184},"model":"modelengine:fallenherald2/rightlegbot"},{"predicate":{"custom_model_data":185},"model":"modelengine:fallenherald2/piedderenn"},{"predicate":{"custom_model_data":186},"model":"modelengine:fallenherald2/leftleg"},{"predicate":{"custom_model_data":187},"model":"modelengine:fallenherald2/leftlegbot"},{"predicate":{"custom_model_data":188},"model":"modelengine:fallenherald2/piedleften"},{"predicate":{"custom_model_data":189},"model":"modelengine:fallenherald3/capa"},{"predicate":{"custom_model_data":190},"model":"modelengine:fallenherald3/body"},{"predicate":{"custom_model_data":191},"model":"modelengine:fallenherald3/head"},{"predicate":{"custom_model_data":192},"model":"modelengine:fallenherald3/leftarm"},{"predicate":{"custom_model_data":193},"model":"modelengine:fallenherald3/leftarmbot"},{"predicate":{"custom_model_data":194},"model":"modelengine:fallenherald3/rightarm"},{"predicate":{"custom_model_data":195},"model":"modelengine:fallenherald3/hand"},{"predicate":{"custom_model_data":196},"model":"modelengine:fallenherald3/rightarmbot"},{"predicate":{"custom_model_data":197},"model":"modelengine:fallenherald3/sword"},{"predicate":{"custom_model_data":198},"model":"modelengine:fallenherald3/rightleg"},{"predicate":{"custom_model_data":199},"model":"modelengine:fallenherald3/rightlegbot"},{"predicate":{"custom_model_data":200},"model":"modelengine:fallenherald3/piedderenn"},{"predicate":{"custom_model_data":201},"model":"modelengine:fallenherald3/leftleg"},{"predicate":{"custom_model_data":202},"model":"modelengine:fallenherald3/leftlegbot"},{"predicate":{"custom_model_data":203},"model":"modelengine:fallenherald3/piedleften"},{"predicate":{"custom_model_data":204},"model":"modelengine:fallenreaper/faldcentral"},{"predicate":{"custom_model_data":205},"model":"modelengine:fallenreaper/faldizq"},{"predicate":{"custom_model_data":206},"model":"modelengine:fallenreaper/faldder"},{"predicate":{"custom_model_data":207},"model":"modelengine:fallenreaper/capa"},{"predicate":{"custom_model_data":208},"model":"modelengine:fallenreaper/body"},{"predicate":{"custom_model_data":209},"model":"modelengine:fallenreaper/leftarm"},{"predicate":{"custom_model_data":210},"model":"modelengine:fallenreaper/leftarmbot"},{"predicate":{"custom_model_data":211},"model":"modelengine:fallenreaper/rightarm"},{"predicate":{"custom_model_data":212},"model":"modelengine:fallenreaper/hand"},{"predicate":{"custom_model_data":213},"model":"modelengine:fallenreaper/odes"},{"predicate":{"custom_model_data":214},"model":"modelengine:fallenreaper/rightarmbot"},{"predicate":{"custom_model_data":215},"model":"modelengine:fallenreaper/head"},{"predicate":{"custom_model_data":216},"model":"modelengine:fallenreaper/rightleg"},{"predicate":{"custom_model_data":217},"model":"modelengine:fallenreaper/rightlegbot"},{"predicate":{"custom_model_data":218},"model":"modelengine:fallenreaper/right_foot"},{"predicate":{"custom_model_data":219},"model":"modelengine:fallenreaper/leftleg"},{"predicate":{"custom_model_data":220},"model":"modelengine:fallenreaper/leftlegbot"},{"predicate":{"custom_model_data":221},"model":"modelengine:fallenreaper/left_foot"},{"predicate":{"custom_model_data":222},"model":"modelengine:fallenreaper2/faldcentral"},{"predicate":{"custom_model_data":223},"model":"modelengine:fallenreaper2/faldizq"},{"predicate":{"custom_model_data":224},"model":"modelengine:fallenreaper2/faldder"},{"predicate":{"custom_model_data":225},"model":"modelengine:fallenreaper2/capa"},{"predicate":{"custom_model_data":226},"model":"modelengine:fallenreaper2/body"},{"predicate":{"custom_model_data":227},"model":"modelengine:fallenreaper2/leftarm"},{"predicate":{"custom_model_data":228},"model":"modelengine:fallenreaper2/leftarmbot"},{"predicate":{"custom_model_data":229},"model":"modelengine:fallenreaper2/rightarm"},{"predicate":{"custom_model_data":230},"model":"modelengine:fallenreaper2/hand"},{"predicate":{"custom_model_data":231},"model":"modelengine:fallenreaper2/odes"},{"predicate":{"custom_model_data":232},"model":"modelengine:fallenreaper2/rightarmbot"},{"predicate":{"custom_model_data":233},"model":"modelengine:fallenreaper2/head"},{"predicate":{"custom_model_data":234},"model":"modelengine:fallenreaper2/rightleg"},{"predicate":{"custom_model_data":235},"model":"modelengine:fallenreaper2/rightlegbot"},{"predicate":{"custom_model_data":236},"model":"modelengine:fallenreaper2/piedderenn"},{"predicate":{"custom_model_data":237},"model":"modelengine:fallenreaper2/leftleg"},{"predicate":{"custom_model_data":238},"model":"modelengine:fallenreaper2/leftlegbot"},{"predicate":{"custom_model_data":239},"model":"modelengine:fallenreaper2/piedleften"},{"predicate":{"custom_model_data":240},"model":"modelengine:fallenreaper3/faldcentral"},{"predicate":{"custom_model_data":241},"model":"modelengine:fallenreaper3/faldizq"},{"predicate":{"custom_model_data":242},"model":"modelengine:fallenreaper3/faldder"},{"predicate":{"custom_model_data":243},"model":"modelengine:fallenreaper3/capa"},{"predicate":{"custom_model_data":244},"model":"modelengine:fallenreaper3/body"},{"predicate":{"custom_model_data":245},"model":"modelengine:fallenreaper3/leftarmxd"},{"predicate":{"custom_model_data":246},"model":"modelengine:fallenreaper3/rightarmxd"},{"predicate":{"custom_model_data":247},"model":"modelengine:fallenreaper3/rightleg"},{"predicate":{"custom_model_data":248},"model":"modelengine:fallenreaper3/leftleg"},{"predicate":{"custom_model_data":249},"model":"modelengine:fallenreaper3/head"},{"predicate":{"custom_model_data":250},"model":"modelengine:fallenreaper3/maske"},{"predicate":{"custom_model_data":251},"model":"modelengine:fallenreaper3/leftarm"},{"predicate":{"custom_model_data":252},"model":"modelengine:fallenreaper3/leftarmbot2"},{"predicate":{"custom_model_data":253},"model":"modelengine:fallenreaper3/rightarm"},{"predicate":{"custom_model_data":254},"model":"modelengine:fallenreaper3/hand2"},{"predicate":{"custom_model_data":255},"model":"modelengine:fallenreaper3/rightarmbot2"},{"predicate":{"custom_model_data":256},"model":"modelengine:fallenreaper3/rightleg2"},{"predicate":{"custom_model_data":257},"model":"modelengine:fallenreaper3/rightlegbot"},{"predicate":{"custom_model_data":258},"model":"modelengine:fallenreaper3/piedderenn"},{"predicate":{"custom_model_data":259},"model":"modelengine:fallenreaper3/leftlegbot"},{"predicate":{"custom_model_data":260},"model":"modelengine:fallenreaper3/piedleften"},{"predicate":{"custom_model_data":261},"model":"modelengine:fallenreaper3/leftleg2"},{"predicate":{"custom_model_data":262},"model":"modelengine:fallenreaper3/odes"},{"predicate":{"custom_model_data":263},"model":"modelengine:fallensoldier/body"},{"predicate":{"custom_model_data":264},"model":"modelengine:fallensoldier/leftarm"},{"predicate":{"custom_model_data":265},"model":"modelengine:fallensoldier/leftarmbot"},{"predicate":{"custom_model_data":266},"model":"modelengine:fallensoldier/rightarm"},{"predicate":{"custom_model_data":267},"model":"modelengine:fallensoldier/hand"},{"predicate":{"custom_model_data":268},"model":"modelengine:fallensoldier/sword"},{"predicate":{"custom_model_data":269},"model":"modelengine:fallensoldier/rightarmbot"},{"predicate":{"custom_model_data":270},"model":"modelengine:fallensoldier/head"},{"predicate":{"custom_model_data":271},"model":"modelengine:fallensoldier/rightleg"},{"predicate":{"custom_model_data":272},"model":"modelengine:fallensoldier/rightlegbot"},{"predicate":{"custom_model_data":273},"model":"modelengine:fallensoldier/piedderenn"},{"predicate":{"custom_model_data":274},"model":"modelengine:fallensoldier/leftleg"},{"predicate":{"custom_model_data":275},"model":"modelengine:fallensoldier/leftlegbot"},{"predicate":{"custom_model_data":276},"model":"modelengine:fallensoldier/piedleften"},{"predicate":{"custom_model_data":277},"model":"modelengine:fallenwarden/body"},{"predicate":{"custom_model_data":278},"model":"modelengine:fallenwarden/leftarm"},{"predicate":{"custom_model_data":279},"model":"modelengine:fallenwarden/leftarmbot"},{"predicate":{"custom_model_data":280},"model":"modelengine:fallenwarden/rightarm"},{"predicate":{"custom_model_data":281},"model":"modelengine:fallenwarden/hand"},{"predicate":{"custom_model_data":282},"model":"modelengine:fallenwarden/lanceaxe"},{"predicate":{"custom_model_data":283},"model":"modelengine:fallenwarden/rightarmbot"},{"predicate":{"custom_model_data":284},"model":"modelengine:fallenwarden/head"},{"predicate":{"custom_model_data":285},"model":"modelengine:fallenwarden/rightleg"},{"predicate":{"custom_model_data":286},"model":"modelengine:fallenwarden/rightlegbot"},{"predicate":{"custom_model_data":287},"model":"modelengine:fallenwarden/right_foot"},{"predicate":{"custom_model_data":288},"model":"modelengine:fallenwarden/leftleg"},{"predicate":{"custom_model_data":289},"model":"modelengine:fallenwarden/leftlegbot"},{"predicate":{"custom_model_data":290},"model":"modelengine:fallenwarden/left_foot"},{"predicate":{"custom_model_data":291},"model":"modelengine:fallenwarden2/body"},{"predicate":{"custom_model_data":292},"model":"modelengine:fallenwarden2/leftarm"},{"predicate":{"custom_model_data":293},"model":"modelengine:fallenwarden2/leftarmbot"},{"predicate":{"custom_model_data":294},"model":"modelengine:fallenwarden2/rightarm"},{"predicate":{"custom_model_data":295},"model":"modelengine:fallenwarden2/hand"},{"predicate":{"custom_model_data":296},"model":"modelengine:fallenwarden2/lanceaxe"},{"predicate":{"custom_model_data":297},"model":"modelengine:fallenwarden2/rightarmbot"},{"predicate":{"custom_model_data":298},"model":"modelengine:fallenwarden2/head"},{"predicate":{"custom_model_data":299},"model":"modelengine:fallenwarden2/rightleg"},{"predicate":{"custom_model_data":300},"model":"modelengine:fallenwarden2/rightlegbot"},{"predicate":{"custom_model_data":301},"model":"modelengine:fallenwarden2/piedderenn"},{"predicate":{"custom_model_data":302},"model":"modelengine:fallenwarden2/leftleg"},{"predicate":{"custom_model_data":303},"model":"modelengine:fallenwarden2/leftlegbot"},{"predicate":{"custom_model_data":304},"model":"modelengine:fallenwarden2/piedleften"},{"predicate":{"custom_model_data":305},"model":"modelengine:fallenwarden3/body"},{"predicate":{"custom_model_data":306},"model":"modelengine:fallenwarden3/leftarm"},{"predicate":{"custom_model_data":307},"model":"modelengine:fallenwarden3/leftarmbot"},{"predicate":{"custom_model_data":308},"model":"modelengine:fallenwarden3/rightarm"},{"predicate":{"custom_model_data":309},"model":"modelengine:fallenwarden3/hand"},{"predicate":{"custom_model_data":310},"model":"modelengine:fallenwarden3/lanceaxe"},{"predicate":{"custom_model_data":311},"model":"modelengine:fallenwarden3/rightarmbot"},{"predicate":{"custom_model_data":312},"model":"modelengine:fallenwarden3/head"},{"predicate":{"custom_model_data":313},"model":"modelengine:fallenwarden3/rightleg"},{"predicate":{"custom_model_data":314},"model":"modelengine:fallenwarden3/rightlegbot"},{"predicate":{"custom_model_data":315},"model":"modelengine:fallenwarden3/piedderenn"},{"predicate":{"custom_model_data":316},"model":"modelengine:fallenwarden3/leftleg"},{"predicate":{"custom_model_data":317},"model":"modelengine:fallenwarden3/leftlegbot"},{"predicate":{"custom_model_data":318},"model":"modelengine:fallenwarden3/piedleften"},{"predicate":{"custom_model_data":319},"model":"modelengine:femaledemon/rightleg"},{"predicate":{"custom_model_data":320},"model":"modelengine:femaledemon/rightlegboot"},{"predicate":{"custom_model_data":321},"model":"modelengine:femaledemon/rightleglow"},{"predicate":{"custom_model_data":322},"model":"modelengine:femaledemon/leftleg"},{"predicate":{"custom_model_data":323},"model":"modelengine:femaledemon/leftlegboot"},{"predicate":{"custom_model_data":324},"model":"modelengine:femaledemon/leftleglow"},{"predicate":{"custom_model_data":325},"model":"modelengine:femaledemon/lowbody"},{"predicate":{"custom_model_data":326},"model":"modelengine:femaledemon/rightwings"},{"predicate":{"custom_model_data":327},"model":"modelengine:femaledemon/rightwings3"},{"predicate":{"custom_model_data":328},"model":"modelengine:femaledemon/leftwings4"},{"predicate":{"custom_model_data":329},"model":"modelengine:femaledemon/leftwings6"},{"predicate":{"custom_model_data":330},"model":"modelengine:femaledemon/leftarm"},{"predicate":{"custom_model_data":331},"model":"modelengine:femaledemon/leftarmlow"},{"predicate":{"custom_model_data":332},"model":"modelengine:femaledemon/rightarm"},{"predicate":{"custom_model_data":333},"model":"modelengine:femaledemon/rightarmlow"},{"predicate":{"custom_model_data":334},"model":"modelengine:femaledemon/whip"},{"predicate":{"custom_model_data":335},"model":"modelengine:femaledemon/whip2"},{"predicate":{"custom_model_data":336},"model":"modelengine:femaledemon/whip3"},{"predicate":{"custom_model_data":337},"model":"modelengine:femaledemon/righthand"},{"predicate":{"custom_model_data":338},"model":"modelengine:femaledemon/head"},{"predicate":{"custom_model_data":339},"model":"modelengine:femaledemon/tail"},{"predicate":{"custom_model_data":340},"model":"modelengine:femaledemon/tail3"},{"predicate":{"custom_model_data":341},"model":"modelengine:flyingdemon/leftleg2"},{"predicate":{"custom_model_data":342},"model":"modelengine:flyingdemon/leftleg"},{"predicate":{"custom_model_data":343},"model":"modelengine:flyingdemon/rightleg2"},{"predicate":{"custom_model_data":344},"model":"modelengine:flyingdemon/rightleg"},{"predicate":{"custom_model_data":345},"model":"modelengine:flyingdemon/leftwing"},{"predicate":{"custom_model_data":346},"model":"modelengine:flyingdemon/leftwingmid"},{"predicate":{"custom_model_data":347},"model":"modelengine:flyingdemon/leftarm"},{"predicate":{"custom_model_data":348},"model":"modelengine:flyingdemon/leftarmlow"},{"predicate":{"custom_model_data":349},"model":"modelengine:flyingdemon/lefthand"},{"predicate":{"custom_model_data":350},"model":"modelengine:flyingdemon/rightarm"},{"predicate":{"custom_model_data":351},"model":"modelengine:flyingdemon/rightarmlow"},{"predicate":{"custom_model_data":352},"model":"modelengine:flyingdemon/righthand"},{"predicate":{"custom_model_data":353},"model":"modelengine:flyingdemon/rightwing"},{"predicate":{"custom_model_data":354},"model":"modelengine:flyingdemon/rightwingmid"},{"predicate":{"custom_model_data":355},"model":"modelengine:flyingdemon/head"},{"predicate":{"custom_model_data":356},"model":"modelengine:flyingdemon/lowbody"},{"predicate":{"custom_model_data":357},"model":"modelengine:flyingdemon/tail"},{"predicate":{"custom_model_data":358},"model":"modelengine:flyingdemon/tail3"},{"predicate":{"custom_model_data":359},"model":"modelengine:green_grenade/grenade"},{"predicate":{"custom_model_data":360},"model":"modelengine:grounddemon/head"},{"predicate":{"custom_model_data":361},"model":"modelengine:grounddemon/bone3"},{"predicate":{"custom_model_data":362},"model":"modelengine:grounddemon/lowbody"},{"predicate":{"custom_model_data":363},"model":"modelengine:grounddemon/rightarm"},{"predicate":{"custom_model_data":364},"model":"modelengine:grounddemon/rightarmdown"},{"predicate":{"custom_model_data":365},"model":"modelengine:grounddemon/rightfingerbig"},{"predicate":{"custom_model_data":366},"model":"modelengine:grounddemon/leftarm"},{"predicate":{"custom_model_data":367},"model":"modelengine:grounddemon/leftarmdown"},{"predicate":{"custom_model_data":368},"model":"modelengine:grounddemon/leftfingerbig"},{"predicate":{"custom_model_data":369},"model":"modelengine:grounddemon/tail"},{"predicate":{"custom_model_data":370},"model":"modelengine:grounddemon/tail2"},{"predicate":{"custom_model_data":371},"model":"modelengine:grounddemon/tail3"},{"predicate":{"custom_model_data":372},"model":"modelengine:grounddemon/leftleg"},{"predicate":{"custom_model_data":373},"model":"modelengine:grounddemon/leftleg3"},{"predicate":{"custom_model_data":374},"model":"modelengine:grounddemon/rightleg4"},{"predicate":{"custom_model_data":375},"model":"modelengine:grounddemon/rightleg6"},{"predicate":{"custom_model_data":376},"model":"modelengine:lavadragon/body"},{"predicate":{"custom_model_data":377},"model":"modelengine:lavadragon/neck"},{"predicate":{"custom_model_data":378},"model":"modelengine:lavadragon/upperneck"},{"predicate":{"custom_model_data":379},"model":"modelengine:lavadragon/head"},{"predicate":{"custom_model_data":380},"model":"modelengine:lavadragon/mouth"},{"predicate":{"custom_model_data":381},"model":"modelengine:lavadragon/wing_left"},{"predicate":{"custom_model_data":382},"model":"modelengine:lavadragon/wing_lefttop"},{"predicate":{"custom_model_data":383},"model":"modelengine:lavadragon/wing_right"},{"predicate":{"custom_model_data":384},"model":"modelengine:lavadragon/wing_righttop"},{"predicate":{"custom_model_data":385},"model":"modelengine:lavadragon/tail"},{"predicate":{"custom_model_data":386},"model":"modelengine:lavadragon/tail2"},{"predicate":{"custom_model_data":387},"model":"modelengine:lavadragon/leg_left"},{"predicate":{"custom_model_data":388},"model":"modelengine:lavadragon/legleftbottom"},{"predicate":{"custom_model_data":389},"model":"modelengine:lavadragon/leg_right2"},{"predicate":{"custom_model_data":390},"model":"modelengine:lavadragon/legrightbottom"},{"predicate":{"custom_model_data":391},"model":"modelengine:lavadragon/armleftbottom"},{"predicate":{"custom_model_data":392},"model":"modelengine:lavadragon/arm_left2"},{"predicate":{"custom_model_data":393},"model":"modelengine:lavadragon/arm_right3"},{"predicate":{"custom_model_data":394},"model":"modelengine:lavadragon/armrightbottom"},{"predicate":{"custom_model_data":395},"model":"modelengine:lavajaw/tail"},{"predicate":{"custom_model_data":396},"model":"modelengine:lavajaw/tailend"},{"predicate":{"custom_model_data":397},"model":"modelengine:lavajaw/head"},{"predicate":{"custom_model_data":398},"model":"modelengine:lavajaw/upperjaw"},{"predicate":{"custom_model_data":399},"model":"modelengine:lavajaw/lowerjaw"},{"predicate":{"custom_model_data":400},"model":"modelengine:lavajaw/leftleg"},{"predicate":{"custom_model_data":401},"model":"modelengine:lavajaw/leftbottomleg"},{"predicate":{"custom_model_data":402},"model":"modelengine:lavajaw/leftfoot"},{"predicate":{"custom_model_data":403},"model":"modelengine:lavajaw/rightleg"},{"predicate":{"custom_model_data":404},"model":"modelengine:lavajaw/rightbottomleg"},{"predicate":{"custom_model_data":405},"model":"modelengine:lavajaw/rightfoot"},{"predicate":{"custom_model_data":406},"model":"modelengine:legendary_crate/left_top_ear"},{"predicate":{"custom_model_data":407},"model":"modelengine:legendary_crate/right_top_ear"},{"predicate":{"custom_model_data":408},"model":"modelengine:legendary_crate/left_ear"},{"predicate":{"custom_model_data":409},"model":"modelengine:legendary_crate/right_ear"},{"predicate":{"custom_model_data":410},"model":"modelengine:legendary_crate/top"},{"predicate":{"custom_model_data":411},"model":"modelengine:legendary_crate/key"},{"predicate":{"custom_model_data":412},"model":"modelengine:legendary_crate/crate"},{"predicate":{"custom_model_data":413},"model":"modelengine:legendary_crate/bone4"},{"predicate":{"custom_model_data":414},"model":"modelengine:legendary_crate/bone3"},{"predicate":{"custom_model_data":415},"model":"modelengine:legendary_crate/bone2"},{"predicate":{"custom_model_data":416},"model":"modelengine:legendary_crate/bone"},{"predicate":{"custom_model_data":417},"model":"modelengine:moltenspirit/body"},{"predicate":{"custom_model_data":418},"model":"modelengine:moltenspirit/head"},{"predicate":{"custom_model_data":419},"model":"modelengine:moltenspirit/lefthandb"},{"predicate":{"custom_model_data":420},"model":"modelengine:moltenspirit/lefthand"},{"predicate":{"custom_model_data":421},"model":"modelengine:moltenspirit/righthandb"},{"predicate":{"custom_model_data":422},"model":"modelengine:moltenspirit/righthand"},{"predicate":{"custom_model_data":423},"model":"modelengine:moltenspirit/rightpalm"},{"predicate":{"custom_model_data":424},"model":"modelengine:moltenspirit/sword"},{"predicate":{"custom_model_data":425},"model":"modelengine:nes_bacteria/body"},{"predicate":{"custom_model_data":426},"model":"modelengine:nes_bacteria/leftthigh"},{"predicate":{"custom_model_data":427},"model":"modelengine:nes_bacteria/leftleg"},{"predicate":{"custom_model_data":428},"model":"modelengine:nes_bacteria/rightthigh"},{"predicate":{"custom_model_data":429},"model":"modelengine:nes_bacteria/rightleg"},{"predicate":{"custom_model_data":430},"model":"modelengine:nes_bacteria/waist"},{"predicate":{"custom_model_data":431},"model":"modelengine:nes_bacteria/torso"},{"predicate":{"custom_model_data":432},"model":"modelengine:nes_bacteria/leftarm"},{"predicate":{"custom_model_data":433},"model":"modelengine:nes_bacteria/leftbottomarm"},{"predicate":{"custom_model_data":434},"model":"modelengine:nes_bacteria/lefthand"},{"predicate":{"custom_model_data":435},"model":"modelengine:nes_bacteria/rightarm"},{"predicate":{"custom_model_data":436},"model":"modelengine:nes_bacteria/rightbottomarm"},{"predicate":{"custom_model_data":437},"model":"modelengine:nes_bacteria/righthand"},{"predicate":{"custom_model_data":438},"model":"modelengine:nes_bacteria/head"},{"predicate":{"custom_model_data":439},"model":"modelengine:nes_bacteria/jaw"},{"predicate":{"custom_model_data":440},"model":"modelengine:phoenixec/bone"},{"predicate":{"custom_model_data":441},"model":"modelengine:phoenixec/leftwing"},{"predicate":{"custom_model_data":442},"model":"modelengine:phoenixec/leftwingbottom"},{"predicate":{"custom_model_data":443},"model":"modelengine:phoenixec/rightwing"},{"predicate":{"custom_model_data":444},"model":"modelengine:phoenixec/rightwingbottom"},{"predicate":{"custom_model_data":445},"model":"modelengine:phoenixec/tail"},{"predicate":{"custom_model_data":446},"model":"modelengine:phoenixec/tailrightup"},{"predicate":{"custom_model_data":447},"model":"modelengine:phoenixec/tailrightdown"},{"predicate":{"custom_model_data":448},"model":"modelengine:phoenixec/tailleftup"},{"predicate":{"custom_model_data":449},"model":"modelengine:phoenixec/tailleftbottom"},{"predicate":{"custom_model_data":450},"model":"modelengine:phoenixec/leftupperleg"},{"predicate":{"custom_model_data":451},"model":"modelengine:phoenixec/fingersfront"},{"predicate":{"custom_model_data":452},"model":"modelengine:phoenixec/backfinger"},{"predicate":{"custom_model_data":453},"model":"modelengine:phoenixec/rightupperleg"},{"predicate":{"custom_model_data":454},"model":"modelengine:phoenixec/frontfingers"},{"predicate":{"custom_model_data":455},"model":"modelengine:phoenixec/backfingerright"},{"predicate":{"custom_model_data":456},"model":"modelengine:phoenixec/lowerneck"},{"predicate":{"custom_model_data":457},"model":"modelengine:phoenixec/neck"},{"predicate":{"custom_model_data":458},"model":"modelengine:phoenixec/head"},{"predicate":{"custom_model_data":459},"model":"modelengine:phoenixec/beak"},{"predicate":{"custom_model_data":460},"model":"modelengine:raven_crate/base"},{"predicate":{"custom_model_data":461},"model":"modelengine:raven_crate/top"},{"predicate":{"custom_model_data":462},"model":"modelengine:raven_crate/raven"},{"predicate":{"custom_model_data":463},"model":"modelengine:raven_crate/jaw"},{"predicate":{"custom_model_data":464},"model":"modelengine:raven_crate/key"},{"predicate":{"custom_model_data":465},"model":"modelengine:red_grenade/grenade"},{"predicate":{"custom_model_data":466},"model":"modelengine:skrill_dragon/rightleg"},{"predicate":{"custom_model_data":467},"model":"modelengine:skrill_dragon/rightleg2"},{"predicate":{"custom_model_data":468},"model":"modelengine:skrill_dragon/rightleg3"},{"predicate":{"custom_model_data":469},"model":"modelengine:skrill_dragon/leftleg"},{"predicate":{"custom_model_data":470},"model":"modelengine:skrill_dragon/leftleg2"},{"predicate":{"custom_model_data":471},"model":"modelengine:skrill_dragon/leftleg3"},{"predicate":{"custom_model_data":472},"model":"modelengine:skrill_dragon/tail2"},{"predicate":{"custom_model_data":473},"model":"modelengine:skrill_dragon/tail3"},{"predicate":{"custom_model_data":474},"model":"modelengine:skrill_dragon/tail4"},{"predicate":{"custom_model_data":475},"model":"modelengine:skrill_dragon/tail5"},{"predicate":{"custom_model_data":476},"model":"modelengine:skrill_dragon/body"},{"predicate":{"custom_model_data":477},"model":"modelengine:skrill_dragon/rightwings"},{"predicate":{"custom_model_data":478},"model":"modelengine:skrill_dragon/rightwings2"},{"predicate":{"custom_model_data":479},"model":"modelengine:skrill_dragon/rightwings3"},{"predicate":{"custom_model_data":480},"model":"modelengine:skrill_dragon/rightwings4"},{"predicate":{"custom_model_data":481},"model":"modelengine:skrill_dragon/rightwings5"},{"predicate":{"custom_model_data":482},"model":"modelengine:skrill_dragon/electricfx2"},{"predicate":{"custom_model_data":483},"model":"modelengine:skrill_dragon/leftwings"},{"predicate":{"custom_model_data":484},"model":"modelengine:skrill_dragon/leftwings2"},{"predicate":{"custom_model_data":485},"model":"modelengine:skrill_dragon/leftwings3"},{"predicate":{"custom_model_data":486},"model":"modelengine:skrill_dragon/electricfx1"},{"predicate":{"custom_model_data":487},"model":"modelengine:skrill_dragon/leftwings4"},{"predicate":{"custom_model_data":488},"model":"modelengine:skrill_dragon/leftwings5"},{"predicate":{"custom_model_data":489},"model":"modelengine:skrill_dragon/lowbody"},{"predicate":{"custom_model_data":490},"model":"modelengine:skrill_dragon/electric"},{"predicate":{"custom_model_data":491},"model":"modelengine:skrill_dragon/mouth"},{"predicate":{"custom_model_data":492},"model":"modelengine:skrill_dragon/head"},{"predicate":{"custom_model_data":493},"model":"modelengine:skrill_dragon/neck2"},{"predicate":{"custom_model_data":494},"model":"modelengine:skrill_dragon/neck"},{"predicate":{"custom_model_data":495},"model":"modelengine:smolderingshadow/body"},{"predicate":{"custom_model_data":496},"model":"modelengine:smolderingshadow/torso"},{"predicate":{"custom_model_data":497},"model":"modelengine:smolderingshadow/belly"},{"predicate":{"custom_model_data":498},"model":"modelengine:smolderingshadow/leftrearleg"},{"predicate":{"custom_model_data":499},"model":"modelengine:smolderingshadow/leftrearmid"},{"predicate":{"custom_model_data":500},"model":"modelengine:smolderingshadow/leftreardown"},{"predicate":{"custom_model_data":501},"model":"modelengine:smolderingshadow/rightrearleg"},{"predicate":{"custom_model_data":502},"model":"modelengine:smolderingshadow/rightrearmid"},{"predicate":{"custom_model_data":503},"model":"modelengine:smolderingshadow/rightreardown"},{"predicate":{"custom_model_data":504},"model":"modelengine:smolderingshadow/leftfrontleg"},{"predicate":{"custom_model_data":505},"model":"modelengine:smolderingshadow/leftfrontmid"},{"predicate":{"custom_model_data":506},"model":"modelengine:smolderingshadow/leftfrontdown"},{"predicate":{"custom_model_data":507},"model":"modelengine:smolderingshadow/rightfrontleg"},{"predicate":{"custom_model_data":508},"model":"modelengine:smolderingshadow/rightfrontmid"},{"predicate":{"custom_model_data":509},"model":"modelengine:smolderingshadow/rightfrontdown"},{"predicate":{"custom_model_data":510},"model":"modelengine:smolderingshadow/leftwingbase"},{"predicate":{"custom_model_data":511},"model":"modelengine:smolderingshadow/leftwingmiddle"},{"predicate":{"custom_model_data":512},"model":"modelengine:smolderingshadow/leftwingend"},{"predicate":{"custom_model_data":513},"model":"modelengine:smolderingshadow/rightwingbase"},{"predicate":{"custom_model_data":514},"model":"modelengine:smolderingshadow/rightwingmiddle"},{"predicate":{"custom_model_data":515},"model":"modelengine:smolderingshadow/rightwingend"},{"predicate":{"custom_model_data":516},"model":"modelengine:smolderingshadow/uppertail"},{"predicate":{"custom_model_data":517},"model":"modelengine:smolderingshadow/lowertail"},{"predicate":{"custom_model_data":518},"model":"modelengine:smolderingshadow/lowerneck"},{"predicate":{"custom_model_data":519},"model":"modelengine:smolderingshadow/upperneck"},{"predicate":{"custom_model_data":520},"model":"modelengine:smolderingshadow/tophead"},{"predicate":{"custom_model_data":521},"model":"modelengine:smolderingshadow/lowerjaw"},{"predicate":{"custom_model_data":522},"model":"modelengine:smolderingshadow/eyebrow"},{"predicate":{"custom_model_data":523},"model":"modelengine:sweet_tooth_crate/base"},{"predicate":{"custom_model_data":524},"model":"modelengine:sweet_tooth_crate/tongue_base"},{"predicate":{"custom_model_data":525},"model":"modelengine:sweet_tooth_crate/tongue1"},{"predicate":{"custom_model_data":526},"model":"modelengine:sweet_tooth_crate/tongue2"},{"predicate":{"custom_model_data":527},"model":"modelengine:sweet_tooth_crate/tongue_end"},{"predicate":{"custom_model_data":528},"model":"modelengine:sweet_tooth_crate/claw_right"},{"predicate":{"custom_model_data":529},"model":"modelengine:sweet_tooth_crate/claw_left"},{"predicate":{"custom_model_data":530},"model":"modelengine:sweet_tooth_crate/top"},{"predicate":{"custom_model_data":531},"model":"modelengine:sweet_tooth_crate/candy"},{"predicate":{"custom_model_data":532},"model":"modelengine:voidstormdragon/body"},{"predicate":{"custom_model_data":533},"model":"modelengine:voidstormdragon/neck"},{"predicate":{"custom_model_data":534},"model":"modelengine:voidstormdragon/neck2"},{"predicate":{"custom_model_data":535},"model":"modelengine:voidstormdragon/mouth"},{"predicate":{"custom_model_data":536},"model":"modelengine:voidstormdragon/head"},{"predicate":{"custom_model_data":537},"model":"modelengine:voidstormdragon/wing_lefttop"},{"predicate":{"custom_model_data":538},"model":"modelengine:voidstormdragon/leftwingextra"},{"predicate":{"custom_model_data":539},"model":"modelengine:voidstormdragon/wing_left"},{"predicate":{"custom_model_data":540},"model":"modelengine:voidstormdragon/wing_righttop"},{"predicate":{"custom_model_data":541},"model":"modelengine:voidstormdragon/rightwingextra"},{"predicate":{"custom_model_data":542},"model":"modelengine:voidstormdragon/wing_right"},{"predicate":{"custom_model_data":543},"model":"modelengine:voidstormdragon/armleftbottom"},{"predicate":{"custom_model_data":544},"model":"modelengine:voidstormdragon/arm_left2"},{"predicate":{"custom_model_data":545},"model":"modelengine:voidstormdragon/armrightbottom"},{"predicate":{"custom_model_data":546},"model":"modelengine:voidstormdragon/arm_right3"},{"predicate":{"custom_model_data":547},"model":"modelengine:voidstormdragon/leg_left"},{"predicate":{"custom_model_data":548},"model":"modelengine:voidstormdragon/legleftbottom"},{"predicate":{"custom_model_data":549},"model":"modelengine:voidstormdragon/legrightbottom"},{"predicate":{"custom_model_data":550},"model":"modelengine:voidstormdragon/leg_right2"},{"predicate":{"custom_model_data":551},"model":"modelengine:voidstormdragon/tail2"},{"predicate":{"custom_model_data":552},"model":"modelengine:voidstormdragon/tail"}]}