{
  "parent": "minecraft:item/generated",
  "textures": {
    "layer0": "minecraft:item/leather_horse_armor"
  },
  "overrides": [
    {
      "predicate": {
        "custom_model_data": 1
      },
      "model": "modelengine:demonboss/rightleg"
    },
    {
      "predicate": {
        "custom_model_data": 2
      },
      "model": "modelengine:demonboss/rightleglow"
    },
    {
      "predicate": {
        "custom_model_data": 3
      },
      "model": "modelengine:demonboss/rightlegboot"
    },
    {
      "predicate": {
        "custom_model_data": 4
      },
      "model": "modelengine:demonboss/leftleg"
    },
    {
      "predicate": {
        "custom_model_data": 5
      },
      "model": "modelengine:demonboss/leftleglow"
    },
    {
      "predicate": {
        "custom_model_data": 6
      },
      "model": "modelengine:demonboss/leftlegboot"
    },
    {
      "predicate": {
        "custom_model_data": 7
      },
      "model": "modelengine:demonboss/wingleft"
    },
    {
      "predicate": {
        "custom_model_data": 8
      },
      "model": "modelengine:demonboss/wingleft7"
    },
    {
      "predicate": {
        "custom_model_data": 9
      },
      "model": "modelengine:demonboss/wingright4"
    },
    {
      "predicate": {
        "custom_model_data": 10
      },
      "model": "modelengine:demonboss/wingright6"
    },
    {
      "predicate": {
        "custom_model_data": 11
      },
      "model": "modelengine:demonboss/head"
    },
    {
      "predicate": {
        "custom_model_data": 12
      },
      "model": "modelengine:demonboss/lowbody"
    },
    {
      "predicate": {
        "custom_model_data": 13
      },
      "model": "modelengine:demonboss/rightarm"
    },
    {
      "predicate": {
        "custom_model_data": 14
      },
      "model": "modelengine:demonboss/rightarmlow"
    },
    {
      "predicate": {
        "custom_model_data": 15
      },
      "model": "modelengine:demonboss/righthand"
    },
    {
      "predicate": {
        "custom_model_data": 16
      },
      "model": "modelengine:demonboss/leftarm"
    },
    {
      "predicate": {
        "custom_model_data": 17
      },
      "model": "modelengine:demonboss/leftarmlow"
    },
    {
      "predicate": {
        "custom_model_data": 18
      },
      "model": "modelengine:demonboss/lefthand"
    },
    {
      "predicate": {
        "custom_model_data": 19
      },
      "model": "modelengine:demonboss/body"
    },
    {
      "predicate": {
        "custom_model_data": 20
      },
      "model": "modelengine:demonboss/tail"
    },
    {
      "predicate": {
        "custom_model_data": 21
      },
      "model": "modelengine:demonboss/tail3"
    },
    {
      "predicate": {
        "custom_model_data": 22
      },
      "model": "modelengine:demonchest/bottom"
    },
    {
      "predicate": {
        "custom_model_data": 23
      },
      "model": "modelengine:demonchest/horn"
    },
    {
      "predicate": {
        "custom_model_data": 24
      },
      "model": "modelengine:demonchest/top"
    },
    {
      "predicate": {
        "custom_model_data": 25
      },
      "model": "modelengine:demonchest/coins"
    },
    {
      "predicate": {
        "custom_model_data": 26
      },
      "model": "modelengine:femaledemon/rightleg"
    },
    {
      "predicate": {
        "custom_model_data": 27
      },
      "model": "modelengine:femaledemon/rightlegboot"
    },
    {
      "predicate": {
        "custom_model_data": 28
      },
      "model": "modelengine:femaledemon/rightleglow"
    },
    {
      "predicate": {
        "custom_model_data": 29
      },
      "model": "modelengine:femaledemon/leftleg"
    },
    {
      "predicate": {
        "custom_model_data": 30
      },
      "model": "modelengine:femaledemon/leftlegboot"
    },
    {
      "predicate": {
        "custom_model_data": 31
      },
      "model": "modelengine:femaledemon/leftleglow"
    },
    {
      "predicate": {
        "custom_model_data": 32
      },
      "model": "modelengine:femaledemon/lowbody"
    },
    {
      "predicate": {
        "custom_model_data": 33
      },
      "model": "modelengine:femaledemon/rightwings"
    },
    {
      "predicate": {
        "custom_model_data": 34
      },
      "model": "modelengine:femaledemon/rightwings3"
    },
    {
      "predicate": {
        "custom_model_data": 35
      },
      "model": "modelengine:femaledemon/leftwings4"
    },
    {
      "predicate": {
        "custom_model_data": 36
      },
      "model": "modelengine:femaledemon/leftwings6"
    },
    {
      "predicate": {
        "custom_model_data": 37
      },
      "model": "modelengine:femaledemon/leftarm"
    },
    {
      "predicate": {
        "custom_model_data": 38
      },
      "model": "modelengine:femaledemon/leftarmlow"
    },
    {
      "predicate": {
        "custom_model_data": 39
      },
      "model": "modelengine:femaledemon/rightarm"
    },
    {
      "predicate": {
        "custom_model_data": 40
      },
      "model": "modelengine:femaledemon/rightarmlow"
    },
    {
      "predicate": {
        "custom_model_data": 41
      },
      "model": "modelengine:femaledemon/whip"
    },
    {
      "predicate": {
        "custom_model_data": 42
      },
      "model": "modelengine:femaledemon/whip2"
    },
    {
      "predicate": {
        "custom_model_data": 43
      },
      "model": "modelengine:femaledemon/whip3"
    },
    {
      "predicate": {
        "custom_model_data": 44
      },
      "model": "modelengine:femaledemon/righthand"
    },
    {
      "predicate": {
        "custom_model_data": 45
      },
      "model": "modelengine:femaledemon/head"
    },
    {
      "predicate": {
        "custom_model_data": 46
      },
      "model": "modelengine:femaledemon/tail"
    },
    {
      "predicate": {
        "custom_model_data": 47
      },
      "model": "modelengine:femaledemon/tail3"
    },
    {
      "predicate": {
        "custom_model_data": 48
      },
      "model": "modelengine:flyingdemon/leftleg2"
    },
    {
      "predicate": {
        "custom_model_data": 49
      },
      "model": "modelengine:flyingdemon/leftleg"
    },
    {
      "predicate": {
        "custom_model_data": 50
      },
      "model": "modelengine:flyingdemon/rightleg2"
    },
    {
      "predicate": {
        "custom_model_data": 51
      },
      "model": "modelengine:flyingdemon/rightleg"
    },
    {
      "predicate": {
        "custom_model_data": 52
      },
      "model": "modelengine:flyingdemon/leftwing"
    },
    {
      "predicate": {
        "custom_model_data": 53
      },
      "model": "modelengine:flyingdemon/leftwingmid"
    },
    {
      "predicate": {
        "custom_model_data": 54
      },
      "model": "modelengine:flyingdemon/leftarm"
    },
    {
      "predicate": {
        "custom_model_data": 55
      },
      "model": "modelengine:flyingdemon/leftarmlow"
    },
    {
      "predicate": {
        "custom_model_data": 56
      },
      "model": "modelengine:flyingdemon/lefthand"
    },
    {
      "predicate": {
        "custom_model_data": 57
      },
      "model": "modelengine:flyingdemon/rightarm"
    },
    {
      "predicate": {
        "custom_model_data": 58
      },
      "model": "modelengine:flyingdemon/rightarmlow"
    },
    {
      "predicate": {
        "custom_model_data": 59
      },
      "model": "modelengine:flyingdemon/righthand"
    },
    {
      "predicate": {
        "custom_model_data": 60
      },
      "model": "modelengine:flyingdemon/rightwing"
    },
    {
      "predicate": {
        "custom_model_data": 61
      },
      "model": "modelengine:flyingdemon/rightwingmid"
    },
    {
      "predicate": {
        "custom_model_data": 62
      },
      "model": "modelengine:flyingdemon/head"
    },
    {
      "predicate": {
        "custom_model_data": 63
      },
      "model": "modelengine:flyingdemon/lowbody"
    },
    {
      "predicate": {
        "custom_model_data": 64
      },
      "model": "modelengine:flyingdemon/tail"
    },
    {
      "predicate": {
        "custom_model_data": 65
      },
      "model": "modelengine:flyingdemon/tail3"
    },
    {
      "predicate": {
        "custom_model_data": 66
      },
      "model": "modelengine:grounddemon/head"
    },
    {
      "predicate": {
        "custom_model_data": 67
      },
      "model": "modelengine:grounddemon/bone3"
    },
    {
      "predicate": {
        "custom_model_data": 68
      },
      "model": "modelengine:grounddemon/lowbody"
    },
    {
      "predicate": {
        "custom_model_data": 69
      },
      "model": "modelengine:grounddemon/rightarm"
    },
    {
      "predicate": {
        "custom_model_data": 70
      },
      "model": "modelengine:grounddemon/rightarmdown"
    },
    {
      "predicate": {
        "custom_model_data": 71
      },
      "model": "modelengine:grounddemon/rightfingerbig"
    },
    {
      "predicate": {
        "custom_model_data": 72
      },
      "model": "modelengine:grounddemon/leftarm"
    },
    {
      "predicate": {
        "custom_model_data": 73
      },
      "model": "modelengine:grounddemon/leftarmdown"
    },
    {
      "predicate": {
        "custom_model_data": 74
      },
      "model": "modelengine:grounddemon/leftfingerbig"
    },
    {
      "predicate": {
        "custom_model_data": 75
      },
      "model": "modelengine:grounddemon/tail"
    },
    {
      "predicate": {
        "custom_model_data": 76
      },
      "model": "modelengine:grounddemon/tail2"
    },
    {
      "predicate": {
        "custom_model_data": 77
      },
      "model": "modelengine:grounddemon/tail3"
    },
    {
      "predicate": {
        "custom_model_data": 78
      },
      "model": "modelengine:grounddemon/leftleg"
    },
    {
      "predicate": {
        "custom_model_data": 79
      },
      "model": "modelengine:grounddemon/leftleg3"
    },
    {
      "predicate": {
        "custom_model_data": 80
      },
      "model": "modelengine:grounddemon/rightleg4"
    },
    {
      "predicate": {
        "custom_model_data": 81
      },
      "model": "modelengine:grounddemon/rightleg6"
    },
    {
      "predicate": {
        "custom_model_data": 82
      },
      "model": "modelengine:lavadragon/body"
    },
    {
      "predicate": {
        "custom_model_data": 83
      },
      "model": "modelengine:lavadragon/neck"
    },
    {
      "predicate": {
        "custom_model_data": 84
      },
      "model": "modelengine:lavadragon/upperneck"
    },
    {
      "predicate": {
        "custom_model_data": 85
      },
      "model": "modelengine:lavadragon/head"
    },
    {
      "predicate": {
        "custom_model_data": 86
      },
      "model": "modelengine:lavadragon/mouth"
    },
    {
      "predicate": {
        "custom_model_data": 87
      },
      "model": "modelengine:lavadragon/wing_left"
    },
    {
      "predicate": {
        "custom_model_data": 88
      },
      "model": "modelengine:lavadragon/wing_lefttop"
    },
    {
      "predicate": {
        "custom_model_data": 89
      },
      "model": "modelengine:lavadragon/wing_right"
    },
    {
      "predicate": {
        "custom_model_data": 90
      },
      "model": "modelengine:lavadragon/wing_righttop"
    },
    {
      "predicate": {
        "custom_model_data": 91
      },
      "model": "modelengine:lavadragon/tail"
    },
    {
      "predicate": {
        "custom_model_data": 92
      },
      "model": "modelengine:lavadragon/tail2"
    },
    {
      "predicate": {
        "custom_model_data": 93
      },
      "model": "modelengine:lavadragon/leg_left"
    },
    {
      "predicate": {
        "custom_model_data": 94
      },
      "model": "modelengine:lavadragon/legleftbottom"
    },
    {
      "predicate": {
        "custom_model_data": 95
      },
      "model": "modelengine:lavadragon/leg_right2"
    },
    {
      "predicate": {
        "custom_model_data": 96
      },
      "model": "modelengine:lavadragon/legrightbottom"
    },
    {
      "predicate": {
        "custom_model_data": 97
      },
      "model": "modelengine:lavadragon/armleftbottom"
    },
    {
      "predicate": {
        "custom_model_data": 98
      },
      "model": "modelengine:lavadragon/arm_left2"
    },
    {
      "predicate": {
        "custom_model_data": 99
      },
      "model": "modelengine:lavadragon/arm_right3"
    },
    {
      "predicate": {
        "custom_model_data": 100
      },
      "model": "modelengine:lavadragon/armrightbottom"
    },
    {
      "predicate": {
        "custom_model_data": 101
      },
      "model": "modelengine:lavajaw/tail"
    },
    {
      "predicate": {
        "custom_model_data": 102
      },
      "model": "modelengine:lavajaw/tailend"
    },
    {
      "predicate": {
        "custom_model_data": 103
      },
      "model": "modelengine:lavajaw/head"
    },
    {
      "predicate": {
        "custom_model_data": 104
      },
      "model": "modelengine:lavajaw/upperjaw"
    },
    {
      "predicate": {
        "custom_model_data": 105
      },
      "model": "modelengine:lavajaw/lowerjaw"
    },
    {
      "predicate": {
        "custom_model_data": 106
      },
      "model": "modelengine:lavajaw/leftleg"
    },
    {
      "predicate": {
        "custom_model_data": 107
      },
      "model": "modelengine:lavajaw/leftbottomleg"
    },
    {
      "predicate": {
        "custom_model_data": 108
      },
      "model": "modelengine:lavajaw/leftfoot"
    },
    {
      "predicate": {
        "custom_model_data": 109
      },
      "model": "modelengine:lavajaw/rightleg"
    },
    {
      "predicate": {
        "custom_model_data": 110
      },
      "model": "modelengine:lavajaw/rightbottomleg"
    },
    {
      "predicate": {
        "custom_model_data": 111
      },
      "model": "modelengine:lavajaw/rightfoot"
    },
    {
      "predicate": {
        "custom_model_data": 112
      },
      "model": "modelengine:moltenspirit/body"
    },
    {
      "predicate": {
        "custom_model_data": 113
      },
      "model": "modelengine:moltenspirit/head"
    },
    {
      "predicate": {
        "custom_model_data": 114
      },
      "model": "modelengine:moltenspirit/lefthandb"
    },
    {
      "predicate": {
        "custom_model_data": 115
      },
      "model": "modelengine:moltenspirit/lefthand"
    },
    {
      "predicate": {
        "custom_model_data": 116
      },
      "model": "modelengine:moltenspirit/righthandb"
    },
    {
      "predicate": {
        "custom_model_data": 117
      },
      "model": "modelengine:moltenspirit/righthand"
    },
    {
      "predicate": {
        "custom_model_data": 118
      },
      "model": "modelengine:moltenspirit/rightpalm"
    },
    {
      "predicate": {
        "custom_model_data": 119
      },
      "model": "modelengine:moltenspirit/sword"
    },
    {
      "predicate": {
        "custom_model_data": 120
      },
      "model": "modelengine:phoenixec/bone"
    },
    {
      "predicate": {
        "custom_model_data": 121
      },
      "model": "modelengine:phoenixec/leftwing"
    },
    {
      "predicate": {
        "custom_model_data": 122
      },
      "model": "modelengine:phoenixec/leftwingbottom"
    },
    {
      "predicate": {
        "custom_model_data": 123
      },
      "model": "modelengine:phoenixec/rightwing"
    },
    {
      "predicate": {
        "custom_model_data": 124
      },
      "model": "modelengine:phoenixec/rightwingbottom"
    },
    {
      "predicate": {
        "custom_model_data": 125
      },
      "model": "modelengine:phoenixec/tail"
    },
    {
      "predicate": {
        "custom_model_data": 126
      },
      "model": "modelengine:phoenixec/tailrightup"
    },
    {
      "predicate": {
        "custom_model_data": 127
      },
      "model": "modelengine:phoenixec/tailrightdown"
    },
    {
      "predicate": {
        "custom_model_data": 128
      },
      "model": "modelengine:phoenixec/tailleftup"
    },
    {
      "predicate": {
        "custom_model_data": 129
      },
      "model": "modelengine:phoenixec/tailleftbottom"
    },
    {
      "predicate": {
        "custom_model_data": 130
      },
      "model": "modelengine:phoenixec/leftupperleg"
    },
    {
      "predicate": {
        "custom_model_data": 131
      },
      "model": "modelengine:phoenixec/fingersfront"
    },
    {
      "predicate": {
        "custom_model_data": 132
      },
      "model": "modelengine:phoenixec/backfinger"
    },
    {
      "predicate": {
        "custom_model_data": 133
      },
      "model": "modelengine:phoenixec/rightupperleg"
    },
    {
      "predicate": {
        "custom_model_data": 134
      },
      "model": "modelengine:phoenixec/frontfingers"
    },
    {
      "predicate": {
        "custom_model_data": 135
      },
      "model": "modelengine:phoenixec/backfingerright"
    },
    {
      "predicate": {
        "custom_model_data": 136
      },
      "model": "modelengine:phoenixec/lowerneck"
    },
    {
      "predicate": {
        "custom_model_data": 137
      },
      "model": "modelengine:phoenixec/neck"
    },
    {
      "predicate": {
        "custom_model_data": 138
      },
      "model": "modelengine:phoenixec/head"
    },
    {
      "predicate": {
        "custom_model_data": 139
      },
      "model": "modelengine:phoenixec/beak"
    }
  ]
}