{
  "parent": "minecraft:item/generated",
  "textures": {
    "layer0": "minecraft:item/paper"
  },
  "overrides": [
    {
      "predicate": {
        "custom_model_data": 100000
      },
      "model": "nightmarket:ia_auto_gen/nothing"
    },
    {
      "predicate": {
        "custom_model_data": 100001
      },
      "model": "nightmarket:ia_auto_gen/check_mark"
    },
    {
      "predicate": {
        "custom_model_data": 100002
      },
      "model": "nightmarket:ia_auto_gen/locked_common"
    },
    {
      "predicate": {
        "custom_model_data": 100003
      },
      "model": "nightmarket:ia_auto_gen/locked_uncommon"
    },
    {
      "predicate": {
        "custom_model_data": 100004
      },
      "model": "nightmarket:ia_auto_gen/locked_rare"
    },
    {
      "predicate": {
        "custom_model_data": 100005
      },
      "model": "nightmarket:ia_auto_gen/locked_epic"
    },
    {
      "predicate": {
        "custom_model_data": 100006
      },
      "model": "nightmarket:ia_auto_gen/locked_legendary"
    },
    {
      "predicate": {
        "custom_model_data": 100007
      },
      "model": "nightmarket:ia_auto_gen/locked_mythical"
    },
    {
      "predicate": {
        "custom_model_data": 100008
      },
      "model": "nightmarket:ia_auto_gen/reroll_icon"
    },
    {
      "predicate": {
        "custom_model_data": 10000
      },
      "model": "_iainternal:ia_auto_gen/icon_left_blue"
    },
    {
      "predicate": {
        "custom_model_data": 10001
      },
      "model": "_iainternal:ia_auto_gen/icon_right_blue"
    },
    {
      "predicate": {
        "custom_model_data": 10002
      },
      "model": "_iainternal:ia_auto_gen/icon_search"
    },
    {
      "predicate": {
        "custom_model_data": 10003
      },
      "model": "_iainternal:ia_auto_gen/icon_cancel"
    },
    {
      "predicate": {
        "custom_model_data": 10004
      },
      "model": "_iainternal:ia_auto_gen/icon_arrow_chest"
    },
    {
      "predicate": {
        "custom_model_data": 10005
      },
      "model": "_iainternal:ia_auto_gen/icon_back_orange"
    },
    {
      "predicate": {
        "custom_model_data": 10006
      },
      "model": "_iainternal:ia_auto_gen/icon_next_orange"
    },
    {
      "predicate": {
        "custom_model_data": 10008
      },
      "model": "magicgestures:ia_auto_gen/empty"
    },
    {
      "predicate": {
        "custom_model_data": 10010
      },
      "model": "items:ia_auto_gen/gesture_key"
    },
    {
      "predicate": {
        "custom_model_data": 10011
      },
      "model": "items:ia_auto_gen/gesture_token_common"
    },
    {
      "predicate": {
        "custom_model_data": 10012
      },
      "model": "items:ia_auto_gen/gesture_token_rare"
    },
    {
      "predicate": {
        "custom_model_data": 10013
      },
      "model": "items:ia_auto_gen/gesture_token_epic"
    },
    {
      "predicate": {
        "custom_model_data": 10014
      },
      "model": "items:ia_auto_gen/gesture_token_legendary"
    },
    {
      "predicate": {
        "custom_model_data": 10015
      },
      "model": "items:custom/keys/common_key"
    },
    {
      "predicate": {
        "custom_model_data": 10016
      },
      "model": "items:custom/keys/epic_key"
    },
    {
      "predicate": {
        "custom_model_data": 10017
      },
      "model": "items:custom/keys/legendary_key"
    },
    {
      "predicate": {
        "custom_model_data": 10018
      },
      "model": "items:custom/keys/creature_key"
    },
    {
      "predicate": {
        "custom_model_data": 10019
      },
      "model": "items:custom/keys/raven_key"
    },
    {
      "predicate": {
        "custom_model_data": 10020
      },
      "model": "items:custom/keys/sweet_tooth_key"
    },
    {
      "predicate": {
        "custom_model_data": 10021
      },
      "model": "item/paper"
    }
  ]
}