{
  "parent": "minecraft:item/template_skull",
  "overrides": [
    {
      "predicate": {
        "custom_model_data": 20
      },
      "model": "magicgestures:custom/player/head"
    },
    {
      "predicate": {
        "custom_model_data": 20
      },
      "model": "magicgestures:custom/player/head"
    },
    {
      "predicate": {
        "custom_model_data": 21
      },
      "model": "magicgestures:custom/player/norm/right_shoulder"
    },
    {
      "predicate": {
        "custom_model_data": 21
      },
      "model": "magicgestures:custom/player/norm/right_shoulder"
    },
    {
      "predicate": {
        "custom_model_data": 22
      },
      "model": "magicgestures:custom/player/norm/left_shoulder"
    },
    {
      "predicate": {
        "custom_model_data": 22
      },
      "model": "magicgestures:custom/player/norm/left_shoulder"
    },
    {
      "predicate": {
        "custom_model_data": 23
      },
      "model": "magicgestures:custom/player/norm/arm"
    },
    {
      "predicate": {
        "custom_model_data": 24
      },
      "model": "magicgestures:custom/player/slim/right_shoulder"
    },
    {
      "predicate": {
        "custom_model_data": 24
      },
      "model": "magicgestures:custom/player/slim/right_shoulder"
    },
    {
      "predicate": {
        "custom_model_data": 25
      },
      "model": "magicgestures:custom/player/slim/left_shoulder"
    },
    {
      "predicate": {
        "custom_model_data": 25
      },
      "model": "magicgestures:custom/player/slim/left_shoulder"
    },
    {
      "predicate": {
        "custom_model_data": 26
      },
      "model": "magicgestures:custom/player/slim/arm"
    },
    {
      "predicate": {
        "custom_model_data": 27
      },
      "model": "magicgestures:custom/player/body"
    },
    {
      "predicate": {
        "custom_model_data": 27
      },
      "model": "magicgestures:custom/player/body"
    },
    {
      "predicate": {
        "custom_model_data": 28
      },
      "model": "magicgestures:custom/player/leg"
    },
    {
      "predicate": {
        "custom_model_data": 28
      },
      "model": "magicgestures:custom/player/leg"
    },
    {
      "predicate": {
        "custom_model_data": 29
      },
      "model": "magicgestures:custom/player/mini"
    },
    {
      "predicate": {
        "custom_model_data": 29
      },
      "model": "magicgestures:custom/player/mini"
    },
    {
      "predicate": {
        "custom_model_data": 30
      },
      "model": "item/player_head"
    }
  ]
}