{"credit":"Made with Blockbench","texture_size":[32,32],"textures":{"0":"cosmetics:custom/cosmetics/frog/frog_hat","particle":"cosmetics:custom/cosmetics/frog/frog_hat"},"elements":[{"from":[3.5,0,3.4],"to":[12.5,5,12.4],"rotation":{"angle":0,"axis":"y","origin":[4.5,2,3.4]},"faces":{"north":{"uv":[4.5,0,9,2.5],"texture":"#0"},"east":{"uv":[4.5,2.5,9,5],"texture":"#0"},"south":{"uv":[4.5,5,9,7.5],"texture":"#0"},"west":{"uv":[4.5,7.5,9,10],"texture":"#0"},"up":{"uv":[4.5,4.5,0,0],"texture":"#0"},"down":{"uv":[4.5,4.5,0,9],"texture":"#0"}}},{"from":[6.5,3.5,3.3],"to":[9.5,6.5,3.3],"rotation":{"angle":45,"axis":"z","origin":[8,5,7.9]},"faces":{"north":{"uv":[9,7,10.5,8.5],"texture":"#0"},"east":{"uv":[0,0,0,1.5],"texture":"#0"},"south":{"uv":[9,8.5,10.5,10],"texture":"#0"},"west":{"uv":[0,0,0,1.5],"texture":"#0"},"up":{"uv":[1.5,0,0,0],"texture":"#0"},"down":{"uv":[1.5,0,0,0],"texture":"#0"}}},{"from":[3.1,-0.3,3.1],"to":[12.9,2.3,3.1],"rotation":{"angle":0,"axis":"y","origin":[4.5,2,3.1]},"faces":{"north":{"uv":[0,9,4.5,10],"texture":"#0"},"east":{"uv":[4,11,4.5,12],"texture":"#0"},"south":{"uv":[0,9,4.5,10],"texture":"#0"},"west":{"uv":[4,12,4.5,13],"texture":"#0"},"up":{"uv":[4.5,10.5,0,10],"texture":"#0"},"down":{"uv":[9,10,4.5,10.5],"texture":"#0"}}},{"from":[3.1,-0.3,12.9],"to":[12.9,2.3,12.9],"rotation":{"angle":0,"axis":"y","origin":[4.5,2,12.9]},"faces":{"north":{"uv":[4.5,9,0,10],"texture":"#0"},"east":{"uv":[4.5,11,4,12],"texture":"#0"},"south":{"uv":[4.5,9,0,10],"texture":"#0"},"west":{"uv":[4.5,12,4,13],"texture":"#0"},"up":{"uv":[4.5,10,0,10.5],"texture":"#0"},"down":{"uv":[9,10.5,4.5,10],"texture":"#0"}}},{"from":[12.9,-0.3,3.1],"to":[12.9,2.3,12.9],"rotation":{"angle":0,"axis":"y","origin":[8,1,8]},"faces":{"north":{"uv":[4.5,11,4,12],"texture":"#0"},"east":{"uv":[4.5,9,0,10],"texture":"#0"},"south":{"uv":[4.5,12,4,13],"texture":"#0"},"west":{"uv":[4.5,9,0,10],"texture":"#0"},"up":{"uv":[4.5,10,0,10.5],"rotation":270,"texture":"#0"},"down":{"uv":[9,10.5,4.5,10],"rotation":90,"texture":"#0"}}},{"from":[3.1,-0.3,3.1],"to":[3.1,2.3,12.9],"rotation":{"angle":0,"axis":"y","origin":[8,1,8]},"faces":{"north":{"uv":[4,11,4.5,12],"texture":"#0"},"east":{"uv":[0,9,4.5,10],"texture":"#0"},"south":{"uv":[4,12,4.5,13],"texture":"#0"},"west":{"uv":[0,9,4.5,10],"texture":"#0"},"up":{"uv":[4.5,10.5,0,10],"rotation":270,"texture":"#0"},"down":{"uv":[9,10,4.5,10.5],"rotation":90,"texture":"#0"}}},{"from":[1.5,4,7],"to":[4.5,7,9],"rotation":{"angle":45,"axis":"z","origin":[3,5.5,8]},"faces":{"north":{"uv":[6.5,10.5,8,12],"texture":"#0"},"east":{"uv":[9.5,10.5,10.5,12],"texture":"#0"},"south":{"uv":[10.5,7,12,8.5],"texture":"#0"},"west":{"uv":[10.5,10.5,11.5,12],"texture":"#0"},"up":{"uv":[1.5,12,0,11],"texture":"#0"},"down":{"uv":[3,11,1.5,12],"texture":"#0"}}},{"from":[11.5,4,7],"to":[14.5,7,9],"rotation":{"angle":-45,"axis":"z","origin":[13,5.5,8]},"faces":{"north":{"uv":[8,10.5,9.5,12],"texture":"#0"},"east":{"uv":[3,11,4,12.5],"texture":"#0"},"south":{"uv":[10.5,8.5,12,10],"texture":"#0"},"west":{"uv":[11.5,10.5,12.5,12],"texture":"#0"},"up":{"uv":[1.5,13,0,12],"texture":"#0"},"down":{"uv":[3,12,1.5,13],"texture":"#0"}}}],"display":{"thirdperson_righthand":{"translation":[0,3,1],"scale":[0.5,0.5,0.5]},"thirdperson_lefthand":{"translation":[0,3,1],"scale":[0.5,0.5,0.5]},"firstperson_righthand":{"translation":[0,5,0],"scale":[0.68,0.68,0.68]},"firstperson_lefthand":{"translation":[0,5,0],"scale":[0.68,0.68,0.68]},"ground":{"translation":[0,2,0],"scale":[0.5,0.5,0.5]},"gui":{"rotation":[45,-145,0],"translation":[0,2.5,0],"scale":[0.65,0.65,0.65]},"head":{"translation":[0,13.5,0],"scale":[1.65,1.65,1.65]}},"groups":[{"name":"group","origin":[8.5,8,7.4],"color":0,"children":[0,1,2,3,4,5,6,7]}]}