{
	"credit": "Made with Blockbench",
	"ambientocclusion": false,
	"texture_size": [32, 32],
	"textures": {
		"0": "cosmetics:custom/cosmetics/shark_hat/shark_hat",
		"particle": "cosmetics:custom/cosmetics/shark_hat/shark_hat"
	},
	"elements": [
		{
			"from": [0, -5.64602, -8.84568],
			"to": [16, 1.35398, 4.15432],
			"rotation": {"angle": -22.5, "axis": "x", "origin": [7.94203, 0.67189, 9.98941]},
			"faces": {
				"north": {"uv": [5.75, 4.5, 8, 5.75], "texture": "#0"},
				"east": {"uv": [0, 3, 1.75, 0], "rotation": 90, "texture": "#0"},
				"south": {"uv": [0, 0, 4, 1.75], "texture": "#0"},
				"west": {"uv": [0, 0, 1.75, 3], "rotation": 90, "texture": "#0"},
				"up": {"uv": [2.75, 5.5, 5, 8], "texture": "#0"},
				"down": {"uv": [2.75, 5.5, 5, 8], "texture": "#0"}
			}
		},
		{
			"name": "logo",
			"from": [0, -5.64602, -8.84568],
			"to": [16, -5.34602, 4.15432],
			"rotation": {"angle": -22.5, "axis": "x", "origin": [7.94203, 0.67189, 9.98941]},
			"faces": {
				"down": {"uv": [12, 4, 8, 0], "texture": "#0"}
			}
		},
		{
			"from": [0, -8.91358, -8.79246],
			"to": [16, -5.91358, 3.20754],
			"rotation": {"angle": -22.5, "axis": "x", "origin": [7.94203, 0.40433, 9.34344]},
			"faces": {
				"north": {"uv": [5, 5.75, 8, 6.5], "texture": "#0"},
				"east": {"uv": [8, 5.75, 5, 6.5], "texture": "#0"},
				"west": {"uv": [5, 5.75, 8, 6.5], "texture": "#0"}
			}
		},
		{
			"from": [0, -12.75721, 0.72137],
			"to": [16, -6.15721, 3.72137],
			"rotation": {"angle": -22.5, "axis": "x", "origin": [7.94203, 1.95459, 10.75025]},
			"faces": {
				"east": {"uv": [8, 5.75, 5, 6.5], "rotation": 270, "texture": "#0"},
				"west": {"uv": [8, 5.75, 5.5, 6.5], "rotation": 90, "texture": "#0"},
				"down": {"uv": [5, 5.75, 8, 6.5], "texture": "#0"}
			}
		},
		{
			"from": [2, -10.07607, 0.09138],
			"to": [14, 2.92393, 11.09138],
			"rotation": {"angle": -45, "axis": "x", "origin": [7.94203, 0.67189, 9.98941]},
			"faces": {
				"east": {"uv": [0, 3.25, 2.75, 4.75], "rotation": 90, "texture": "#0"},
				"south": {"uv": [0, 6, 2.75, 5], "rotation": 90, "texture": "#0"},
				"west": {"uv": [0, 4.75, 2.75, 3.25], "rotation": 90, "texture": "#0"},
				"up": {"uv": [2.75, 5.5, 4.75, 2.75], "texture": "#0"},
				"down": {"uv": [2.75, 0, 4.75, 2.75], "texture": "#0"}
			}
		},
		{
			"from": [9.17167, -7.54259, 3.04181],
			"to": [20.17167, -5.54259, 10.04181],
			"rotation": {"angle": 22.5, "axis": "z", "origin": [7.94203, 0.67189, 9.98941]},
			"faces": {
				"north": {"uv": [5, 6.75, 8, 6.5], "texture": "#0"},
				"east": {"uv": [7.75, 6.5, 8, 8], "rotation": 90, "texture": "#0"},
				"south": {"uv": [5, 8, 8, 7.75], "texture": "#0"},
				"west": {"uv": [0, 0, 1.75, 0.5], "texture": "#0"},
				"up": {"uv": [5, 6.5, 8, 8], "texture": "#0"},
				"down": {"uv": [5, 8, 8, 6.5], "texture": "#0"}
			}
		},
		{
			"from": [-5.14083, -6.69468, 3.04181],
			"to": [5.85917, -4.69468, 10.04181],
			"rotation": {"angle": -22.5, "axis": "z", "origin": [7.94203, 0.67189, 9.98941]},
			"faces": {
				"north": {"uv": [5, 6.75, 8, 6.5], "texture": "#0"},
				"east": {"uv": [0, 0, 1.75, 0.5], "texture": "#0"},
				"south": {"uv": [8, 8, 5, 7.75], "texture": "#0"},
				"west": {"uv": [7.75, 8, 8, 6.5], "rotation": 90, "texture": "#0"},
				"up": {"uv": [8, 6.5, 5, 8], "texture": "#0"},
				"down": {"uv": [8, 8, 5, 6.5], "texture": "#0"}
			}
		},
		{
			"from": [4, -2.86083, 9.33887],
			"to": [12, 8.13917, 20.13887],
			"rotation": {"angle": 22.5, "axis": "x", "origin": [7.94203, 0.67189, 9.98941]},
			"faces": {
				"north": {"uv": [4.75, 2.75, 6.75, 5.5], "texture": "#0"},
				"east": {"uv": [2.75, 6.25, 0, 4.75], "texture": "#0"},
				"south": {"uv": [4.75, 0, 6.75, 2.75], "texture": "#0"},
				"west": {"uv": [0, 6.25, 2.75, 4.75], "texture": "#0"},
				"up": {"uv": [0, 6, 2.75, 5], "rotation": 90, "texture": "#0"},
				"down": {"uv": [0, 0, 2, 2.75], "rotation": 180, "texture": "#0"}
			}
		},
		{
			"from": [5, 3.81169, 13.24106],
			"to": [11, 13.81169, 21.94106],
			"rotation": {"angle": 0, "axis": "y", "origin": [7.94203, 0.67189, 9.98941]},
			"faces": {
				"north": {"uv": [6.75, 2.75, 8, 5.5], "texture": "#0"},
				"east": {"uv": [2.75, 8, 0, 6], "texture": "#0"},
				"south": {"uv": [6.75, 0, 8, 2.75], "texture": "#0"},
				"west": {"uv": [0, 8, 2.75, 6], "texture": "#0"},
				"up": {"uv": [0, 6, 2.5, 5], "rotation": 90, "texture": "#0"},
				"down": {"uv": [0, 0, 1.5, 2.25], "rotation": 180, "texture": "#0"}
			}
		},
		{
			"from": [7, 14.95101, 4.07092],
			"to": [9, 26.95101, 10.07092],
			"rotation": {"angle": 45, "axis": "x", "origin": [7.94203, 0.67189, 9.98941]},
			"faces": {
				"north": {"uv": [8, 8, 5, 7.75], "rotation": 90, "texture": "#0"},
				"east": {"uv": [5, 6.5, 8, 8], "rotation": 270, "texture": "#0"},
				"south": {"uv": [5, 6.75, 8, 6.5], "rotation": 90, "texture": "#0"},
				"west": {"uv": [5, 8, 8, 6.5], "rotation": 270, "texture": "#0"},
				"up": {"uv": [7.75, 8, 8, 6.5], "texture": "#0"},
				"down": {"uv": [0, 0, 0.5, 1.5], "rotation": 180, "texture": "#0"}
			}
		},
		{
			"from": [7, -4.00676, 0.03618],
			"to": [9, 7.99324, 8.03618],
			"rotation": {"angle": 0, "axis": "y", "origin": [7.94203, 0.67189, 9.98941]},
			"faces": {
				"north": {"uv": [8, 8, 5, 7.75], "rotation": 90, "texture": "#0"},
				"east": {"uv": [5, 6.5, 8, 8], "rotation": 270, "texture": "#0"},
				"south": {"uv": [5, 6.75, 8, 6.5], "rotation": 90, "texture": "#0"},
				"west": {"uv": [5, 8, 8, 6.5], "rotation": 270, "texture": "#0"},
				"up": {"uv": [7.75, 8, 8, 6.5], "texture": "#0"},
				"down": {"uv": [0, 0, 0.5, 1.5], "rotation": 180, "texture": "#0"}
			}
		},
		{
			"from": [7, 4.32942, 20.52947],
			"to": [9, 16.32942, 26.52947],
			"rotation": {"angle": -45, "axis": "x", "origin": [7.94203, 0.67189, 9.98941]},
			"faces": {
				"north": {"uv": [5, 6.75, 8, 6.5], "rotation": 90, "texture": "#0"},
				"east": {"uv": [5, 8, 8, 6.5], "rotation": 270, "texture": "#0"},
				"south": {"uv": [8, 8, 5, 7.75], "rotation": 90, "texture": "#0"},
				"west": {"uv": [5, 6.5, 8, 8], "rotation": 270, "texture": "#0"},
				"up": {"uv": [7.75, 6.5, 8, 8], "texture": "#0"},
				"down": {"uv": [0, 1.75, 0.5, 3.25], "rotation": 180, "texture": "#0"}
			}
		},
		{
			"from": [0, -12.76333, 4.0782],
			"to": [16, 1.73667, 8.0782],
			"rotation": {"angle": -22.5, "axis": "x", "origin": [7.94203, 1.05458, 10.91329]},
			"faces": {
				"north": {"uv": [0, 3.75, 2.75, 3], "rotation": 90, "texture": "#0"},
				"east": {"uv": [0, 2.75, 2.75, 3.25], "rotation": 90, "texture": "#0"},
				"south": {"uv": [0, 3.75, 2.75, 3], "rotation": 90, "texture": "#0"},
				"west": {"uv": [0, 3.25, 2.75, 2.75], "rotation": 90, "texture": "#0"},
				"up": {"uv": [2.75, 4.25, 5.5, 5], "texture": "#0"},
				"down": {"uv": [1.75, 0, 2.75, 2.75], "rotation": 90, "texture": "#0"}
			}
		}
	],
	"display": {
		"thirdperson_righthand": {
			"rotation": [150, 0, 0],
			"translation": [0, -5, 3.5],
			"scale": [0.7, 0.7, 0.7]
		},
		"thirdperson_lefthand": {
			"rotation": [150, 0, 0],
			"translation": [0, -5, 3.5],
			"scale": [0.7, 0.7, 0.7]
		},
		"firstperson_righthand": {
			"rotation": [95, 0, -30],
			"translation": [5.25, 0, 0],
			"scale": [0.7, 0.7, 0.7]
		},
		"firstperson_lefthand": {
			"rotation": [95, 0, -30],
			"translation": [5.25, 0, 0],
			"scale": [0.7, 0.7, 0.7]
		},
		"ground": {
			"translation": [0, 9.25, 0],
			"scale": [0.7, 0.7, 0.7]
		},
		"gui": {
			"rotation": [-65, -150, -40],
			"translation": [-1.25, 2.25, 0],
			"scale": [0.4, 0.4, 0.4]
		},
		"head": {
			"translation": [0, 21.75, 5.25]
		},
		"fixed": {
			"rotation": [90, -50, 90],
			"translation": [0, 9, -1.25]
		}
	}
}