{"textures":{"0":"modelengine:entity/boneshadingsoldier","2":"modelengine:entity/boneshadin1xd","4":"modelengine:entity/fallensoldieranimated"},"elements":[{"from":[5.142857,12.0,6.857143],"to":[10.857143,14.857143,9.142858],"rotation":{"angle":0.0,"axis":"y","origin":[8.0,1.1428566,8.0]},"faces":{"east":{"uv":[1.75,2.75,2.25,3.375],"rotation":0,"texture":"#4","tintindex":0},"south":{"uv":[1.125,0.0,2.375,0.625],"rotation":0,"texture":"#4","tintindex":0},"north":{"uv":[0.0,1.125,1.25,1.75],"rotation":0,"texture":"#4","tintindex":0},"west":{"uv":[4.625,0.5,5.125,1.125],"rotation":0,"texture":"#4","tintindex":0},"up":{"uv":[3.75,0.5,2.5,0.0],"rotation":0,"texture":"#4","tintindex":0},"down":{"uv":[4.5,0.625,3.25,1.125],"rotation":0,"texture":"#4","tintindex":0}}},{"from":[5.714286,10.285714,6.857143],"to":[10.285714,12.0,9.142858],"rotation":{"angle":0.0,"axis":"y","origin":[8.0,1.1428566,8.0]},"faces":{"east":{"uv":[6.625,6.875,7.125,7.25],"rotation":0,"texture":"#4","tintindex":0},"south":{"uv":[0.0,4.5,1.0,4.875],"rotation":0,"texture":"#4","tintindex":0},"north":{"uv":[3.875,0.0,4.875,0.375],"rotation":0,"texture":"#4","tintindex":0},"west":{"uv":[0.0,7.0,0.5,7.375],"rotation":0,"texture":"#4","tintindex":0},"up":{"uv":[3.75,4.0,2.75,3.5],"rotation":0,"texture":"#4","tintindex":0},"down":{"uv":[1.0,3.875,0.0,4.375],"rotation":0,"texture":"#4","tintindex":0}}},{"from":[5.771428,10.285714,6.9142857],"to":[10.228572,12.0,9.085714],"rotation":{"angle":0.0,"axis":"y","origin":[8.0,1.1428566,8.0]},"faces":{"east":{"uv":[8.254,6.254,8.746,6.621],"rotation":0,"texture":"#missing","tintindex":0},"south":{"uv":[6.129,1.004,7.104,1.379],"rotation":0,"texture":"#missing","tintindex":0},"north":{"uv":[0.0,0.0,6.0,5.0],"rotation":0,"texture":"#0","tintindex":0},"west":{"uv":[8.254,6.754,8.746,7.121],"rotation":0,"texture":"#missing","tintindex":0},"up":{"uv":[6.496,5.121,5.504,4.629],"rotation":0,"texture":"#missing","tintindex":0},"down":{"uv":[6.121,5.504,5.129,5.996],"rotation":0,"texture":"#missing","tintindex":0}}},{"from":[8.285714,8.0,6.857143],"to":[10.0,10.285714,9.142858],"rotation":{"angle":0.0,"axis":"y","origin":[8.0,1.1428566,8.0]},"faces":{"east":{"uv":[3.0,5.625,3.5,6.125],"rotation":0,"texture":"#4","tintindex":0},"south":{"uv":[7.125,0.625,7.5,1.125],"rotation":0,"texture":"#4","tintindex":0},"north":{"uv":[7.125,0.0,7.5,0.5],"rotation":0,"texture":"#4","tintindex":0},"west":{"uv":[4.875,5.625,5.375,6.125],"rotation":0,"texture":"#4","tintindex":0},"up":{"uv":[1.625,7.625,1.25,7.125],"rotation":0,"texture":"#4","tintindex":0},"down":{"uv":[3.5,7.125,3.125,7.625],"rotation":0,"texture":"#4","tintindex":0}}},{"from":[6.0,8.0,6.857143],"to":[7.714286,10.285714,9.142858],"rotation":{"angle":0.0,"axis":"y","origin":[8.0,1.1428566,8.0]},"faces":{"east":{"uv":[0.0,5.75,0.5,6.25],"rotation":0,"texture":"#4","tintindex":0},"south":{"uv":[5.25,7.125,5.625,7.625],"rotation":0,"texture":"#4","tintindex":0},"north":{"uv":[3.625,7.125,4.0,7.625],"rotation":0,"texture":"#4","tintindex":0},"west":{"uv":[5.875,0.0,6.375,0.5],"rotation":0,"texture":"#4","tintindex":0},"up":{"uv":[7.625,3.5,7.25,3.0],"rotation":0,"texture":"#4","tintindex":0},"down":{"uv":[7.625,6.875,7.25,7.375],"rotation":0,"texture":"#4","tintindex":0}}},{"from":[7.142857,6.857143,6.9],"to":[8.857143,8.0,9.1],"rotation":{"angle":0.0,"axis":"y","origin":[8.0,1.1428566,8.0]},"faces":{"east":{"uv":[8.0,5.5,8.5,5.75],"rotation":0,"texture":"#4","tintindex":0},"south":{"uv":[8.625,9.125,9.0,9.375],"rotation":0,"texture":"#4","tintindex":0},"north":{"uv":[8.125,9.125,8.5,9.375],"rotation":0,"texture":"#4","tintindex":0},"west":{"uv":[5.625,8.0,6.125,8.25],"rotation":0,"texture":"#4","tintindex":0},"up":{"uv":[5.125,8.0,4.75,7.5],"rotation":0,"texture":"#4","tintindex":0},"down":{"uv":[8.0,0.0,7.625,0.5],"rotation":0,"texture":"#4","tintindex":0}}},{"from":[7.714286,8.0,7.0],"to":[8.285714,10.285714,9.142858],"rotation":{"angle":0.0,"axis":"y","origin":[8.0,1.1428566,8.0]},"faces":{"east":{"uv":[0.629,7.254,1.121,7.746],"rotation":0,"texture":"#missing","tintindex":0},"south":{"uv":[0.0,7.5,0.125,8.0],"rotation":0,"texture":"#4","tintindex":0},"north":{"uv":[1.0,0.0,5.0,8.0],"rotation":0,"texture":"#0","tintindex":0},"west":{"uv":[7.254,0.629,7.746,1.121],"rotation":0,"texture":"#missing","tintindex":0},"up":{"uv":[11.371,2.246,11.254,1.754],"rotation":0,"texture":"#missing","tintindex":0},"down":{"uv":[2.121,11.254,2.004,11.746],"rotation":0,"texture":"#missing","tintindex":0}}},{"from":[6.1571426,9.928572,6.9942856],"to":[7.8714285,10.214286,6.9942856],"rotation":{"angle":0.0,"axis":"y","origin":[6.857143,0.0,8.0]},"faces":{"east":{"uv":[14.367,2.742,14.25,2.25],"rotation":270,"texture":"#missing","tintindex":0},"south":{"uv":[14.3125,2.625,14.25,2.25],"rotation":270,"texture":"#missing","tintindex":0},"north":{"uv":[2.0,0.0,4.0,6.0],"rotation":90,"texture":"#2","tintindex":0},"west":{"uv":[14.367,2.742,14.25,2.25],"rotation":270,"texture":"#missing","tintindex":0},"up":{"uv":[14.367,2.742,14.25,2.25],"rotation":270,"texture":"#missing","tintindex":0},"down":{"uv":[14.367,2.742,14.25,2.25],"rotation":270,"texture":"#missing","tintindex":0}}},{"from":[6.1571426,9.514286,6.9942856],"to":[7.8714285,9.8,6.9942856],"rotation":{"angle":0.0,"axis":"y","origin":[6.857143,0.0,8.0]},"faces":{"east":{"uv":[14.367,2.742,14.25,2.25],"rotation":270,"texture":"#missing","tintindex":0},"south":{"uv":[14.3125,2.625,14.25,2.25],"rotation":270,"texture":"#missing","tintindex":0},"north":{"uv":[2.0,0.0,4.0,6.0],"rotation":90,"texture":"#2","tintindex":0},"west":{"uv":[14.367,2.742,14.25,2.25],"rotation":270,"texture":"#missing","tintindex":0},"up":{"uv":[14.367,2.742,14.25,2.25],"rotation":270,"texture":"#missing","tintindex":0},"down":{"uv":[14.367,2.742,14.25,2.25],"rotation":270,"texture":"#missing","tintindex":0}}},{"from":[8.1285715,9.514286,6.9942856],"to":[9.842857,9.8,6.9942856],"rotation":{"angle":0.0,"axis":"y","origin":[6.857143,0.0,8.0]},"faces":{"east":{"uv":[14.367,2.742,14.25,2.25],"rotation":270,"texture":"#missing","tintindex":0},"south":{"uv":[14.3125,2.625,14.25,2.25],"rotation":270,"texture":"#missing","tintindex":0},"north":{"uv":[2.0,0.0,4.0,6.0],"rotation":90,"texture":"#2","tintindex":0},"west":{"uv":[14.367,2.742,14.25,2.25],"rotation":270,"texture":"#missing","tintindex":0},"up":{"uv":[14.367,2.742,14.25,2.25],"rotation":270,"texture":"#missing","tintindex":0},"down":{"uv":[14.367,2.742,14.25,2.25],"rotation":270,"texture":"#missing","tintindex":0}}},{"from":[8.1285715,9.928572,6.9942856],"to":[9.842857,10.214286,6.9942856],"rotation":{"angle":0.0,"axis":"y","origin":[6.857143,0.0,8.0]},"faces":{"east":{"uv":[14.367,2.742,14.25,2.25],"rotation":270,"texture":"#missing","tintindex":0},"south":{"uv":[14.3125,2.625,14.25,2.25],"rotation":270,"texture":"#missing","tintindex":0},"north":{"uv":[2.0,0.0,4.0,6.0],"rotation":90,"texture":"#2","tintindex":0},"west":{"uv":[14.367,2.742,14.25,2.25],"rotation":270,"texture":"#missing","tintindex":0},"up":{"uv":[14.367,2.742,14.25,2.25],"rotation":270,"texture":"#missing","tintindex":0},"down":{"uv":[14.367,2.742,14.25,2.25],"rotation":270,"texture":"#missing","tintindex":0}}},{"from":[7.714286,8.0,6.985714],"to":[8.285714,8.571428,9.1285715],"rotation":{"angle":0.0,"axis":"y","origin":[8.0,1.1428566,8.0]},"faces":{"east":{"uv":[9.75,3.375,10.25,3.5],"rotation":0,"texture":"#4","tintindex":0},"south":{"uv":[11.75,7.125,11.875,7.25],"rotation":0,"texture":"#4","tintindex":0},"north":{"uv":[11.75,6.625,11.875,6.75],"rotation":0,"texture":"#4","tintindex":0},"west":{"uv":[7.0,9.75,7.5,9.875],"rotation":0,"texture":"#4","tintindex":0},"up":{"uv":[9.875,8.125,9.75,7.625],"rotation":0,"texture":"#4","tintindex":0},"down":{"uv":[9.875,9.625,9.75,10.125],"rotation":0,"texture":"#4","tintindex":0}}},{"from":[6.285714,12.0,6.285714],"to":[9.714286,14.857143,6.857143],"rotation":{"angle":0.0,"axis":"y","origin":[8.0,1.1428566,8.0]},"faces":{"east":{"uv":[1.125,9.5,1.25,10.125],"rotation":0,"texture":"#4","tintindex":0},"south":{"uv":[2.75,4.125,3.5,4.75],"rotation":0,"texture":"#4","tintindex":0},"north":{"uv":[3.875,3.5,4.625,4.125],"rotation":0,"texture":"#4","tintindex":0},"west":{"uv":[1.625,9.5,1.75,10.125],"rotation":0,"texture":"#4","tintindex":0},"up":{"uv":[9.75,6.125,9.0,6.0],"rotation":0,"texture":"#4","tintindex":0},"down":{"uv":[9.75,6.25,9.0,6.375],"rotation":0,"texture":"#4","tintindex":0}}},{"from":[9.428572,12.0,6.404061],"to":[10.0,14.857143,6.9754896],"rotation":{"angle":-45.0,"axis":"y","origin":[9.714286,13.428572,6.6897755]},"faces":{"east":{"uv":[3.25,9.5,3.375,10.125],"rotation":0,"texture":"#4","tintindex":0},"south":{"uv":[4.625,9.5,4.75,10.125],"rotation":0,"texture":"#4","tintindex":0},"north":{"uv":[3.0,9.5,3.125,10.125],"rotation":0,"texture":"#4","tintindex":0},"west":{"uv":[4.875,9.5,5.0,10.125],"rotation":0,"texture":"#4","tintindex":0},"up":{"uv":[4.625,11.875,4.5,11.75],"rotation":0,"texture":"#4","tintindex":0},"down":{"uv":[11.875,4.75,11.75,4.875],"rotation":0,"texture":"#4","tintindex":0}}},{"from":[6.0,12.0,6.404061],"to":[6.5714283,14.857143,6.9754896],"rotation":{"angle":45.0,"axis":"y","origin":[6.285714,13.428572,6.6897755]},"faces":{"east":{"uv":[7.75,9.5,7.875,10.125],"rotation":0,"texture":"#4","tintindex":0},"south":{"uv":[8.0,9.5,8.125,10.125],"rotation":0,"texture":"#4","tintindex":0},"north":{"uv":[9.5,7.625,9.625,8.25],"rotation":0,"texture":"#4","tintindex":0},"west":{"uv":[8.25,9.5,8.375,10.125],"rotation":0,"texture":"#4","tintindex":0},"up":{"uv":[11.875,5.125,11.75,5.0],"rotation":0,"texture":"#4","tintindex":0},"down":{"uv":[11.875,5.25,11.75,5.375],"rotation":0,"texture":"#4","tintindex":0}}},{"from":[6.285714,11.714286,6.404061],"to":[9.714286,12.285715,6.9754896],"rotation":{"angle":-45.0,"axis":"x","origin":[8.285714,12.0,6.6897755]},"faces":{"east":{"uv":[11.75,6.125,11.875,6.25],"rotation":0,"texture":"#4","tintindex":0},"south":{"uv":[9.125,0.25,9.875,0.375],"rotation":0,"texture":"#4","tintindex":0},"north":{"uv":[9.125,0.0,9.875,0.125],"rotation":0,"texture":"#4","tintindex":0},"west":{"uv":[11.75,6.375,11.875,6.5],"rotation":0,"texture":"#4","tintindex":0},"up":{"uv":[9.875,1.875,9.125,1.75],"rotation":0,"texture":"#4","tintindex":0},"down":{"uv":[9.875,2.0,9.125,2.125],"rotation":0,"texture":"#4","tintindex":0}}},{"from":[6.285714,10.857143,9.142858],"to":[9.714286,14.857143,9.714286],"rotation":{"angle":0.0,"axis":"y","origin":[8.0,0.0,8.0]},"faces":{"east":{"uv":[5.5,8.875,5.625,9.75],"rotation":0,"texture":"#4","tintindex":0},"south":{"uv":[0.0,2.875,0.75,3.75],"rotation":0,"texture":"#4","tintindex":0},"north":{"uv":[0.875,2.75,1.625,3.625],"rotation":0,"texture":"#4","tintindex":0},"west":{"uv":[5.75,8.875,5.875,9.75],"rotation":0,"texture":"#4","tintindex":0},"up":{"uv":[9.875,4.75,9.125,4.625],"rotation":0,"texture":"#4","tintindex":0},"down":{"uv":[9.875,4.875,9.125,5.0],"rotation":0,"texture":"#4","tintindex":0}}},{"from":[6.857143,9.142858,9.142858],"to":[9.142858,10.857143,9.714286],"rotation":{"angle":0.0,"axis":"y","origin":[8.0,-3.4285717,8.0]},"faces":{"east":{"uv":[11.0,5.625,11.125,6.0],"rotation":0,"texture":"#4","tintindex":0},"south":{"uv":[0.0,7.5,0.5,7.875],"rotation":0,"texture":"#4","tintindex":0},"north":{"uv":[6.625,7.375,7.125,7.75],"rotation":0,"texture":"#4","tintindex":0},"west":{"uv":[6.0,11.0,6.125,11.375],"rotation":0,"texture":"#4","tintindex":0},"up":{"uv":[5.0,10.625,4.5,10.5],"rotation":0,"texture":"#4","tintindex":0},"down":{"uv":[11.0,6.125,10.5,6.25],"rotation":0,"texture":"#4","tintindex":0}}},{"from":[6.0,10.857143,9.02451],"to":[6.5714283,14.857143,9.595939],"rotation":{"angle":-45.0,"axis":"y","origin":[6.285714,12.285715,9.310225]},"faces":{"east":{"uv":[6.25,8.625,6.375,9.5],"rotation":0,"texture":"#4","tintindex":0},"south":{"uv":[1.375,8.875,1.5,9.75],"rotation":0,"texture":"#4","tintindex":0},"north":{"uv":[2.25,8.5,2.375,9.375],"rotation":0,"texture":"#4","tintindex":0},"west":{"uv":[5.25,8.875,5.375,9.75],"rotation":0,"texture":"#4","tintindex":0},"up":{"uv":[8.375,12.0,8.25,11.875],"rotation":0,"texture":"#4","tintindex":0},"down":{"uv":[8.625,11.875,8.5,12.0],"rotation":0,"texture":"#4","tintindex":0}}},{"from":[6.285714,10.571428,9.02451],"to":[9.714286,11.142858,9.595939],"rotation":{"angle":45.0,"axis":"x","origin":[8.285714,10.857143,9.310225]},"faces":{"east":{"uv":[11.875,7.625,12.0,7.75],"rotation":0,"texture":"#4","tintindex":0},"south":{"uv":[9.125,3.875,9.875,4.0],"rotation":0,"texture":"#4","tintindex":0},"north":{"uv":[9.125,2.625,9.875,2.75],"rotation":0,"texture":"#4","tintindex":0},"west":{"uv":[8.0,11.875,8.125,12.0],"rotation":0,"texture":"#4","tintindex":0},"up":{"uv":[9.875,4.25,9.125,4.125],"rotation":0,"texture":"#4","tintindex":0},"down":{"uv":[9.875,4.375,9.125,4.5],"rotation":0,"texture":"#4","tintindex":0}}},{"from":[6.8599997,8.285714,9.02451],"to":[9.14,9.428572,9.595939],"rotation":{"angle":45.0,"axis":"x","origin":[8.285714,9.142858,9.310225]},"faces":{"east":{"uv":[3.25,11.375,3.375,11.625],"rotation":0,"texture":"#4","tintindex":0},"south":{"uv":[6.625,7.875,7.125,8.125],"rotation":0,"texture":"#4","tintindex":0},"north":{"uv":[4.125,7.875,4.625,8.125],"rotation":0,"texture":"#4","tintindex":0},"west":{"uv":[9.75,11.375,9.875,11.625],"rotation":0,"texture":"#4","tintindex":0},"up":{"uv":[7.25,10.625,6.75,10.5],"rotation":0,"texture":"#4","tintindex":0},"down":{"uv":[8.375,10.5,7.875,10.625],"rotation":0,"texture":"#4","tintindex":0}}},{"from":[7.428571,12.0,9.714286],"to":[8.571428,14.857143,10.285714],"rotation":{"angle":0.0,"axis":"y","origin":[8.0,0.5714283,8.571428]},"faces":{"east":{"uv":[2.375,9.75,2.5,10.375],"rotation":0,"texture":"#4","tintindex":0},"south":{"uv":[2.875,7.75,3.125,8.375],"rotation":0,"texture":"#4","tintindex":0},"north":{"uv":[1.125,7.75,1.375,8.375],"rotation":0,"texture":"#4","tintindex":0},"west":{"uv":[2.625,9.75,2.75,10.375],"rotation":0,"texture":"#4","tintindex":0},"up":{"uv":[11.125,11.5,10.875,11.375],"rotation":0,"texture":"#4","tintindex":0},"down":{"uv":[11.625,11.125,11.375,11.25],"rotation":0,"texture":"#4","tintindex":0}}},{"from":[7.4314284,11.142858,9.595939],"to":[8.568571,12.285715,10.167368],"rotation":{"angle":45.0,"axis":"x","origin":[8.285714,12.0,9.881653]},"faces":{"east":{"uv":[11.375,10.125,11.5,10.375],"rotation":0,"texture":"#4","tintindex":0},"south":{"uv":[10.5,9.125,10.75,9.375],"rotation":0,"texture":"#4","tintindex":0},"north":{"uv":[3.25,10.5,3.5,10.75],"rotation":0,"texture":"#4","tintindex":0},"west":{"uv":[10.25,11.375,10.375,11.625],"rotation":0,"texture":"#4","tintindex":0},"up":{"uv":[10.75,11.5,10.5,11.375],"rotation":0,"texture":"#4","tintindex":0},"down":{"uv":[11.625,10.5,11.375,10.625],"rotation":0,"texture":"#4","tintindex":0}}},{"from":[9.428572,10.857143,9.02451],"to":[10.0,14.857143,9.595939],"rotation":{"angle":45.0,"axis":"y","origin":[9.714286,12.285715,9.310225]},"faces":{"east":{"uv":[0.25,8.375,0.375,9.25],"rotation":0,"texture":"#4","tintindex":0},"south":{"uv":[3.875,8.375,4.0,9.25],"rotation":0,"texture":"#4","tintindex":0},"north":{"uv":[0.0,8.375,0.125,9.25],"rotation":0,"texture":"#4","tintindex":0},"west":{"uv":[1.125,8.5,1.25,9.375],"rotation":0,"texture":"#4","tintindex":0},"up":{"uv":[12.0,7.0,11.875,6.875],"rotation":0,"texture":"#4","tintindex":0},"down":{"uv":[7.25,11.875,7.125,12.0],"rotation":0,"texture":"#4","tintindex":0}}},{"from":[7.3389406,13.636549,6.862857],"to":[7.910369,14.207978,9.137143],"rotation":{"angle":-45.0,"axis":"z","origin":[2.4817972,13.922264,8.857143]},"faces":{"east":{"uv":[0.5,9.875,1.0,10.0],"rotation":0,"texture":"#4","tintindex":0},"south":{"uv":[7.5,11.75,7.625,11.875],"rotation":0,"texture":"#4","tintindex":0},"north":{"uv":[11.75,7.375,11.875,7.5],"rotation":0,"texture":"#4","tintindex":0},"west":{"uv":[9.875,0.5,10.375,0.625],"rotation":0,"texture":"#4","tintindex":0},"up":{"uv":[10.0,1.25,9.875,0.75],"rotation":0,"texture":"#4","tintindex":0},"down":{"uv":[1.5,9.875,1.375,10.375],"rotation":0,"texture":"#4","tintindex":0}}},{"from":[8.089631,13.636549,6.862857],"to":[8.661059,14.207978,9.137143],"rotation":{"angle":45.0,"axis":"z","origin":[13.518203,13.922264,8.857143]},"faces":{"east":{"uv":[9.875,1.375,10.375,1.5],"rotation":0,"texture":"#4","tintindex":0},"south":{"uv":[11.75,8.0,11.875,8.125],"rotation":0,"texture":"#4","tintindex":0},"north":{"uv":[7.75,11.75,7.875,11.875],"rotation":0,"texture":"#4","tintindex":0},"west":{"uv":[5.125,9.875,5.625,10.0],"rotation":0,"texture":"#4","tintindex":0},"up":{"uv":[3.625,10.375,3.5,9.875],"rotation":0,"texture":"#4","tintindex":0},"down":{"uv":[10.0,5.625,9.875,6.125],"rotation":0,"texture":"#4","tintindex":0}}},{"from":[8.489631,15.350836,6.862857],"to":[9.06106,15.922264,9.137143],"rotation":{"angle":45.0,"axis":"z","origin":[13.918203,15.636549,8.857143]},"faces":{"east":{"uv":[10.375,10.375,10.875,10.5],"rotation":0,"texture":"#4","tintindex":0},"south":{"uv":[6.375,11.875,6.5,12.0],"rotation":0,"texture":"#4","tintindex":0},"north":{"uv":[6.125,11.875,6.25,12.0],"rotation":0,"texture":"#4","tintindex":0},"west":{"uv":[10.5,0.5,11.0,0.625],"rotation":0,"texture":"#4","tintindex":0},"up":{"uv":[1.5,11.0,1.375,10.5],"rotation":0,"texture":"#4","tintindex":0},"down":{"uv":[2.0,10.5,1.875,11.0],"rotation":0,"texture":"#4","tintindex":0}}},{"from":[6.9389405,15.350836,6.862857],"to":[7.510369,15.922264,9.137143],"rotation":{"angle":-45.0,"axis":"z","origin":[2.0817971,15.636549,8.857143]},"faces":{"east":{"uv":[10.5,1.25,11.0,1.375],"rotation":0,"texture":"#4","tintindex":0},"south":{"uv":[6.875,11.875,7.0,12.0],"rotation":0,"texture":"#4","tintindex":0},"north":{"uv":[6.625,11.875,6.75,12.0],"rotation":0,"texture":"#4","tintindex":0},"west":{"uv":[2.125,10.5,2.625,10.625],"rotation":0,"texture":"#4","tintindex":0},"up":{"uv":[2.875,11.0,2.75,10.5],"rotation":0,"texture":"#4","tintindex":0},"down":{"uv":[3.125,10.5,3.0,11.0],"rotation":0,"texture":"#4","tintindex":0}}}],"display":{"head":{"translation":[0.0,-6.4,0.0],"scale":[4.0,4.0,4.0]}}}