{
	"credit": "Made with Blockbench",
	"textures": {
		"0": "custom/elitecreatures/hydra/hydra_icon_animated",
		"particle": "custom/elitecreatures/hydra/hydra_icon_animated"
	},
	"elements": [
		{
			"from": [0, 0, 7],
			"to": [16, 16, 7],
			"faces": {
				"north": {"uv": [0, 0, 16, 16], "texture": "#0"},
				"east": {"uv": [0, 0, 0, 16], "texture": "#0"},
				"south": {"uv": [16, 0, 0, 16], "texture": "#0"},
				"west": {"uv": [0, 0, 0, 16], "texture": "#0"},
				"up": {"uv": [0, 0, 16, 0], "texture": "#0"},
				"down": {"uv": [0, 0, 16, 0], "texture": "#0"}
			}
		}
	],
	"display": {
		"ground": {
			"translation": [0, 13.75, 0],
			"scale": [2, 2, 2]
		},
		"head": {
			"translation": [0, -13, 0.5],
			"scale": [2, 2, 2]
		}
	}
}