{
	"credit": "Made with Blockbench",
	"textures": {
		"ambergris": "custom/elitecreatures/hydra/hydrapoison"
	},
	"elements": [
		{
			"name": "Box1",
			"from": [5.25, 9.875, -1],
			"to": [10.75, 11.375, 4],
			"faces": {
				"north": {"uv": [10, 11.5, 12.5, 12], "texture": "#ambergris", "cullface": "north"},
				"east": {"uv": [10, 11.5, 12.5, 12], "texture": "#ambergris", "cullface": "north"},
				"south": {"uv": [10, 11.5, 12.5, 12], "texture": "#ambergris", "cullface": "north"},
				"west": {"uv": [10, 11.5, 12.5, 12], "texture": "#ambergris", "cullface": "north"},
				"up": {"uv": [6.5, 11, 9, 13.5], "texture": "#ambergris", "cullface": "north"}
			}
		},
		{
			"name": "Box1",
			"from": [4.5, 4.375, -2],
			"to": [11.5, 7.375, 5],
			"faces": {
				"north": {"uv": [9, 13, 12.5, 14.5], "texture": "#ambergris", "cullface": "north"},
				"east": {"uv": [9, 13, 12.5, 14.5], "texture": "#ambergris", "cullface": "north"},
				"south": {"uv": [9, 13, 12.5, 14.5], "texture": "#ambergris", "cullface": "north"},
				"west": {"uv": [9, 13, 12.5, 14.5], "texture": "#ambergris", "cullface": "north"},
				"up": {"uv": [0, 9, 3.5, 12.5], "texture": "#ambergris", "cullface": "north"},
				"down": {"uv": [3.5, 13, 6.5, 16], "texture": "#ambergris", "cullface": "north"}
			}
		},
		{
			"name": "Box1",
			"from": [5, 7.375, -1.5],
			"to": [11, 9.875, 4.5],
			"faces": {
				"north": {"uv": [3.5, 8, 6.5, 9], "texture": "#ambergris", "cullface": "north"},
				"east": {"uv": [3.5, 8, 6.5, 9], "texture": "#ambergris", "cullface": "north"},
				"south": {"uv": [3.5, 8, 6.5, 9], "texture": "#ambergris", "cullface": "north"},
				"west": {"uv": [3.5, 8, 6.5, 9], "texture": "#ambergris", "cullface": "north"},
				"up": {"uv": [3.5, 10, 6.5, 13], "texture": "#ambergris", "cullface": "north"}
			}
		},
		{
			"name": "Box4",
			"from": [7, 11.25, 0.375],
			"to": [9, 14.25, 2.375],
			"faces": {
				"north": {"uv": [9, 10.5, 10, 12], "texture": "#ambergris"},
				"east": {"uv": [9, 10.5, 10, 12], "texture": "#ambergris"},
				"south": {"uv": [9, 10.5, 10, 12], "texture": "#ambergris"},
				"west": {"uv": [9, 10.5, 10, 12], "texture": "#ambergris"}
			}
		},
		{
			"name": "Box5",
			"from": [6.125, 14, -0.375],
			"to": [9.625, 15.5, 3.125],
			"faces": {
				"north": {"uv": [10, 11, 11.5, 11.5], "texture": "#ambergris", "cullface": "north"},
				"east": {"uv": [10, 11, 11.5, 11.5], "texture": "#ambergris", "cullface": "north"},
				"south": {"uv": [10, 11, 11.5, 11.5], "texture": "#ambergris", "cullface": "north"},
				"west": {"uv": [10, 11, 11.5, 11.5], "texture": "#ambergris", "cullface": "north"},
				"up": {"uv": [6.5, 8, 8, 9.5], "texture": "#ambergris", "cullface": "north"},
				"down": {"uv": [6.5, 9.5, 8, 11], "texture": "#ambergris", "cullface": "north"}
			}
		}
	],
	"display": {
		"thirdperson_righthand": {
			"translation": [-0.75, 0.0006, 3.1195],
			"scale": [0.5, 0.5, 0.5]
		},
		"thirdperson_lefthand": {
			"translation": [-0.75, 0.0006, 3.1195],
			"scale": [0.5, 0.5, 0.5]
		},
		"firstperson_righthand": {
			"rotation": [0, 25.25, 0],
			"translation": [9.7391, -3.39, -4.173]
		},
		"firstperson_lefthand": {
			"rotation": [0, 25.25, 0],
			"translation": [9.7391, -3.39, -4.173]
		},
		"gui": {
			"rotation": [-156.78, 49.06, -179.46],
			"translation": [4.25, 0.609, 0]
		},
		"fixed": {
			"translation": [0, 0, 5.5652]
		}
	}
}