{
	"credit": "Made with Blockbench",
	"textures": {
		"0": "custom/elitecreatures/hydra/hydrafang",
		"particle": "custom/elitecreatures/hydra/hydrafang"
	},
	"elements": [
		{
			"from": [7, 1, 7],
			"to": [8, 3, 10],
			"rotation": {"angle": 0, "axis": "y", "origin": [0, 1, -1]},
			"faces": {
				"north": {"uv": [5, 2, 6, 4], "texture": "#0"},
				"east": {"uv": [3, 2, 0, 4], "texture": "#0"},
				"south": {"uv": [3, 5, 4, 7], "texture": "#0"},
				"west": {"uv": [0, 2, 3, 4], "texture": "#0"},
				"up": {"uv": [1, 7, 0, 4], "texture": "#0"},
				"down": {"uv": [2, 4, 1, 7], "texture": "#0"}
			}
		},
		{
			"from": [6.995, 1.2294, 6.99477],
			"to": [8.005, 2.2294, 8.99477],
			"rotation": {"angle": -22.5, "axis": "x", "origin": [7.5, 0.7294, 8.99477]},
			"faces": {
				"north": {"uv": [7, 1, 8, 2], "texture": "#0"},
				"east": {"uv": [8, 5, 6, 6], "texture": "#0"},
				"south": {"uv": [2, 7, 3, 8], "texture": "#0"},
				"west": {"uv": [6, 5, 8, 6], "texture": "#0"},
				"up": {"uv": [7, 8, 6, 6], "texture": "#0"},
				"down": {"uv": [1, 7, 0, 9], "texture": "#0"}
			}
		},
		{
			"from": [6.99, 1, 8],
			"to": [8.01, 2, 10],
			"rotation": {"angle": 22.5, "axis": "x", "origin": [7.5, 1, 8.5]},
			"faces": {
				"north": {"uv": [7, 0, 8, 1], "texture": "#0"},
				"east": {"uv": [6, 4, 4, 5], "texture": "#0"},
				"south": {"uv": [1, 7, 2, 8], "texture": "#0"},
				"west": {"uv": [4, 4, 6, 5], "texture": "#0"},
				"up": {"uv": [6, 2, 5, 0], "texture": "#0"},
				"down": {"uv": [3, 5, 2, 7], "texture": "#0"}
			}
		},
		{
			"from": [7.005, 2.29289, 6.70711],
			"to": [7.995, 4.41421, 8.82843],
			"rotation": {"angle": 45, "axis": "x", "origin": [7.5, 2.29289, 7.70711]},
			"faces": {
				"north": {"uv": [4, 5, 5, 7], "texture": "#0"},
				"east": {"uv": [5, 2, 3, 4], "texture": "#0"},
				"south": {"uv": [5, 5, 6, 7], "texture": "#0"},
				"west": {"uv": [3, 2, 5, 4], "texture": "#0"},
				"up": {"uv": [7, 2, 6, 0], "texture": "#0"},
				"down": {"uv": [7, 2, 6, 4], "texture": "#0"}
			}
		}
	],
	"gui_light": "front",
	"display": {
		"thirdperson_righthand": {
			"rotation": [98.15, 63.55, -123.49],
			"translation": [2.5, 4.25, -3.5],
			"scale": [0.8, 0.8, 0.8]
		},
		"thirdperson_lefthand": {
			"rotation": [98.15, 63.55, -123.49],
			"translation": [2, 5, -2],
			"scale": [0.8, 0.8, 0.8]
		},
		"firstperson_righthand": {
			"rotation": [-10.75, 53.5, 0],
			"translation": [0, 8.5, 0]
		},
		"firstperson_lefthand": {
			"rotation": [-10.75, 53.5, 0],
			"translation": [0.75, 8, 0]
		},
		"ground": {
			"translation": [0, 6, 0],
			"scale": [1.2, 1.2, 1.2]
		},
		"gui": {
			"rotation": [0, 90, 0],
			"translation": [-0.75, 11.5, 0],
			"scale": [2, 2, 2]
		},
		"fixed": {
			"rotation": [0, 90, 0],
			"translation": [-1.25, 11.75, 0],
			"scale": [2, 2, 2]
		}
	}
}