{
	"credit": "Made with Blockbench",
	"texture_size": [128, 128],
	"textures": {
		"0": "custom/elitecreatures/hydra/poison_ball",
		"particle": "custom/elitecreatures/hydra/poison_ball"
	},
	"elements": [
		{
			"from": [1.25, 1.76537, 2.25],
			"to": [12.75, 13.26537, 13.75],
			"rotation": {"angle": 0, "axis": "y", "origin": [14.25, 4.76537, 7.25]},
			"faces": {
				"north": {"uv": [6.25, 3.375, 7.3125, 4.8125], "texture": "#0"},
				"east": {"uv": [1.375, 6, 2.8125, 7.4375], "texture": "#0"},
				"south": {"uv": [6.25, 4.875, 7.3125, 6.3125], "texture": "#0"},
				"west": {"uv": [1.375, 6, 2.8125, 7.4375], "texture": "#0"},
				"up": {"uv": [3.9375, 7.8125, 2.875, 6.375], "texture": "#0"},
				"down": {"uv": [5.0625, 6.375, 4, 7.8125], "texture": "#0"}
			}
		}
	],
	"display": {
		"thirdperson_righthand": {
			"rotation": [-85.5, 0, -90],
			"translation": [0, -1.75, 0]
		},
		"firstperson_righthand": {
			"scale": [0.5, 0.5, 0.5]
		},
		"firstperson_lefthand": {
			"scale": [0.5, 0.5, 0.5]
		},
		"ground": {
			"scale": [0.8, 0.8, 0.8]
		},
		"gui": {
			"rotation": [0, 0, -47],
			"translation": [-1.25, 0, 0],
			"scale": [0.5, 0.5, 0.5]
		},
		"head": {
			"rotation": [0, -90, 0],
			"translation": [0, -14.75, 0],
			"scale": [0.8, 0.8, 0.8]
		}
	}
}