{"textures":{"2":"modelengine:entity/em_darklurker"},"elements":[{"from":[10.0,8.75,9.0],"to":[6.0,4.75,5.0],"faces":{"east":{"uv":[5.0,3.125,5.5,3.625],"tintindex":0,"rotation":0,"texture":"#2"},"south":{"uv":[5.0,3.75,5.5,4.25],"tintindex":0,"rotation":0,"texture":"#2"},"north":{"uv":[5.0,2.5,5.5,3.0],"tintindex":0,"rotation":0,"texture":"#2"},"west":{"uv":[4.125,5.0,4.625,5.5],"tintindex":0,"rotation":0,"texture":"#2"},"up":{"uv":[5.25,5.5,4.75,5.0],"tintindex":0,"rotation":0,"texture":"#2"},"down":{"uv":[4.0,5.25,3.5,5.75],"tintindex":0,"rotation":0,"texture":"#2"}}},{"from":[6.0,4.75,5.0],"to":[10.0,8.75,9.0],"faces":{"east":{"uv":[4.875,0.0,5.375,0.5],"tintindex":0,"rotation":0,"texture":"#2"},"south":{"uv":[4.875,0.625,5.375,1.125],"tintindex":0,"rotation":0,"texture":"#2"},"north":{"uv":[3.5,4.625,4.0,5.125],"tintindex":0,"rotation":0,"texture":"#2"},"west":{"uv":[4.875,1.25,5.375,1.75],"tintindex":0,"rotation":0,"texture":"#2"},"up":{"uv":[1.5,5.5,1.0,5.0],"tintindex":0,"rotation":0,"texture":"#2"},"down":{"uv":[2.125,5.0,1.625,5.5],"tintindex":0,"rotation":0,"texture":"#2"}}}],"display":{"gui":{"rotation":[30,225,0]}}}