{"textures":{"2":"modelengine:entity/em_darklurker"},"elements":[{"from":[8.153806,-11.958429,7.5],"to":[8.507359,-11.604876,7.5],"faces":{"south":{"uv":[7.125,8.25,7.25,8.375],"tintindex":0,"rotation":0,"texture":"#2"},"north":{"uv":[6.875,8.25,7.0,8.375],"tintindex":0,"rotation":0,"texture":"#2"}},"rotation":{"origin":[9.075535,2.8912601,8.125],"angle":-22.5,"axis":"z"}},{"from":[8.153806,-11.958429,8.75],"to":[8.507359,-11.604876,8.75],"faces":{"south":{"uv":[7.625,8.25,7.75,8.375],"tintindex":0,"rotation":0,"texture":"#2"},"north":{"uv":[7.375,8.25,7.5,8.375],"tintindex":0,"rotation":0,"texture":"#2"}},"rotation":{"origin":[9.075535,2.8912601,8.125],"angle":-22.5,"axis":"z"}},{"from":[12.943056,-10.063992,7.5],"to":[13.3447695,-8.544441,7.5],"faces":{"south":{"uv":[8.125,2.875,8.25,3.125],"tintindex":0,"rotation":0,"texture":"#2"},"north":{"uv":[2.625,8.125,2.75,8.375],"tintindex":0,"rotation":0,"texture":"#2"}},"rotation":{"origin":[9.075535,2.8912601,8.125],"angle":-45.0,"axis":"z"}},{"from":[7.562034,-10.711597,7.5],"to":[8.062034,-8.711597,7.5],"faces":{"south":{"uv":[3.625,8.125,3.75,8.375],"tintindex":0,"rotation":0,"texture":"#2"},"north":{"uv":[8.125,3.25,8.25,3.5],"tintindex":0,"rotation":0,"texture":"#2"}},"rotation":{"origin":[9.075535,2.8912601,8.125],"angle":-22.5,"axis":"z"}},{"from":[-1.8265419,-7.2072954,7.5],"to":[0.17345858,-6.7072954,7.5],"faces":{"south":{"uv":[8.125,0.0,8.25,0.25],"tintindex":0,"rotation":90,"texture":"#2"},"north":{"uv":[8.0,8.0,8.125,8.25],"tintindex":0,"rotation":270,"texture":"#2"}},"rotation":{"origin":[9.075535,2.8912601,8.125],"angle":22.5,"axis":"z"}},{"from":[2.867879,-10.610632,8.75],"to":[4.387429,-10.20892,8.75],"faces":{"south":{"uv":[8.125,2.625,8.375,2.75],"tintindex":0,"rotation":0,"texture":"#2"},"north":{"uv":[8.125,2.375,8.375,2.5],"tintindex":0,"rotation":0,"texture":"#2"}}},{"from":[-0.67350805,-7.4103284,8.35],"to":[1.1264914,-6.610328,9.15],"faces":{"east":{"uv":[6.5,8.375,6.375,8.25],"tintindex":0,"rotation":90,"texture":"#2"},"south":{"uv":[1.0,8.0,1.125,8.25],"tintindex":0,"rotation":90,"texture":"#2"},"north":{"uv":[0.5,8.0,0.625,8.25],"tintindex":0,"rotation":270,"texture":"#2"},"west":{"uv":[6.75,8.25,6.625,8.375],"tintindex":0,"rotation":90,"texture":"#2"},"up":{"uv":[8.0,1.125,8.125,1.375],"tintindex":0,"rotation":90,"texture":"#2"},"down":{"uv":[8.0,0.75,8.125,1.0],"tintindex":0,"rotation":90,"texture":"#2"}},"rotation":{"origin":[9.075535,2.8912601,8.125],"angle":22.5,"axis":"z"}},{"from":[2.867879,-10.610632,7.5],"to":[4.387429,-10.20892,7.5],"faces":{"south":{"uv":[8.125,1.75,8.375,1.875],"tintindex":0,"rotation":0,"texture":"#2"},"north":{"uv":[8.125,1.5,8.375,1.625],"tintindex":0,"rotation":0,"texture":"#2"}}},{"from":[9.544314,-7.292341,6.88],"to":[10.784314,-5.0523415,9.12],"faces":{"east":{"uv":[4.75,7.5,5.0,7.75],"tintindex":0,"rotation":0,"texture":"#2"},"south":{"uv":[1.5,8.0,1.625,8.25],"tintindex":0,"rotation":0,"texture":"#2"},"north":{"uv":[1.25,8.0,1.375,8.25],"tintindex":0,"rotation":0,"texture":"#2"},"west":{"uv":[5.875,7.5,6.125,7.75],"tintindex":0,"rotation":0,"texture":"#2"},"up":{"uv":[2.5,8.25,2.375,8.0],"tintindex":0,"rotation":0,"texture":"#2"},"down":{"uv":[3.5,8.0,3.375,8.25],"tintindex":0,"rotation":0,"texture":"#2"}},"rotation":{"origin":[9.075535,2.8912601,8.125],"angle":-22.5,"axis":"z"}},{"from":[-1.8265419,-7.2072954,8.75],"to":[0.17345858,-6.7072954,8.75],"faces":{"south":{"uv":[8.125,2.0,8.25,2.25],"tintindex":0,"rotation":90,"texture":"#2"},"north":{"uv":[0.75,8.125,0.875,8.375],"tintindex":0,"rotation":270,"texture":"#2"}},"rotation":{"origin":[9.075535,2.8912601,8.125],"angle":22.5,"axis":"z"}},{"from":[12.589268,-8.881895,7.1],"to":[13.389267,-7.0818944,7.9],"faces":{"east":{"uv":[7.875,4.375,8.0,4.625],"tintindex":0,"rotation":0,"texture":"#2"},"south":{"uv":[4.625,7.875,4.75,8.125],"tintindex":0,"rotation":0,"texture":"#2"},"north":{"uv":[4.375,7.875,4.5,8.125],"tintindex":0,"rotation":0,"texture":"#2"},"west":{"uv":[7.875,4.75,8.0,5.0],"tintindex":0,"rotation":0,"texture":"#2"},"up":{"uv":[4.25,8.375,4.125,8.25],"tintindex":0,"rotation":0,"texture":"#2"},"down":{"uv":[4.5,8.25,4.375,8.375],"tintindex":0,"rotation":0,"texture":"#2"}},"rotation":{"origin":[9.075535,2.8912601,8.125],"angle":-45.0,"axis":"z"}},{"from":[-0.67350805,-7.4103284,7.1],"to":[1.1264914,-6.610328,7.9],"faces":{"east":{"uv":[5.5,8.375,5.375,8.25],"tintindex":0,"rotation":90,"texture":"#2"},"south":{"uv":[7.875,6.75,8.0,7.0],"tintindex":0,"rotation":90,"texture":"#2"},"north":{"uv":[6.25,7.875,6.375,8.125],"tintindex":0,"rotation":270,"texture":"#2"},"west":{"uv":[5.75,8.25,5.625,8.375],"tintindex":0,"rotation":90,"texture":"#2"},"up":{"uv":[7.875,7.125,8.0,7.375],"tintindex":0,"rotation":90,"texture":"#2"},"down":{"uv":[7.875,6.375,8.0,6.625],"tintindex":0,"rotation":90,"texture":"#2"}},"rotation":{"origin":[9.075535,2.8912601,8.125],"angle":22.5,"axis":"z"}},{"from":[5.2286863,-9.603569,7.08],"to":[6.0686865,-7.763569,7.92],"faces":{"east":{"uv":[5.75,7.875,5.875,8.125],"tintindex":0,"rotation":0,"texture":"#2"},"south":{"uv":[6.0,7.875,6.125,8.125],"tintindex":0,"rotation":0,"texture":"#2"},"north":{"uv":[4.875,7.875,5.0,8.125],"tintindex":0,"rotation":0,"texture":"#2"},"west":{"uv":[7.875,6.0,8.0,6.25],"tintindex":0,"rotation":0,"texture":"#2"},"up":{"uv":[4.75,8.375,4.625,8.25],"tintindex":0,"rotation":0,"texture":"#2"},"down":{"uv":[5.0,8.25,4.875,8.375],"tintindex":0,"rotation":0,"texture":"#2"}},"rotation":{"origin":[5.6486864,-8.683569,7.5],"angle":-22.5,"axis":"z"}},{"from":[-1.6133432,-6.0107594,7.5],"to":[-1.2597904,-5.6572056,7.5],"faces":{"south":{"uv":[8.25,8.25,8.375,8.375],"tintindex":0,"rotation":90,"texture":"#2"},"north":{"uv":[8.25,8.0,8.375,8.125],"tintindex":0,"rotation":270,"texture":"#2"}},"rotation":{"origin":[9.075535,2.8912601,8.125],"angle":22.5,"axis":"z"}},{"from":[8.020532,-3.9358292,7.0],"to":[10.020532,3.0641708,9.0],"faces":{"east":{"uv":[0.75,5.625,1.0,6.5],"tintindex":0,"rotation":0,"texture":"#2"},"south":{"uv":[5.625,1.0,5.875,1.875],"tintindex":0,"rotation":0,"texture":"#2"},"north":{"uv":[5.5,0.0,5.75,0.875],"tintindex":0,"rotation":0,"texture":"#2"},"west":{"uv":[1.125,5.625,1.375,6.5],"tintindex":0,"rotation":0,"texture":"#2"},"up":{"uv":[7.5,0.625,7.25,0.375],"tintindex":0,"rotation":0,"texture":"#2"},"down":{"uv":[7.5,0.75,7.25,1.0],"tintindex":0,"rotation":0,"texture":"#2"}},"rotation":{"origin":[9.075535,2.8912601,8.125],"angle":-22.5,"axis":"z"}},{"from":[7.9205317,2.964171,6.9],"to":[10.120532,9.164171,9.1],"faces":{"east":{"uv":[6.0,1.75,6.25,2.5],"tintindex":0,"rotation":0,"texture":"#2"},"south":{"uv":[6.0,2.625,6.25,3.375],"tintindex":0,"rotation":0,"texture":"#2"},"north":{"uv":[6.0,0.875,6.25,1.625],"tintindex":0,"rotation":0,"texture":"#2"},"west":{"uv":[6.125,3.5,6.375,4.25],"tintindex":0,"rotation":0,"texture":"#2"},"up":{"uv":[6.375,7.375,6.125,7.125],"tintindex":0,"rotation":0,"texture":"#2"},"down":{"uv":[0.25,7.25,0.0,7.5],"tintindex":0,"rotation":0,"texture":"#2"}}},{"from":[9.919035,-10.033884,8.33],"to":[10.759035,-8.193884,9.17],"faces":{"east":{"uv":[0.0,8.0,0.125,8.25],"tintindex":0,"rotation":0,"texture":"#2"},"south":{"uv":[0.25,8.0,0.375,8.25],"tintindex":0,"rotation":0,"texture":"#2"},"north":{"uv":[7.75,7.875,7.875,8.125],"tintindex":0,"rotation":0,"texture":"#2"},"west":{"uv":[8.0,0.375,8.125,0.625],"tintindex":0,"rotation":0,"texture":"#2"},"up":{"uv":[6.0,8.375,5.875,8.25],"tintindex":0,"rotation":0,"texture":"#2"},"down":{"uv":[6.25,8.25,6.125,8.375],"tintindex":0,"rotation":0,"texture":"#2"}},"rotation":{"origin":[9.075535,2.8912601,8.125],"angle":-22.5,"axis":"z"}},{"from":[5.3882256,-5.112416,6.9],"to":[7.5882254,-2.912416,9.1],"faces":{"east":{"uv":[7.25,1.125,7.5,1.375],"tintindex":0,"rotation":0,"texture":"#2"},"south":{"uv":[1.5,7.25,1.75,7.5],"tintindex":0,"rotation":0,"texture":"#2"},"north":{"uv":[1.125,7.25,1.375,7.5],"tintindex":0,"rotation":0,"texture":"#2"},"west":{"uv":[7.25,1.5,7.5,1.75],"tintindex":0,"rotation":0,"texture":"#2"},"up":{"uv":[2.125,7.5,1.875,7.25],"tintindex":0,"rotation":0,"texture":"#2"},"down":{"uv":[7.5,1.875,7.25,2.125],"tintindex":0,"rotation":0,"texture":"#2"}}},{"from":[12.789264,-7.4846134,7.0],"to":[14.789264,-5.4846134,9.0],"faces":{"east":{"uv":[7.25,2.25,7.5,2.5],"tintindex":0,"rotation":0,"texture":"#2"},"south":{"uv":[3.5,7.25,3.75,7.5],"tintindex":0,"rotation":0,"texture":"#2"},"north":{"uv":[2.25,7.25,2.5,7.5],"tintindex":0,"rotation":0,"texture":"#2"},"west":{"uv":[7.25,4.25,7.5,4.5],"tintindex":0,"rotation":0,"texture":"#2"},"up":{"uv":[7.5,4.875,7.25,4.625],"tintindex":0,"rotation":0,"texture":"#2"},"down":{"uv":[7.5,5.0,7.25,5.25],"tintindex":0,"rotation":0,"texture":"#2"}},"rotation":{"origin":[9.075535,2.8912601,8.125],"angle":-45.0,"axis":"z"}}],"display":{"gui":{"rotation":[30,225,0]}}}