{"textures":{"0":"modelengine:entity/voiddragon"},"elements":[{"from":[4.540343,-0.7266865,9.29791],"to":[7.250743,3.9197135,12.008309],"rotation":{"angle":-22.5,"axis":"x","origin":[5.8955426,1.5965133,10.65311]},"faces":{"east":{"uv":[8.8125,0.15625,8.921875,0.34375],"rotation":0,"texture":"#0","tintindex":0},"south":{"uv":[8.8125,0.34375,8.921875,0.53125],"rotation":0,"texture":"#0","tintindex":0},"north":{"uv":[8.78125,8.40625,8.890625,8.59375],"rotation":0,"texture":"#0","tintindex":0},"west":{"uv":[8.8125,1.6875,8.921875,1.875],"rotation":0,"texture":"#0","tintindex":0},"up":{"uv":[9.015625,0.109375,8.90625,0.0],"rotation":0,"texture":"#0","tintindex":0},"down":{"uv":[0.234375,8.90625,0.125,9.015625],"rotation":0,"texture":"#0","tintindex":0}}},{"from":[4.153143,3.5660272,7.132609],"to":[7.637943,8.212427,10.617409],"rotation":{"angle":-22.5,"axis":"x","origin":[5.8955426,5.8892274,8.87501]},"faces":{"east":{"uv":[1.875,8.71875,2.015625,8.90625],"rotation":0,"texture":"#0","tintindex":0},"south":{"uv":[8.71875,1.875,8.859375,2.0625],"rotation":0,"texture":"#0","tintindex":0},"north":{"uv":[1.5,8.71875,1.640625,8.90625],"rotation":0,"texture":"#0","tintindex":0},"west":{"uv":[2.6875,8.71875,2.828125,8.90625],"rotation":0,"texture":"#0","tintindex":0},"up":{"uv":[8.953125,5.234375,8.8125,5.09375],"rotation":0,"texture":"#0","tintindex":0},"down":{"uv":[8.953125,5.25,8.8125,5.390625],"rotation":0,"texture":"#0","tintindex":0}}}],"display":{"head":{"translation":[0.0,-6.4,0.0],"scale":[4.0,4.0,4.0]}}}