{"textures":{"0":"modelengine:entity/voiddragon"},"elements":[{"from":[10.833432,1.7425823,2.6801019],"to":[11.607832,2.5169826,4.2289023],"rotation":{"angle":-22.5,"axis":"y","origin":[11.220633,2.1297827,3.454502]},"faces":{"east":{"uv":[5.71875,8.90625,5.75,8.84375],"rotation":90,"texture":"#0","tintindex":0},"south":{"uv":[7.9375,1.59375,7.96875,1.5625],"rotation":0,"texture":"#0","tintindex":0},"north":{"uv":[7.9375,3.84375,7.96875,3.875],"rotation":180,"texture":"#0","tintindex":0},"west":{"uv":[1.375,8.90625,1.40625,8.84375],"rotation":270,"texture":"#0","tintindex":0},"up":{"uv":[8.1875,8.8125,8.15625,8.875],"rotation":180,"texture":"#0","tintindex":0},"down":{"uv":[5.0,8.84375,4.96875,8.90625],"rotation":0,"texture":"#0","tintindex":0}}},{"from":[11.426132,1.7425823,1.2491975],"to":[12.200533,2.5169826,2.7979975],"rotation":{"angle":-22.5,"axis":"y","origin":[11.813333,2.1297827,2.0235972]},"faces":{"east":{"uv":[7.1875,8.875,7.21875,8.8125],"rotation":90,"texture":"#0","tintindex":0},"south":{"uv":[7.90625,3.875,7.9375,3.84375],"rotation":0,"texture":"#0","tintindex":0},"north":{"uv":[7.90625,6.46875,7.9375,6.5],"rotation":180,"texture":"#0","tintindex":0},"west":{"uv":[2.5625,8.875,2.59375,8.8125],"rotation":270,"texture":"#0","tintindex":0},"up":{"uv":[8.8125,7.3125,8.78125,7.375],"rotation":180,"texture":"#0","tintindex":0},"down":{"uv":[8.84375,5.40625,8.8125,5.46875],"rotation":0,"texture":"#0","tintindex":0}}},{"from":[12.406033,1.7425823,-0.18170738],"to":[12.406033,2.5169826,1.3670931],"rotation":{"angle":-22.5,"axis":"y","origin":[12.406033,2.1297827,0.59269285]},"faces":{"east":{"uv":[4.96875,8.84375,5.0,8.78125],"rotation":90,"texture":"#0","tintindex":0},"south":{"uv":[0.0,0.03125,0.0,0.0],"rotation":0,"texture":"#0","tintindex":0},"north":{"uv":[0.0,0.0,0.0,0.03125],"rotation":180,"texture":"#0","tintindex":0},"west":{"uv":[4.96875,8.78125,5.0,8.84375],"rotation":90,"texture":"#0","tintindex":0},"up":{"uv":[0.0,0.0,0.0,0.0625],"rotation":180,"texture":"#0","tintindex":0},"down":{"uv":[0.0,0.0,0.0,0.0625],"rotation":0,"texture":"#0","tintindex":0}}},{"from":[9.7172575,1.7425823,2.6506286],"to":[10.491657,2.5169826,4.1994286],"rotation":{"angle":0.0,"axis":"y","origin":[10.104458,2.1297827,3.4250283]},"faces":{"east":{"uv":[6.4375,8.96875,6.46875,8.90625],"rotation":90,"texture":"#0","tintindex":0},"south":{"uv":[7.96875,1.59375,8.0,1.5625],"rotation":0,"texture":"#0","tintindex":0},"north":{"uv":[7.96875,3.84375,8.0,3.875],"rotation":180,"texture":"#0","tintindex":0},"west":{"uv":[2.0,8.96875,2.03125,8.90625],"rotation":270,"texture":"#0","tintindex":0},"up":{"uv":[1.65625,8.90625,1.625,8.96875],"rotation":180,"texture":"#0","tintindex":0},"down":{"uv":[5.875,8.90625,5.84375,8.96875],"rotation":0,"texture":"#0","tintindex":0}}},{"from":[9.7172575,1.7425823,1.1018281],"to":[10.491657,2.5169826,2.6506286],"rotation":{"angle":0.0,"axis":"y","origin":[10.104458,2.1297827,1.8762279]},"faces":{"east":{"uv":[1.375,8.96875,1.40625,8.90625],"rotation":90,"texture":"#0","tintindex":0},"south":{"uv":[7.9375,6.15625,7.96875,6.125],"rotation":0,"texture":"#0","tintindex":0},"north":{"uv":[7.9375,6.46875,7.96875,6.5],"rotation":180,"texture":"#0","tintindex":0},"west":{"uv":[0.25,8.96875,0.28125,8.90625],"rotation":270,"texture":"#0","tintindex":0},"up":{"uv":[8.28125,8.875,8.25,8.9375],"rotation":180,"texture":"#0","tintindex":0},"down":{"uv":[0.8125,8.90625,0.78125,8.96875],"rotation":0,"texture":"#0","tintindex":0}}},{"from":[10.104458,1.7425823,-0.4469719],"to":[10.104458,2.5169826,1.1018281],"rotation":{"angle":0.0,"axis":"y","origin":[10.104458,2.1297827,0.32742834]},"faces":{"east":{"uv":[7.1875,8.9375,7.21875,8.875],"rotation":90,"texture":"#0","tintindex":0},"south":{"uv":[0.0,0.03125,0.0,0.0],"rotation":0,"texture":"#0","tintindex":0},"north":{"uv":[0.0,0.0,0.0,0.03125],"rotation":180,"texture":"#0","tintindex":0},"west":{"uv":[4.96875,8.78125,5.0,8.84375],"rotation":90,"texture":"#0","tintindex":0},"up":{"uv":[0.0,0.0,0.0,0.0625],"rotation":180,"texture":"#0","tintindex":0},"down":{"uv":[0.0,0.0,0.0,0.0625],"rotation":0,"texture":"#0","tintindex":0}}},{"from":[8.601082,1.7425823,2.6801019],"to":[9.375483,2.5169826,4.2289023],"rotation":{"angle":22.5,"axis":"y","origin":[8.988282,2.1297827,3.454502]},"faces":{"east":{"uv":[8.25,9.0625,8.28125,9.0],"rotation":90,"texture":"#0","tintindex":0},"south":{"uv":[8.0,1.59375,8.03125,1.5625],"rotation":0,"texture":"#0","tintindex":0},"north":{"uv":[8.0,3.84375,8.03125,3.875],"rotation":180,"texture":"#0","tintindex":0},"west":{"uv":[7.375,9.03125,7.40625,8.96875],"rotation":270,"texture":"#0","tintindex":0},"up":{"uv":[6.46875,8.96875,6.4375,9.03125],"rotation":180,"texture":"#0","tintindex":0},"down":{"uv":[0.9375,9.0,0.90625,9.0625],"rotation":0,"texture":"#0","tintindex":0}}},{"from":[8.008382,1.7425823,1.2491975],"to":[8.782783,2.5169826,2.7979975],"rotation":{"angle":22.5,"axis":"y","origin":[8.395582,2.1297827,2.0235972]},"faces":{"east":{"uv":[6.03125,9.03125,6.0625,8.96875],"rotation":90,"texture":"#0","tintindex":0},"south":{"uv":[7.96875,6.15625,8.0,6.125],"rotation":0,"texture":"#0","tintindex":0},"north":{"uv":[7.96875,6.46875,8.0,6.5],"rotation":180,"texture":"#0","tintindex":0},"west":{"uv":[1.375,9.03125,1.40625,8.96875],"rotation":270,"texture":"#0","tintindex":0},"up":{"uv":[8.28125,8.9375,8.25,9.0],"rotation":180,"texture":"#0","tintindex":0},"down":{"uv":[1.78125,8.96875,1.75,9.03125],"rotation":0,"texture":"#0","tintindex":0}}},{"from":[7.8028817,1.7425823,-0.18170738],"to":[7.8028817,2.5169826,1.3670931],"rotation":{"angle":22.5,"axis":"y","origin":[7.8028817,2.1297827,0.59269285]},"faces":{"east":{"uv":[6.6875,9.0,6.71875,8.9375],"rotation":90,"texture":"#0","tintindex":0},"south":{"uv":[0.0,0.03125,0.0,0.0],"rotation":0,"texture":"#0","tintindex":0},"north":{"uv":[0.0,0.0,0.0,0.03125],"rotation":180,"texture":"#0","tintindex":0},"west":{"uv":[4.96875,8.78125,5.0,8.84375],"rotation":90,"texture":"#0","tintindex":0},"up":{"uv":[0.0,0.0,0.0,0.0625],"rotation":180,"texture":"#0","tintindex":0},"down":{"uv":[0.0,0.0,0.0,0.0625],"rotation":0,"texture":"#0","tintindex":0}}},{"from":[8.942858,1.6651425,3.8122282],"to":[11.266057,2.4395428,6.1354284],"rotation":{"angle":0.0,"axis":"y","origin":[10.104458,2.052343,4.9738283]},"faces":{"east":{"uv":[6.71875,8.34375,6.75,8.25],"rotation":90,"texture":"#0","tintindex":0},"south":{"uv":[7.1875,5.875,7.28125,5.84375],"rotation":0,"texture":"#0","tintindex":0},"north":{"uv":[7.21875,3.84375,7.3125,3.875],"rotation":180,"texture":"#0","tintindex":0},"west":{"uv":[5.0,8.34375,5.03125,8.25],"rotation":270,"texture":"#0","tintindex":0},"up":{"uv":[9.03125,0.21875,8.9375,0.3125],"rotation":180,"texture":"#0","tintindex":0},"down":{"uv":[9.03125,0.3125,8.9375,0.40625],"rotation":0,"texture":"#0","tintindex":0}}},{"from":[9.136457,1.8714595,5.8726034],"to":[11.072457,8.84106,7.8086033],"rotation":{"angle":22.5,"axis":"x","origin":[10.104458,5.3562593,6.8406034]},"faces":{"east":{"uv":[7.703125,8.75,7.625,9.03125],"rotation":0,"texture":"#0","tintindex":0},"south":{"uv":[6.890625,8.75,6.8125,9.03125],"rotation":0,"texture":"#0","tintindex":0},"north":{"uv":[6.546875,8.75,6.46875,9.03125],"rotation":0,"texture":"#0","tintindex":0},"west":{"uv":[6.796875,8.75,6.71875,9.03125],"rotation":0,"texture":"#0","tintindex":0},"up":{"uv":[8.96875,5.171875,9.046875,5.09375],"rotation":0,"texture":"#0","tintindex":0},"down":{"uv":[8.96875,5.1875,9.046875,5.265625],"rotation":0,"texture":"#0","tintindex":0}}}],"display":{"head":{"translation":[0.0,-6.4,0.0],"scale":[4.0,4.0,4.0]}}}