{"textures":{"0":"modelengine:entity/voiddragon"},"elements":[{"from":[6.6448,2.5997624,5.7494097],"to":[9.3552,8.794963,8.45981],"rotation":{"angle":22.5,"axis":"x","origin":[8.0,5.6973624,7.10461]},"faces":{"east":{"uv":[5.75,8.65625,5.859375,8.90625],"rotation":0,"texture":"#0","tintindex":0},"south":{"uv":[8.65625,8.46875,8.765625,8.71875],"rotation":0,"texture":"#0","tintindex":0},"north":{"uv":[8.65625,2.0625,8.765625,2.3125],"rotation":0,"texture":"#0","tintindex":0},"west":{"uv":[8.6875,4.15625,8.796875,4.40625],"rotation":0,"texture":"#0","tintindex":0},"up":{"uv":[1.984375,9.015625,1.875,8.90625],"rotation":0,"texture":"#0","tintindex":0},"down":{"uv":[2.515625,8.90625,2.40625,9.015625],"rotation":0,"texture":"#0","tintindex":0}}},{"from":[6.2576,1.9129763,3.3115597],"to":[9.7424,3.4617763,7.18356],"rotation":{"angle":0.0,"axis":"y","origin":[8.0,2.687376,5.2475595]},"faces":{"east":{"uv":[5.71875,8.90625,5.78125,9.0625],"rotation":270,"texture":"#0","tintindex":0},"south":{"uv":[9.078125,1.34375,8.9375,1.28125],"rotation":0,"texture":"#0","tintindex":0},"north":{"uv":[9.078125,1.75,8.9375,1.8125],"rotation":180,"texture":"#0","tintindex":0},"west":{"uv":[5.78125,8.90625,5.84375,9.0625],"rotation":90,"texture":"#0","tintindex":0},"up":{"uv":[8.78125,2.0625,8.921875,2.21875],"rotation":180,"texture":"#0","tintindex":0},"down":{"uv":[3.28125,8.78125,3.421875,8.9375],"rotation":0,"texture":"#0","tintindex":0}}},{"from":[9.338438,2.1511908,1.0620441],"to":[10.500038,3.6999912,3.7724442],"rotation":{"angle":-22.5,"axis":"y","origin":[9.919237,2.925591,2.4172444]},"faces":{"east":{"uv":[1.625,8.96875,1.6875,9.078125],"rotation":270,"texture":"#0","tintindex":0},"south":{"uv":[8.046875,9.09375,8.0,9.03125],"rotation":0,"texture":"#0","tintindex":0},"north":{"uv":[9.078125,8.28125,9.03125,8.34375],"rotation":180,"texture":"#0","tintindex":0},"west":{"uv":[1.6875,8.96875,1.75,9.078125],"rotation":90,"texture":"#0","tintindex":0},"up":{"uv":[0.375,9.0,0.421875,9.109375],"rotation":180,"texture":"#0","tintindex":0},"down":{"uv":[0.4375,9.0,0.484375,9.109375],"rotation":0,"texture":"#0","tintindex":0}}},{"from":[10.882376,2.1511908,-1.0695753],"to":[10.882376,3.6999912,1.2536244],"rotation":{"angle":-22.5,"axis":"y","origin":[10.882376,2.925591,0.09202433]},"faces":{"east":{"uv":[2.03125,8.8125,2.09375,8.71875],"rotation":90,"texture":"#0","tintindex":0},"south":{"uv":[0.0,0.0625,0.0,0.0],"rotation":0,"texture":"#0","tintindex":0},"north":{"uv":[0.0,0.0,0.0,0.0625],"rotation":180,"texture":"#0","tintindex":0},"west":{"uv":[8.96875,7.1875,9.03125,7.28125],"rotation":90,"texture":"#0","tintindex":0},"up":{"uv":[0.0,0.0,0.0,0.09375],"rotation":180,"texture":"#0","tintindex":0},"down":{"uv":[0.0,0.0,0.0,0.09375],"rotation":0,"texture":"#0","tintindex":0}}},{"from":[7.4192,2.1511908,0.9883599],"to":[8.5808,3.6999912,3.6987596],"rotation":{"angle":0.0,"axis":"y","origin":[8.0,2.925591,2.3435597]},"faces":{"east":{"uv":[8.84375,8.9375,8.90625,9.046875],"rotation":270,"texture":"#0","tintindex":0},"south":{"uv":[7.921875,9.09375,7.875,9.03125],"rotation":0,"texture":"#0","tintindex":0},"north":{"uv":[7.984375,9.03125,7.9375,9.09375],"rotation":180,"texture":"#0","tintindex":0},"west":{"uv":[8.90625,8.9375,8.96875,9.046875],"rotation":90,"texture":"#0","tintindex":0},"up":{"uv":[0.25,9.0,0.296875,9.109375],"rotation":180,"texture":"#0","tintindex":0},"down":{"uv":[0.3125,9.0,0.359375,9.109375],"rotation":0,"texture":"#0","tintindex":0}}},{"from":[8.0,2.1511908,-1.3348408],"to":[8.0,3.6999912,0.9883599],"rotation":{"angle":0.0,"axis":"y","origin":[8.0,2.925591,-0.17324066]},"faces":{"east":{"uv":[2.03125,8.8125,2.09375,8.71875],"rotation":90,"texture":"#0","tintindex":0},"south":{"uv":[0.0,0.0625,0.0,0.0],"rotation":0,"texture":"#0","tintindex":0},"north":{"uv":[0.0,0.0,0.0,0.0625],"rotation":180,"texture":"#0","tintindex":0},"west":{"uv":[7.09375,8.96875,7.15625,9.0625],"rotation":90,"texture":"#0","tintindex":0},"up":{"uv":[0.0,0.0,0.0,0.09375],"rotation":180,"texture":"#0","tintindex":0},"down":{"uv":[0.0,0.0,0.0,0.09375],"rotation":0,"texture":"#0","tintindex":0}}},{"from":[5.4999623,2.1511908,1.0620441],"to":[6.6615624,3.6999912,3.7724442],"rotation":{"angle":22.5,"axis":"y","origin":[6.0807624,2.925591,2.4172444]},"faces":{"east":{"uv":[8.9375,8.09375,9.0,8.203125],"rotation":270,"texture":"#0","tintindex":0},"south":{"uv":[7.796875,9.09375,7.75,9.03125],"rotation":0,"texture":"#0","tintindex":0},"north":{"uv":[7.859375,9.03125,7.8125,9.09375],"rotation":180,"texture":"#0","tintindex":0},"west":{"uv":[8.9375,8.5625,9.0,8.671875],"rotation":90,"texture":"#0","tintindex":0},"up":{"uv":[8.59375,8.96875,8.640625,9.078125],"rotation":180,"texture":"#0","tintindex":0},"down":{"uv":[8.96875,8.9375,9.015625,9.046875],"rotation":0,"texture":"#0","tintindex":0}}},{"from":[5.1176248,2.1511908,-1.0695753],"to":[5.1176248,3.6999912,1.2536244],"rotation":{"angle":22.5,"axis":"y","origin":[5.1176248,2.925591,0.09202433]},"faces":{"east":{"uv":[2.03125,8.8125,2.09375,8.71875],"rotation":90,"texture":"#0","tintindex":0},"south":{"uv":[0.0,0.0625,0.0,0.0],"rotation":0,"texture":"#0","tintindex":0},"north":{"uv":[0.0,0.0,0.0,0.0625],"rotation":180,"texture":"#0","tintindex":0},"west":{"uv":[2.03125,8.71875,2.09375,8.8125],"rotation":90,"texture":"#0","tintindex":0},"up":{"uv":[0.0,0.0,0.0,0.09375],"rotation":180,"texture":"#0","tintindex":0},"down":{"uv":[0.0,0.0,0.0,0.09375],"rotation":0,"texture":"#0","tintindex":0}}}],"display":{"head":{"translation":[0.0,-6.4,0.0],"scale":[4.0,4.0,4.0]}}}