{"textures":{"0":"modelengine:entity/voiddragon"},"elements":[{"from":[4.9024,7.243657,-2.0245714],"to":[8.7744,9.954058,3.7834282],"rotation":{"angle":0.0,"axis":"y","origin":[6.8384,8.598857,0.8794279]},"faces":{"east":{"uv":[8.59375,3.6875,8.828125,3.796875],"rotation":0,"texture":"#0","tintindex":0},"south":{"uv":[0.28125,8.875,0.4375,8.984375],"rotation":0,"texture":"#0","tintindex":0},"north":{"uv":[8.84375,8.8125,9.0,8.921875],"rotation":0,"texture":"#0","tintindex":0},"west":{"uv":[6.0625,8.71875,6.296875,8.828125],"rotation":0,"texture":"#0","tintindex":0},"up":{"uv":[3.4375,8.765625,3.28125,8.53125],"rotation":0,"texture":"#0","tintindex":0},"down":{"uv":[8.6875,4.15625,8.53125,4.390625],"rotation":0,"texture":"#0","tintindex":0}}},{"from":[5.4694414,5.874698,-2.043932],"to":[8.207358,8.612616,3.8027883],"rotation":{"angle":45.0,"axis":"z","origin":[6.8384,7.243657,0.8794279]},"faces":{"east":{"uv":[8.28125,8.71875,8.515625,8.828125],"rotation":0,"texture":"#0","tintindex":0},"south":{"uv":[0.0,8.90625,0.109375,9.015625],"rotation":0,"texture":"#0","tintindex":0},"north":{"uv":[8.65625,8.875,8.765625,8.984375],"rotation":0,"texture":"#0","tintindex":0},"west":{"uv":[8.71875,8.28125,8.953125,8.390625],"rotation":0,"texture":"#0","tintindex":0},"up":{"uv":[1.765625,8.953125,1.65625,8.71875],"rotation":0,"texture":"#0","tintindex":0},"down":{"uv":[3.265625,8.71875,3.15625,8.953125],"rotation":0,"texture":"#0","tintindex":0}}},{"from":[5.195649,5.6009064,2.9896684],"to":[8.481151,8.886408,9.610788],"rotation":{"angle":45.0,"axis":"z","origin":[6.8384,7.243657,6.3002286]},"faces":{"east":{"uv":[8.53125,5.34375,8.796875,5.46875],"rotation":0,"texture":"#0","tintindex":0},"south":{"uv":[0.8125,8.875,0.9375,9.0],"rotation":0,"texture":"#0","tintindex":0},"north":{"uv":[0.4375,8.875,0.5625,9.0],"rotation":0,"texture":"#0","tintindex":0},"west":{"uv":[8.53125,6.125,8.796875,6.25],"rotation":0,"texture":"#0","tintindex":0},"up":{"uv":[6.71875,8.765625,6.59375,8.5],"rotation":0,"texture":"#0","tintindex":0},"down":{"uv":[2.21875,8.53125,2.09375,8.796875],"rotation":0,"texture":"#0","tintindex":0}}},{"from":[4.5151997,7.243657,3.0090284],"to":[9.1616,10.341257,9.591429],"rotation":{"angle":0.0,"axis":"y","origin":[6.8384,8.792458,6.3002286]},"faces":{"east":{"uv":[8.53125,5.09375,8.796875,5.21875],"rotation":0,"texture":"#0","tintindex":0},"south":{"uv":[2.21875,8.75,2.40625,8.875],"rotation":0,"texture":"#0","tintindex":0},"north":{"uv":[0.8125,8.75,1.0,8.875],"rotation":0,"texture":"#0","tintindex":0},"west":{"uv":[8.53125,5.21875,8.796875,5.34375],"rotation":0,"texture":"#0","tintindex":0},"up":{"uv":[0.84375,8.546875,0.65625,8.28125],"rotation":0,"texture":"#0","tintindex":0},"down":{"uv":[1.03125,8.28125,0.84375,8.546875],"rotation":0,"texture":"#0","tintindex":0}}}],"display":{"head":{"translation":[0.0,-6.4,0.0],"scale":[4.0,4.0,4.0]}}}