{"textures":{"0":"modelengine:entity/voiddragon"},"elements":[{"from":[5.329172,7.627915,-4.393647],"to":[9.162256,11.4609995,3.7762742],"rotation":{"angle":45.0,"axis":"z","origin":[7.245714,9.544457,-0.30868626]},"faces":{"east":{"uv":[4.5,8.25,4.828125,8.40625],"rotation":0,"texture":"#0","tintindex":0},"south":{"uv":[8.6875,8.71875,8.84375,8.875],"rotation":0,"texture":"#0","tintindex":0},"north":{"uv":[8.53125,8.71875,8.6875,8.875],"rotation":0,"texture":"#0","tintindex":0},"west":{"uv":[8.25,6.59375,8.578125,6.75],"rotation":0,"texture":"#0","tintindex":0},"up":{"uv":[5.0,8.578125,4.84375,8.25],"rotation":0,"texture":"#0","tintindex":0},"down":{"uv":[7.625,8.25,7.46875,8.578125],"rotation":0,"texture":"#0","tintindex":0}}},{"from":[7.245714,13.803658,-4.3742867],"to":[7.245714,18.062859,3.7569141],"rotation":{"angle":0.0,"axis":"y","origin":[7.245714,15.933257,-0.30868626]},"faces":{"east":{"uv":[4.234375,8.25,3.90625,8.421875],"rotation":0,"texture":"#0","tintindex":0},"south":{"uv":[0.0,0.0,0.0,0.171875],"rotation":0,"texture":"#0","tintindex":0},"north":{"uv":[0.0,0.0,0.0,0.171875],"rotation":0,"texture":"#0","tintindex":0},"west":{"uv":[3.90625,8.25,4.234375,8.421875],"rotation":0,"texture":"#0","tintindex":0},"up":{"uv":[0.0,0.328125,0.0,0.0],"rotation":0,"texture":"#0","tintindex":0},"down":{"uv":[0.0,0.0,0.0,0.328125],"rotation":0,"texture":"#0","tintindex":0}}},{"from":[4.535314,9.544457,-4.3742867],"to":[9.956114,13.803658,3.7569141],"rotation":{"angle":0.0,"axis":"y","origin":[7.245714,11.674057,-0.30868626]},"faces":{"east":{"uv":[8.15625,7.03125,8.484375,7.203125],"rotation":0,"texture":"#0","tintindex":0},"south":{"uv":[8.5,1.875,8.71875,2.046875],"rotation":0,"texture":"#0","tintindex":0},"north":{"uv":[8.5,1.03125,8.71875,1.203125],"rotation":0,"texture":"#0","tintindex":0},"west":{"uv":[8.21875,0.0,8.546875,0.171875],"rotation":0,"texture":"#0","tintindex":0},"up":{"uv":[1.6875,8.390625,1.46875,8.0625],"rotation":0,"texture":"#0","tintindex":0},"down":{"uv":[1.90625,8.0625,1.6875,8.390625],"rotation":0,"texture":"#0","tintindex":0}}},{"from":[3.7609143,8.770057,1.4337139],"to":[10.730515,14.190857,10.339314],"rotation":{"angle":0.0,"axis":"y","origin":[7.245714,11.480457,5.886514]},"faces":{"east":{"uv":[7.875,6.8125,8.234375,7.03125],"rotation":0,"texture":"#0","tintindex":0},"south":{"uv":[8.125,6.25,8.40625,6.46875],"rotation":0,"texture":"#0","tintindex":0},"north":{"uv":[8.125,4.53125,8.40625,4.75],"rotation":0,"texture":"#0","tintindex":0},"west":{"uv":[7.90625,1.34375,8.265625,1.5625],"rotation":0,"texture":"#0","tintindex":0},"up":{"uv":[7.8125,3.484375,7.53125,3.125],"rotation":0,"texture":"#0","tintindex":0},"down":{"uv":[7.03125,7.53125,6.75,7.890625],"rotation":0,"texture":"#0","tintindex":0}}},{"from":[7.245714,14.190857,1.4337139],"to":[7.245714,19.611658,10.339314],"rotation":{"angle":0.0,"axis":"y","origin":[7.245714,16.901257,5.886514]},"faces":{"east":{"uv":[8.296875,5.84375,7.9375,6.0625],"rotation":0,"texture":"#0","tintindex":0},"south":{"uv":[0.0,0.0,0.0,0.21875],"rotation":0,"texture":"#0","tintindex":0},"north":{"uv":[0.0,0.0,0.0,0.21875],"rotation":0,"texture":"#0","tintindex":0},"west":{"uv":[7.9375,5.84375,8.296875,6.0625],"rotation":0,"texture":"#0","tintindex":0},"up":{"uv":[0.0,0.359375,0.0,0.0],"rotation":0,"texture":"#0","tintindex":0},"down":{"uv":[0.0,0.0,0.0,0.359375],"rotation":0,"texture":"#0","tintindex":0}}},{"from":[4.7815886,6.3059316,1.4143538],"to":[9.70984,11.234183,10.358674],"rotation":{"angle":45.0,"axis":"z","origin":[7.245714,8.770057,5.886514]},"faces":{"east":{"uv":[0.65625,8.0625,1.015625,8.265625],"rotation":0,"texture":"#0","tintindex":0},"south":{"uv":[8.40625,0.34375,8.609375,0.546875],"rotation":0,"texture":"#0","tintindex":0},"north":{"uv":[8.375,7.21875,8.578125,7.421875],"rotation":0,"texture":"#0","tintindex":0},"west":{"uv":[8.0625,0.75,8.421875,0.953125],"rotation":0,"texture":"#0","tintindex":0},"up":{"uv":[1.234375,8.421875,1.03125,8.0625],"rotation":0,"texture":"#0","tintindex":0},"down":{"uv":[1.453125,8.0625,1.25,8.421875],"rotation":0,"texture":"#0","tintindex":0}}}],"display":{"head":{"translation":[0.0,-6.4,0.0],"scale":[4.0,4.0,4.0]}}}