{
  "parent": "minecraft:item/generated",
  "textures": {
    "layer0": "minecraft:item/leather_horse_armor"
  },
  "overrides": [
    {
      "predicate": {
        "custom_model_data": 1
      },
      "model": "modelengine:bone_pile/group"
    },
    {
      "predicate": {
        "custom_model_data": 2
      },
      "model": "modelengine:book_pile/group"
    },
    {
      "predicate": {
        "custom_model_data": 3
      },
      "model": "modelengine:book_pile_2/group"
    },
    {
      "predicate": {
        "custom_model_data": 4
      },
      "model": "modelengine:bottles/group"
    },
    {
      "predicate": {
        "custom_model_data": 5
      },
      "model": "modelengine:coffee_tray/group"
    },
    {
      "predicate": {
        "custom_model_data": 6
      },
      "model": "modelengine:demonboss/rightleg"
    },
    {
      "predicate": {
        "custom_model_data": 7
      },
      "model": "modelengine:demonboss/rightleglow"
    },
    {
      "predicate": {
        "custom_model_data": 8
      },
      "model": "modelengine:demonboss/rightlegboot"
    },
    {
      "predicate": {
        "custom_model_data": 9
      },
      "model": "modelengine:demonboss/leftleg"
    },
    {
      "predicate": {
        "custom_model_data": 10
      },
      "model": "modelengine:demonboss/leftleglow"
    },
    {
      "predicate": {
        "custom_model_data": 11
      },
      "model": "modelengine:demonboss/leftlegboot"
    },
    {
      "predicate": {
        "custom_model_data": 12
      },
      "model": "modelengine:demonboss/wingleft"
    },
    {
      "predicate": {
        "custom_model_data": 13
      },
      "model": "modelengine:demonboss/wingleft7"
    },
    {
      "predicate": {
        "custom_model_data": 14
      },
      "model": "modelengine:demonboss/wingright4"
    },
    {
      "predicate": {
        "custom_model_data": 15
      },
      "model": "modelengine:demonboss/wingright6"
    },
    {
      "predicate": {
        "custom_model_data": 16
      },
      "model": "modelengine:demonboss/head"
    },
    {
      "predicate": {
        "custom_model_data": 17
      },
      "model": "modelengine:demonboss/lowbody"
    },
    {
      "predicate": {
        "custom_model_data": 18
      },
      "model": "modelengine:demonboss/rightarm"
    },
    {
      "predicate": {
        "custom_model_data": 19
      },
      "model": "modelengine:demonboss/rightarmlow"
    },
    {
      "predicate": {
        "custom_model_data": 20
      },
      "model": "modelengine:demonboss/righthand"
    },
    {
      "predicate": {
        "custom_model_data": 21
      },
      "model": "modelengine:demonboss/leftarm"
    },
    {
      "predicate": {
        "custom_model_data": 22
      },
      "model": "modelengine:demonboss/leftarmlow"
    },
    {
      "predicate": {
        "custom_model_data": 23
      },
      "model": "modelengine:demonboss/lefthand"
    },
    {
      "predicate": {
        "custom_model_data": 24
      },
      "model": "modelengine:demonboss/body"
    },
    {
      "predicate": {
        "custom_model_data": 25
      },
      "model": "modelengine:demonboss/tail"
    },
    {
      "predicate": {
        "custom_model_data": 26
      },
      "model": "modelengine:demonboss/tail3"
    },
    {
      "predicate": {
        "custom_model_data": 27
      },
      "model": "modelengine:demonchest/bottom"
    },
    {
      "predicate": {
        "custom_model_data": 28
      },
      "model": "modelengine:demonchest/horn"
    },
    {
      "predicate": {
        "custom_model_data": 29
      },
      "model": "modelengine:demonchest/top"
    },
    {
      "predicate": {
        "custom_model_data": 30
      },
      "model": "modelengine:demonchest/coins"
    },
    {
      "predicate": {
        "custom_model_data": 31
      },
      "model": "modelengine:femaledemon/rightleg"
    },
    {
      "predicate": {
        "custom_model_data": 32
      },
      "model": "modelengine:femaledemon/rightlegboot"
    },
    {
      "predicate": {
        "custom_model_data": 33
      },
      "model": "modelengine:femaledemon/rightleglow"
    },
    {
      "predicate": {
        "custom_model_data": 34
      },
      "model": "modelengine:femaledemon/leftleg"
    },
    {
      "predicate": {
        "custom_model_data": 35
      },
      "model": "modelengine:femaledemon/leftlegboot"
    },
    {
      "predicate": {
        "custom_model_data": 36
      },
      "model": "modelengine:femaledemon/leftleglow"
    },
    {
      "predicate": {
        "custom_model_data": 37
      },
      "model": "modelengine:femaledemon/lowbody"
    },
    {
      "predicate": {
        "custom_model_data": 38
      },
      "model": "modelengine:femaledemon/rightwings"
    },
    {
      "predicate": {
        "custom_model_data": 39
      },
      "model": "modelengine:femaledemon/rightwings3"
    },
    {
      "predicate": {
        "custom_model_data": 40
      },
      "model": "modelengine:femaledemon/leftwings4"
    },
    {
      "predicate": {
        "custom_model_data": 41
      },
      "model": "modelengine:femaledemon/leftwings6"
    },
    {
      "predicate": {
        "custom_model_data": 42
      },
      "model": "modelengine:femaledemon/leftarm"
    },
    {
      "predicate": {
        "custom_model_data": 43
      },
      "model": "modelengine:femaledemon/leftarmlow"
    },
    {
      "predicate": {
        "custom_model_data": 44
      },
      "model": "modelengine:femaledemon/rightarm"
    },
    {
      "predicate": {
        "custom_model_data": 45
      },
      "model": "modelengine:femaledemon/rightarmlow"
    },
    {
      "predicate": {
        "custom_model_data": 46
      },
      "model": "modelengine:femaledemon/whip"
    },
    {
      "predicate": {
        "custom_model_data": 47
      },
      "model": "modelengine:femaledemon/whip2"
    },
    {
      "predicate": {
        "custom_model_data": 48
      },
      "model": "modelengine:femaledemon/whip3"
    },
    {
      "predicate": {
        "custom_model_data": 49
      },
      "model": "modelengine:femaledemon/righthand"
    },
    {
      "predicate": {
        "custom_model_data": 50
      },
      "model": "modelengine:femaledemon/head"
    },
    {
      "predicate": {
        "custom_model_data": 51
      },
      "model": "modelengine:femaledemon/tail"
    },
    {
      "predicate": {
        "custom_model_data": 52
      },
      "model": "modelengine:femaledemon/tail3"
    },
    {
      "predicate": {
        "custom_model_data": 53
      },
      "model": "modelengine:flyingdemon/leftleg2"
    },
    {
      "predicate": {
        "custom_model_data": 54
      },
      "model": "modelengine:flyingdemon/leftleg"
    },
    {
      "predicate": {
        "custom_model_data": 55
      },
      "model": "modelengine:flyingdemon/rightleg2"
    },
    {
      "predicate": {
        "custom_model_data": 56
      },
      "model": "modelengine:flyingdemon/rightleg"
    },
    {
      "predicate": {
        "custom_model_data": 57
      },
      "model": "modelengine:flyingdemon/leftwing"
    },
    {
      "predicate": {
        "custom_model_data": 58
      },
      "model": "modelengine:flyingdemon/leftwingmid"
    },
    {
      "predicate": {
        "custom_model_data": 59
      },
      "model": "modelengine:flyingdemon/leftarm"
    },
    {
      "predicate": {
        "custom_model_data": 60
      },
      "model": "modelengine:flyingdemon/leftarmlow"
    },
    {
      "predicate": {
        "custom_model_data": 61
      },
      "model": "modelengine:flyingdemon/lefthand"
    },
    {
      "predicate": {
        "custom_model_data": 62
      },
      "model": "modelengine:flyingdemon/rightarm"
    },
    {
      "predicate": {
        "custom_model_data": 63
      },
      "model": "modelengine:flyingdemon/rightarmlow"
    },
    {
      "predicate": {
        "custom_model_data": 64
      },
      "model": "modelengine:flyingdemon/righthand"
    },
    {
      "predicate": {
        "custom_model_data": 65
      },
      "model": "modelengine:flyingdemon/rightwing"
    },
    {
      "predicate": {
        "custom_model_data": 66
      },
      "model": "modelengine:flyingdemon/rightwingmid"
    },
    {
      "predicate": {
        "custom_model_data": 67
      },
      "model": "modelengine:flyingdemon/head"
    },
    {
      "predicate": {
        "custom_model_data": 68
      },
      "model": "modelengine:flyingdemon/lowbody"
    },
    {
      "predicate": {
        "custom_model_data": 69
      },
      "model": "modelengine:flyingdemon/tail"
    },
    {
      "predicate": {
        "custom_model_data": 70
      },
      "model": "modelengine:flyingdemon/tail3"
    },
    {
      "predicate": {
        "custom_model_data": 71
      },
      "model": "modelengine:glass_jar/group"
    },
    {
      "predicate": {
        "custom_model_data": 72
      },
      "model": "modelengine:glass_jars/group"
    },
    {
      "predicate": {
        "custom_model_data": 73
      },
      "model": "modelengine:grounddemon/head"
    },
    {
      "predicate": {
        "custom_model_data": 74
      },
      "model": "modelengine:grounddemon/bone3"
    },
    {
      "predicate": {
        "custom_model_data": 75
      },
      "model": "modelengine:grounddemon/lowbody"
    },
    {
      "predicate": {
        "custom_model_data": 76
      },
      "model": "modelengine:grounddemon/rightarm"
    },
    {
      "predicate": {
        "custom_model_data": 77
      },
      "model": "modelengine:grounddemon/rightarmdown"
    },
    {
      "predicate": {
        "custom_model_data": 78
      },
      "model": "modelengine:grounddemon/rightfingerbig"
    },
    {
      "predicate": {
        "custom_model_data": 79
      },
      "model": "modelengine:grounddemon/leftarm"
    },
    {
      "predicate": {
        "custom_model_data": 80
      },
      "model": "modelengine:grounddemon/leftarmdown"
    },
    {
      "predicate": {
        "custom_model_data": 81
      },
      "model": "modelengine:grounddemon/leftfingerbig"
    },
    {
      "predicate": {
        "custom_model_data": 82
      },
      "model": "modelengine:grounddemon/tail"
    },
    {
      "predicate": {
        "custom_model_data": 83
      },
      "model": "modelengine:grounddemon/tail2"
    },
    {
      "predicate": {
        "custom_model_data": 84
      },
      "model": "modelengine:grounddemon/tail3"
    },
    {
      "predicate": {
        "custom_model_data": 85
      },
      "model": "modelengine:grounddemon/leftleg"
    },
    {
      "predicate": {
        "custom_model_data": 86
      },
      "model": "modelengine:grounddemon/leftleg3"
    },
    {
      "predicate": {
        "custom_model_data": 87
      },
      "model": "modelengine:grounddemon/rightleg4"
    },
    {
      "predicate": {
        "custom_model_data": 88
      },
      "model": "modelengine:grounddemon/rightleg6"
    },
    {
      "predicate": {
        "custom_model_data": 89
      },
      "model": "modelengine:lavadragon/body"
    },
    {
      "predicate": {
        "custom_model_data": 90
      },
      "model": "modelengine:lavadragon/neck"
    },
    {
      "predicate": {
        "custom_model_data": 91
      },
      "model": "modelengine:lavadragon/upperneck"
    },
    {
      "predicate": {
        "custom_model_data": 92
      },
      "model": "modelengine:lavadragon/head"
    },
    {
      "predicate": {
        "custom_model_data": 93
      },
      "model": "modelengine:lavadragon/mouth"
    },
    {
      "predicate": {
        "custom_model_data": 94
      },
      "model": "modelengine:lavadragon/wing_left"
    },
    {
      "predicate": {
        "custom_model_data": 95
      },
      "model": "modelengine:lavadragon/wing_lefttop"
    },
    {
      "predicate": {
        "custom_model_data": 96
      },
      "model": "modelengine:lavadragon/wing_right"
    },
    {
      "predicate": {
        "custom_model_data": 97
      },
      "model": "modelengine:lavadragon/wing_righttop"
    },
    {
      "predicate": {
        "custom_model_data": 98
      },
      "model": "modelengine:lavadragon/tail"
    },
    {
      "predicate": {
        "custom_model_data": 99
      },
      "model": "modelengine:lavadragon/tail2"
    },
    {
      "predicate": {
        "custom_model_data": 100
      },
      "model": "modelengine:lavadragon/leg_left"
    },
    {
      "predicate": {
        "custom_model_data": 101
      },
      "model": "modelengine:lavadragon/legleftbottom"
    },
    {
      "predicate": {
        "custom_model_data": 102
      },
      "model": "modelengine:lavadragon/leg_right2"
    },
    {
      "predicate": {
        "custom_model_data": 103
      },
      "model": "modelengine:lavadragon/legrightbottom"
    },
    {
      "predicate": {
        "custom_model_data": 104
      },
      "model": "modelengine:lavadragon/armleftbottom"
    },
    {
      "predicate": {
        "custom_model_data": 105
      },
      "model": "modelengine:lavadragon/arm_left2"
    },
    {
      "predicate": {
        "custom_model_data": 106
      },
      "model": "modelengine:lavadragon/arm_right3"
    },
    {
      "predicate": {
        "custom_model_data": 107
      },
      "model": "modelengine:lavadragon/armrightbottom"
    },
    {
      "predicate": {
        "custom_model_data": 108
      },
      "model": "modelengine:lavajaw/tail"
    },
    {
      "predicate": {
        "custom_model_data": 109
      },
      "model": "modelengine:lavajaw/tailend"
    },
    {
      "predicate": {
        "custom_model_data": 110
      },
      "model": "modelengine:lavajaw/head"
    },
    {
      "predicate": {
        "custom_model_data": 111
      },
      "model": "modelengine:lavajaw/upperjaw"
    },
    {
      "predicate": {
        "custom_model_data": 112
      },
      "model": "modelengine:lavajaw/lowerjaw"
    },
    {
      "predicate": {
        "custom_model_data": 113
      },
      "model": "modelengine:lavajaw/leftleg"
    },
    {
      "predicate": {
        "custom_model_data": 114
      },
      "model": "modelengine:lavajaw/leftbottomleg"
    },
    {
      "predicate": {
        "custom_model_data": 115
      },
      "model": "modelengine:lavajaw/leftfoot"
    },
    {
      "predicate": {
        "custom_model_data": 116
      },
      "model": "modelengine:lavajaw/rightleg"
    },
    {
      "predicate": {
        "custom_model_data": 117
      },
      "model": "modelengine:lavajaw/rightbottomleg"
    },
    {
      "predicate": {
        "custom_model_data": 118
      },
      "model": "modelengine:lavajaw/rightfoot"
    },
    {
      "predicate": {
        "custom_model_data": 119
      },
      "model": "modelengine:moltenspirit/body"
    },
    {
      "predicate": {
        "custom_model_data": 120
      },
      "model": "modelengine:moltenspirit/head"
    },
    {
      "predicate": {
        "custom_model_data": 121
      },
      "model": "modelengine:moltenspirit/lefthandb"
    },
    {
      "predicate": {
        "custom_model_data": 122
      },
      "model": "modelengine:moltenspirit/lefthand"
    },
    {
      "predicate": {
        "custom_model_data": 123
      },
      "model": "modelengine:moltenspirit/righthandb"
    },
    {
      "predicate": {
        "custom_model_data": 124
      },
      "model": "modelengine:moltenspirit/righthand"
    },
    {
      "predicate": {
        "custom_model_data": 125
      },
      "model": "modelengine:moltenspirit/rightpalm"
    },
    {
      "predicate": {
        "custom_model_data": 126
      },
      "model": "modelengine:moltenspirit/sword"
    },
    {
      "predicate": {
        "custom_model_data": 127
      },
      "model": "modelengine:organized_books/group"
    },
    {
      "predicate": {
        "custom_model_data": 128
      },
      "model": "modelengine:phoenixec/bone"
    },
    {
      "predicate": {
        "custom_model_data": 129
      },
      "model": "modelengine:phoenixec/leftwing"
    },
    {
      "predicate": {
        "custom_model_data": 130
      },
      "model": "modelengine:phoenixec/leftwingbottom"
    },
    {
      "predicate": {
        "custom_model_data": 131
      },
      "model": "modelengine:phoenixec/rightwing"
    },
    {
      "predicate": {
        "custom_model_data": 132
      },
      "model": "modelengine:phoenixec/rightwingbottom"
    },
    {
      "predicate": {
        "custom_model_data": 133
      },
      "model": "modelengine:phoenixec/tail"
    },
    {
      "predicate": {
        "custom_model_data": 134
      },
      "model": "modelengine:phoenixec/tailrightup"
    },
    {
      "predicate": {
        "custom_model_data": 135
      },
      "model": "modelengine:phoenixec/tailrightdown"
    },
    {
      "predicate": {
        "custom_model_data": 136
      },
      "model": "modelengine:phoenixec/tailleftup"
    },
    {
      "predicate": {
        "custom_model_data": 137
      },
      "model": "modelengine:phoenixec/tailleftbottom"
    },
    {
      "predicate": {
        "custom_model_data": 138
      },
      "model": "modelengine:phoenixec/leftupperleg"
    },
    {
      "predicate": {
        "custom_model_data": 139
      },
      "model": "modelengine:phoenixec/fingersfront"
    },
    {
      "predicate": {
        "custom_model_data": 140
      },
      "model": "modelengine:phoenixec/backfinger"
    },
    {
      "predicate": {
        "custom_model_data": 141
      },
      "model": "modelengine:phoenixec/rightupperleg"
    },
    {
      "predicate": {
        "custom_model_data": 142
      },
      "model": "modelengine:phoenixec/frontfingers"
    },
    {
      "predicate": {
        "custom_model_data": 143
      },
      "model": "modelengine:phoenixec/backfingerright"
    },
    {
      "predicate": {
        "custom_model_data": 144
      },
      "model": "modelengine:phoenixec/lowerneck"
    },
    {
      "predicate": {
        "custom_model_data": 145
      },
      "model": "modelengine:phoenixec/neck"
    },
    {
      "predicate": {
        "custom_model_data": 146
      },
      "model": "modelengine:phoenixec/head"
    },
    {
      "predicate": {
        "custom_model_data": 147
      },
      "model": "modelengine:phoenixec/beak"
    },
    {
      "predicate": {
        "custom_model_data": 148
      },
      "model": "modelengine:scroll/group"
    },
    {
      "predicate": {
        "custom_model_data": 149
      },
      "model": "modelengine:scrolls/group"
    },
    {
      "predicate": {
        "custom_model_data": 150
      },
      "model": "modelengine:smolderingshadow/body"
    },
    {
      "predicate": {
        "custom_model_data": 151
      },
      "model": "modelengine:smolderingshadow/torso"
    },
    {
      "predicate": {
        "custom_model_data": 152
      },
      "model": "modelengine:smolderingshadow/belly"
    },
    {
      "predicate": {
        "custom_model_data": 153
      },
      "model": "modelengine:smolderingshadow/leftrearleg"
    },
    {
      "predicate": {
        "custom_model_data": 154
      },
      "model": "modelengine:smolderingshadow/leftrearmid"
    },
    {
      "predicate": {
        "custom_model_data": 155
      },
      "model": "modelengine:smolderingshadow/leftreardown"
    },
    {
      "predicate": {
        "custom_model_data": 156
      },
      "model": "modelengine:smolderingshadow/rightrearleg"
    },
    {
      "predicate": {
        "custom_model_data": 157
      },
      "model": "modelengine:smolderingshadow/rightrearmid"
    },
    {
      "predicate": {
        "custom_model_data": 158
      },
      "model": "modelengine:smolderingshadow/rightreardown"
    },
    {
      "predicate": {
        "custom_model_data": 159
      },
      "model": "modelengine:smolderingshadow/leftfrontleg"
    },
    {
      "predicate": {
        "custom_model_data": 160
      },
      "model": "modelengine:smolderingshadow/leftfrontmid"
    },
    {
      "predicate": {
        "custom_model_data": 161
      },
      "model": "modelengine:smolderingshadow/leftfrontdown"
    },
    {
      "predicate": {
        "custom_model_data": 162
      },
      "model": "modelengine:smolderingshadow/rightfrontleg"
    },
    {
      "predicate": {
        "custom_model_data": 163
      },
      "model": "modelengine:smolderingshadow/rightfrontmid"
    },
    {
      "predicate": {
        "custom_model_data": 164
      },
      "model": "modelengine:smolderingshadow/rightfrontdown"
    },
    {
      "predicate": {
        "custom_model_data": 165
      },
      "model": "modelengine:smolderingshadow/leftwingbase"
    },
    {
      "predicate": {
        "custom_model_data": 166
      },
      "model": "modelengine:smolderingshadow/leftwingmiddle"
    },
    {
      "predicate": {
        "custom_model_data": 167
      },
      "model": "modelengine:smolderingshadow/leftwingend"
    },
    {
      "predicate": {
        "custom_model_data": 168
      },
      "model": "modelengine:smolderingshadow/rightwingbase"
    },
    {
      "predicate": {
        "custom_model_data": 169
      },
      "model": "modelengine:smolderingshadow/rightwingmiddle"
    },
    {
      "predicate": {
        "custom_model_data": 170
      },
      "model": "modelengine:smolderingshadow/rightwingend"
    },
    {
      "predicate": {
        "custom_model_data": 171
      },
      "model": "modelengine:smolderingshadow/uppertail"
    },
    {
      "predicate": {
        "custom_model_data": 172
      },
      "model": "modelengine:smolderingshadow/lowertail"
    },
    {
      "predicate": {
        "custom_model_data": 173
      },
      "model": "modelengine:smolderingshadow/lowerneck"
    },
    {
      "predicate": {
        "custom_model_data": 174
      },
      "model": "modelengine:smolderingshadow/upperneck"
    },
    {
      "predicate": {
        "custom_model_data": 175
      },
      "model": "modelengine:smolderingshadow/tophead"
    },
    {
      "predicate": {
        "custom_model_data": 176
      },
      "model": "modelengine:smolderingshadow/lowerjaw"
    },
    {
      "predicate": {
        "custom_model_data": 177
      },
      "model": "modelengine:smolderingshadow/eyebrow"
    },
    {
      "predicate": {
        "custom_model_data": 178
      },
      "model": "modelengine:spilled_bottle/group"
    },
    {
      "predicate": {
        "custom_model_data": 179
      },
      "model": "modelengine:study_mess/group"
    },
    {
      "predicate": {
        "custom_model_data": 100000
      },
      "model": "modelengine:baby_skrill/leftleg"
    },
    {
      "predicate": {
        "custom_model_data": 100001
      },
      "model": "modelengine:baby_skrill/leftleg2"
    },
    {
      "predicate": {
        "custom_model_data": 100002
      },
      "model": "modelengine:baby_skrill/leftleg3"
    },
    {
      "predicate": {
        "custom_model_data": 100003
      },
      "model": "modelengine:baby_skrill/rightleg"
    },
    {
      "predicate": {
        "custom_model_data": 100004
      },
      "model": "modelengine:baby_skrill/rightleg2"
    },
    {
      "predicate": {
        "custom_model_data": 100005
      },
      "model": "modelengine:baby_skrill/rightleg3"
    },
    {
      "predicate": {
        "custom_model_data": 100006
      },
      "model": "modelengine:baby_skrill/tail2"
    },
    {
      "predicate": {
        "custom_model_data": 100007
      },
      "model": "modelengine:baby_skrill/tail3"
    },
    {
      "predicate": {
        "custom_model_data": 100008
      },
      "model": "modelengine:baby_skrill/tail5"
    },
    {
      "predicate": {
        "custom_model_data": 100009
      },
      "model": "modelengine:baby_skrill/body"
    },
    {
      "predicate": {
        "custom_model_data": 100010
      },
      "model": "modelengine:baby_skrill/leftwings"
    },
    {
      "predicate": {
        "custom_model_data": 100011
      },
      "model": "modelengine:baby_skrill/leftwings2"
    },
    {
      "predicate": {
        "custom_model_data": 100012
      },
      "model": "modelengine:baby_skrill/leftwings5"
    },
    {
      "predicate": {
        "custom_model_data": 100013
      },
      "model": "modelengine:baby_skrill/rightwings"
    },
    {
      "predicate": {
        "custom_model_data": 100014
      },
      "model": "modelengine:baby_skrill/rightwings2"
    },
    {
      "predicate": {
        "custom_model_data": 100015
      },
      "model": "modelengine:baby_skrill/rightwings5"
    },
    {
      "predicate": {
        "custom_model_data": 100016
      },
      "model": "modelengine:baby_skrill/lowbody"
    },
    {
      "predicate": {
        "custom_model_data": 100017
      },
      "model": "modelengine:baby_skrill/neck"
    },
    {
      "predicate": {
        "custom_model_data": 100018
      },
      "model": "modelengine:baby_skrill/neck2"
    },
    {
      "predicate": {
        "custom_model_data": 100019
      },
      "model": "modelengine:baby_skrill/mouth"
    },
    {
      "predicate": {
        "custom_model_data": 100020
      },
      "model": "modelengine:baby_skrill/head"
    },
    {
      "predicate": {
        "custom_model_data": 100021
      },
      "model": "modelengine:skrill_dragon/rightleg"
    },
    {
      "predicate": {
        "custom_model_data": 100022
      },
      "model": "modelengine:skrill_dragon/rightleg2"
    },
    {
      "predicate": {
        "custom_model_data": 100023
      },
      "model": "modelengine:skrill_dragon/rightleg3"
    },
    {
      "predicate": {
        "custom_model_data": 100024
      },
      "model": "modelengine:skrill_dragon/leftleg"
    },
    {
      "predicate": {
        "custom_model_data": 100025
      },
      "model": "modelengine:skrill_dragon/leftleg2"
    },
    {
      "predicate": {
        "custom_model_data": 100026
      },
      "model": "modelengine:skrill_dragon/leftleg3"
    },
    {
      "predicate": {
        "custom_model_data": 100027
      },
      "model": "modelengine:skrill_dragon/tail2"
    },
    {
      "predicate": {
        "custom_model_data": 100028
      },
      "model": "modelengine:skrill_dragon/tail3"
    },
    {
      "predicate": {
        "custom_model_data": 100029
      },
      "model": "modelengine:skrill_dragon/tail4"
    },
    {
      "predicate": {
        "custom_model_data": 100030
      },
      "model": "modelengine:skrill_dragon/tail5"
    },
    {
      "predicate": {
        "custom_model_data": 100031
      },
      "model": "modelengine:skrill_dragon/body"
    },
    {
      "predicate": {
        "custom_model_data": 100032
      },
      "model": "modelengine:skrill_dragon/rightwings"
    },
    {
      "predicate": {
        "custom_model_data": 100033
      },
      "model": "modelengine:skrill_dragon/rightwings2"
    },
    {
      "predicate": {
        "custom_model_data": 100034
      },
      "model": "modelengine:skrill_dragon/rightwings3"
    },
    {
      "predicate": {
        "custom_model_data": 100035
      },
      "model": "modelengine:skrill_dragon/rightwings4"
    },
    {
      "predicate": {
        "custom_model_data": 100036
      },
      "model": "modelengine:skrill_dragon/rightwings5"
    },
    {
      "predicate": {
        "custom_model_data": 100037
      },
      "model": "modelengine:skrill_dragon/electricfx2"
    },
    {
      "predicate": {
        "custom_model_data": 100038
      },
      "model": "modelengine:skrill_dragon/leftwings"
    },
    {
      "predicate": {
        "custom_model_data": 100039
      },
      "model": "modelengine:skrill_dragon/leftwings2"
    },
    {
      "predicate": {
        "custom_model_data": 100040
      },
      "model": "modelengine:skrill_dragon/leftwings3"
    },
    {
      "predicate": {
        "custom_model_data": 100041
      },
      "model": "modelengine:skrill_dragon/electricfx1"
    },
    {
      "predicate": {
        "custom_model_data": 100042
      },
      "model": "modelengine:skrill_dragon/leftwings4"
    },
    {
      "predicate": {
        "custom_model_data": 100043
      },
      "model": "modelengine:skrill_dragon/leftwings5"
    },
    {
      "predicate": {
        "custom_model_data": 100044
      },
      "model": "modelengine:skrill_dragon/lowbody"
    },
    {
      "predicate": {
        "custom_model_data": 100045
      },
      "model": "modelengine:skrill_dragon/electric"
    },
    {
      "predicate": {
        "custom_model_data": 100046
      },
      "model": "modelengine:skrill_dragon/mouth"
    },
    {
      "predicate": {
        "custom_model_data": 100047
      },
      "model": "modelengine:skrill_dragon/head"
    },
    {
      "predicate": {
        "custom_model_data": 100048
      },
      "model": "modelengine:skrill_dragon/neck2"
    },
    {
      "predicate": {
        "custom_model_data": 100049
      },
      "model": "modelengine:skrill_dragon/neck"
    },
    {
        "predicate": {
          "custom_model_data": 87
        },
        "model": "modelengine:voidstormdragon/body"
      },
      {
        "predicate": {
          "custom_model_data": 88
        },
        "model": "modelengine:voidstormdragon/neck"
      },
      {
        "predicate": {
          "custom_model_data": 89
        },
        "model": "modelengine:voidstormdragon/neck2"
      },
      {
        "predicate": {
          "custom_model_data": 90
        },
        "model": "modelengine:voidstormdragon/mouth"
      },
      {
        "predicate": {
          "custom_model_data": 91
        },
        "model": "modelengine:voidstormdragon/head"
      },
      {
        "predicate": {
          "custom_model_data": 92
        },
        "model": "modelengine:voidstormdragon/wing_lefttop"
      },
      {
        "predicate": {
          "custom_model_data": 93
        },
        "model": "modelengine:voidstormdragon/leftwingextra"
      },
      {
        "predicate": {
          "custom_model_data": 94
        },
        "model": "modelengine:voidstormdragon/wing_left"
      },
      {
        "predicate": {
          "custom_model_data": 95
        },
        "model": "modelengine:voidstormdragon/wing_righttop"
      },
      {
        "predicate": {
          "custom_model_data": 96
        },
        "model": "modelengine:voidstormdragon/rightwingextra"
      },
      {
        "predicate": {
          "custom_model_data": 97
        },
        "model": "modelengine:voidstormdragon/wing_right"
      },
      {
        "predicate": {
          "custom_model_data": 98
        },
        "model": "modelengine:voidstormdragon/armleftbottom"
      },
      {
        "predicate": {
          "custom_model_data": 99
        },
        "model": "modelengine:voidstormdragon/arm_left2"
      },
      {
        "predicate": {
          "custom_model_data": 100
        },
        "model": "modelengine:voidstormdragon/armrightbottom"
      },
      {
        "predicate": {
          "custom_model_data": 101
        },
        "model": "modelengine:voidstormdragon/arm_right3"
      },
      {
        "predicate": {
          "custom_model_data": 102
        },
        "model": "modelengine:voidstormdragon/leg_left"
      },
      {
        "predicate": {
          "custom_model_data": 103
        },
        "model": "modelengine:voidstormdragon/legleftbottom"
      },
      {
        "predicate": {
          "custom_model_data": 104
        },
        "model": "modelengine:voidstormdragon/legrightbottom"
      },
      {
        "predicate": {
          "custom_model_data": 105
        },
        "model": "modelengine:voidstormdragon/leg_right2"
      },
      {
        "predicate": {
          "custom_model_data": 106
        },
        "model": "modelengine:voidstormdragon/tail2"
      },
      {
        "predicate": {
          "custom_model_data": 107
        },
        "model": "modelengine:voidstormdragon/tail"
      }
  ]
}