{
  "parent": "minecraft:item/generated",
  "textures": {
    "layer0": "minecraft:item/paper"
  },
  "overrides": [
    {
      "predicate": {
        "custom_model_data": 1
      },
      "model": "must_have_props:basket"
    },
    {
      "predicate": {
        "custom_model_data": 2
      },
      "model": "must_have_props:bone_pile"
    },
    {
      "predicate": {
        "custom_model_data": 3
      },
      "model": "must_have_props:bone"
    },
    {
      "predicate": {
        "custom_model_data": 4
      },
      "model": "must_have_props:book_pile_2"
    },
    {
      "predicate": {
        "custom_model_data": 5
      },
      "model": "must_have_props:book_pile"
    },
    {
      "predicate": {
        "custom_model_data": 6
      },
      "model": "must_have_props:coffee_tray"
    },
    {
      "predicate": {
        "custom_model_data": 7
      },
      "model": "must_have_props:coins"
    },
    {
      "predicate": {
        "custom_model_data": 8
      },
      "model": "must_have_props:eating_set"
    },
    {
      "predicate": {
        "custom_model_data": 9
      },
      "model": "must_have_props:flower_1"
    },
    {
      "predicate": {
        "custom_model_data": 10
      },
      "model": "must_have_props:flower_2"
    },
    {
      "predicate": {
        "custom_model_data": 11
      },
      "model": "must_have_props:flower_3"
    },
    {
      "predicate": {
        "custom_model_data": 12
      },
      "model": "must_have_props:fruit_basket"
    },
    {
      "predicate": {
        "custom_model_data": 13
      },
      "model": "must_have_props:glass_cup"
    },
    {
      "predicate": {
        "custom_model_data": 14
      },
      "model": "must_have_props:glass_cups"
    },
    {
      "predicate": {
        "custom_model_data": 15
      },
      "model": "must_have_props:glass_jar"
    },
    {
      "predicate": {
        "custom_model_data": 16
      },
      "model": "must_have_props:glass_jars"
    },
    {
      "predicate": {
        "custom_model_data": 17
      },
      "model": "must_have_props:money"
    },
    {
      "predicate": {
        "custom_model_data": 18
      },
      "model": "must_have_props:organized_books"
    },
    {
      "predicate": {
        "custom_model_data": 19
      },
      "model": "must_have_props:organized_log_pile"
    },
    {
      "predicate": {
        "custom_model_data": 20
      },
      "model": "must_have_props:picture_frame"
    },
    {
      "predicate": {
        "custom_model_data": 21
      },
      "model": "must_have_props:piggy_bank"
    },
    {
      "predicate": {
        "custom_model_data": 22
      },
      "model": "must_have_props:plate_pile"
    },
    {
      "predicate": {
        "custom_model_data": 23
      },
      "model": "must_have_props:plate"
    },
    {
      "predicate": {
        "custom_model_data": 24
      },
      "model": "must_have_props:scroll"
    },
    {
      "predicate": {
        "custom_model_data": 25
      },
      "model": "must_have_props:scrolls"
    },
    {
      "predicate": {
        "custom_model_data": 26
      },
      "model": "must_have_props:study_mess"
    },
    {
      "predicate": {
        "custom_model_data": 27
      },
      "model": "must_have_props:trophy"
    },
    {
      "predicate": {
        "custom_model_data": 28
      },
      "model": "must_have_props:wooden_bucket_water"
    },
    {
      "predicate": {
        "custom_model_data": 29
      },
      "model": "must_have_props:wooden_bucket"
    },
    {
      "predicate": {
        "custom_model_data": 10000
      },
      "model": "z_iainternal:auto_generated/icon_left_blue"
    },
    {
      "predicate": {
        "custom_model_data": 10000
      },
      "model": "z_iainternal:auto_generated/icon_left_blue"
    },
    {
      "predicate": {
        "custom_model_data": 10001
      },
      "model": "z_iainternal:auto_generated/icon_right_blue"
    },
    {
      "predicate": {
        "custom_model_data": 10001
      },
      "model": "z_iainternal:auto_generated/icon_right_blue"
    },
    {
      "predicate": {
        "custom_model_data": 10002
      },
      "model": "z_iainternal:auto_generated/icon_search"
    },
    {
      "predicate": {
        "custom_model_data": 10002
      },
      "model": "z_iainternal:auto_generated/icon_search"
    },
    {
      "predicate": {
        "custom_model_data": 10003
      },
      "model": "z_iainternal:auto_generated/icon_cancel"
    },
    {
      "predicate": {
        "custom_model_data": 10003
      },
      "model": "z_iainternal:auto_generated/icon_cancel"
    },
    {
      "predicate": {
        "custom_model_data": 10004
      },
      "model": "z_iainternal:auto_generated/icon_arrow_chest"
    },
    {
      "predicate": {
        "custom_model_data": 10004
      },
      "model": "z_iainternal:auto_generated/icon_arrow_chest"
    },
    {
      "predicate": {
        "custom_model_data": 10005
      },
      "model": "z_iainternal:auto_generated/icon_back_orange"
    },
    {
      "predicate": {
        "custom_model_data": 10005
      },
      "model": "z_iainternal:auto_generated/icon_back_orange"
    },
    {
      "predicate": {
        "custom_model_data": 10006
      },
      "model": "z_iainternal:auto_generated/icon_next_orange"
    },
    {
      "predicate": {
        "custom_model_data": 10006
      },
      "model": "z_iainternal:auto_generated/icon_next_orange"
    },
    {
      "predicate": {
        "custom_model_data": 10007
      },
      "model": "minecraft:item/paper"
    },
    {
      "predicate": {
        "custom_model_data": 10007
      },
      "model": "minecraft:item/paper"
    }
  ]
}