{"textures":{"1":"modelengine:entity/xm2_sleigh_reindeer"},"elements":[{"from":[5.798886,1.4285712,6.554858],"to":[8.598886,6.5714283,9.412002],"rotation":{"angle":-45.0,"axis":"x","origin":[7.227457,4.8571424,8.269144]},"faces":{"east":{"uv":[3.875,9.125,3.25,10.25],"rotation":0,"texture":"#1","tintindex":0},"south":{"uv":[3.25,9.125,2.625,10.25],"rotation":0,"texture":"#1","tintindex":0},"north":{"uv":[9.625,2.625,9.0,3.75],"rotation":0,"texture":"#1","tintindex":0},"west":{"uv":[9.75,0.875,9.125,2.0],"rotation":0,"texture":"#1","tintindex":0},"up":{"uv":[9.125,2.625,9.75,2.0],"rotation":0,"texture":"#1","tintindex":0},"down":{"uv":[6.5,9.125,7.125,9.75],"rotation":0,"texture":"#1","tintindex":0}}},{"from":[5.798886,4.8571424,5.844778],"to":[8.656029,11.142858,11.559064],"rotation":{"angle":0.0,"axis":"y","origin":[0.6560283,-1.4285717,50.41621]},"faces":{"east":{"uv":[5.0,6.375,3.75,7.75],"rotation":0,"texture":"#1","tintindex":0},"south":{"uv":[7.25,7.75,6.625,9.125],"rotation":0,"texture":"#1","tintindex":0},"north":{"uv":[6.625,7.75,6.0,9.125],"rotation":0,"texture":"#1","tintindex":0},"west":{"uv":[3.75,6.375,2.5,7.75],"rotation":0,"texture":"#1","tintindex":0},"up":{"uv":[8.5,5.5,9.125,4.25],"rotation":0,"texture":"#1","tintindex":0},"down":{"uv":[8.5,5.5,9.125,6.75],"rotation":0,"texture":"#1","tintindex":0}}},{"from":[6.0846,-3.6198292,8.646884],"to":[8.370315,3.8087435,10.932598],"rotation":{"angle":22.5,"axis":"x","origin":[7.227457,2.0944576,9.7897415]},"faces":{"east":{"uv":[9.0,2.625,8.5,4.25],"rotation":0,"texture":"#1","tintindex":0},"south":{"uv":[8.625,7.125,8.125,8.75],"rotation":0,"texture":"#1","tintindex":0},"north":{"uv":[5.125,7.875,4.625,9.5],"rotation":0,"texture":"#1","tintindex":0},"west":{"uv":[5.625,7.875,5.125,9.5],"rotation":0,"texture":"#1","tintindex":0},"up":{"uv":[9.125,7.625,9.625,7.125],"rotation":0,"texture":"#1","tintindex":0},"down":{"uv":[9.125,7.625,9.625,8.125],"rotation":0,"texture":"#1","tintindex":0}}},{"from":[8.0,4.8571424,11.428572],"to":[8.0,11.142858,14.857143],"rotation":{"angle":-22.5,"axis":"y","origin":[8.0,8.0,13.142858]},"faces":{"east":{"uv":[4.625,7.75,3.875,9.125],"rotation":0,"texture":"#1","tintindex":0},"south":{"uv":[0.0,0.0,0.0,1.375],"rotation":0,"texture":"#1","tintindex":0},"north":{"uv":[0.0,0.0,0.0,1.375],"rotation":0,"texture":"#1","tintindex":0},"west":{"uv":[3.875,7.75,4.625,9.125],"rotation":0,"texture":"#1","tintindex":0},"up":{"uv":[0.0,0.75,0.0,0.0],"rotation":0,"texture":"#1","tintindex":0},"down":{"uv":[0.0,0.0,0.0,0.75],"rotation":0,"texture":"#1","tintindex":0}}}],"display":{"head":{"translation":[0.0,-6.4,0.0],"scale":[4.0,4.0,4.0]}}}