{"textures":{"1":"modelengine:entity/xm2_sleigh_reindeer"},"elements":[{"from":[6.857143,2.82869,5.849147],"to":[9.142858,9.685833,10.420576],"rotation":{"angle":-22.5,"axis":"x","origin":[8.0,7.2572613,7.5634327]},"faces":{"east":{"uv":[5.0,6.375,6.0,7.875],"rotation":0,"texture":"#1","tintindex":0},"south":{"uv":[8.625,8.25,9.125,9.75],"rotation":0,"texture":"#1","tintindex":0},"north":{"uv":[8.625,6.75,9.125,8.25],"rotation":0,"texture":"#1","tintindex":0},"west":{"uv":[7.5,2.625,8.5,4.125],"rotation":0,"texture":"#1","tintindex":0},"up":{"uv":[6.5,10.125,6.0,9.125],"rotation":0,"texture":"#1","tintindex":0},"down":{"uv":[9.625,6.125,9.125,7.125],"rotation":0,"texture":"#1","tintindex":0}}},{"from":[7.142857,-3.1428576,7.428571],"to":[8.857143,3.7142854,9.714286],"rotation":{"angle":0.0,"axis":"y","origin":[8.0,0.5714283,9.714286]},"faces":{"east":{"uv":[8.125,8.75,8.625,10.25],"rotation":0,"texture":"#1","tintindex":0},"south":{"uv":[9.125,3.75,9.5,5.25],"rotation":0,"texture":"#1","tintindex":0},"north":{"uv":[5.625,7.875,6.0,9.375],"rotation":0,"texture":"#1","tintindex":0},"west":{"uv":[2.125,9.0,2.625,10.5],"rotation":0,"texture":"#1","tintindex":0},"up":{"uv":[7.5,9.625,7.125,9.125],"rotation":0,"texture":"#1","tintindex":0},"down":{"uv":[9.5,8.125,9.125,8.625],"rotation":0,"texture":"#1","tintindex":0}}}],"display":{"head":{"translation":[0.0,-6.4,0.0],"scale":[4.0,4.0,4.0]}}}