{
 "custom.ancientlavagolem.lgchargingslash": {
  "sounds": [
   "custom/ancientlavagolem/lgchargingslash"
  ]
 },
 "custom.ancientlavagolem.lgsecondcombo": {
  "sounds": [
   "custom/ancientlavagolem/lgsecondcombo"
  ]
 },
 "custom.ancientlavagolem.lgwalking": {
  "sounds": [
   "custom/ancientlavagolem/lgwalking"
  ]
 },
 "custom.ancientlavagolem.lgmelee": {
  "sounds": [
   "custom/ancientlavagolem/lgmelee"
  ]
 },
 "custom.ancientlavagolem.lgcombo": {
  "sounds": [
   "custom/ancientlavagolem/lgcombo"
  ]
 },
 "custom.ancientlavagolem.lgincinerate": {
  "sounds": [
   "custom/ancientlavagolem/lgincinerate"
  ]
 },
 "custom.ancientlavagolem.lgbeam": {
  "sounds": [
   "custom/ancientlavagolem/lgbeam"
  ]
 },
 "custom.ancientlavagolem.lgdying": {
  "sounds": [
   "custom/ancientlavagolem/lgdying"
  ]
 },
 "custom.ancientlavagolem.lgblock": {
  "sounds": [
   "custom/ancientlavagolem/lgblock"
  ]
 },
 "custom.ancientlavagolem.lgmeteorshower": {
  "sounds": [
   "custom/ancientlavagolem/lgmeteorshower"
  ]
 },
 "custom.ancientlavagolem.meteorfall": {
  "sounds": [
   "custom/ancientlavagolem/meteorfall"
  ]
 },
 "custom.ancientlavagolem.meteorim": {
  "sounds": [
   "custom/ancientlavagolem/meteorim"
  ]
 },
 "custom.ancientlavagolem.lgfistandaxe": {
  "sounds": [
   "custom/ancientlavagolem/lgfistandaxe"
  ]
 },
 "custom.ancientlavagolem.lgfistslam": {
  "sounds": [
   "custom/ancientlavagolem/lgfistslam"
  ]
 }
}