{"textures":{"0":"modelengine:entity/demonground"},"elements":[{"from":[5.5,6.1000004,4.7999997],"to":[10.5,9.1,7.3],"faces":{"east":{"uv":[6.25,2.5,6.5625,2.875],"tintindex":0,"rotation":0,"texture":"#0"},"south":{"uv":[1.375,4.875,2.0,5.25],"tintindex":0,"rotation":0,"texture":"#0"},"north":{"uv":[4.75,3.625,5.375,4.0],"tintindex":0,"rotation":0,"texture":"#0"},"west":{"uv":[6.25,2.875,6.5625,3.25],"tintindex":0,"rotation":0,"texture":"#0"},"up":{"uv":[3.5,5.5625,2.875,5.25],"tintindex":0,"rotation":0,"texture":"#0"},"down":{"uv":[5.0,5.25,4.375,5.5625],"tintindex":0,"rotation":0,"texture":"#0"}}},{"from":[5.0,3.0,2.5000005],"to":[11.0,6.0,7.5],"faces":{"east":{"uv":[4.75,3.25,5.375,3.625],"tintindex":0,"rotation":0,"texture":"#0"},"south":{"uv":[0.75,4.375,1.5,4.75],"tintindex":0,"rotation":0,"texture":"#0"},"north":{"uv":[4.25,0.625,5.0,1.0],"tintindex":0,"rotation":0,"texture":"#0"},"west":{"uv":[3.625,4.75,4.25,5.125],"tintindex":0,"rotation":0,"texture":"#0"},"up":{"uv":[3.5,0.625,2.75,0.0],"tintindex":0,"rotation":0,"texture":"#0"},"down":{"uv":[3.5,0.625,2.75,1.25],"tintindex":0,"rotation":0,"texture":"#0"}}},{"from":[5.0,6.0,2.5000005],"to":[11.0,7.0,7.5],"faces":{"east":{"uv":[6.875,4.75,7.5,4.875],"tintindex":0,"rotation":0,"texture":"#0"},"south":{"uv":[6.375,1.75,7.125,1.875],"tintindex":0,"rotation":0,"texture":"#0"},"north":{"uv":[6.375,0.25,7.125,0.375],"tintindex":0,"rotation":0,"texture":"#0"},"west":{"uv":[6.875,5.375,7.5,5.5],"tintindex":0,"rotation":0,"texture":"#0"},"up":{"uv":[3.25,2.125,2.5,1.5],"tintindex":0,"rotation":0,"texture":"#0"},"down":{"uv":[0.75,2.625,0.0,3.25],"tintindex":0,"rotation":0,"texture":"#0"}}},{"from":[5.7,7.0,2.5000005],"to":[10.3,8.0,4.9],"faces":{"east":{"uv":[4.75,4.0,5.0625,4.125],"tintindex":0,"rotation":0,"texture":"#0"},"south":{"uv":[7.0,0.125,7.5625,0.25],"tintindex":0,"rotation":0,"texture":"#0"},"north":{"uv":[7.0,0.0,7.5625,0.125],"tintindex":0,"rotation":0,"texture":"#0"},"west":{"uv":[5.0,1.375,5.3125,1.5],"tintindex":0,"rotation":0,"texture":"#0"},"up":{"uv":[5.9375,3.5625,5.375,3.25],"tintindex":0,"rotation":0,"texture":"#0"},"down":{"uv":[5.9375,3.625,5.375,3.9375],"tintindex":0,"rotation":0,"texture":"#0"}}}],"display":{"gui":{"rotation":[30,225,0]}}}