{"textures":{"0":"modelengine:entity/demonground"},"elements":[{"from":[7.5142856,3.771428,8.285714],"to":[8.3714285,4.5142856,10.114286],"rotation":{"angle":22.5,"axis":"x","origin":[6.9714284,4.342857,9.714286]},"faces":{"east":{"uv":[7.65625,1.25,7.25,1.40625],"rotation":0,"texture":"#0","tintindex":0},"south":{"uv":[7.8125,3.75,7.625,3.90625],"rotation":0,"texture":"#0","tintindex":0},"north":{"uv":[7.8125,3.5,7.625,3.65625],"rotation":0,"texture":"#0","tintindex":0},"west":{"uv":[7.65625,0.625,7.25,0.78125],"rotation":0,"texture":"#0","tintindex":0},"up":{"uv":[0.5,7.40625,0.6875,7.0],"rotation":0,"texture":"#0","tintindex":0},"down":{"uv":[1.0,7.0,1.1875,7.40625],"rotation":0,"texture":"#0","tintindex":0}}},{"from":[7.428571,7.428571,7.8285713],"to":[8.457143,8.342857,9.942858],"rotation":{"angle":0.0,"axis":"y","origin":[7.9428573,3.4285712,6.9142857]},"faces":{"east":{"uv":[7.09375,1.875,6.625,2.0625],"rotation":0,"texture":"#0","tintindex":0},"south":{"uv":[7.71875,5.375,7.5,5.5625],"rotation":0,"texture":"#0","tintindex":0},"north":{"uv":[7.71875,4.625,7.5,4.8125],"rotation":0,"texture":"#0","tintindex":0},"west":{"uv":[7.09375,1.0,6.625,1.1875],"rotation":0,"texture":"#0","tintindex":0},"up":{"uv":[1.375,6.96875,1.59375,6.5],"rotation":0,"texture":"#0","tintindex":0},"down":{"uv":[1.625,6.5,1.84375,6.96875],"rotation":0,"texture":"#0","tintindex":0}}},{"from":[7.4857144,3.885714,8.171429],"to":[8.4,4.342857,10.342857],"rotation":{"angle":0.0,"axis":"y","origin":[6.9714284,4.342857,9.714286]},"faces":{"east":{"uv":[7.96875,4.5,7.5,4.59375],"rotation":0,"texture":"#0","tintindex":0},"south":{"uv":[3.1875,7.75,3.0,7.84375],"rotation":0,"texture":"#0","tintindex":0},"north":{"uv":[7.9375,2.875,7.75,2.96875],"rotation":0,"texture":"#0","tintindex":0},"west":{"uv":[4.84375,7.5,4.375,7.59375],"rotation":0,"texture":"#0","tintindex":0},"up":{"uv":[2.5,7.09375,2.6875,6.625],"rotation":0,"texture":"#0","tintindex":0},"down":{"uv":[4.125,6.625,4.3125,7.09375],"rotation":0,"texture":"#0","tintindex":0}}},{"from":[7.5142856,3.9428568,7.7714286],"to":[8.3714285,4.285714,8.971429],"rotation":{"angle":0.0,"axis":"y","origin":[6.9714284,4.342857,9.714286]},"faces":{"east":{"uv":[8.0,3.125,7.75,3.1875],"rotation":0,"texture":"#0","tintindex":0},"south":{"uv":[7.9375,3.375,7.75,3.4375],"rotation":0,"texture":"#0","tintindex":0},"north":{"uv":[7.9375,3.25,7.75,3.3125],"rotation":0,"texture":"#0","tintindex":0},"west":{"uv":[8.0,3.0,7.75,3.0625],"rotation":0,"texture":"#0","tintindex":0},"up":{"uv":[3.875,7.75,4.0625,7.5],"rotation":0,"texture":"#0","tintindex":0},"down":{"uv":[4.125,7.5,4.3125,7.75],"rotation":0,"texture":"#0","tintindex":0}}},{"from":[7.542857,4.342857,9.3714285],"to":[8.342857,8.114285,10.228572],"rotation":{"angle":0.0,"axis":"y","origin":[7.9428573,3.4285712,6.9142857]},"faces":{"east":{"uv":[6.0625,0.875,5.875,1.6875],"rotation":0,"texture":"#0","tintindex":0},"south":{"uv":[5.9375,5.5,5.75,6.3125],"rotation":0,"texture":"#0","tintindex":0},"north":{"uv":[3.5625,5.625,3.375,6.4375],"rotation":0,"texture":"#0","tintindex":0},"west":{"uv":[4.9375,5.625,4.75,6.4375],"rotation":0,"texture":"#0","tintindex":0},"up":{"uv":[7.625,1.9375,7.8125,1.75],"rotation":0,"texture":"#0","tintindex":0},"down":{"uv":[7.625,2.0,7.8125,2.1875],"rotation":0,"texture":"#0","tintindex":0}}}],"display":{"head":{"translation":[0.0,-6.4,0.0],"scale":[4.0,4.0,4.0]}}}