{"textures":{"0":"modelengine:entity/demonground"},"elements":[{"from":[1.2943087,5.4317207,9.1],"to":[2.1943092,7.731721,9.3],"faces":{"east":{"uv":[7.75,5.625,7.78125,5.90625],"tintindex":0,"rotation":0,"texture":"#0"},"south":{"uv":[7.625,3.125,7.75,3.40625],"tintindex":0,"rotation":0,"texture":"#0"},"north":{"uv":[2.875,7.625,3.0,7.90625],"tintindex":0,"rotation":0,"texture":"#0"},"west":{"uv":[7.75,6.375,7.78125,6.65625],"tintindex":0,"rotation":0,"texture":"#0"},"up":{"uv":[8.0,0.65625,7.875,0.625],"tintindex":0,"rotation":0,"texture":"#0"},"down":{"uv":[8.0,0.75,7.875,0.78125],"tintindex":0,"rotation":0,"texture":"#0"}},"rotation":{"origin":[8.3,23.099998,16.6],"angle":22.5,"axis":"z"}},{"from":[7.594309,2.1317205,6.6],"to":[8.494308,6.231721,6.8],"faces":{"east":{"uv":[3.5,7.75,3.53125,8.25],"tintindex":0,"rotation":0,"texture":"#0"},"south":{"uv":[0.375,7.25,0.5,7.75],"tintindex":0,"rotation":0,"texture":"#0"},"north":{"uv":[0.5,7.25,0.375,7.75],"tintindex":0,"rotation":0,"texture":"#0"},"west":{"uv":[3.625,7.75,3.65625,8.25],"tintindex":0,"rotation":0,"texture":"#0"},"up":{"uv":[0.625,7.90625,0.5,7.875],"tintindex":0,"rotation":0,"texture":"#0"},"down":{"uv":[0.75,7.875,0.625,7.90625],"tintindex":0,"rotation":0,"texture":"#0"}},"rotation":{"origin":[8.0,5.8,14.1],"angle":22.5,"axis":"z"}},{"from":[7.394309,5.231721,7.5],"to":[8.594309,8.331721,8.4],"faces":{"east":{"uv":[5.625,5.0,5.75,5.375],"tintindex":0,"rotation":0,"texture":"#0"},"south":{"uv":[2.25,7.375,2.40625,7.75],"tintindex":0,"rotation":0,"texture":"#0"},"north":{"uv":[2.0,7.375,2.15625,7.75],"tintindex":0,"rotation":0,"texture":"#0"},"west":{"uv":[1.375,6.125,1.5,6.5],"tintindex":0,"rotation":0,"texture":"#0"},"up":{"uv":[1.78125,7.875,1.625,7.75],"tintindex":0,"rotation":0,"texture":"#0"},"down":{"uv":[2.03125,7.75,1.875,7.875],"tintindex":0,"rotation":0,"texture":"#0"}}},{"from":[7.594309,0.43172073,7.9],"to":[8.494308,5.5317206,8.1],"faces":{"east":{"uv":[2.125,7.75,2.15625,8.375],"tintindex":0,"rotation":0,"texture":"#0"},"south":{"uv":[6.875,6.625,7.0,7.25],"tintindex":0,"rotation":0,"texture":"#0"},"north":{"uv":[7.0,6.625,6.875,7.25],"tintindex":0,"rotation":0,"texture":"#0"},"west":{"uv":[2.25,7.75,2.28125,8.375],"tintindex":0,"rotation":0,"texture":"#0"},"up":{"uv":[7.875,6.03125,7.75,6.0],"tintindex":0,"rotation":0,"texture":"#0"},"down":{"uv":[7.875,7.0,7.75,7.03125],"tintindex":0,"rotation":0,"texture":"#0"}},"rotation":{"origin":[8.0,5.8,14.1],"angle":22.5,"axis":"z"}},{"from":[7.394309,5.831721,6.2],"to":[8.594309,8.331721,7.1],"faces":{"east":{"uv":[4.875,7.5,5.0,7.8125],"tintindex":0,"rotation":0,"texture":"#0"},"south":{"uv":[0.0,7.5,0.15625,7.8125],"tintindex":0,"rotation":0,"texture":"#0"},"north":{"uv":[7.375,7.25,7.53125,7.5625],"tintindex":0,"rotation":0,"texture":"#0"},"west":{"uv":[7.5,6.125,7.625,6.4375],"tintindex":0,"rotation":0,"texture":"#0"},"up":{"uv":[7.90625,1.375,7.75,1.25],"tintindex":0,"rotation":0,"texture":"#0"},"down":{"uv":[7.90625,1.375,7.75,1.5],"tintindex":0,"rotation":0,"texture":"#0"}}},{"from":[7.394309,6.231721,8.7],"to":[8.594309,8.331721,9.6],"faces":{"east":{"uv":[6.25,0.625,6.375,0.875],"tintindex":0,"rotation":0,"texture":"#0"},"south":{"uv":[7.625,0.25,7.78125,0.5],"tintindex":0,"rotation":0,"texture":"#0"},"north":{"uv":[7.625,0.0,7.78125,0.25],"tintindex":0,"rotation":0,"texture":"#0"},"west":{"uv":[1.0,6.375,1.125,6.625],"tintindex":0,"rotation":0,"texture":"#0"},"up":{"uv":[7.90625,2.375,7.75,2.25],"tintindex":0,"rotation":0,"texture":"#0"},"down":{"uv":[2.53125,7.75,2.375,7.875],"tintindex":0,"rotation":0,"texture":"#0"}}}],"display":{"gui":{"rotation":[30,225,0]}}}