{"textures":{"0":"modelengine:entity/demonground"},"elements":[{"from":[10.177696,10.725909,6.5281506],"to":[11.720554,14.383052,9.499579],"rotation":{"angle":22.5,"axis":"z","origin":[14.0062685,-6.2455196,11.671008]},"faces":{"east":{"uv":[1.75,1.5,2.40625,2.3125],"rotation":0,"texture":"#0","tintindex":0},"south":{"uv":[2.5,4.375,2.84375,5.1875],"rotation":0,"texture":"#0","tintindex":0},"north":{"uv":[2.125,4.375,2.46875,5.1875],"rotation":0,"texture":"#0","tintindex":0},"west":{"uv":[2.0,0.0,2.65625,0.8125],"rotation":0,"texture":"#0","tintindex":0},"up":{"uv":[5.34375,1.28125,5.0,0.625],"rotation":0,"texture":"#0","tintindex":0},"down":{"uv":[5.34375,4.625,5.0,5.28125],"rotation":0,"texture":"#0","tintindex":0}}},{"from":[0.7997637,10.725909,6.5281506],"to":[2.3426213,14.383052,9.499579],"rotation":{"angle":-22.5,"axis":"z","origin":[-1.4859505,-6.2455196,11.671008]},"faces":{"east":{"uv":[0.75,2.375,1.40625,3.1875],"rotation":0,"texture":"#0","tintindex":0},"south":{"uv":[3.25,4.375,3.59375,5.1875],"rotation":0,"texture":"#0","tintindex":0},"north":{"uv":[2.875,4.375,3.21875,5.1875],"rotation":0,"texture":"#0","tintindex":0},"west":{"uv":[1.5,2.375,2.15625,3.1875],"rotation":0,"texture":"#0","tintindex":0},"up":{"uv":[3.96875,5.78125,3.625,5.125],"rotation":0,"texture":"#0","tintindex":0},"down":{"uv":[4.34375,5.125,4.0,5.78125],"rotation":0,"texture":"#0","tintindex":0}}},{"from":[3.9744444,7.9689054,6.471008],"to":[8.545874,11.968905,9.556723],"rotation":{"angle":0.0,"axis":"y","origin":[6.2601585,-1.7453804,6.413865]},"faces":{"east":{"uv":[1.0,1.5,1.6875,2.375],"rotation":0,"texture":"#0","tintindex":0},"south":{"uv":[0.0,0.875,1.0,1.75],"rotation":0,"texture":"#0","tintindex":0},"north":{"uv":[0.0,0.0,1.0,0.875],"rotation":0,"texture":"#0","tintindex":0},"west":{"uv":[0.0,1.75,0.6875,2.625],"rotation":0,"texture":"#0","tintindex":0},"up":{"uv":[2.0,0.6875,1.0,0.0],"rotation":0,"texture":"#0","tintindex":0},"down":{"uv":[2.0,0.75,1.0,1.4375],"rotation":0,"texture":"#0","tintindex":0}}},{"from":[3.9744444,11.3714285,8.342857],"to":[8.545874,13.542857,10.514286],"rotation":{"angle":-45.0,"axis":"x","origin":[3.3203177,10.514286,9.314285]},"faces":{"east":{"uv":[5.125,2.375,5.59375,2.84375],"rotation":0,"texture":"#0","tintindex":0},"south":{"uv":[2.25,3.0,3.25,3.46875],"rotation":0,"texture":"#0","tintindex":0},"north":{"uv":[3.0,2.125,4.0,2.59375],"rotation":0,"texture":"#0","tintindex":0},"west":{"uv":[5.125,4.0,5.59375,4.46875],"rotation":0,"texture":"#0","tintindex":0},"up":{"uv":[1.0,3.71875,0.0,3.25],"rotation":0,"texture":"#0","tintindex":0},"down":{"uv":[2.0,3.25,1.0,3.71875],"rotation":0,"texture":"#0","tintindex":0}}},{"from":[4.545873,12.457144,8.914286],"to":[5.6887302,13.542857,10.514286],"rotation":{"angle":-22.5,"axis":"x","origin":[3.3203177,12.171429,10.171429]},"faces":{"east":{"uv":[5.0,6.625,5.34375,6.875],"rotation":0,"texture":"#0","tintindex":0},"south":{"uv":[3.75,1.875,4.0,2.125],"rotation":0,"texture":"#0","tintindex":0},"north":{"uv":[2.0,3.25,2.25,3.5],"rotation":0,"texture":"#0","tintindex":0},"west":{"uv":[5.375,6.625,5.71875,6.875],"rotation":0,"texture":"#0","tintindex":0},"up":{"uv":[3.875,7.09375,3.625,6.75],"rotation":0,"texture":"#0","tintindex":0},"down":{"uv":[4.125,6.75,3.875,7.09375],"rotation":0,"texture":"#0","tintindex":0}}},{"from":[4.603016,12.677592,9.02045],"to":[5.6315875,14.277593,10.106164],"rotation":{"angle":22.5,"axis":"x","origin":[3.3203177,12.171429,10.171429]},"faces":{"east":{"uv":[0.0,6.875,0.25,7.21875],"rotation":0,"texture":"#0","tintindex":0},"south":{"uv":[1.25,7.0,1.46875,7.34375],"rotation":0,"texture":"#0","tintindex":0},"north":{"uv":[7.0,0.625,7.21875,0.96875],"rotation":0,"texture":"#0","tintindex":0},"west":{"uv":[0.25,6.875,0.5,7.21875],"rotation":0,"texture":"#0","tintindex":0},"up":{"uv":[7.59375,3.25,7.375,3.0],"rotation":0,"texture":"#0","tintindex":0},"down":{"uv":[7.59375,3.25,7.375,3.5],"rotation":0,"texture":"#0","tintindex":0}}},{"from":[4.717302,13.771429,10.8],"to":[5.460159,15.428572,11.6],"rotation":{"angle":-22.5,"axis":"x","origin":[3.3203177,12.171429,10.171429]},"faces":{"east":{"uv":[3.0,7.125,3.1875,7.5],"rotation":0,"texture":"#0","tintindex":0},"south":{"uv":[5.625,7.25,5.78125,7.625],"rotation":0,"texture":"#0","tintindex":0},"north":{"uv":[2.75,7.25,2.90625,7.625],"rotation":0,"texture":"#0","tintindex":0},"west":{"uv":[7.125,3.25,7.3125,3.625],"rotation":0,"texture":"#0","tintindex":0},"up":{"uv":[7.78125,4.1875,7.625,4.0],"rotation":0,"texture":"#0","tintindex":0},"down":{"uv":[7.78125,4.25,7.625,4.4375],"rotation":0,"texture":"#0","tintindex":0}}},{"from":[5.117302,14.180309,7.4181376],"to":[5.1744447,14.980309,9.07528],"rotation":{"angle":22.5,"axis":"x","origin":[3.7203178,12.414026,11.537797]},"faces":{"east":{"uv":[3.625,7.125,3.8125,7.5],"rotation":90,"texture":"#0","tintindex":0},"south":{"uv":[3.53125,7.25,3.5,7.4375],"rotation":0,"texture":"#0","tintindex":0},"north":{"uv":[4.53125,6.8125,4.5,6.625],"rotation":180,"texture":"#0","tintindex":0},"west":{"uv":[3.625,7.5,3.8125,7.125],"rotation":90,"texture":"#0","tintindex":0},"up":{"uv":[3.875,7.75,3.90625,8.125],"rotation":0,"texture":"#0","tintindex":0},"down":{"uv":[3.75,7.75,3.78125,8.125],"rotation":180,"texture":"#0","tintindex":0}}},{"from":[4.660159,10.681653,9.179695],"to":[5.6887302,11.767367,10.7796955],"rotation":{"angle":22.5,"axis":"x","origin":[4.5203176,11.828571,9.885715]},"faces":{"east":{"uv":[4.875,6.875,5.21875,7.125],"rotation":0,"texture":"#0","tintindex":0},"south":{"uv":[5.0,7.375,5.21875,7.625],"rotation":0,"texture":"#0","tintindex":0},"north":{"uv":[7.375,4.875,7.59375,5.125],"rotation":0,"texture":"#0","tintindex":0},"west":{"uv":[5.25,6.875,5.59375,7.125],"rotation":0,"texture":"#0","tintindex":0},"up":{"uv":[2.46875,7.34375,2.25,7.0],"rotation":0,"texture":"#0","tintindex":0},"down":{"uv":[7.21875,2.375,7.0,2.71875],"rotation":0,"texture":"#0","tintindex":0}}},{"from":[5.145873,12.707295,10.995968],"to":[5.203016,15.507296,11.795968],"rotation":{"angle":45.0,"axis":"x","origin":[4.5203176,11.828571,9.885715]},"faces":{"east":{"uv":[0.5,6.375,0.6875,7.0],"rotation":0,"texture":"#0","tintindex":0},"south":{"uv":[1.0,7.75,1.03125,8.375],"rotation":0,"texture":"#0","tintindex":0},"north":{"uv":[7.75,0.625,7.78125,1.25],"rotation":0,"texture":"#0","tintindex":0},"west":{"uv":[6.375,0.625,6.5625,1.25],"rotation":0,"texture":"#0","tintindex":0},"up":{"uv":[7.28125,7.9375,7.25,7.75],"rotation":0,"texture":"#0","tintindex":0},"down":{"uv":[7.40625,7.75,7.375,7.9375],"rotation":0,"texture":"#0","tintindex":0}}},{"from":[4.8030157,10.4,9.771429],"to":[5.5458727,11.2,11.428572],"rotation":{"angle":-22.5,"axis":"x","origin":[4.5203176,11.828571,9.885715]},"faces":{"east":{"uv":[7.125,5.5,7.5,5.6875],"rotation":0,"texture":"#0","tintindex":0},"south":{"uv":[5.375,7.625,5.53125,7.8125],"rotation":0,"texture":"#0","tintindex":0},"north":{"uv":[7.625,5.125,7.78125,5.3125],"rotation":0,"texture":"#0","tintindex":0},"west":{"uv":[7.125,5.75,7.5,5.9375],"rotation":0,"texture":"#0","tintindex":0},"up":{"uv":[7.53125,0.625,7.375,0.25],"rotation":0,"texture":"#0","tintindex":0},"down":{"uv":[1.40625,7.375,1.25,7.75],"rotation":0,"texture":"#0","tintindex":0}}},{"from":[4.8030157,8.457143,9.771429],"to":[5.5458727,9.257143,11.428572],"rotation":{"angle":22.5,"axis":"x","origin":[4.5203176,9.885715,9.885715]},"faces":{"east":{"uv":[7.125,6.0,7.5,6.1875],"rotation":0,"texture":"#0","tintindex":0},"south":{"uv":[5.875,7.625,6.03125,7.8125],"rotation":0,"texture":"#0","tintindex":0},"north":{"uv":[5.625,7.625,5.78125,7.8125],"rotation":0,"texture":"#0","tintindex":0},"west":{"uv":[7.125,6.25,7.5,6.4375],"rotation":0,"texture":"#0","tintindex":0},"up":{"uv":[1.65625,7.75,1.5,7.375],"rotation":0,"texture":"#0","tintindex":0},"down":{"uv":[7.53125,1.5,7.375,1.875],"rotation":0,"texture":"#0","tintindex":0}}},{"from":[5.145873,7.804032,10.021581],"to":[5.203016,8.604032,12.821581],"rotation":{"angle":-22.5,"axis":"x","origin":[4.5203176,9.885715,9.885715]},"faces":{"east":{"uv":[6.375,0.0,7.0,0.1875],"rotation":0,"texture":"#0","tintindex":0},"south":{"uv":[7.75,7.5,7.78125,7.6875],"rotation":0,"texture":"#0","tintindex":0},"north":{"uv":[7.5,7.75,7.53125,7.9375],"rotation":0,"texture":"#0","tintindex":0},"west":{"uv":[6.375,1.25,7.0,1.4375],"rotation":0,"texture":"#0","tintindex":0},"up":{"uv":[1.15625,8.375,1.125,7.75],"rotation":0,"texture":"#0","tintindex":0},"down":{"uv":[1.28125,7.75,1.25,8.375],"rotation":0,"texture":"#0","tintindex":0}}},{"from":[7.345873,14.180309,7.4181376],"to":[7.4030156,14.980309,9.07528],"rotation":{"angle":22.5,"axis":"x","origin":[8.8,12.414026,11.537797]},"faces":{"east":{"uv":[3.625,7.125,3.8125,7.5],"rotation":90,"texture":"#0","tintindex":0},"south":{"uv":[3.5,7.25,3.53125,7.4375],"rotation":0,"texture":"#0","tintindex":0},"north":{"uv":[4.5,6.8125,4.53125,6.625],"rotation":180,"texture":"#0","tintindex":0},"west":{"uv":[3.625,7.5,3.8125,7.125],"rotation":90,"texture":"#0","tintindex":0},"up":{"uv":[3.90625,7.75,3.875,8.125],"rotation":0,"texture":"#0","tintindex":0},"down":{"uv":[3.78125,7.75,3.75,8.125],"rotation":180,"texture":"#0","tintindex":0}}},{"from":[7.0601587,13.771429,10.8],"to":[7.8030157,15.428572,11.6],"rotation":{"angle":-22.5,"axis":"x","origin":[9.2,12.171429,10.171429]},"faces":{"east":{"uv":[7.3125,3.25,7.125,3.625],"rotation":0,"texture":"#0","tintindex":0},"south":{"uv":[5.78125,7.25,5.625,7.625],"rotation":0,"texture":"#0","tintindex":0},"north":{"uv":[2.90625,7.25,2.75,7.625],"rotation":0,"texture":"#0","tintindex":0},"west":{"uv":[3.1875,7.125,3.0,7.5],"rotation":0,"texture":"#0","tintindex":0},"up":{"uv":[7.625,4.1875,7.78125,4.0],"rotation":0,"texture":"#0","tintindex":0},"down":{"uv":[7.625,4.25,7.78125,4.4375],"rotation":0,"texture":"#0","tintindex":0}}},{"from":[6.88873,12.677592,9.02045],"to":[7.9173017,14.277593,10.106164],"rotation":{"angle":22.5,"axis":"x","origin":[9.2,12.171429,10.171429]},"faces":{"east":{"uv":[0.5,6.875,0.25,7.21875],"rotation":0,"texture":"#0","tintindex":0},"south":{"uv":[1.46875,7.0,1.25,7.34375],"rotation":0,"texture":"#0","tintindex":0},"north":{"uv":[7.21875,0.625,7.0,0.96875],"rotation":0,"texture":"#0","tintindex":0},"west":{"uv":[0.25,6.875,0.0,7.21875],"rotation":0,"texture":"#0","tintindex":0},"up":{"uv":[7.375,3.25,7.59375,3.0],"rotation":0,"texture":"#0","tintindex":0},"down":{"uv":[7.375,3.25,7.59375,3.5],"rotation":0,"texture":"#0","tintindex":0}}},{"from":[6.8315873,12.457144,8.914286],"to":[7.9744444,13.542857,10.514286],"rotation":{"angle":-22.5,"axis":"x","origin":[9.2,12.171429,10.171429]},"faces":{"east":{"uv":[5.71875,6.625,5.375,6.875],"rotation":0,"texture":"#0","tintindex":0},"south":{"uv":[4.0,1.875,3.75,2.125],"rotation":0,"texture":"#0","tintindex":0},"north":{"uv":[2.25,3.25,2.0,3.5],"rotation":0,"texture":"#0","tintindex":0},"west":{"uv":[5.34375,6.625,5.0,6.875],"rotation":0,"texture":"#0","tintindex":0},"up":{"uv":[3.625,7.09375,3.875,6.75],"rotation":0,"texture":"#0","tintindex":0},"down":{"uv":[3.875,6.75,4.125,7.09375],"rotation":0,"texture":"#0","tintindex":0}}},{"from":[7.3173018,7.804032,10.021581],"to":[7.3744445,8.604032,12.821581],"rotation":{"angle":-22.5,"axis":"x","origin":[8.0,9.885715,9.885715]},"faces":{"east":{"uv":[7.0,1.25,6.375,1.4375],"rotation":0,"texture":"#0","tintindex":0},"south":{"uv":[7.78125,7.5,7.75,7.6875],"rotation":0,"texture":"#0","tintindex":0},"north":{"uv":[7.53125,7.75,7.5,7.9375],"rotation":0,"texture":"#0","tintindex":0},"west":{"uv":[7.0,0.0,6.375,0.1875],"rotation":0,"texture":"#0","tintindex":0},"up":{"uv":[1.125,8.375,1.15625,7.75],"rotation":0,"texture":"#0","tintindex":0},"down":{"uv":[1.25,7.75,1.28125,8.375],"rotation":0,"texture":"#0","tintindex":0}}},{"from":[6.9744444,8.457143,9.771429],"to":[7.717302,9.257143,11.428572],"rotation":{"angle":22.5,"axis":"x","origin":[8.0,9.885715,9.885715]},"faces":{"east":{"uv":[7.5,6.25,7.125,6.4375],"rotation":0,"texture":"#0","tintindex":0},"south":{"uv":[6.03125,7.625,5.875,7.8125],"rotation":0,"texture":"#0","tintindex":0},"north":{"uv":[5.78125,7.625,5.625,7.8125],"rotation":0,"texture":"#0","tintindex":0},"west":{"uv":[7.5,6.0,7.125,6.1875],"rotation":0,"texture":"#0","tintindex":0},"up":{"uv":[1.5,7.75,1.65625,7.375],"rotation":0,"texture":"#0","tintindex":0},"down":{"uv":[7.375,1.5,7.53125,1.875],"rotation":0,"texture":"#0","tintindex":0}}},{"from":[7.3173018,12.707295,10.995968],"to":[7.3744445,15.507296,11.795968],"rotation":{"angle":45.0,"axis":"x","origin":[8.0,11.828571,9.885715]},"faces":{"east":{"uv":[6.5625,0.625,6.375,1.25],"rotation":0,"texture":"#0","tintindex":0},"south":{"uv":[1.03125,7.75,1.0,8.375],"rotation":0,"texture":"#0","tintindex":0},"north":{"uv":[7.78125,0.625,7.75,1.25],"rotation":0,"texture":"#0","tintindex":0},"west":{"uv":[0.6875,6.375,0.5,7.0],"rotation":0,"texture":"#0","tintindex":0},"up":{"uv":[7.25,7.9375,7.28125,7.75],"rotation":0,"texture":"#0","tintindex":0},"down":{"uv":[7.375,7.75,7.40625,7.9375],"rotation":0,"texture":"#0","tintindex":0}}},{"from":[6.9744444,10.4,9.771429],"to":[7.717302,11.2,11.428572],"rotation":{"angle":-22.5,"axis":"x","origin":[8.0,11.828571,9.885715]},"faces":{"east":{"uv":[7.5,5.75,7.125,5.9375],"rotation":0,"texture":"#0","tintindex":0},"south":{"uv":[5.53125,7.625,5.375,7.8125],"rotation":0,"texture":"#0","tintindex":0},"north":{"uv":[7.78125,5.125,7.625,5.3125],"rotation":0,"texture":"#0","tintindex":0},"west":{"uv":[7.5,5.5,7.125,5.6875],"rotation":0,"texture":"#0","tintindex":0},"up":{"uv":[7.375,0.625,7.53125,0.25],"rotation":0,"texture":"#0","tintindex":0},"down":{"uv":[1.25,7.375,1.40625,7.75],"rotation":0,"texture":"#0","tintindex":0}}},{"from":[6.8315873,10.681653,9.179695],"to":[7.860159,11.767367,10.7796955],"rotation":{"angle":22.5,"axis":"x","origin":[8.0,11.828571,9.885715]},"faces":{"east":{"uv":[5.59375,6.875,5.25,7.125],"rotation":0,"texture":"#0","tintindex":0},"south":{"uv":[5.21875,7.375,5.0,7.625],"rotation":0,"texture":"#0","tintindex":0},"north":{"uv":[7.59375,4.875,7.375,5.125],"rotation":0,"texture":"#0","tintindex":0},"west":{"uv":[5.21875,6.875,4.875,7.125],"rotation":0,"texture":"#0","tintindex":0},"up":{"uv":[2.25,7.34375,2.46875,7.0],"rotation":0,"texture":"#0","tintindex":0},"down":{"uv":[7.0,2.375,7.21875,2.71875],"rotation":0,"texture":"#0","tintindex":0}}},{"from":[4.5458727,5.511762,6.871008],"to":[7.9744444,7.9689054,9.213865],"rotation":{"angle":0.0,"axis":"y","origin":[6.2601585,-2.3168087,7.271008]},"faces":{"east":{"uv":[4.5,4.625,5.0,5.15625],"rotation":0,"texture":"#0","tintindex":0},"south":{"uv":[3.5,0.625,4.25,1.15625],"rotation":0,"texture":"#0","tintindex":0},"north":{"uv":[3.5,0.0,4.25,0.53125],"rotation":0,"texture":"#0","tintindex":0},"west":{"uv":[4.75,0.0,5.25,0.53125],"rotation":0,"texture":"#0","tintindex":0},"up":{"uv":[4.5,3.125,3.75,2.625],"rotation":0,"texture":"#0","tintindex":0},"down":{"uv":[4.75,1.875,4.0,2.375],"rotation":0,"texture":"#0","tintindex":0}}},{"from":[4.4841766,4.0260477,6.8995795],"to":[5.6841764,5.2831907,9.185294],"rotation":{"angle":-45.0,"axis":"z","origin":[6.312748,4.654619,8.556722]},"faces":{"east":{"uv":[6.0,5.5,6.5,5.78125],"rotation":0,"texture":"#0","tintindex":0},"south":{"uv":[2.5,7.125,2.75,7.40625],"rotation":0,"texture":"#0","tintindex":0},"north":{"uv":[7.125,2.0,7.375,2.28125],"rotation":0,"texture":"#0","tintindex":0},"west":{"uv":[6.0,5.875,6.5,6.15625],"rotation":0,"texture":"#0","tintindex":0},"up":{"uv":[1.375,6.625,1.125,6.125],"rotation":0,"texture":"#0","tintindex":0},"down":{"uv":[6.375,1.375,6.125,1.875],"rotation":0,"texture":"#0","tintindex":0}}},{"from":[5.431587,4.654619,6.842437],"to":[7.0887303,5.511762,9.242436],"rotation":{"angle":0.0,"axis":"y","origin":[6.6965036,7.2052503,6.8995795]},"faces":{"east":{"uv":[6.375,5.125,6.90625,5.3125],"rotation":0,"texture":"#0","tintindex":0},"south":{"uv":[7.0,6.875,7.375,7.0625],"rotation":0,"texture":"#0","tintindex":0},"north":{"uv":[7.0,6.625,7.375,6.8125],"rotation":0,"texture":"#0","tintindex":0},"west":{"uv":[6.5,2.125,7.03125,2.3125],"rotation":0,"texture":"#0","tintindex":0},"up":{"uv":[2.5,5.78125,2.125,5.25],"rotation":0,"texture":"#0","tintindex":0},"down":{"uv":[2.875,5.25,2.5,5.78125],"rotation":0,"texture":"#0","tintindex":0}}},{"from":[6.836141,4.0260477,6.8995795],"to":[8.036141,5.2831907,9.185294],"rotation":{"angle":45.0,"axis":"z","origin":[6.2075696,4.654619,8.556722]},"faces":{"east":{"uv":[6.0,4.125,6.5,4.40625],"rotation":0,"texture":"#0","tintindex":0},"south":{"uv":[7.125,1.625,7.375,1.90625],"rotation":0,"texture":"#0","tintindex":0},"north":{"uv":[7.125,0.25,7.375,0.53125],"rotation":0,"texture":"#0","tintindex":0},"west":{"uv":[6.0,4.5,6.5,4.78125],"rotation":0,"texture":"#0","tintindex":0},"up":{"uv":[1.0,2.25,0.75,1.75],"rotation":0,"texture":"#0","tintindex":0},"down":{"uv":[6.375,0.875,6.125,1.375],"rotation":0,"texture":"#0","tintindex":0}}}],"display":{"head":{"translation":[0.0,-6.4,0.0],"scale":[4.0,4.0,4.0]}}}