{
  "textures": {
    "0": "modelengine:entity/demonground"
  },
  "elements": [
    {
      "from": [
        6.805278,
        7.657057,
        11.5377655
      ],
      "to": [
        6.905278,
        9.057056,
        16.437767
      ],
      "faces": {
        "east": {
          "uv": [
            7,
            1.25,
            6.375,
            1.4375
          ],
          "tintindex": 0,
          "rotation": 0,
          "texture": "#0"
        },
        "south": {
          "uv": [
            7.78125,
            7.5,
            7.75,
            7.6875
          ],
          "tintindex": 0,
          "rotation": 0,
          "texture": "#0"
        },
        "north": {
          "uv": [
            7.53125,
            7.75,
            7.5,
            7.9375
          ],
          "tintindex": 0,
          "rotation": 0,
          "texture": "#0"
        },
        "west": {
          "uv": [
            7,
            0,
            6.375,
            0.1875
          ],
          "tintindex": 0,
          "rotation": 0,
          "texture": "#0"
        },
        "up": {
          "uv": [
            1.125,
            8.375,
            1.15625,
            7.75
          ],
          "tintindex": 0,
          "rotation": 0,
          "texture": "#0"
        },
        "down": {
          "uv": [
            1.25,
            7.75,
            1.28125,
            8.375
          ],
          "tintindex": 0,
          "rotation": 0,
          "texture": "#0"
        }
      },
      "rotation": {
        "origin": [
          8,
          11.299999,
          11.3
        ],
        "angle": -22.5,
        "axis": "x"
      }
    },
    {
      "from": [
        0.9552779,
        7.9455853,
        5.324264
      ],
      "to": [
        8.955278,
        14.945585,
        10.724264
      ],
      "faces": {
        "east": {
          "uv": [
            1,
            1.5,
            1.6875,
            2.375
          ],
          "tintindex": 0,
          "rotation": 0,
          "texture": "#0"
        },
        "south": {
          "uv": [
            0,
            0.875,
            1,
            1.75
          ],
          "tintindex": 0,
          "rotation": 0,
          "texture": "#0"
        },
        "north": {
          "uv": [
            0,
            0,
            1,
            0.875
          ],
          "tintindex": 0,
          "rotation": 0,
          "texture": "#0"
        },
        "west": {
          "uv": [
            0,
            1.75,
            0.6875,
            2.625
          ],
          "tintindex": 0,
          "rotation": 0,
          "texture": "#0"
        },
        "up": {
          "uv": [
            2,
            0.6875,
            1,
            0
          ],
          "tintindex": 0,
          "rotation": 0,
          "texture": "#0"
        },
        "down": {
          "uv": [
            2,
            0.75,
            1,
            1.4375
          ],
          "tintindex": 0,
          "rotation": 0,
          "texture": "#0"
        }
      }
    },
    {
      "from": [
        6.8552775,
        18.81554,
        6.9817405
      ],
      "to": [
        6.9552774,
        20.21554,
        9.881741
      ],
      "faces": {
        "east": {
          "uv": [
            3.625,
            7.125,
            3.8125,
            7.5
          ],
          "tintindex": 0,
          "rotation": 90,
          "texture": "#0"
        },
        "south": {
          "uv": [
            3.5,
            7.25,
            3.53125,
            7.4375
          ],
          "tintindex": 0,
          "rotation": 0,
          "texture": "#0"
        },
        "north": {
          "uv": [
            4.5,
            6.8125,
            4.53125,
            6.625
          ],
          "tintindex": 0,
          "rotation": 180,
          "texture": "#0"
        },
        "west": {
          "uv": [
            3.625,
            7.5,
            3.8125,
            7.125
          ],
          "tintindex": 0,
          "rotation": 90,
          "texture": "#0"
        },
        "up": {
          "uv": [
            3.90625,
            7.75,
            3.875,
            8.125
          ],
          "tintindex": 0,
          "rotation": 0,
          "texture": "#0"
        },
        "down": {
          "uv": [
            3.78125,
            7.75,
            3.75,
            8.125
          ],
          "tintindex": 0,
          "rotation": 180,
          "texture": "#0"
        }
      },
      "rotation": {
        "origin": [
          9.4,
          15.724546,
          14.191145
        ],
        "angle": 22.5,
        "axis": "x"
      }
    },
    {
      "from": [
        6.805278,
        16.237766,
        13.242945
      ],
      "to": [
        6.905278,
        21.137766,
        14.642944
      ],
      "faces": {
        "east": {
          "uv": [
            6.5625,
            0.625,
            6.375,
            1.25
          ],
          "tintindex": 0,
          "rotation": 0,
          "texture": "#0"
        },
        "south": {
          "uv": [
            1.03125,
            7.75,
            1,
            8.375
          ],
          "tintindex": 0,
          "rotation": 0,
          "texture": "#0"
        },
        "north": {
          "uv": [
            7.78125,
            0.625,
            7.75,
            1.25
          ],
          "tintindex": 0,
          "rotation": 0,
          "texture": "#0"
        },
        "west": {
          "uv": [
            0.6875,
            6.375,
            0.5,
            7
          ],
          "tintindex": 0,
          "rotation": 0,
          "texture": "#0"
        },
        "up": {
          "uv": [
            7.25,
            7.9375,
            7.28125,
            7.75
          ],
          "tintindex": 0,
          "rotation": 0,
          "texture": "#0"
        },
        "down": {
          "uv": [
            7.375,
            7.75,
            7.40625,
            7.9375
          ],
          "tintindex": 0,
          "rotation": 0,
          "texture": "#0"
        }
      },
      "rotation": {
        "origin": [
          8,
          14.700001,
          11.3
        ],
        "angle": 45,
        "axis": "x"
      }
    },
    {
      "from": [
        3.0052776,
        16.237766,
        13.242945
      ],
      "to": [
        3.105278,
        21.137766,
        14.642944
      ],
      "faces": {
        "east": {
          "uv": [
            0.5,
            6.375,
            0.6875,
            7
          ],
          "tintindex": 0,
          "rotation": 0,
          "texture": "#0"
        },
        "south": {
          "uv": [
            1,
            7.75,
            1.03125,
            8.375
          ],
          "tintindex": 0,
          "rotation": 0,
          "texture": "#0"
        },
        "north": {
          "uv": [
            7.75,
            0.625,
            7.78125,
            1.25
          ],
          "tintindex": 0,
          "rotation": 0,
          "texture": "#0"
        },
        "west": {
          "uv": [
            6.375,
            0.625,
            6.5625,
            1.25
          ],
          "tintindex": 0,
          "rotation": 0,
          "texture": "#0"
        },
        "up": {
          "uv": [
            7.28125,
            7.9375,
            7.25,
            7.75
          ],
          "tintindex": 0,
          "rotation": 0,
          "texture": "#0"
        },
        "down": {
          "uv": [
            7.40625,
            7.75,
            7.375,
            7.9375
          ],
          "tintindex": 0,
          "rotation": 0,
          "texture": "#0"
        }
      },
      "rotation": {
        "origin": [
          1.9105558,
          14.700001,
          11.3
        ],
        "angle": 45,
        "axis": "x"
      }
    },
    {
      "from": [
        5.963247,
        1.0455847,
        6.074264
      ],
      "to": [
        8.063247,
        3.2455845,
        10.074265
      ],
      "faces": {
        "east": {
          "uv": [
            6,
            4.125,
            6.5,
            4.40625
          ],
          "tintindex": 0,
          "rotation": 0,
          "texture": "#0"
        },
        "south": {
          "uv": [
            7.125,
            1.625,
            7.375,
            1.90625
          ],
          "tintindex": 0,
          "rotation": 0,
          "texture": "#0"
        },
        "north": {
          "uv": [
            7.125,
            0.25,
            7.375,
            0.53125
          ],
          "tintindex": 0,
          "rotation": 0,
          "texture": "#0"
        },
        "west": {
          "uv": [
            6,
            4.5,
            6.5,
            4.78125
          ],
          "tintindex": 0,
          "rotation": 0,
          "texture": "#0"
        },
        "up": {
          "uv": [
            1,
            2.25,
            0.75,
            1.75
          ],
          "tintindex": 0,
          "rotation": 0,
          "texture": "#0"
        },
        "down": {
          "uv": [
            6.375,
            0.875,
            6.125,
            1.375
          ],
          "tintindex": 0,
          "rotation": 0,
          "texture": "#0"
        }
      },
      "rotation": {
        "origin": [
          4.863247,
          2.145584,
          8.974264
        ],
        "angle": 45,
        "axis": "z"
      }
    },
    {
      "from": [
        3.5052776,
        2.145584,
        5.974264
      ],
      "to": [
        6.405278,
        3.645584,
        10.174264
      ],
      "faces": {
        "east": {
          "uv": [
            6.375,
            5.125,
            6.90625,
            5.3125
          ],
          "tintindex": 0,
          "rotation": 0,
          "texture": "#0"
        },
        "south": {
          "uv": [
            7,
            6.875,
            7.375,
            7.0625
          ],
          "tintindex": 0,
          "rotation": 0,
          "texture": "#0"
        },
        "north": {
          "uv": [
            7,
            6.625,
            7.375,
            6.8125
          ],
          "tintindex": 0,
          "rotation": 0,
          "texture": "#0"
        },
        "west": {
          "uv": [
            6.5,
            2.125,
            7.03125,
            2.3125
          ],
          "tintindex": 0,
          "rotation": 0,
          "texture": "#0"
        },
        "up": {
          "uv": [
            2.5,
            5.78125,
            2.125,
            5.25
          ],
          "tintindex": 0,
          "rotation": 0,
          "texture": "#0"
        },
        "down": {
          "uv": [
            2.875,
            5.25,
            2.5,
            5.78125
          ],
          "tintindex": 0,
          "rotation": 0,
          "texture": "#0"
        }
      }
    },
    {
      "from": [
        5.955278,
        12.692894,
        10.064466
      ],
      "to": [
        7.7552776,
        14.592894,
        12.864466
      ],
      "faces": {
        "east": {
          "uv": [
            5.59375,
            6.875,
            5.25,
            7.125
          ],
          "tintindex": 0,
          "rotation": 0,
          "texture": "#0"
        },
        "south": {
          "uv": [
            5.21875,
            7.375,
            5,
            7.625
          ],
          "tintindex": 0,
          "rotation": 0,
          "texture": "#0"
        },
        "north": {
          "uv": [
            7.59375,
            4.875,
            7.375,
            5.125
          ],
          "tintindex": 0,
          "rotation": 0,
          "texture": "#0"
        },
        "west": {
          "uv": [
            5.21875,
            6.875,
            4.875,
            7.125
          ],
          "tintindex": 0,
          "rotation": 0,
          "texture": "#0"
        },
        "up": {
          "uv": [
            2.25,
            7.34375,
            2.46875,
            7
          ],
          "tintindex": 0,
          "rotation": 0,
          "texture": "#0"
        },
        "down": {
          "uv": [
            7,
            2.375,
            7.21875,
            2.71875
          ],
          "tintindex": 0,
          "rotation": 0,
          "texture": "#0"
        }
      },
      "rotation": {
        "origin": [
          8,
          14.700001,
          11.3
        ],
        "angle": 22.5,
        "axis": "x"
      }
    },
    {
      "from": [
        1.8473091,
        1.0455847,
        6.074264
      ],
      "to": [
        3.947309,
        3.2455845,
        10.074265
      ],
      "faces": {
        "east": {
          "uv": [
            6,
            5.5,
            6.5,
            5.78125
          ],
          "tintindex": 0,
          "rotation": 0,
          "texture": "#0"
        },
        "south": {
          "uv": [
            2.5,
            7.125,
            2.75,
            7.40625
          ],
          "tintindex": 0,
          "rotation": 0,
          "texture": "#0"
        },
        "north": {
          "uv": [
            7.125,
            2,
            7.375,
            2.28125
          ],
          "tintindex": 0,
          "rotation": 0,
          "texture": "#0"
        },
        "west": {
          "uv": [
            6,
            5.875,
            6.5,
            6.15625
          ],
          "tintindex": 0,
          "rotation": 0,
          "texture": "#0"
        },
        "up": {
          "uv": [
            1.375,
            6.625,
            1.125,
            6.125
          ],
          "tintindex": 0,
          "rotation": 0,
          "texture": "#0"
        },
        "down": {
          "uv": [
            6.375,
            1.375,
            6.125,
            1.875
          ],
          "tintindex": 0,
          "rotation": 0,
          "texture": "#0"
        }
      },
      "rotation": {
        "origin": [
          5.047309,
          2.145584,
          8.974264
        ],
        "angle": -45,
        "axis": "z"
      }
    },
    {
      "from": [
        2.0552783,
        16.185787,
        9.785787
      ],
      "to": [
        3.8552785,
        18.985786,
        11.685786
      ],
      "faces": {
        "east": {
          "uv": [
            0,
            6.875,
            0.25,
            7.21875
          ],
          "tintindex": 0,
          "rotation": 0,
          "texture": "#0"
        },
        "south": {
          "uv": [
            1.25,
            7,
            1.46875,
            7.34375
          ],
          "tintindex": 0,
          "rotation": 0,
          "texture": "#0"
        },
        "north": {
          "uv": [
            7,
            0.625,
            7.21875,
            0.96875
          ],
          "tintindex": 0,
          "rotation": 0,
          "texture": "#0"
        },
        "west": {
          "uv": [
            0.25,
            6.875,
            0.5,
            7.21875
          ],
          "tintindex": 0,
          "rotation": 0,
          "texture": "#0"
        },
        "up": {
          "uv": [
            7.59375,
            3.25,
            7.375,
            3
          ],
          "tintindex": 0,
          "rotation": 0,
          "texture": "#0"
        },
        "down": {
          "uv": [
            7.59375,
            3.25,
            7.375,
            3.5
          ],
          "tintindex": 0,
          "rotation": 0,
          "texture": "#0"
        }
      },
      "rotation": {
        "origin": [
          -0.18944359,
          15.299999,
          11.8
        ],
        "angle": 22.5,
        "axis": "x"
      }
    },
    {
      "from": [
        2.4052782,
        12.200001,
        11.1
      ],
      "to": [
        3.705278,
        13.6,
        14
      ],
      "faces": {
        "east": {
          "uv": [
            7.125,
            5.5,
            7.5,
            5.6875
          ],
          "tintindex": 0,
          "rotation": 0,
          "texture": "#0"
        },
        "south": {
          "uv": [
            5.375,
            7.625,
            5.53125,
            7.8125
          ],
          "tintindex": 0,
          "rotation": 0,
          "texture": "#0"
        },
        "north": {
          "uv": [
            7.625,
            5.125,
            7.78125,
            5.3125
          ],
          "tintindex": 0,
          "rotation": 0,
          "texture": "#0"
        },
        "west": {
          "uv": [
            7.125,
            5.75,
            7.5,
            5.9375
          ],
          "tintindex": 0,
          "rotation": 0,
          "texture": "#0"
        },
        "up": {
          "uv": [
            7.53125,
            0.625,
            7.375,
            0.25
          ],
          "tintindex": 0,
          "rotation": 0,
          "texture": "#0"
        },
        "down": {
          "uv": [
            1.40625,
            7.375,
            1.25,
            7.75
          ],
          "tintindex": 0,
          "rotation": 0,
          "texture": "#0"
        }
      },
      "rotation": {
        "origin": [
          1.9105558,
          14.700001,
          11.3
        ],
        "angle": -22.5,
        "axis": "x"
      }
    },
    {
      "from": [
        5.9552774,
        15.799999,
        9.6
      ],
      "to": [
        7.9552774,
        17.7,
        12.4
      ],
      "faces": {
        "east": {
          "uv": [
            5.71875,
            6.625,
            5.375,
            6.875
          ],
          "tintindex": 0,
          "rotation": 0,
          "texture": "#0"
        },
        "south": {
          "uv": [
            4,
            1.875,
            3.75,
            2.125
          ],
          "tintindex": 0,
          "rotation": 0,
          "texture": "#0"
        },
        "north": {
          "uv": [
            2.25,
            3.25,
            2,
            3.5
          ],
          "tintindex": 0,
          "rotation": 0,
          "texture": "#0"
        },
        "west": {
          "uv": [
            5.34375,
            6.625,
            5,
            6.875
          ],
          "tintindex": 0,
          "rotation": 0,
          "texture": "#0"
        },
        "up": {
          "uv": [
            3.625,
            7.09375,
            3.875,
            6.75
          ],
          "tintindex": 0,
          "rotation": 0,
          "texture": "#0"
        },
        "down": {
          "uv": [
            3.875,
            6.75,
            4.125,
            7.09375
          ],
          "tintindex": 0,
          "rotation": 0,
          "texture": "#0"
        }
      },
      "rotation": {
        "origin": [
          10.1,
          15.299999,
          11.8
        ],
        "angle": -22.5,
        "axis": "x"
      }
    },
    {
      "from": [
        1.9552784,
        15.799999,
        9.6
      ],
      "to": [
        3.9552784,
        17.7,
        12.4
      ],
      "faces": {
        "east": {
          "uv": [
            5,
            6.625,
            5.34375,
            6.875
          ],
          "tintindex": 0,
          "rotation": 0,
          "texture": "#0"
        },
        "south": {
          "uv": [
            3.75,
            1.875,
            4,
            2.125
          ],
          "tintindex": 0,
          "rotation": 0,
          "texture": "#0"
        },
        "north": {
          "uv": [
            2,
            3.25,
            2.25,
            3.5
          ],
          "tintindex": 0,
          "rotation": 0,
          "texture": "#0"
        },
        "west": {
          "uv": [
            5.375,
            6.625,
            5.71875,
            6.875
          ],
          "tintindex": 0,
          "rotation": 0,
          "texture": "#0"
        },
        "up": {
          "uv": [
            3.875,
            7.09375,
            3.625,
            6.75
          ],
          "tintindex": 0,
          "rotation": 0,
          "texture": "#0"
        },
        "down": {
          "uv": [
            4.125,
            6.75,
            3.875,
            7.09375
          ],
          "tintindex": 0,
          "rotation": 0,
          "texture": "#0"
        }
      },
      "rotation": {
        "origin": [
          -0.18944359,
          15.299999,
          11.8
        ],
        "angle": -22.5,
        "axis": "x"
      }
    },
    {
      "from": [
        6.0552773,
        16.185787,
        9.785787
      ],
      "to": [
        7.8552775,
        18.985786,
        11.685786
      ],
      "faces": {
        "east": {
          "uv": [
            0.5,
            6.875,
            0.25,
            7.21875
          ],
          "tintindex": 0,
          "rotation": 0,
          "texture": "#0"
        },
        "south": {
          "uv": [
            1.46875,
            7,
            1.25,
            7.34375
          ],
          "tintindex": 0,
          "rotation": 0,
          "texture": "#0"
        },
        "north": {
          "uv": [
            7.21875,
            0.625,
            7,
            0.96875
          ],
          "tintindex": 0,
          "rotation": 0,
          "texture": "#0"
        },
        "west": {
          "uv": [
            0.25,
            6.875,
            0,
            7.21875
          ],
          "tintindex": 0,
          "rotation": 0,
          "texture": "#0"
        },
        "up": {
          "uv": [
            7.375,
            3.25,
            7.59375,
            3
          ],
          "tintindex": 0,
          "rotation": 0,
          "texture": "#0"
        },
        "down": {
          "uv": [
            7.375,
            3.25,
            7.59375,
            3.5
          ],
          "tintindex": 0,
          "rotation": 0,
          "texture": "#0"
        }
      },
      "rotation": {
        "origin": [
          10.1,
          15.299999,
          11.8
        ],
        "angle": 22.5,
        "axis": "x"
      }
    },
    {
      "from": [
        6.205278,
        8.799999,
        11.1
      ],
      "to": [
        7.5052776,
        10.200001,
        14
      ],
      "faces": {
        "east": {
          "uv": [
            7.5,
            6.25,
            7.125,
            6.4375
          ],
          "tintindex": 0,
          "rotation": 0,
          "texture": "#0"
        },
        "south": {
          "uv": [
            6.03125,
            7.625,
            5.875,
            7.8125
          ],
          "tintindex": 0,
          "rotation": 0,
          "texture": "#0"
        },
        "north": {
          "uv": [
            5.78125,
            7.625,
            5.625,
            7.8125
          ],
          "tintindex": 0,
          "rotation": 0,
          "texture": "#0"
        },
        "west": {
          "uv": [
            7.5,
            6,
            7.125,
            6.1875
          ],
          "tintindex": 0,
          "rotation": 0,
          "texture": "#0"
        },
        "up": {
          "uv": [
            1.5,
            7.75,
            1.65625,
            7.375
          ],
          "tintindex": 0,
          "rotation": 0,
          "texture": "#0"
        },
        "down": {
          "uv": [
            7.375,
            1.5,
            7.53125,
            1.875
          ],
          "tintindex": 0,
          "rotation": 0,
          "texture": "#0"
        }
      },
      "rotation": {
        "origin": [
          8,
          11.299999,
          11.3
        ],
        "angle": 22.5,
        "axis": "x"
      }
    },
    {
      "from": [
        2.2552786,
        18.1,
        12.9
      ],
      "to": [
        3.5552783,
        21,
        14.3
      ],
      "faces": {
        "east": {
          "uv": [
            3,
            7.125,
            3.1875,
            7.5
          ],
          "tintindex": 0,
          "rotation": 0,
          "texture": "#0"
        },
        "south": {
          "uv": [
            5.625,
            7.25,
            5.78125,
            7.625
          ],
          "tintindex": 0,
          "rotation": 0,
          "texture": "#0"
        },
        "north": {
          "uv": [
            2.75,
            7.25,
            2.90625,
            7.625
          ],
          "tintindex": 0,
          "rotation": 0,
          "texture": "#0"
        },
        "west": {
          "uv": [
            7.125,
            3.25,
            7.3125,
            3.625
          ],
          "tintindex": 0,
          "rotation": 0,
          "texture": "#0"
        },
        "up": {
          "uv": [
            7.78125,
            4.1875,
            7.625,
            4
          ],
          "tintindex": 0,
          "rotation": 0,
          "texture": "#0"
        },
        "down": {
          "uv": [
            7.78125,
            4.25,
            7.625,
            4.4375
          ],
          "tintindex": 0,
          "rotation": 0,
          "texture": "#0"
        }
      },
      "rotation": {
        "origin": [
          -0.18944359,
          15.299999,
          11.8
        ],
        "angle": -22.5,
        "axis": "x"
      }
    },
    {
      "from": [
        1.9552779,
        3.645584,
        6.024264
      ],
      "to": [
        7.955278,
        7.9455853,
        10.124264
      ],
      "faces": {
        "east": {
          "uv": [
            4.5,
            4.625,
            5,
            5.15625
          ],
          "tintindex": 0,
          "rotation": 0,
          "texture": "#0"
        },
        "south": {
          "uv": [
            3.5,
            0.625,
            4.25,
            1.15625
          ],
          "tintindex": 0,
          "rotation": 0,
          "texture": "#0"
        },
        "north": {
          "uv": [
            3.5,
            0,
            4.25,
            0.53125
          ],
          "tintindex": 0,
          "rotation": 0,
          "texture": "#0"
        },
        "west": {
          "uv": [
            4.75,
            0,
            5.25,
            0.53125
          ],
          "tintindex": 0,
          "rotation": 0,
          "texture": "#0"
        },
        "up": {
          "uv": [
            4.5,
            3.125,
            3.75,
            2.625
          ],
          "tintindex": 0,
          "rotation": 0,
          "texture": "#0"
        },
        "down": {
          "uv": [
            4.75,
            1.875,
            4,
            2.375
          ],
          "tintindex": 0,
          "rotation": 0,
          "texture": "#0"
        }
      }
    },
    {
      "from": [
        11.810968,
        12.77034,
        5.424264
      ],
      "to": [
        14.510969,
        19.170341,
        10.624264
      ],
      "faces": {
        "east": {
          "uv": [
            1.75,
            1.5,
            2.40625,
            2.3125
          ],
          "tintindex": 0,
          "rotation": 0,
          "texture": "#0"
        },
        "south": {
          "uv": [
            2.5,
            4.375,
            2.84375,
            5.1875
          ],
          "tintindex": 0,
          "rotation": 0,
          "texture": "#0"
        },
        "north": {
          "uv": [
            2.125,
            4.375,
            2.46875,
            5.1875
          ],
          "tintindex": 0,
          "rotation": 0,
          "texture": "#0"
        },
        "west": {
          "uv": [
            2,
            0,
            2.65625,
            0.8125
          ],
          "tintindex": 0,
          "rotation": 0,
          "texture": "#0"
        },
        "up": {
          "uv": [
            5.34375,
            1.28125,
            5,
            0.625
          ],
          "tintindex": 0,
          "rotation": 0,
          "texture": "#0"
        },
        "down": {
          "uv": [
            5.34375,
            4.625,
            5,
            5.28125
          ],
          "tintindex": 0,
          "rotation": 0,
          "texture": "#0"
        }
      },
      "rotation": {
        "origin": [
          18.51097,
          -16.929659,
          14.424264
        ],
        "angle": 22.5,
        "axis": "z"
      }
    },
    {
      "from": [
        2.1552782,
        12.692894,
        10.064466
      ],
      "to": [
        3.955278,
        14.592894,
        12.864466
      ],
      "faces": {
        "east": {
          "uv": [
            4.875,
            6.875,
            5.21875,
            7.125
          ],
          "tintindex": 0,
          "rotation": 0,
          "texture": "#0"
        },
        "south": {
          "uv": [
            5,
            7.375,
            5.21875,
            7.625
          ],
          "tintindex": 0,
          "rotation": 0,
          "texture": "#0"
        },
        "north": {
          "uv": [
            7.375,
            4.875,
            7.59375,
            5.125
          ],
          "tintindex": 0,
          "rotation": 0,
          "texture": "#0"
        },
        "west": {
          "uv": [
            5.25,
            6.875,
            5.59375,
            7.125
          ],
          "tintindex": 0,
          "rotation": 0,
          "texture": "#0"
        },
        "up": {
          "uv": [
            2.46875,
            7.34375,
            2.25,
            7
          ],
          "tintindex": 0,
          "rotation": 0,
          "texture": "#0"
        },
        "down": {
          "uv": [
            7.21875,
            2.375,
            7,
            2.71875
          ],
          "tintindex": 0,
          "rotation": 0,
          "texture": "#0"
        }
      },
      "rotation": {
        "origin": [
          1.9105558,
          14.700001,
          11.3
        ],
        "angle": 22.5,
        "axis": "x"
      }
    },
    {
      "from": [
        2.4052782,
        8.799999,
        11.1
      ],
      "to": [
        3.705278,
        10.200001,
        14
      ],
      "faces": {
        "east": {
          "uv": [
            7.125,
            6,
            7.5,
            6.1875
          ],
          "tintindex": 0,
          "rotation": 0,
          "texture": "#0"
        },
        "south": {
          "uv": [
            5.875,
            7.625,
            6.03125,
            7.8125
          ],
          "tintindex": 0,
          "rotation": 0,
          "texture": "#0"
        },
        "north": {
          "uv": [
            5.625,
            7.625,
            5.78125,
            7.8125
          ],
          "tintindex": 0,
          "rotation": 0,
          "texture": "#0"
        },
        "west": {
          "uv": [
            7.125,
            6.25,
            7.5,
            6.4375
          ],
          "tintindex": 0,
          "rotation": 0,
          "texture": "#0"
        },
        "up": {
          "uv": [
            1.65625,
            7.75,
            1.5,
            7.375
          ],
          "tintindex": 0,
          "rotation": 0,
          "texture": "#0"
        },
        "down": {
          "uv": [
            7.53125,
            1.5,
            7.375,
            1.875
          ],
          "tintindex": 0,
          "rotation": 0,
          "texture": "#0"
        }
      },
      "rotation": {
        "origin": [
          1.9105558,
          11.299999,
          11.3
        ],
        "angle": 22.5,
        "axis": "x"
      }
    },
    {
      "from": [
        3.0052776,
        7.657057,
        11.5377655
      ],
      "to": [
        3.105278,
        9.057056,
        16.437767
      ],
      "faces": {
        "east": {
          "uv": [
            6.375,
            0,
            7,
            0.1875
          ],
          "tintindex": 0,
          "rotation": 0,
          "texture": "#0"
        },
        "south": {
          "uv": [
            7.75,
            7.5,
            7.78125,
            7.6875
          ],
          "tintindex": 0,
          "rotation": 0,
          "texture": "#0"
        },
        "north": {
          "uv": [
            7.5,
            7.75,
            7.53125,
            7.9375
          ],
          "tintindex": 0,
          "rotation": 0,
          "texture": "#0"
        },
        "west": {
          "uv": [
            6.375,
            1.25,
            7,
            1.4375
          ],
          "tintindex": 0,
          "rotation": 0,
          "texture": "#0"
        },
        "up": {
          "uv": [
            1.15625,
            8.375,
            1.125,
            7.75
          ],
          "tintindex": 0,
          "rotation": 0,
          "texture": "#0"
        },
        "down": {
          "uv": [
            1.28125,
            7.75,
            1.25,
            8.375
          ],
          "tintindex": 0,
          "rotation": 0,
          "texture": "#0"
        }
      },
      "rotation": {
        "origin": [
          1.9105558,
          11.299999,
          11.3
        ],
        "angle": -22.5,
        "axis": "x"
      }
    },
    {
      "from": [
        2.9552784,
        18.81554,
        6.9817405
      ],
      "to": [
        3.0552783,
        20.21554,
        9.881741
      ],
      "faces": {
        "east": {
          "uv": [
            3.625,
            7.125,
            3.8125,
            7.5
          ],
          "tintindex": 0,
          "rotation": 90,
          "texture": "#0"
        },
        "south": {
          "uv": [
            3.53125,
            7.25,
            3.5,
            7.4375
          ],
          "tintindex": 0,
          "rotation": 0,
          "texture": "#0"
        },
        "north": {
          "uv": [
            4.53125,
            6.8125,
            4.5,
            6.625
          ],
          "tintindex": 0,
          "rotation": 180,
          "texture": "#0"
        },
        "west": {
          "uv": [
            3.625,
            7.5,
            3.8125,
            7.125
          ],
          "tintindex": 0,
          "rotation": 90,
          "texture": "#0"
        },
        "up": {
          "uv": [
            3.875,
            7.75,
            3.90625,
            8.125
          ],
          "tintindex": 0,
          "rotation": 0,
          "texture": "#0"
        },
        "down": {
          "uv": [
            3.75,
            7.75,
            3.78125,
            8.125
          ],
          "tintindex": 0,
          "rotation": 180,
          "texture": "#0"
        }
      },
      "rotation": {
        "origin": [
          0.5105562,
          15.724546,
          14.191145
        ],
        "angle": 22.5,
        "axis": "x"
      }
    },
    {
      "from": [
        6.3552775,
        18.1,
        12.9
      ],
      "to": [
        7.6552773,
        21,
        14.3
      ],
      "faces": {
        "east": {
          "uv": [
            7.3125,
            3.25,
            7.125,
            3.625
          ],
          "tintindex": 0,
          "rotation": 0,
          "texture": "#0"
        },
        "south": {
          "uv": [
            5.78125,
            7.25,
            5.625,
            7.625
          ],
          "tintindex": 0,
          "rotation": 0,
          "texture": "#0"
        },
        "north": {
          "uv": [
            2.90625,
            7.25,
            2.75,
            7.625
          ],
          "tintindex": 0,
          "rotation": 0,
          "texture": "#0"
        },
        "west": {
          "uv": [
            3.1875,
            7.125,
            3,
            7.5
          ],
          "tintindex": 0,
          "rotation": 0,
          "texture": "#0"
        },
        "up": {
          "uv": [
            7.625,
            4.1875,
            7.78125,
            4
          ],
          "tintindex": 0,
          "rotation": 0,
          "texture": "#0"
        },
        "down": {
          "uv": [
            7.625,
            4.25,
            7.78125,
            4.4375
          ],
          "tintindex": 0,
          "rotation": 0,
          "texture": "#0"
        }
      },
      "rotation": {
        "origin": [
          10.1,
          15.299999,
          11.8
        ],
        "angle": -22.5,
        "axis": "x"
      }
    },
    {
      "from": [
        6.205278,
        12.200001,
        11.1
      ],
      "to": [
        7.5052776,
        13.6,
        14
      ],
      "faces": {
        "east": {
          "uv": [
            7.5,
            5.75,
            7.125,
            5.9375
          ],
          "tintindex": 0,
          "rotation": 0,
          "texture": "#0"
        },
        "south": {
          "uv": [
            5.53125,
            7.625,
            5.375,
            7.8125
          ],
          "tintindex": 0,
          "rotation": 0,
          "texture": "#0"
        },
        "north": {
          "uv": [
            7.78125,
            5.125,
            7.625,
            5.3125
          ],
          "tintindex": 0,
          "rotation": 0,
          "texture": "#0"
        },
        "west": {
          "uv": [
            7.5,
            5.5,
            7.125,
            5.6875
          ],
          "tintindex": 0,
          "rotation": 0,
          "texture": "#0"
        },
        "up": {
          "uv": [
            7.375,
            0.625,
            7.53125,
            0.25
          ],
          "tintindex": 0,
          "rotation": 0,
          "texture": "#0"
        },
        "down": {
          "uv": [
            1.25,
            7.375,
            1.40625,
            7.75
          ],
          "tintindex": 0,
          "rotation": 0,
          "texture": "#0"
        }
      },
      "rotation": {
        "origin": [
          8,
          14.700001,
          11.3
        ],
        "angle": -22.5,
        "axis": "x"
      }
    },
    {
      "from": [
        -4.6004124,
        12.77034,
        5.424264
      ],
      "to": [
        -1.9004135,
        19.170341,
        10.624264
      ],
      "faces": {
        "east": {
          "uv": [
            0.75,
            2.375,
            1.40625,
            3.1875
          ],
          "tintindex": 0,
          "rotation": 0,
          "texture": "#0"
        },
        "south": {
          "uv": [
            3.25,
            4.375,
            3.59375,
            5.1875
          ],
          "tintindex": 0,
          "rotation": 0,
          "texture": "#0"
        },
        "north": {
          "uv": [
            2.875,
            4.375,
            3.21875,
            5.1875
          ],
          "tintindex": 0,
          "rotation": 0,
          "texture": "#0"
        },
        "west": {
          "uv": [
            1.5,
            2.375,
            2.15625,
            3.1875
          ],
          "tintindex": 0,
          "rotation": 0,
          "texture": "#0"
        },
        "up": {
          "uv": [
            3.96875,
            5.78125,
            3.625,
            5.125
          ],
          "tintindex": 0,
          "rotation": 0,
          "texture": "#0"
        },
        "down": {
          "uv": [
            4.34375,
            5.125,
            4,
            5.78125
          ],
          "tintindex": 0,
          "rotation": 0,
          "texture": "#0"
        }
      },
      "rotation": {
        "origin": [
          -8.600412,
          -16.929659,
          14.424264
        ],
        "angle": -22.5,
        "axis": "z"
      }
    },
    {
      "from": [
        0.9552784,
        13.9,
        8.6
      ],
      "to": [
        8.955278,
        17.7,
        12.4
      ],
      "faces": {
        "east": {
          "uv": [
            5.125,
            2.375,
            5.59375,
            2.84375
          ],
          "tintindex": 0,
          "rotation": 0,
          "texture": "#0"
        },
        "south": {
          "uv": [
            2.25,
            3,
            3.25,
            3.46875
          ],
          "tintindex": 0,
          "rotation": 0,
          "texture": "#0"
        },
        "north": {
          "uv": [
            3,
            2.125,
            4,
            2.59375
          ],
          "tintindex": 0,
          "rotation": 0,
          "texture": "#0"
        },
        "west": {
          "uv": [
            5.125,
            4,
            5.59375,
            4.46875
          ],
          "tintindex": 0,
          "rotation": 0,
          "texture": "#0"
        },
        "up": {
          "uv": [
            1,
            3.71875,
            0,
            3.25
          ],
          "tintindex": 0,
          "rotation": 0,
          "texture": "#0"
        },
        "down": {
          "uv": [
            2,
            3.25,
            1,
            3.71875
          ],
          "tintindex": 0,
          "rotation": 0,
          "texture": "#0"
        }
      },
      "rotation": {
        "origin": [
          -0.18944359,
          12.4,
          10.3
        ],
        "angle": -45,
        "axis": "x"
      }
    }
  ],
  "display": {
    "gui": {
      "rotation": [
        30,
        225,
        0
      ]
    }
  }
}