{
  "textures": {
    "0": "modelengine:entity/demonground"
  },
  "elements": [
    {
      "from": [
        7.3,
        0.8000002,
        8.3
      ],
      "to": [
        8.9,
        1.6000004,
        12.1
      ],
      "faces": {
        "east": {
          "uv": [
            4.375,
            7.5,
            4.84375,
            7.59375
          ],
          "tintindex": 0,
          "rotation": 0,
          "texture": "#0"
        },
        "south": {
          "uv": [
            3,
            7.75,
            3.1875,
            7.84375
          ],
          "tintindex": 0,
          "rotation": 0,
          "texture": "#0"
        },
        "north": {
          "uv": [
            7.75,
            2.875,
            7.9375,
            2.96875
          ],
          "tintindex": 0,
          "rotation": 0,
          "texture": "#0"
        },
        "west": {
          "uv": [
            7.5,
            4.5,
            7.96875,
            4.59375
          ],
          "tintindex": 0,
          "rotation": 0,
          "texture": "#0"
        },
        "up": {
          "uv": [
            2.6875,
            7.09375,
            2.5,
            6.625
          ],
          "tintindex": 0,
          "rotation": 0,
          "texture": "#0"
        },
        "down": {
          "uv": [
            4.3125,
            6.625,
            4.125,
            7.09375
          ],
          "tintindex": 0,
          "rotation": 0,
          "texture": "#0"
        }
      }
    },
    {
      "from": [
        7.35,
        0.9000001,
        7.6
      ],
      "to": [
        8.85,
        1.5,
        9.7
      ],
      "faces": {
        "east": {
          "uv": [
            7.75,
            3,
            8,
            3.0625
          ],
          "tintindex": 0,
          "rotation": 0,
          "texture": "#0"
        },
        "south": {
          "uv": [
            7.75,
            3.375,
            7.9375,
            3.4375
          ],
          "tintindex": 0,
          "rotation": 0,
          "texture": "#0"
        },
        "north": {
          "uv": [
            7.75,
            3.25,
            7.9375,
            3.3125
          ],
          "tintindex": 0,
          "rotation": 0,
          "texture": "#0"
        },
        "west": {
          "uv": [
            7.75,
            3.125,
            8,
            3.1875
          ],
          "tintindex": 0,
          "rotation": 0,
          "texture": "#0"
        },
        "up": {
          "uv": [
            4.0625,
            7.75,
            3.875,
            7.5
          ],
          "tintindex": 0,
          "rotation": 0,
          "texture": "#0"
        },
        "down": {
          "uv": [
            4.3125,
            7.5,
            4.125,
            7.75
          ],
          "tintindex": 0,
          "rotation": 0,
          "texture": "#0"
        }
      }
    },
    {
      "from": [
        7.35,
        0.6000004,
        8.5
      ],
      "to": [
        8.85,
        1.9000001,
        11.7
      ],
      "faces": {
        "east": {
          "uv": [
            7.25,
            0.625,
            7.65625,
            0.78125
          ],
          "tintindex": 0,
          "rotation": 0,
          "texture": "#0"
        },
        "south": {
          "uv": [
            7.625,
            3.75,
            7.8125,
            3.90625
          ],
          "tintindex": 0,
          "rotation": 0,
          "texture": "#0"
        },
        "north": {
          "uv": [
            7.625,
            3.5,
            7.8125,
            3.65625
          ],
          "tintindex": 0,
          "rotation": 0,
          "texture": "#0"
        },
        "west": {
          "uv": [
            7.25,
            1.25,
            7.65625,
            1.40625
          ],
          "tintindex": 0,
          "rotation": 0,
          "texture": "#0"
        },
        "up": {
          "uv": [
            0.6875,
            7.40625,
            0.5,
            7
          ],
          "tintindex": 0,
          "rotation": 0,
          "texture": "#0"
        },
        "down": {
          "uv": [
            1.1875,
            7,
            1,
            7.40625
          ],
          "tintindex": 0,
          "rotation": 0,
          "texture": "#0"
        }
      },
      "rotation": {
        "origin": [
          9.8,
          1.6000004,
          11
        ],
        "angle": 22.5,
        "axis": "x"
      }
    },
    {
      "from": [
        7.2,
        7,
        7.7
      ],
      "to": [
        9,
        8.6,
        11.4
      ],
      "faces": {
        "east": {
          "uv": [
            6.625,
            1,
            7.09375,
            1.1875
          ],
          "tintindex": 0,
          "rotation": 0,
          "texture": "#0"
        },
        "south": {
          "uv": [
            7.5,
            5.375,
            7.71875,
            5.5625
          ],
          "tintindex": 0,
          "rotation": 0,
          "texture": "#0"
        },
        "north": {
          "uv": [
            7.5,
            4.625,
            7.71875,
            4.8125
          ],
          "tintindex": 0,
          "rotation": 0,
          "texture": "#0"
        },
        "west": {
          "uv": [
            6.625,
            1.875,
            7.09375,
            2.0625
          ],
          "tintindex": 0,
          "rotation": 0,
          "texture": "#0"
        },
        "up": {
          "uv": [
            1.59375,
            6.96875,
            1.375,
            6.5
          ],
          "tintindex": 0,
          "rotation": 0,
          "texture": "#0"
        },
        "down": {
          "uv": [
            1.84375,
            6.5,
            1.625,
            6.96875
          ],
          "tintindex": 0,
          "rotation": 0,
          "texture": "#0"
        }
      }
    },
    {
      "from": [
        7.4,
        1.6000004,
        10.4
      ],
      "to": [
        8.8,
        8.200001,
        11.9
      ],
      "faces": {
        "east": {
          "uv": [
            4.75,
            5.625,
            4.9375,
            6.4375
          ],
          "tintindex": 0,
          "rotation": 0,
          "texture": "#0"
        },
        "south": {
          "uv": [
            5.75,
            5.5,
            5.9375,
            6.3125
          ],
          "tintindex": 0,
          "rotation": 0,
          "texture": "#0"
        },
        "north": {
          "uv": [
            3.375,
            5.625,
            3.5625,
            6.4375
          ],
          "tintindex": 0,
          "rotation": 0,
          "texture": "#0"
        },
        "west": {
          "uv": [
            5.875,
            0.875,
            6.0625,
            1.6875
          ],
          "tintindex": 0,
          "rotation": 0,
          "texture": "#0"
        },
        "up": {
          "uv": [
            7.8125,
            1.9375,
            7.625,
            1.75
          ],
          "tintindex": 0,
          "rotation": 0,
          "texture": "#0"
        },
        "down": {
          "uv": [
            7.8125,
            2,
            7.625,
            2.1875
          ],
          "tintindex": 0,
          "rotation": 0,
          "texture": "#0"
        }
      }
    }
  ],
  "display": {
    "gui": {
      "rotation": [
        30,
        225,
        0
      ]
    }
  }
}