{
  "textures": {
    "0": "modelengine:entity/demonground"
  },
  "elements": [
    {
      "from": [
        7.405691,
        5.831721,
        6.2
      ],
      "to": [
        8.605691,
        8.331721,
        7.1
      ],
      "faces": {
        "east": {
          "uv": [
            7.625,
            6.125,
            7.5,
            6.4375
          ],
          "tintindex": 0,
          "rotation": 0,
          "texture": "#0"
        },
        "south": {
          "uv": [
            0.15625,
            7.5,
            0,
            7.8125
          ],
          "tintindex": 0,
          "rotation": 0,
          "texture": "#0"
        },
        "north": {
          "uv": [
            7.53125,
            7.25,
            7.375,
            7.5625
          ],
          "tintindex": 0,
          "rotation": 0,
          "texture": "#0"
        },
        "west": {
          "uv": [
            5,
            7.5,
            4.875,
            7.8125
          ],
          "tintindex": 0,
          "rotation": 0,
          "texture": "#0"
        },
        "up": {
          "uv": [
            7.75,
            1.375,
            7.90625,
            1.25
          ],
          "tintindex": 0,
          "rotation": 0,
          "texture": "#0"
        },
        "down": {
          "uv": [
            7.75,
            1.375,
            7.90625,
            1.5
          ],
          "tintindex": 0,
          "rotation": 0,
          "texture": "#0"
        }
      }
    },
    {
      "from": [
        7.405691,
        5.231721,
        7.5
      ],
      "to": [
        8.605691,
        8.331721,
        8.4
      ],
      "faces": {
        "east": {
          "uv": [
            1.5,
            6.125,
            1.375,
            6.5
          ],
          "tintindex": 0,
          "rotation": 0,
          "texture": "#0"
        },
        "south": {
          "uv": [
            2.40625,
            7.375,
            2.25,
            7.75
          ],
          "tintindex": 0,
          "rotation": 0,
          "texture": "#0"
        },
        "north": {
          "uv": [
            2.15625,
            7.375,
            2,
            7.75
          ],
          "tintindex": 0,
          "rotation": 0,
          "texture": "#0"
        },
        "west": {
          "uv": [
            5.75,
            5,
            5.625,
            5.375
          ],
          "tintindex": 0,
          "rotation": 0,
          "texture": "#0"
        },
        "up": {
          "uv": [
            1.625,
            7.875,
            1.78125,
            7.75
          ],
          "tintindex": 0,
          "rotation": 0,
          "texture": "#0"
        },
        "down": {
          "uv": [
            1.875,
            7.75,
            2.03125,
            7.875
          ],
          "tintindex": 0,
          "rotation": 0,
          "texture": "#0"
        }
      }
    },
    {
      "from": [
        7.405691,
        6.231721,
        8.7
      ],
      "to": [
        8.605691,
        8.331721,
        9.6
      ],
      "faces": {
        "east": {
          "uv": [
            1.125,
            6.375,
            1,
            6.625
          ],
          "tintindex": 0,
          "rotation": 0,
          "texture": "#0"
        },
        "south": {
          "uv": [
            7.78125,
            0.25,
            7.625,
            0.5
          ],
          "tintindex": 0,
          "rotation": 0,
          "texture": "#0"
        },
        "north": {
          "uv": [
            7.78125,
            0,
            7.625,
            0.25
          ],
          "tintindex": 0,
          "rotation": 0,
          "texture": "#0"
        },
        "west": {
          "uv": [
            6.375,
            0.625,
            6.25,
            0.875
          ],
          "tintindex": 0,
          "rotation": 0,
          "texture": "#0"
        },
        "up": {
          "uv": [
            7.75,
            2.375,
            7.90625,
            2.25
          ],
          "tintindex": 0,
          "rotation": 0,
          "texture": "#0"
        },
        "down": {
          "uv": [
            2.375,
            7.75,
            2.53125,
            7.875
          ],
          "tintindex": 0,
          "rotation": 0,
          "texture": "#0"
        }
      }
    },
    {
      "from": [
        7.505691,
        0.43172073,
        7.9
      ],
      "to": [
        8.405691,
        5.5317206,
        8.1
      ],
      "faces": {
        "east": {
          "uv": [
            2.28125,
            7.75,
            2.25,
            8.375
          ],
          "tintindex": 0,
          "rotation": 0,
          "texture": "#0"
        },
        "south": {
          "uv": [
            7,
            6.625,
            6.875,
            7.25
          ],
          "tintindex": 0,
          "rotation": 0,
          "texture": "#0"
        },
        "north": {
          "uv": [
            6.875,
            6.625,
            7,
            7.25
          ],
          "tintindex": 0,
          "rotation": 0,
          "texture": "#0"
        },
        "west": {
          "uv": [
            2.15625,
            7.75,
            2.125,
            8.375
          ],
          "tintindex": 0,
          "rotation": 0,
          "texture": "#0"
        },
        "up": {
          "uv": [
            7.75,
            6.03125,
            7.875,
            6
          ],
          "tintindex": 0,
          "rotation": 0,
          "texture": "#0"
        },
        "down": {
          "uv": [
            7.75,
            7,
            7.875,
            7.03125
          ],
          "tintindex": 0,
          "rotation": 0,
          "texture": "#0"
        }
      },
      "rotation": {
        "origin": [
          8,
          5.8,
          14.1
        ],
        "angle": -22.5,
        "axis": "z"
      }
    },
    {
      "from": [
        7.505691,
        2.1317205,
        6.6
      ],
      "to": [
        8.405691,
        6.231721,
        6.8
      ],
      "faces": {
        "east": {
          "uv": [
            3.65625,
            7.75,
            3.625,
            8.25
          ],
          "tintindex": 0,
          "rotation": 0,
          "texture": "#0"
        },
        "south": {
          "uv": [
            0.5,
            7.25,
            0.375,
            7.75
          ],
          "tintindex": 0,
          "rotation": 0,
          "texture": "#0"
        },
        "north": {
          "uv": [
            0.375,
            7.25,
            0.5,
            7.75
          ],
          "tintindex": 0,
          "rotation": 0,
          "texture": "#0"
        },
        "west": {
          "uv": [
            3.53125,
            7.75,
            3.5,
            8.25
          ],
          "tintindex": 0,
          "rotation": 0,
          "texture": "#0"
        },
        "up": {
          "uv": [
            0.5,
            7.90625,
            0.625,
            7.875
          ],
          "tintindex": 0,
          "rotation": 0,
          "texture": "#0"
        },
        "down": {
          "uv": [
            0.625,
            7.875,
            0.75,
            7.90625
          ],
          "tintindex": 0,
          "rotation": 0,
          "texture": "#0"
        }
      },
      "rotation": {
        "origin": [
          8,
          5.8,
          14.1
        ],
        "angle": -22.5,
        "axis": "z"
      }
    },
    {
      "from": [
        13.805691,
        5.4317207,
        9.1
      ],
      "to": [
        14.705691,
        7.731721,
        9.3
      ],
      "faces": {
        "east": {
          "uv": [
            7.78125,
            6.375,
            7.75,
            6.65625
          ],
          "tintindex": 0,
          "rotation": 0,
          "texture": "#0"
        },
        "south": {
          "uv": [
            7.75,
            3.125,
            7.625,
            3.40625
          ],
          "tintindex": 0,
          "rotation": 0,
          "texture": "#0"
        },
        "north": {
          "uv": [
            3,
            7.625,
            2.875,
            7.90625
          ],
          "tintindex": 0,
          "rotation": 0,
          "texture": "#0"
        },
        "west": {
          "uv": [
            7.78125,
            5.625,
            7.75,
            5.90625
          ],
          "tintindex": 0,
          "rotation": 0,
          "texture": "#0"
        },
        "up": {
          "uv": [
            7.875,
            0.65625,
            8,
            0.625
          ],
          "tintindex": 0,
          "rotation": 0,
          "texture": "#0"
        },
        "down": {
          "uv": [
            7.875,
            0.75,
            8,
            0.78125
          ],
          "tintindex": 0,
          "rotation": 0,
          "texture": "#0"
        }
      },
      "rotation": {
        "origin": [
          7.7,
          23.099998,
          16.6
        ],
        "angle": -22.5,
        "axis": "z"
      }
    }
  ],
  "display": {
    "gui": {
      "rotation": [
        30,
        225,
        0
      ]
    }
  }
}