{"textures":{"0":"modelengine:entity/demonground"},"elements":[{"from":[7.260395,3.336907,6.905404],"to":[8.403252,7.1654787,9.0196905],"rotation":{"angle":0.0,"axis":"y","origin":[8.0,12.175924,11.533976]},"faces":{"east":{"uv":[3.96875,3.5,3.5,4.34375],"rotation":0,"texture":"#0","tintindex":0},"south":{"uv":[1.5,5.25,1.25,6.09375],"rotation":0,"texture":"#0","tintindex":0},"north":{"uv":[1.25,5.25,1.0,6.09375],"rotation":0,"texture":"#0","tintindex":0},"west":{"uv":[3.46875,3.5,3.0,4.34375],"rotation":0,"texture":"#0","tintindex":0},"up":{"uv":[0.75,6.84375,1.0,6.375],"rotation":0,"texture":"#0","tintindex":0},"down":{"uv":[5.75,6.375,6.0,6.84375],"rotation":0,"texture":"#0","tintindex":0}}},{"from":[7.288966,2.4752684,8.971429],"to":[8.3746805,3.9609833,10.457143],"rotation":{"angle":45.0,"axis":"x","origin":[8.0,7.3142858,13.6]},"faces":{"east":{"uv":[6.8125,4.125,6.5,4.4375],"rotation":0,"texture":"#0","tintindex":0},"south":{"uv":[7.125,6.25,6.875,6.5625],"rotation":0,"texture":"#0","tintindex":0},"north":{"uv":[6.375,6.875,6.125,7.1875],"rotation":0,"texture":"#0","tintindex":0},"west":{"uv":[6.8125,3.25,6.5,3.5625],"rotation":0,"texture":"#0","tintindex":0},"up":{"uv":[6.375,7.1875,6.625,6.875],"rotation":0,"texture":"#0","tintindex":0},"down":{"uv":[6.625,6.875,6.875,7.1875],"rotation":0,"texture":"#0","tintindex":0}}},{"from":[7.746109,3.5609832,8.6285715],"to":[7.860395,6.818126,9.428572],"rotation":{"angle":22.5,"axis":"x","origin":[8.0,7.3142858,13.6]},"faces":{"east":{"uv":[0.4375,6.125,0.25,6.84375],"rotation":0,"texture":"#0","tintindex":0},"south":{"uv":[6.53125,7.625,6.5,8.34375],"rotation":0,"texture":"#0","tintindex":0},"north":{"uv":[7.65625,6.375,7.625,7.09375],"rotation":0,"texture":"#0","tintindex":0},"west":{"uv":[0.1875,6.125,0.0,6.84375],"rotation":0,"texture":"#0","tintindex":0},"up":{"uv":[0.25,8.0625,0.28125,7.875],"rotation":0,"texture":"#0","tintindex":0},"down":{"uv":[7.875,0.25,7.90625,0.4375],"rotation":0,"texture":"#0","tintindex":0}}}],"display":{"head":{"translation":[0.0,-6.4,0.0],"scale":[4.0,4.0,4.0]}}}