{"textures":{"0":"modelengine:entity/demonground"},"elements":[{"from":[7.6,3.9428568,4.1714287],"to":[8.742857,7.885714,6.4],"rotation":{"angle":22.5,"axis":"x","origin":[8.171429,0.5714283,6.9142857]},"faces":{"east":{"uv":[3.25,1.25,3.75,2.125],"rotation":0,"texture":"#0","tintindex":0},"south":{"uv":[0.25,5.25,0.5,6.125],"rotation":0,"texture":"#0","tintindex":0},"north":{"uv":[0.0,5.25,0.25,6.125],"rotation":0,"texture":"#0","tintindex":0},"west":{"uv":[3.25,2.625,3.75,3.5],"rotation":0,"texture":"#0","tintindex":0},"up":{"uv":[4.625,6.625,4.375,6.125],"rotation":0,"texture":"#0","tintindex":0},"down":{"uv":[6.375,4.875,6.125,5.375],"rotation":0,"texture":"#0","tintindex":0}}}],"display":{"head":{"translation":[0.0,-6.4,0.0],"scale":[4.0,4.0,4.0]}}}