{"textures":{"0":"modelengine:entity/demonground"},"elements":[{"from":[7.6603947,6.7609835,6.9714284],"to":[8.346109,8.189555,7.4857144],"rotation":{"angle":0.0,"axis":"y","origin":[7.8285713,16.628572,11.485714]},"faces":{"east":{"uv":[7.625,6.125,7.5,6.4375],"rotation":0,"texture":"#0","tintindex":0},"south":{"uv":[0.15625,7.5,0.0,7.8125],"rotation":0,"texture":"#0","tintindex":0},"north":{"uv":[7.53125,7.25,7.375,7.5625],"rotation":0,"texture":"#0","tintindex":0},"west":{"uv":[5.0,7.5,4.875,7.8125],"rotation":0,"texture":"#0","tintindex":0},"up":{"uv":[7.75,1.375,7.90625,1.25],"rotation":0,"texture":"#0","tintindex":0},"down":{"uv":[7.75,1.375,7.90625,1.5],"rotation":0,"texture":"#0","tintindex":0}}},{"from":[7.6603947,6.418126,7.714286],"to":[8.346109,8.189555,8.228572],"rotation":{"angle":0.0,"axis":"y","origin":[7.8285713,16.628572,11.485714]},"faces":{"east":{"uv":[1.5,6.125,1.375,6.5],"rotation":0,"texture":"#0","tintindex":0},"south":{"uv":[2.40625,7.375,2.25,7.75],"rotation":0,"texture":"#0","tintindex":0},"north":{"uv":[2.15625,7.375,2.0,7.75],"rotation":0,"texture":"#0","tintindex":0},"west":{"uv":[5.75,5.0,5.625,5.375],"rotation":0,"texture":"#0","tintindex":0},"up":{"uv":[1.625,7.875,1.78125,7.75],"rotation":0,"texture":"#0","tintindex":0},"down":{"uv":[1.875,7.75,2.03125,7.875],"rotation":0,"texture":"#0","tintindex":0}}},{"from":[7.717538,3.6752687,7.9428573],"to":[8.231823,6.589555,8.057143],"rotation":{"angle":-22.5,"axis":"z","origin":[8.0,6.742857,11.485714]},"faces":{"east":{"uv":[2.28125,7.75,2.25,8.375],"rotation":0,"texture":"#0","tintindex":0},"south":{"uv":[7.0,6.625,6.875,7.25],"rotation":0,"texture":"#0","tintindex":0},"north":{"uv":[6.875,6.625,7.0,7.25],"rotation":0,"texture":"#0","tintindex":0},"west":{"uv":[2.15625,7.75,2.125,8.375],"rotation":0,"texture":"#0","tintindex":0},"up":{"uv":[7.75,6.03125,7.875,6.0],"rotation":0,"texture":"#0","tintindex":0},"down":{"uv":[7.75,7.0,7.875,7.03125],"rotation":0,"texture":"#0","tintindex":0}}},{"from":[7.717538,4.6466975,7.2],"to":[8.231823,6.9895544,7.3142858],"rotation":{"angle":-22.5,"axis":"z","origin":[8.0,6.742857,11.485714]},"faces":{"east":{"uv":[3.65625,7.75,3.625,8.25],"rotation":0,"texture":"#0","tintindex":0},"south":{"uv":[0.5,7.25,0.375,7.75],"rotation":0,"texture":"#0","tintindex":0},"north":{"uv":[0.375,7.25,0.5,7.75],"rotation":0,"texture":"#0","tintindex":0},"west":{"uv":[3.53125,7.75,3.5,8.25],"rotation":0,"texture":"#0","tintindex":0},"up":{"uv":[0.5,7.90625,0.625,7.875],"rotation":0,"texture":"#0","tintindex":0},"down":{"uv":[0.625,7.875,0.75,7.90625],"rotation":0,"texture":"#0","tintindex":0}}},{"from":[11.317537,6.5324116,8.6285715],"to":[11.831823,7.846698,8.742857],"rotation":{"angle":-22.5,"axis":"z","origin":[7.8285713,16.628572,12.914286]},"faces":{"east":{"uv":[7.78125,6.375,7.75,6.65625],"rotation":0,"texture":"#0","tintindex":0},"south":{"uv":[7.75,3.125,7.625,3.40625],"rotation":0,"texture":"#0","tintindex":0},"north":{"uv":[3.0,7.625,2.875,7.90625],"rotation":0,"texture":"#0","tintindex":0},"west":{"uv":[7.78125,5.625,7.75,5.90625],"rotation":0,"texture":"#0","tintindex":0},"up":{"uv":[7.875,0.65625,8.0,0.625],"rotation":0,"texture":"#0","tintindex":0},"down":{"uv":[7.875,0.75,8.0,0.78125],"rotation":0,"texture":"#0","tintindex":0}}},{"from":[7.6603947,6.9895544,8.4],"to":[8.346109,8.189555,8.914286],"rotation":{"angle":0.0,"axis":"y","origin":[7.8285713,16.628572,12.914286]},"faces":{"east":{"uv":[1.125,6.375,1.0,6.625],"rotation":0,"texture":"#0","tintindex":0},"south":{"uv":[7.78125,0.25,7.625,0.5],"rotation":0,"texture":"#0","tintindex":0},"north":{"uv":[7.78125,0.0,7.625,0.25],"rotation":0,"texture":"#0","tintindex":0},"west":{"uv":[6.375,0.625,6.25,0.875],"rotation":0,"texture":"#0","tintindex":0},"up":{"uv":[7.75,2.375,7.90625,2.25],"rotation":0,"texture":"#0","tintindex":0},"down":{"uv":[2.375,7.75,2.53125,7.875],"rotation":0,"texture":"#0","tintindex":0}}}],"display":{"head":{"translation":[0.0,-6.4,0.0],"scale":[4.0,4.0,4.0]}}}