{"textures":{"0":"modelengine:entity/demonground"},"elements":[{"from":[6.7056913,-0.16041183,6.084458],"to":[8.705691,6.539589,9.784458],"faces":{"east":{"uv":[3.96875,3.5,3.5,4.34375],"tintindex":0,"rotation":0,"texture":"#0"},"south":{"uv":[1.5,5.25,1.25,6.09375],"tintindex":0,"rotation":0,"texture":"#0"},"north":{"uv":[1.25,5.25,1.0,6.09375],"tintindex":0,"rotation":0,"texture":"#0"},"west":{"uv":[3.46875,3.5,3.0,4.34375],"tintindex":0,"rotation":0,"texture":"#0"},"up":{"uv":[0.75,6.84375,1.0,6.375],"tintindex":0,"rotation":0,"texture":"#0"},"down":{"uv":[5.75,6.375,6.0,6.84375],"tintindex":0,"rotation":0,"texture":"#0"}}},{"from":[7.5556912,0.23172188,9.1],"to":[7.755691,5.9317217,10.5],"faces":{"east":{"uv":[0.4375,6.125,0.25,6.84375],"tintindex":0,"rotation":0,"texture":"#0"},"south":{"uv":[6.53125,7.625,6.5,8.34375],"tintindex":0,"rotation":0,"texture":"#0"},"north":{"uv":[7.65625,6.375,7.625,7.09375],"tintindex":0,"rotation":0,"texture":"#0"},"west":{"uv":[0.1875,6.125,0.0,6.84375],"tintindex":0,"rotation":0,"texture":"#0"},"up":{"uv":[0.25,8.0625,0.28125,7.875],"tintindex":0,"rotation":0,"texture":"#0"},"down":{"uv":[7.875,0.25,7.90625,0.4375],"tintindex":0,"rotation":0,"texture":"#0"}},"rotation":{"origin":[8.0,6.800001,17.8],"angle":22.5,"axis":"x"}},{"from":[6.755691,-1.6682777,9.7],"to":[8.655691,0.9317217,12.299999],"faces":{"east":{"uv":[6.8125,4.125,6.5,4.4375],"tintindex":0,"rotation":0,"texture":"#0"},"south":{"uv":[7.125,6.25,6.875,6.5625],"tintindex":0,"rotation":0,"texture":"#0"},"north":{"uv":[6.375,6.875,6.125,7.1875],"tintindex":0,"rotation":0,"texture":"#0"},"west":{"uv":[6.8125,3.25,6.5,3.5625],"tintindex":0,"rotation":0,"texture":"#0"},"up":{"uv":[6.375,7.1875,6.625,6.875],"tintindex":0,"rotation":0,"texture":"#0"},"down":{"uv":[6.625,6.875,6.875,7.1875],"tintindex":0,"rotation":0,"texture":"#0"}},"rotation":{"origin":[8.0,6.800001,17.8],"angle":45.0,"axis":"x"}}],"display":{"gui":{"rotation":[30,225,0]}}}