{"textures":{"0":"modelengine:entity/demonground"},"elements":[{"from":[7.186396,7.136396,7.8],"to":[8.886396,9.036396,14.0],"faces":{"east":{"uv":[5.25,0.375,6.03125,0.625],"tintindex":0,"rotation":0,"texture":"#0"},"south":{"uv":[7.375,2.75,7.59375,3.0],"tintindex":0,"rotation":0,"texture":"#0"},"north":{"uv":[7.25,4.5,7.46875,4.75],"tintindex":0,"rotation":0,"texture":"#0"},"west":{"uv":[5.375,0.625,6.15625,0.875],"tintindex":0,"rotation":0,"texture":"#0"},"up":{"uv":[3.09375,6.40625,2.875,5.625],"tintindex":0,"rotation":0,"texture":"#0"},"down":{"uv":[3.34375,5.625,3.125,6.40625],"tintindex":0,"rotation":0,"texture":"#0"}},"rotation":{"origin":[8.036396,7.086396,7.9],"angle":22.5,"axis":"x"}}],"display":{"gui":{"rotation":[30,225,0]}}}