{"textures":{"0":"modelengine:entity/demonground"},"elements":[{"from":[7.7350836,7.677941,7.428571],"to":[8.306512,8.306512,10.514286],"rotation":{"angle":0.0,"axis":"y","origin":[8.457143,10.457143,-1.2000008]},"faces":{"east":{"uv":[6.625,3.125,7.3125,3.25],"rotation":0,"texture":"#0","tintindex":0},"south":{"uv":[4.375,5.125,4.5,5.25],"rotation":0,"texture":"#0","tintindex":0},"north":{"uv":[1.375,4.75,1.5,4.875],"rotation":0,"texture":"#0","tintindex":0},"west":{"uv":[6.625,4.0,7.3125,4.125],"rotation":0,"texture":"#0","tintindex":0},"up":{"uv":[3.625,7.1875,3.5,6.5],"rotation":0,"texture":"#0","tintindex":0},"down":{"uv":[4.5,6.625,4.375,7.3125],"rotation":0,"texture":"#0","tintindex":0}}}],"display":{"head":{"translation":[0.0,-6.4,0.0],"scale":[4.0,4.0,4.0]}}}