{"textures":{"0":"modelengine:entity/demonground"},"elements":[{"from":[7.5350833,7.506512,7.885714],"to":[8.506512,8.592226,11.428572],"rotation":{"angle":22.5,"axis":"x","origin":[8.020798,7.4779406,7.9428573]},"faces":{"east":{"uv":[5.25,0.375,6.03125,0.625],"rotation":0,"texture":"#0","tintindex":0},"south":{"uv":[7.375,2.75,7.59375,3.0],"rotation":0,"texture":"#0","tintindex":0},"north":{"uv":[7.25,4.5,7.46875,4.75],"rotation":0,"texture":"#0","tintindex":0},"west":{"uv":[5.375,0.625,6.15625,0.875],"rotation":0,"texture":"#0","tintindex":0},"up":{"uv":[3.09375,6.40625,2.875,5.625],"rotation":0,"texture":"#0","tintindex":0},"down":{"uv":[3.34375,5.625,3.125,6.40625],"rotation":0,"texture":"#0","tintindex":0}}}],"display":{"head":{"translation":[0.0,-6.4,0.0],"scale":[4.0,4.0,4.0]}}}