{
  "textures": {
    "0": "modelengine:entity/demonground"
  },
  "elements": [
    {
      "from": [
        7.536396,
        7.436396,
        7
      ],
      "to": [
        8.536396,
        8.536396,
        12.400001
      ],
      "faces": {
        "east": {
          "uv": [
            6.625,
            3.125,
            7.3125,
            3.25
          ],
          "tintindex": 0,
          "rotation": 0,
          "texture": "#0"
        },
        "south": {
          "uv": [
            4.375,
            5.125,
            4.5,
            5.25
          ],
          "tintindex": 0,
          "rotation": 0,
          "texture": "#0"
        },
        "north": {
          "uv": [
            1.375,
            4.75,
            1.5,
            4.875
          ],
          "tintindex": 0,
          "rotation": 0,
          "texture": "#0"
        },
        "west": {
          "uv": [
            6.625,
            4,
            7.3125,
            4.125
          ],
          "tintindex": 0,
          "rotation": 0,
          "texture": "#0"
        },
        "up": {
          "uv": [
            3.625,
            7.1875,
            3.5,
            6.5
          ],
          "tintindex": 0,
          "rotation": 0,
          "texture": "#0"
        },
        "down": {
          "uv": [
            4.5,
            6.625,
            4.375,
            7.3125
          ],
          "tintindex": 0,
          "rotation": 0,
          "texture": "#0"
        }
      }
    }
  ],
  "display": {
    "gui": {
      "rotation": [
        30,
        225,
        0
      ]
    }
  }
}