{"textures":{"0":"modelengine:entity/lavadragonreg"},"elements":[{"from":[6.1732845,7.3360205,-0.4565401],"to":[18.410381,8.646305,1.1983161],"rotation":{"angle":0.0,"axis":"y","origin":[15.108046,-4.023038,4.1820393]},"faces":{"east":{"uv":[9.881325,3.8662946,9.685448,3.8097646],"rotation":0,"texture":"#0","tintindex":0},"south":{"uv":[9.881325,3.8662946,9.685448,3.8097646],"rotation":0,"texture":"#0","tintindex":0},"north":{"uv":[9.881325,3.8662946,9.685448,3.8097646],"rotation":0,"texture":"#0","tintindex":0},"west":{"uv":[9.881325,3.8662946,9.685448,3.8097646],"rotation":0,"texture":"#0","tintindex":0},"up":{"uv":[9.881325,3.8662946,9.685448,3.8097646],"rotation":0,"texture":"#0","tintindex":0},"down":{"uv":[9.881325,3.8662946,9.685448,3.8097646],"rotation":0,"texture":"#0","tintindex":0}}},{"from":[2.8063245,8.008837,-8.599951],"to":[18.324297,8.008837,32.0],"rotation":{"angle":0.0,"axis":"y","origin":[15.108046,-4.023038,4.1820393]},"faces":{"east":{"uv":[0.00513369,0.00513369,3.6923454,0.00513369],"rotation":0,"texture":"#0","tintindex":0},"south":{"uv":[0.00513369,0.00513369,1.4080977,0.00513369],"rotation":0,"texture":"#0","tintindex":0},"north":{"uv":[0.00513369,0.00513369,1.4080977,0.00513369],"rotation":0,"texture":"#0","tintindex":0},"west":{"uv":[0.00513369,0.00513369,3.6923454,0.00513369],"rotation":0,"texture":"#0","tintindex":0},"up":{"uv":[1.4080977,7.94793,0.00513369,4.2555842],"rotation":0,"texture":"#0","tintindex":0},"down":{"uv":[1.4080977,4.2555842,0.00513369,7.94793],"rotation":0,"texture":"#0","tintindex":0}}}],"display":{"head":{"translation":[0.0,-6.4,28.429604],"scale":[4.0,4.0,4.0]}}}