{"credit":"Made with Blockbench","texture_size":[64,64],"textures":{"0":"cosmetics:custom/cosmetics/ancient/ancient_helmet","particle":"cosmetics:custom/cosmetics/ancient/ancient_helmet"},"elements":[{"from":[1.9,2.9,2.625],"to":[3.9,8.9,4.625],"rotation":{"angle":22.5,"axis":"x","origin":[8,6.65,4.625]},"faces":{"north":{"uv":[4,4,4.5,5.5],"texture":"#0"},"east":{"uv":[4.5,4,4,5.5],"texture":"#0"},"south":{"uv":[4,4,4.5,5.5],"texture":"#0"},"west":{"uv":[4.5,4,4,5.5],"texture":"#0"},"down":{"uv":[4,5.25,4.5,5.5],"texture":"#0"}}},{"from":[1.9,2.9,2.625],"to":[3.9,8.9,4.625],"rotation":{"angle":22.5,"axis":"x","origin":[8,6.65,4.625]},"faces":{"north":{"uv":[4.5,4,5,5.5],"texture":"#0","tintindex":0},"east":{"uv":[5,4,4.5,5.5],"texture":"#0","tintindex":0},"south":{"uv":[4.5,4,5,5.5],"texture":"#0","tintindex":0},"west":{"uv":[5,4,4.5,5.5],"texture":"#0","tintindex":0}}},{"from":[1,8,5.5],"to":[4,18,9.5],"rotation":{"angle":22.5,"axis":"x","origin":[3,13.5,8]},"faces":{"north":{"uv":[0,4,0.75,6.5],"texture":"#0"},"east":{"uv":[0.25,4,0,6.5],"texture":"#0"},"south":{"uv":[0.75,4,0,6.5],"texture":"#0"},"west":{"uv":[2,4,1,6.5],"texture":"#0"},"up":{"uv":[2,6.75,1,7.5],"rotation":90,"texture":"#0"},"down":{"uv":[1,6.75,0,7.5],"rotation":90,"texture":"#0"}}},{"from":[1,8,5.5],"to":[4,18,9.5],"rotation":{"angle":22.5,"axis":"x","origin":[3,13.5,8]},"faces":{"north":{"uv":[2,4,2.75,6.5],"texture":"#0","tintindex":0},"east":{"uv":[2.25,4,2,6.5],"texture":"#0","tintindex":0},"south":{"uv":[2.75,4,2,6.5],"texture":"#0","tintindex":0},"west":{"uv":[4,4,3,6.5],"texture":"#0","tintindex":0}}},{"from":[12.1,2.9,2.625],"to":[14.1,8.9,4.625],"rotation":{"angle":22.5,"axis":"x","origin":[8,6.65,4.625]},"faces":{"north":{"uv":[4.5,4,4,5.5],"texture":"#0"},"east":{"uv":[4,4,4.5,5.5],"texture":"#0"},"south":{"uv":[4.5,4,4,5.5],"texture":"#0"},"west":{"uv":[4,4,4.5,5.5],"texture":"#0"},"down":{"uv":[4.5,5.25,4,5.5],"texture":"#0"}}},{"from":[12,8,5.5],"to":[15,18,9.5],"rotation":{"angle":22.5,"axis":"x","origin":[13,13.5,8]},"faces":{"north":{"uv":[0.75,4,0,6.5],"texture":"#0"},"east":{"uv":[1,4,2,6.5],"texture":"#0"},"south":{"uv":[0,4,0.75,6.5],"texture":"#0"},"west":{"uv":[0,4,0.25,6.5],"texture":"#0"},"up":{"uv":[2,7.5,1,6.75],"rotation":90,"texture":"#0"},"down":{"uv":[1,7.5,0,6.75],"rotation":90,"texture":"#0"}}},{"from":[12.1,2.9,2.625],"to":[14.1,8.9,4.625],"rotation":{"angle":22.5,"axis":"x","origin":[8,6.65,4.625]},"faces":{"north":{"uv":[5,4,4.5,5.5],"texture":"#0","tintindex":0},"east":{"uv":[4.5,4,5,5.5],"texture":"#0","tintindex":0},"south":{"uv":[5,4,4.5,5.5],"texture":"#0","tintindex":0},"west":{"uv":[4.5,4,5,5.5],"texture":"#0","tintindex":0}}},{"from":[12,8,5.5],"to":[15,18,9.5],"rotation":{"angle":22.5,"axis":"x","origin":[13,13.5,8]},"faces":{"north":{"uv":[2.75,4,2,6.5],"texture":"#0","tintindex":0},"east":{"uv":[3,4,4,6.5],"texture":"#0","tintindex":0},"south":{"uv":[2,4,2.75,6.5],"texture":"#0","tintindex":0},"west":{"uv":[2,4,2.25,6.5],"texture":"#0","tintindex":0}}},{"from":[4,16,4],"to":[12,20,12],"rotation":{"angle":0,"axis":"y","origin":[4,8.5,4]},"faces":{"north":{"uv":[2,0,4,1],"texture":"#0"},"east":{"uv":[2,0,4,1],"texture":"#0"},"south":{"uv":[2,0,4,1],"texture":"#0"},"west":{"uv":[2,0,4,1],"texture":"#0"},"up":{"uv":[0,0,2,2],"texture":"#0"},"down":{"uv":[2,2,4,4],"texture":"#0"}}},{"from":[4,16,4],"to":[12,20,12],"rotation":{"angle":0,"axis":"y","origin":[4,8.5,4]},"faces":{"north":{"uv":[2,1,4,2],"texture":"#0","tintindex":0},"east":{"uv":[2,1,4,2],"texture":"#0","tintindex":0},"south":{"uv":[2,1,4,2],"texture":"#0","tintindex":0},"west":{"uv":[2,1,4,2],"texture":"#0","tintindex":0},"up":{"uv":[0,2,2,4],"texture":"#0","tintindex":0}}},{"from":[7,1.5,2.5],"to":[9,8.5,4.5],"rotation":{"angle":45,"axis":"x","origin":[8,6,5]},"faces":{"north":{"uv":[5,4,5.5,5.75],"texture":"#0"},"east":{"uv":[5,4,5.5,5.75],"texture":"#0"},"south":{"uv":[5,4,5.5,5.75],"texture":"#0"},"west":{"uv":[5,4,5.5,5.75],"texture":"#0"},"up":{"uv":[5,4,5.5,4.5],"texture":"#0"},"down":{"uv":[5,4,5.5,4.5],"texture":"#0"}}},{"from":[7,1.5,2.5],"to":[9,8.5,4.5],"rotation":{"angle":45,"axis":"x","origin":[8,6,5]},"faces":{"north":{"uv":[5.5,4,6,5.75],"texture":"#0","tintindex":0},"east":{"uv":[5.5,4,6,5.75],"texture":"#0","tintindex":0},"south":{"uv":[5.5,4,6,5.75],"texture":"#0","tintindex":0},"west":{"uv":[5.5,4,6,5.75],"texture":"#0","tintindex":0}}},{"from":[7,17.5,2],"to":[9,20.5,4],"rotation":{"angle":0,"axis":"y","origin":[4,4,4]},"faces":{"north":{"uv":[6.25,0.75,6.75,1.5],"texture":"#0"},"east":{"uv":[6.25,0.75,6.75,1.5],"texture":"#0"},"south":{"uv":[6.25,0.75,6.75,1.5],"texture":"#0"},"west":{"uv":[6.25,0.75,6.75,1.5],"texture":"#0"},"down":{"uv":[6.75,0.75,7.25,1.25],"texture":"#0"}}},{"from":[6,20.5,0],"to":[10,23.5,4],"rotation":{"angle":0,"axis":"y","origin":[4,4,4]},"faces":{"north":{"uv":[4.25,0,5.25,0.75],"texture":"#0"},"east":{"uv":[6.25,0,5.25,0.75],"texture":"#0"},"south":{"uv":[6.25,0,7.25,0.75],"texture":"#0"},"west":{"uv":[5.25,0,6.25,0.75],"texture":"#0"},"up":{"uv":[5.25,0.75,6.25,1.75],"texture":"#0"},"down":{"uv":[4.25,0.75,5.25,1.75],"rotation":180,"texture":"#0"}}},{"from":[6,20.5,0],"to":[10,23.5,4],"rotation":{"angle":0,"axis":"y","origin":[4,4,4]},"faces":{"north":{"uv":[4.25,1.75,5.25,2.5],"texture":"#0","tintindex":0},"east":{"uv":[6.25,1.75,5.25,2.5],"texture":"#0","tintindex":0},"west":{"uv":[5.25,1.75,6.25,2.5],"texture":"#0","tintindex":0}}},{"from":[5,2,12.25],"to":[11,8,13.25],"rotation":{"angle":-22.5,"axis":"x","origin":[8,5.5,11]},"faces":{"north":{"uv":[6,4,7.5,5.5],"texture":"#0"},"east":{"uv":[7.5,4,7.25,5.5],"texture":"#0"},"south":{"uv":[6,4,7.5,5.5],"texture":"#0"},"west":{"uv":[7.5,4,7.25,5.5],"texture":"#0"},"up":{"uv":[6,4,7.5,4.25],"texture":"#0"},"down":{"uv":[6,5.25,7.5,5.5],"texture":"#0"}}},{"from":[4,8,4],"to":[12,16,12],"faces":{"east":{"uv":[6,5.75,4,7.75],"texture":"#0"},"south":{"uv":[8,5.75,10,7.75],"texture":"#0"},"west":{"uv":[4,5.75,6,7.75],"texture":"#0"}}},{"from":[4,8,4],"to":[12,16,12],"faces":{"east":{"uv":[8,5.75,6,7.75],"texture":"#0","tintindex":0},"south":{"uv":[10,5.75,12,7.75],"texture":"#0","tintindex":0},"west":{"uv":[6,5.75,8,7.75],"texture":"#0","tintindex":0}}},{"name":"cube inverted","from":[12,16,12],"to":[4,8,4],"faces":{"north":{"uv":[8,7.75,10,5.75],"texture":"#0"},"east":{"uv":[4,7.75,6,5.75],"texture":"#0"},"west":{"uv":[6,7.75,4,5.75],"texture":"#0"}}},{"name":"cube inverted","from":[12,16,12],"to":[4,8,4],"faces":{"north":{"uv":[10,7.75,12,5.75],"texture":"#0","tintindex":0},"east":{"uv":[6,7.75,8,5.75],"texture":"#0","tintindex":0},"west":{"uv":[8,7.75,6,5.75],"texture":"#0","tintindex":0}}}],"display":{"thirdperson_righthand":{"rotation":[90,0,0],"translation":[-1,-2,17.55859],"scale":[1.00195,1.00195,1.00195]},"gui":{"rotation":[30,135,0],"translation":[0.5,-2,0],"scale":[0.71,0.71,0.71]},"head":{"translation":[0,-8,0],"scale":[1.81,1.81,1.81]}},"groups":[{"name":"group","origin":[8,5.5,11],"color":0,"children":[0,1,2,3,4,5,6,7,8,9,10,11,12,13,14,15]},16,17,18,19]}