{"textures":{"0":"modelengine:entity/smolderingshadow"},"elements":[{"from":[4.36769,6.120685,2.1563425],"to":[11.819955,13.57295,8.86338],"rotation":{"angle":22.5,"axis":"x","origin":[4.368042,6.120685,2.1567473]},"faces":{"east":{"uv":[10.5,12.28125,10.09375,12.75],"rotation":0,"texture":"#0","tintindex":0},"south":{"uv":[6.28125,12.09375,6.75,12.5625],"rotation":0,"texture":"#0","tintindex":0},"north":{"uv":[0.8125,12.09375,1.28125,12.5625],"rotation":0,"texture":"#0","tintindex":0},"west":{"uv":[10.09375,12.28125,10.5,12.75],"rotation":0,"texture":"#0","tintindex":0},"up":{"uv":[1.9375,12.71875,1.46875,12.3125],"rotation":0,"texture":"#0","tintindex":0},"down":{"uv":[12.78125,5.5625,12.3125,5.96875],"rotation":0,"texture":"#0","tintindex":0}}},{"from":[4.349207,7.610742,-6.599223],"to":[12.099564,11.336874,-1.3826475],"rotation":{"angle":0.0,"axis":"y","origin":[8.0,5.142857,4.5714283]},"faces":{"east":{"uv":[12.09375,13.34375,11.78125,13.5625],"rotation":0,"texture":"#0","tintindex":0},"south":{"uv":[3.53125,13.125,4.0,13.34375],"rotation":0,"texture":"#0","tintindex":0},"north":{"uv":[11.78125,13.09375,12.25,13.3125],"rotation":0,"texture":"#0","tintindex":0},"west":{"uv":[11.78125,13.34375,12.09375,13.5625],"rotation":0,"texture":"#0","tintindex":0},"up":{"uv":[12.9375,10.9375,12.46875,10.625],"rotation":0,"texture":"#0","tintindex":0},"down":{"uv":[6.1875,12.53125,5.71875,12.84375],"rotation":0,"texture":"#0","tintindex":0}}},{"from":[4.8332806,8.387909,-5.514019],"to":[11.61484,11.368814,0.447793],"rotation":{"angle":-22.5,"axis":"x","origin":[11.61484,8.915284,-5.2955265]},"faces":{"east":{"uv":[13.28125,3.5625,13.65625,3.75],"rotation":0,"texture":"#0","tintindex":0},"south":{"uv":[13.25,8.84375,13.65625,9.03125],"rotation":0,"texture":"#0","tintindex":0},"north":{"uv":[10.40625,13.25,10.8125,13.4375],"rotation":0,"texture":"#0","tintindex":0},"west":{"uv":[8.0625,13.3125,8.4375,13.5],"rotation":0,"texture":"#0","tintindex":0},"up":{"uv":[12.8125,12.15625,12.40625,11.78125],"rotation":0,"texture":"#0","tintindex":0},"down":{"uv":[3.59375,12.4375,3.1875,12.8125],"rotation":0,"texture":"#0","tintindex":0}}},{"from":[15.301577,1.5818377,-9.515104],"to":[16.595383,2.8756337,-4.339922],"rotation":{"angle":0.0,"axis":"y","origin":[8.0,5.142857,4.5714283]},"faces":{"east":{"uv":[11.5,1.25,11.8125,1.34375],"rotation":0,"texture":"#0","tintindex":0},"south":{"uv":[3.15625,14.15625,3.25,14.25],"rotation":0,"texture":"#0","tintindex":0},"north":{"uv":[2.09375,7.21875,2.1875,7.3125],"rotation":0,"texture":"#0","tintindex":0},"west":{"uv":[2.1875,7.1875,2.09375,6.875],"rotation":270,"texture":"#0","tintindex":0},"up":{"uv":[2.09375,7.1875,2.1875,6.875],"rotation":0,"texture":"#0","tintindex":0},"down":{"uv":[11.5,1.25,11.8125,1.34375],"rotation":90,"texture":"#0","tintindex":0}}},{"from":[15.358794,2.5649467,-5.438328],"to":[17.594475,4.800626,-2.4574223],"rotation":{"angle":-22.5,"axis":"x","origin":[19.829994,4.630241,0.47997904]},"faces":{"east":{"uv":[9.5625,13.9375,9.75,14.0625],"rotation":0,"texture":"#0","tintindex":0},"south":{"uv":[11.21875,14.125,11.34375,14.25],"rotation":0,"texture":"#0","tintindex":0},"north":{"uv":[8.53125,13.65625,8.65625,13.78125],"rotation":0,"texture":"#0","tintindex":0},"west":{"uv":[1.71875,11.0625,1.59375,10.875],"rotation":270,"texture":"#0","tintindex":0},"up":{"uv":[1.59375,11.0625,1.71875,10.875],"rotation":0,"texture":"#0","tintindex":0},"down":{"uv":[9.5625,13.9375,9.75,14.0625],"rotation":90,"texture":"#0","tintindex":0}}},{"from":[15.917679,2.4549298,-0.35203743],"to":[18.898586,5.435836,2.6288686],"rotation":{"angle":45.0,"axis":"x","origin":[19.829994,5.7480807,-1.0104656]},"faces":{"east":{"uv":[13.75,9.375,13.9375,9.5625],"rotation":0,"texture":"#0","tintindex":0},"south":{"uv":[13.75,9.375,13.9375,9.5625],"rotation":0,"texture":"#0","tintindex":0},"north":{"uv":[4.625,13.71875,4.4375,13.90625],"rotation":0,"texture":"#0","tintindex":0},"west":{"uv":[4.625,13.71875,4.4375,13.90625],"rotation":180,"texture":"#0","tintindex":0},"up":{"uv":[13.9375,9.8125,13.75,10.0],"rotation":0,"texture":"#0","tintindex":0},"down":{"uv":[13.9375,9.8125,13.75,10.0],"rotation":0,"texture":"#0","tintindex":0}}},{"from":[16.104267,5.002916,-1.3826733],"to":[19.8304,9.474275,2.3434587],"rotation":{"angle":22.5,"axis":"x","origin":[19.829994,5.0028543,-1.3830872]},"faces":{"east":{"uv":[10.40625,13.46875,10.625,13.75],"rotation":0,"texture":"#0","tintindex":0},"south":{"uv":[10.40625,13.46875,10.625,13.75],"rotation":0,"texture":"#0","tintindex":0},"north":{"uv":[7.71875,13.6875,7.9375,13.40625],"rotation":90,"texture":"#0","tintindex":0},"west":{"uv":[7.71875,13.40625,7.9375,13.6875],"rotation":90,"texture":"#0","tintindex":0},"up":{"uv":[13.8125,13.8125,13.59375,13.59375],"rotation":0,"texture":"#0","tintindex":0},"down":{"uv":[13.8125,6.4375,13.59375,6.65625],"rotation":0,"texture":"#0","tintindex":0}}},{"from":[13.682132,8.729391,-0.4514923],"to":[17.408264,13.945976,4.0198665],"rotation":{"angle":-45.0,"axis":"z","origin":[13.681886,8.728987,-0.45154476]},"faces":{"east":{"uv":[1.46875,12.75,1.78125,13.125],"rotation":0,"texture":"#0","tintindex":0},"south":{"uv":[13.59375,10.90625,13.375,10.625],"rotation":0,"texture":"#0","tintindex":0},"north":{"uv":[8.6875,13.3125,8.46875,13.625],"rotation":0,"texture":"#0","tintindex":0},"west":{"uv":[1.46875,12.75,1.78125,13.125],"rotation":0,"texture":"#0","tintindex":0},"up":{"uv":[13.59375,10.90625,13.375,10.625],"rotation":0,"texture":"#0","tintindex":0},"down":{"uv":[8.46875,13.3125,8.6875,13.625],"rotation":0,"texture":"#0","tintindex":0}}},{"from":[10.887717,7.4250426,-1.5692616],"to":[15.359076,13.386854,3.6473236],"rotation":{"angle":22.5,"axis":"z","origin":[10.887286,7.4248314,-1.5693855]},"faces":{"east":{"uv":[10.6875,12.6875,11.0,13.0625],"rotation":0,"texture":"#0","tintindex":0},"south":{"uv":[11.3125,4.84375,11.03125,4.53125],"rotation":0,"texture":"#0","tintindex":0},"north":{"uv":[7.40625,2.78125,6.9375,3.34375],"rotation":0,"texture":"#0","tintindex":0},"west":{"uv":[12.84375,11.78125,13.15625,12.15625],"rotation":0,"texture":"#0","tintindex":0},"up":{"uv":[11.3125,4.84375,11.03125,4.53125],"rotation":0,"texture":"#0","tintindex":0},"down":{"uv":[2.84375,13.03125,3.125,13.34375],"rotation":0,"texture":"#0","tintindex":0}}},{"from":[11.63231,8.9151,-1.3826733],"to":[14.613216,14.876911,3.8339028],"rotation":{"angle":-22.5,"axis":"z","origin":[11.632513,8.915284,-1.3830872]},"faces":{"east":{"uv":[5.0625,13.125,5.375,12.75],"rotation":0,"texture":"#0","tintindex":0},"south":{"uv":[12.8125,13.84375,12.625,13.53125],"rotation":0,"texture":"#0","tintindex":0},"north":{"uv":[3.0,10.21875,2.8125,10.59375],"rotation":0,"texture":"#0","tintindex":0},"west":{"uv":[1.46875,12.75,1.78125,13.125],"rotation":0,"texture":"#0","tintindex":0},"up":{"uv":[12.8125,13.84375,12.625,13.53125],"rotation":0,"texture":"#0","tintindex":0},"down":{"uv":[2.8125,10.59375,3.0,10.21875],"rotation":90,"texture":"#0","tintindex":0}}},{"from":[2.8600216,7.2006087,-1.7558498],"to":[7.3313804,13.16242,3.4607353],"rotation":{"angle":-22.5,"axis":"z","origin":[7.161154,12.827732,-1.7557011]},"faces":{"east":{"uv":[6.65625,11.09375,6.96875,11.46875],"rotation":0,"texture":"#0","tintindex":0},"south":{"uv":[11.3125,4.84375,11.03125,4.53125],"rotation":0,"texture":"#0","tintindex":0},"north":{"uv":[6.9375,2.78125,7.40625,3.34375],"rotation":0,"texture":"#0","tintindex":0},"west":{"uv":[10.6875,12.6875,11.0,13.0625],"rotation":0,"texture":"#0","tintindex":0},"up":{"uv":[11.3125,4.84375,11.03125,4.53125],"rotation":0,"texture":"#0","tintindex":0},"down":{"uv":[3.125,13.03125,2.84375,13.34375],"rotation":0,"texture":"#0","tintindex":0}}},{"from":[1.7580943,8.169636,-1.5692616],"to":[4.7390003,14.131447,3.6473236],"rotation":{"angle":22.5,"axis":"z","origin":[1.7582617,8.170058,-1.5693855]},"faces":{"east":{"uv":[1.46875,12.75,1.78125,13.125],"rotation":0,"texture":"#0","tintindex":0},"south":{"uv":[12.8125,13.84375,12.625,13.53125],"rotation":0,"texture":"#0","tintindex":0},"north":{"uv":[2.8125,10.21875,3.0,10.59375],"rotation":0,"texture":"#0","tintindex":0},"west":{"uv":[5.0625,13.125,5.375,12.75],"rotation":0,"texture":"#0","tintindex":0},"up":{"uv":[12.8125,13.84375,12.625,13.53125],"rotation":0,"texture":"#0","tintindex":0},"down":{"uv":[2.8125,10.21875,3.0,10.59375],"rotation":90,"texture":"#0","tintindex":0}}},{"from":[-0.10514736,6.3072643,-0.6380806],"to":[3.620985,11.5238495,3.8332696],"rotation":{"angle":45.0,"axis":"z","origin":[-0.10480404,6.3069916,-0.63786125]},"faces":{"east":{"uv":[1.46875,13.15625,1.75,13.46875],"rotation":0,"texture":"#0","tintindex":0},"south":{"uv":[13.59375,10.90625,13.375,10.625],"rotation":0,"texture":"#0","tintindex":0},"north":{"uv":[8.46875,13.3125,8.6875,13.625],"rotation":0,"texture":"#0","tintindex":0},"west":{"uv":[5.0625,13.15625,5.34375,13.46875],"rotation":0,"texture":"#0","tintindex":0},"up":{"uv":[13.59375,10.90625,13.375,10.625],"rotation":0,"texture":"#0","tintindex":0},"down":{"uv":[8.46875,13.3125,8.6875,13.625],"rotation":0,"texture":"#0","tintindex":0}}},{"from":[-4.0173397,5.002916,-1.5692616],"to":[-0.29120827,9.474275,2.1568704],"rotation":{"angle":22.5,"axis":"x","origin":[-0.291111,5.0028543,-1.5693855]},"faces":{"east":{"uv":[7.71875,13.6875,7.9375,13.40625],"rotation":90,"texture":"#0","tintindex":0},"south":{"uv":[10.40625,13.46875,10.625,13.75],"rotation":0,"texture":"#0","tintindex":0},"north":{"uv":[7.71875,13.40625,7.9375,13.6875],"rotation":90,"texture":"#0","tintindex":0},"west":{"uv":[10.40625,13.46875,10.625,13.75],"rotation":0,"texture":"#0","tintindex":0},"up":{"uv":[13.8125,13.8125,13.59375,13.59375],"rotation":0,"texture":"#0","tintindex":0},"down":{"uv":[13.8125,6.4375,13.59375,6.65625],"rotation":0,"texture":"#0","tintindex":0}}},{"from":[-1.5952129,2.7506547,-5.438328],"to":[0.6404662,4.986334,-2.4574223],"rotation":{"angle":-22.5,"axis":"x","origin":[0.08150244,4.816539,0.47997904]},"faces":{"east":{"uv":[1.71875,11.0625,1.59375,10.875],"rotation":270,"texture":"#0","tintindex":0},"south":{"uv":[11.21875,14.125,11.34375,14.25],"rotation":0,"texture":"#0","tintindex":0},"north":{"uv":[8.53125,13.65625,8.65625,13.78125],"rotation":0,"texture":"#0","tintindex":0},"west":{"uv":[9.5625,13.9375,9.75,14.0625],"rotation":0,"texture":"#0","tintindex":0},"up":{"uv":[1.71875,11.0625,1.59375,10.875],"rotation":0,"texture":"#0","tintindex":0},"down":{"uv":[9.5625,13.9375,9.75,14.0625],"rotation":90,"texture":"#0","tintindex":0}}},{"from":[-2.8995705,2.8272262,-0.5377455],"to":[0.08133507,5.808132,2.44316],"rotation":{"angle":45.0,"axis":"x","origin":[0.08150244,6.120685,-1.1967716]},"faces":{"east":{"uv":[4.4375,13.71875,4.625,13.90625],"rotation":180,"texture":"#0","tintindex":0},"south":{"uv":[13.75,9.375,13.9375,9.5625],"rotation":0,"texture":"#0","tintindex":0},"north":{"uv":[4.4375,13.71875,4.625,13.90625],"rotation":0,"texture":"#0","tintindex":0},"west":{"uv":[13.75,9.375,13.9375,9.5625],"rotation":0,"texture":"#0","tintindex":0},"up":{"uv":[13.9375,9.78125,13.75,9.59375],"rotation":0,"texture":"#0","tintindex":0},"down":{"uv":[13.9375,9.8125,13.75,10.0],"rotation":0,"texture":"#0","tintindex":0}}},{"from":[-0.70275784,1.3952494,-9.887402],"to":[0.59103775,2.6890454,-4.712226],"rotation":{"angle":0.0,"axis":"y","origin":[8.0,5.142857,4.5714283]},"faces":{"east":{"uv":[2.1875,7.1875,2.09375,6.875],"rotation":270,"texture":"#0","tintindex":0},"south":{"uv":[3.15625,14.15625,3.25,14.25],"rotation":0,"texture":"#0","tintindex":0},"north":{"uv":[2.09375,7.21875,2.1875,7.3125],"rotation":0,"texture":"#0","tintindex":0},"west":{"uv":[11.5,1.25,11.8125,1.34375],"rotation":0,"texture":"#0","tintindex":0},"up":{"uv":[2.1875,7.1875,2.09375,6.875],"rotation":0,"texture":"#0","tintindex":0},"down":{"uv":[11.5,1.25,11.8125,1.34375],"rotation":90,"texture":"#0","tintindex":0}}},{"from":[5.2090974,7.684682,-2.2293615],"to":[7.146684,11.410814,1.4967709],"rotation":{"angle":-22.5,"axis":"y","origin":[11.61484,10.033124,-5.2955265]},"faces":{"east":{"uv":[7.1875,13.65625,7.40625,13.875],"rotation":0,"texture":"#0","tintindex":0},"south":{"uv":[8.09375,13.78125,8.21875,14.0],"rotation":0,"texture":"#0","tintindex":0},"north":{"uv":[4.15625,13.78125,4.28125,14.0],"rotation":0,"texture":"#0","tintindex":0},"west":{"uv":[8.28125,13.65625,8.5,13.875],"rotation":0,"texture":"#0","tintindex":0},"up":{"uv":[9.09375,14.03125,8.96875,13.8125],"rotation":0,"texture":"#0","tintindex":0},"down":{"uv":[5.4375,13.875,5.3125,14.09375],"rotation":0,"texture":"#0","tintindex":0}}},{"from":[9.634398,7.684682,-5.2482185],"to":[11.571995,11.410814,-1.5220861],"rotation":{"angle":22.5,"axis":"y","origin":[11.61484,10.033124,-5.2955265]},"faces":{"east":{"uv":[8.5,13.65625,8.28125,13.875],"rotation":0,"texture":"#0","tintindex":0},"south":{"uv":[8.9375,11.34375,9.0625,11.5625],"rotation":0,"texture":"#0","tintindex":0},"north":{"uv":[10.875,4.0625,11.0,4.28125],"rotation":0,"texture":"#0","tintindex":0},"west":{"uv":[11.78125,13.59375,12.0,13.8125],"rotation":0,"texture":"#0","tintindex":0},"up":{"uv":[10.28125,11.625,10.15625,11.40625],"rotation":0,"texture":"#0","tintindex":0},"down":{"uv":[8.3125,11.8125,8.1875,12.03125],"rotation":0,"texture":"#0","tintindex":0}}},{"from":[3.8642535,7.610742,-1.1969652],"to":[12.5834,12.827328,4.7648463],"rotation":{"angle":0.0,"axis":"y","origin":[8.0,5.142857,4.5714283]},"faces":{"east":{"uv":[13.25,3.5625,12.875,3.875],"rotation":0,"texture":"#0","tintindex":0},"south":{"uv":[12.40625,6.15625,12.9375,6.46875],"rotation":0,"texture":"#0","tintindex":0},"north":{"uv":[9.375,4.3125,9.90625,4.625],"rotation":0,"texture":"#0","tintindex":0},"west":{"uv":[12.875,3.5625,13.25,3.875],"rotation":0,"texture":"#0","tintindex":0},"up":{"uv":[12.53125,9.125,12.0,8.75],"rotation":0,"texture":"#0","tintindex":0},"down":{"uv":[11.59375,12.09375,11.0625,12.46875],"rotation":0,"texture":"#0","tintindex":0}}},{"from":[12.009888,15.897205,0.47968864],"to":[15.736019,19.623339,3.4605947],"rotation":{"angle":-45.0,"axis":"z","origin":[11.818819,19.72107,0.47997904]},"faces":{"east":{"uv":[3.75,13.65625,3.96875,13.875],"rotation":0,"texture":"#0","tintindex":0},"south":{"uv":[3.75,13.65625,3.96875,13.875],"rotation":0,"texture":"#0","tintindex":0},"north":{"uv":[3.75,13.65625,3.96875,13.875],"rotation":0,"texture":"#0","tintindex":0},"west":{"uv":[3.75,13.65625,3.96875,13.875],"rotation":0,"texture":"#0","tintindex":0},"up":{"uv":[13.90625,12.1875,13.6875,12.0],"rotation":0,"texture":"#0","tintindex":0},"down":{"uv":[13.90625,12.1875,13.6875,12.0],"rotation":0,"texture":"#0","tintindex":0}}},{"from":[8.969907,13.068449,-0.6380806],"to":[13.441266,16.794582,3.8332696],"rotation":{"angle":-22.5,"axis":"z","origin":[8.8379135,16.740171,-0.63786125]},"faces":{"east":{"uv":[6.03125,13.53125,6.3125,13.75],"rotation":0,"texture":"#0","tintindex":0},"south":{"uv":[6.03125,13.53125,6.3125,13.75],"rotation":0,"texture":"#0","tintindex":0},"north":{"uv":[6.03125,13.53125,6.3125,13.75],"rotation":0,"texture":"#0","tintindex":0},"west":{"uv":[6.03125,13.53125,6.3125,13.75],"rotation":0,"texture":"#0","tintindex":0},"up":{"uv":[13.90625,12.1875,13.6875,12.0],"rotation":0,"texture":"#0","tintindex":0},"down":{"uv":[13.90625,12.1875,13.6875,12.0],"rotation":0,"texture":"#0","tintindex":0}}},{"from":[12.459636,16.51153,1.4117498],"to":[15.440533,19.492435,3.647429],"rotation":{"angle":22.5,"axis":"z","origin":[12.005126,19.162148,1.411521]},"faces":{"east":{"uv":[13.9375,10.03125,14.0625,10.21875],"rotation":0,"texture":"#0","tintindex":0},"south":{"uv":[6.4375,13.78125,6.625,13.96875],"rotation":0,"texture":"#0","tintindex":0},"north":{"uv":[6.4375,13.78125,6.625,13.96875],"rotation":0,"texture":"#0","tintindex":0},"west":{"uv":[13.90625,12.1875,13.6875,12.0],"rotation":0,"texture":"#0","tintindex":0},"up":{"uv":[6.4375,13.78125,6.625,13.96875],"rotation":0,"texture":"#0","tintindex":0},"down":{"uv":[6.4375,13.78125,6.625,13.96875],"rotation":0,"texture":"#0","tintindex":0}}},{"from":[15.317429,18.224277,2.529519],"to":[21.27924,20.45995,4.0199723],"rotation":{"angle":0.0,"axis":"y","origin":[8.0,5.142857,4.5714283]},"faces":{"east":{"uv":[7.78125,11.65625,7.875,11.78125],"rotation":0,"texture":"#0","tintindex":0},"south":{"uv":[13.53125,1.09375,13.90625,1.21875],"rotation":0,"texture":"#0","tintindex":0},"north":{"uv":[13.53125,1.09375,13.90625,1.21875],"rotation":0,"texture":"#0","tintindex":0},"west":{"uv":[13.90625,12.1875,13.6875,12.0],"rotation":0,"texture":"#0","tintindex":0},"up":{"uv":[13.53125,1.09375,13.90625,1.21875],"rotation":0,"texture":"#0","tintindex":0},"down":{"uv":[13.53125,1.09375,13.90625,1.21875],"rotation":0,"texture":"#0","tintindex":0}}},{"from":[20.441565,19.414219,2.4661498],"to":[26.910545,20.708015,3.7599454],"rotation":{"angle":-22.5,"axis":"z","origin":[19.809303,19.338104,2.9511385]},"faces":{"east":{"uv":[14.1875,13.34375,14.28125,13.4375],"rotation":0,"texture":"#0","tintindex":0},"south":{"uv":[7.4375,13.71875,7.84375,13.8125],"rotation":0,"texture":"#0","tintindex":0},"north":{"uv":[7.4375,13.71875,7.84375,13.8125],"rotation":0,"texture":"#0","tintindex":0},"west":{"uv":[13.90625,12.1875,13.6875,12.0],"rotation":0,"texture":"#0","tintindex":0},"up":{"uv":[7.4375,13.71875,7.84375,13.8125],"rotation":0,"texture":"#0","tintindex":0},"down":{"uv":[7.4375,13.71875,7.84375,13.8125],"rotation":0,"texture":"#0","tintindex":0}}},{"from":[2.8212953,11.391804,-0.82378864],"to":[7.2926455,15.117936,3.647561],"rotation":{"angle":22.5,"axis":"z","origin":[2.689795,15.063412,-0.82415867]},"faces":{"east":{"uv":[6.03125,13.53125,6.3125,13.75],"rotation":0,"texture":"#0","tintindex":0},"south":{"uv":[6.03125,13.53125,6.3125,13.75],"rotation":0,"texture":"#0","tintindex":0},"north":{"uv":[6.03125,13.53125,6.3125,13.75],"rotation":0,"texture":"#0","tintindex":0},"west":{"uv":[6.03125,13.53125,6.3125,13.75],"rotation":0,"texture":"#0","tintindex":0},"up":{"uv":[13.90625,12.1875,13.6875,12.0],"rotation":0,"texture":"#0","tintindex":0},"down":{"uv":[13.90625,12.1875,13.6875,12.0],"rotation":0,"texture":"#0","tintindex":0}}},{"from":[4.3712106,14.336729,0.47968864],"to":[8.0973425,18.062855,3.4605947],"rotation":{"angle":45.0,"axis":"z","origin":[4.180248,13.945562,0.47997904]},"faces":{"east":{"uv":[3.75,13.65625,3.96875,13.875],"rotation":0,"texture":"#0","tintindex":0},"south":{"uv":[3.75,13.65625,3.96875,13.875],"rotation":0,"texture":"#0","tintindex":0},"north":{"uv":[3.75,13.65625,3.96875,13.875],"rotation":0,"texture":"#0","tintindex":0},"west":{"uv":[3.75,13.65625,3.96875,13.875],"rotation":0,"texture":"#0","tintindex":0},"up":{"uv":[13.90625,12.1875,13.6875,12.0],"rotation":0,"texture":"#0","tintindex":0},"down":{"uv":[13.90625,12.1875,13.6875,12.0],"rotation":0,"texture":"#0","tintindex":0}}},{"from":[-0.51441,19.369331,1.5974584],"to":[2.4664965,22.350239,3.8331375],"rotation":{"angle":-22.5,"axis":"z","origin":[-4.0172434,18.044317,1.9704409]},"faces":{"east":{"uv":[13.90625,12.1875,13.6875,12.0],"rotation":0,"texture":"#0","tintindex":0},"south":{"uv":[6.4375,13.78125,6.625,13.96875],"rotation":0,"texture":"#0","tintindex":0},"north":{"uv":[6.4375,13.78125,6.625,13.96875],"rotation":0,"texture":"#0","tintindex":0},"west":{"uv":[13.90625,12.1875,13.6875,12.0],"rotation":0,"texture":"#0","tintindex":0},"up":{"uv":[6.4375,13.78125,6.625,13.96875],"rotation":0,"texture":"#0","tintindex":0},"down":{"uv":[6.4375,13.78125,6.625,13.96875],"rotation":0,"texture":"#0","tintindex":0}}},{"from":[-5.4836416,18.17675,2.7152271],"to":[0.47816992,20.41243,4.20568],"rotation":{"angle":0.0,"axis":"y","origin":[8.0,5.142857,4.5714283]},"faces":{"east":{"uv":[13.90625,12.1875,13.6875,12.0],"rotation":0,"texture":"#0","tintindex":0},"south":{"uv":[13.53125,1.09375,13.90625,1.21875],"rotation":0,"texture":"#0","tintindex":0},"north":{"uv":[13.53125,1.09375,13.90625,1.21875],"rotation":0,"texture":"#0","tintindex":0},"west":{"uv":[13.90625,12.1875,13.6875,12.0],"rotation":0,"texture":"#0","tintindex":0},"up":{"uv":[13.53125,1.09375,13.90625,1.21875],"rotation":0,"texture":"#0","tintindex":0},"down":{"uv":[13.53125,1.09375,13.90625,1.21875],"rotation":0,"texture":"#0","tintindex":0}}},{"from":[-10.609539,16.17973,2.4661498],"to":[-4.140559,17.473524,3.7599454],"rotation":{"angle":22.5,"axis":"z","origin":[-11.2418,16.103615,2.9511385]},"faces":{"east":{"uv":[13.90625,12.1875,13.6875,12.0],"rotation":0,"texture":"#0","tintindex":0},"south":{"uv":[7.4375,13.71875,7.84375,13.8125],"rotation":0,"texture":"#0","tintindex":0},"north":{"uv":[7.4375,13.71875,7.84375,13.8125],"rotation":0,"texture":"#0","tintindex":0},"west":{"uv":[13.90625,12.1875,13.6875,12.0],"rotation":0,"texture":"#0","tintindex":0},"up":{"uv":[7.84375,13.71875,7.4375,13.8125],"rotation":0,"texture":"#0","tintindex":0},"down":{"uv":[7.4375,13.71875,7.84375,13.8125],"rotation":0,"texture":"#0","tintindex":0}}},{"from":[11.579502,4.8163276,-6.599223],"to":[11.588312,7.7972336,3.0887203],"rotation":{"angle":0.0,"axis":"y","origin":[8.0,5.142857,4.5714283]},"faces":{"east":{"uv":[7.78125,12.90625,7.1875,13.09375],"rotation":0,"texture":"#0","tintindex":0},"west":{"uv":[7.1875,12.90625,7.78125,13.09375],"rotation":0,"texture":"#0","tintindex":0}}},{"from":[4.349207,4.8163276,-6.6009836],"to":[12.099564,7.7972336,-6.592182],"rotation":{"angle":0.0,"axis":"y","origin":[8.0,5.142857,4.5714283]},"faces":{"south":{"uv":[13.65625,11.78125,13.1875,11.96875],"rotation":0,"texture":"#0","tintindex":0},"north":{"uv":[13.1875,11.78125,13.65625,11.96875],"rotation":0,"texture":"#0","tintindex":0}}},{"from":[4.670456,4.8163276,-6.599223],"to":[4.6792574,7.7972336,3.0887203],"rotation":{"angle":0.0,"axis":"y","origin":[8.0,5.142857,4.5714283]},"faces":{"east":{"uv":[7.78125,12.90625,7.1875,13.09375],"rotation":0,"texture":"#0","tintindex":0},"west":{"uv":[7.1875,12.90625,7.78125,13.09375],"rotation":0,"texture":"#0","tintindex":0}}}],"display":{"head":{"translation":[0.0,-6.4,0.0],"scale":[4.0,4.0,4.0]}}}