{"textures":{"4":"modelengine:entity/fallenheraldxd"},"elements":[{"from":[4.8285713,12.714286,6.714286],"to":[11.114285,15.571428,9.857143],"rotation":{"angle":0.0,"axis":"y","origin":[7.714286,0.5714283,8.142858]},"faces":{"east":{"uv":[5.004,0.004,5.746,0.621],"rotation":0,"texture":"#4","tintindex":0},"south":{"uv":[1.504,0.754,2.871,1.371],"rotation":0,"texture":"#4","tintindex":0},"north":{"uv":[1.504,0.004,2.871,0.621],"rotation":0,"texture":"#4","tintindex":0},"west":{"uv":[5.004,0.754,5.746,1.371],"rotation":0,"texture":"#4","tintindex":0},"up":{"uv":[1.371,0.746,0.004,0.004],"rotation":0,"texture":"#4","tintindex":0},"down":{"uv":[1.371,0.879,0.004,1.621],"rotation":0,"texture":"#4","tintindex":0}}},{"from":[5.1714287,11.828571,6.785714],"to":[5.6,15.0,9.785714],"rotation":{"angle":0.0,"axis":"y","origin":[8.285714,0.5714283,8.142858]},"faces":{"east":{"uv":[4.879,4.004,5.496,4.746],"rotation":0,"texture":"#4","tintindex":0},"south":{"uv":[7.504,10.129,7.621,10.871],"rotation":0,"texture":"#4","tintindex":0},"north":{"uv":[7.254,10.129,7.371,10.871],"rotation":0,"texture":"#4","tintindex":0},"west":{"uv":[4.254,4.879,4.871,5.621],"rotation":0,"texture":"#4","tintindex":0},"up":{"uv":[9.121,10.996,9.004,10.379],"rotation":0,"texture":"#4","tintindex":0},"down":{"uv":[3.496,10.504,3.379,11.121],"rotation":0,"texture":"#4","tintindex":0}}},{"from":[10.4,11.828571,6.785714],"to":[10.828571,15.0,9.785714],"rotation":{"angle":0.0,"axis":"y","origin":[7.714286,0.5714283,8.142858]},"faces":{"east":{"uv":[4.129,4.004,4.746,4.746],"rotation":0,"texture":"#4","tintindex":0},"south":{"uv":[9.379,3.754,9.496,4.496],"rotation":0,"texture":"#4","tintindex":0},"north":{"uv":[3.754,9.379,3.871,10.121],"rotation":0,"texture":"#4","tintindex":0},"west":{"uv":[4.254,3.129,4.871,3.871],"rotation":0,"texture":"#4","tintindex":0},"up":{"uv":[1.496,10.871,1.379,10.254],"rotation":0,"texture":"#4","tintindex":0},"down":{"uv":[1.746,10.254,1.629,10.871],"rotation":0,"texture":"#4","tintindex":0}}},{"from":[8.467838,8.402572,6.6019998],"to":[8.749839,8.684571,6.678],"rotation":{"angle":-45.0,"axis":"z","origin":[8.593839,8.528571,6.49]},"faces":{"east":{"uv":[14.129,4.504,14.246,4.621],"rotation":0,"texture":"#4","tintindex":0},"south":{"uv":[14.129,5.254,14.246,5.371],"rotation":0,"texture":"#4","tintindex":0},"north":{"uv":[4.254,14.129,4.371,14.246],"rotation":0,"texture":"#4","tintindex":0},"west":{"uv":[14.129,5.504,14.246,5.621],"rotation":0,"texture":"#4","tintindex":0},"up":{"uv":[14.246,6.246,14.129,6.129],"rotation":0,"texture":"#4","tintindex":0},"down":{"uv":[7.371,14.129,7.254,14.246],"rotation":0,"texture":"#4","tintindex":0}}},{"from":[8.467838,7.6025715,6.6019998],"to":[8.749839,7.8845716,6.678],"rotation":{"angle":-45.0,"axis":"z","origin":[8.593839,7.7285714,6.49]},"faces":{"east":{"uv":[14.129,7.504,14.246,7.621],"rotation":0,"texture":"#4","tintindex":0},"south":{"uv":[14.129,7.754,14.246,7.871],"rotation":0,"texture":"#4","tintindex":0},"north":{"uv":[14.129,7.254,14.246,7.371],"rotation":0,"texture":"#4","tintindex":0},"west":{"uv":[7.879,14.129,7.996,14.246],"rotation":0,"texture":"#4","tintindex":0},"up":{"uv":[8.246,14.246,8.129,14.129],"rotation":0,"texture":"#4","tintindex":0},"down":{"uv":[8.496,14.129,8.379,14.246],"rotation":0,"texture":"#4","tintindex":0}}},{"from":[8.414456,7.7285714,6.59984],"to":[8.814456,8.528571,6.68016],"rotation":{"angle":0.0,"axis":"y","origin":[5.76252,7.3150234,4.039384]},"faces":{"east":{"uv":[13.379,0.754,13.496,0.996],"rotation":0,"texture":"#4","tintindex":0},"south":{"uv":[13.379,1.129,13.496,1.371],"rotation":0,"texture":"#4","tintindex":0},"north":{"uv":[0.254,13.379,0.371,13.621],"rotation":0,"texture":"#4","tintindex":0},"west":{"uv":[13.379,1.754,13.496,1.996],"rotation":0,"texture":"#4","tintindex":0},"up":{"uv":[14.246,3.121,14.129,3.004],"rotation":0,"texture":"#4","tintindex":0},"down":{"uv":[14.246,3.754,14.129,3.871],"rotation":0,"texture":"#4","tintindex":0}}},{"from":[7.814456,7.5857143,6.59984],"to":[8.214456,8.671429,6.68016],"rotation":{"angle":0.0,"axis":"y","origin":[5.16252,7.1721663,4.039384]},"faces":{"east":{"uv":[13.379,2.504,13.496,2.746],"rotation":0,"texture":"#4","tintindex":0},"south":{"uv":[13.379,3.754,13.496,3.996],"rotation":0,"texture":"#4","tintindex":0},"north":{"uv":[13.379,2.129,13.496,2.371],"rotation":0,"texture":"#4","tintindex":0},"west":{"uv":[3.879,13.379,3.996,13.621],"rotation":0,"texture":"#4","tintindex":0},"up":{"uv":[14.246,11.996,14.129,11.879],"rotation":0,"texture":"#4","tintindex":0},"down":{"uv":[12.246,14.129,12.129,14.246],"rotation":0,"texture":"#4","tintindex":0}}},{"from":[7.867839,7.4597144,6.6019998],"to":[8.149838,7.7417145,6.678],"rotation":{"angle":-45.0,"axis":"z","origin":[7.993839,7.5857143,6.49]},"faces":{"east":{"uv":[14.129,11.129,14.246,11.246],"rotation":0,"texture":"#4","tintindex":0},"south":{"uv":[11.379,14.129,11.496,14.246],"rotation":0,"texture":"#4","tintindex":0},"north":{"uv":[14.129,10.504,14.246,10.621],"rotation":0,"texture":"#4","tintindex":0},"west":{"uv":[14.129,11.379,14.246,11.496],"rotation":0,"texture":"#4","tintindex":0},"up":{"uv":[11.746,14.246,11.629,14.129],"rotation":0,"texture":"#4","tintindex":0},"down":{"uv":[14.246,11.629,14.129,11.746],"rotation":0,"texture":"#4","tintindex":0}}},{"from":[7.867839,8.545428,6.6019998],"to":[8.149838,8.827429,6.678],"rotation":{"angle":-45.0,"axis":"z","origin":[7.993839,8.671429,6.49]},"faces":{"east":{"uv":[9.129,14.129,9.246,14.246],"rotation":0,"texture":"#4","tintindex":0},"south":{"uv":[14.129,9.254,14.246,9.371],"rotation":0,"texture":"#4","tintindex":0},"north":{"uv":[8.629,14.129,8.746,14.246],"rotation":0,"texture":"#4","tintindex":0},"west":{"uv":[14.129,9.754,14.246,9.871],"rotation":0,"texture":"#4","tintindex":0},"up":{"uv":[14.246,10.121,14.129,10.004],"rotation":0,"texture":"#4","tintindex":0},"down":{"uv":[14.246,10.254,14.129,10.371],"rotation":0,"texture":"#4","tintindex":0}}},{"from":[7.214456,7.7285714,6.59984],"to":[7.614456,8.528571,6.68016],"rotation":{"angle":0.0,"axis":"y","origin":[4.56252,7.3150234,4.039384]},"faces":{"east":{"uv":[13.379,5.629,13.496,5.871],"rotation":0,"texture":"#4","tintindex":0},"south":{"uv":[6.379,13.379,6.496,13.621],"rotation":0,"texture":"#4","tintindex":0},"north":{"uv":[4.129,13.379,4.246,13.621],"rotation":0,"texture":"#4","tintindex":0},"west":{"uv":[6.629,13.379,6.746,13.621],"rotation":0,"texture":"#4","tintindex":0},"up":{"uv":[0.621,14.371,0.504,14.254],"rotation":0,"texture":"#4","tintindex":0},"down":{"uv":[0.871,14.254,0.754,14.371],"rotation":0,"texture":"#4","tintindex":0}}},{"from":[7.2678385,7.6025715,6.6019998],"to":[7.5498385,7.8845716,6.678],"rotation":{"angle":-45.0,"axis":"z","origin":[7.393839,7.7285714,6.49]},"faces":{"east":{"uv":[14.129,13.754,14.246,13.871],"rotation":0,"texture":"#4","tintindex":0},"south":{"uv":[14.004,14.129,14.121,14.246],"rotation":0,"texture":"#4","tintindex":0},"north":{"uv":[13.754,14.129,13.871,14.246],"rotation":0,"texture":"#4","tintindex":0},"west":{"uv":[14.254,0.004,14.371,0.121],"rotation":0,"texture":"#4","tintindex":0},"up":{"uv":[0.371,14.371,0.254,14.254],"rotation":0,"texture":"#4","tintindex":0},"down":{"uv":[14.371,0.254,14.254,0.371],"rotation":0,"texture":"#4","tintindex":0}}},{"from":[7.2678385,8.402572,6.6019998],"to":[7.5498385,8.684571,6.678],"rotation":{"angle":-45.0,"axis":"z","origin":[7.393839,8.528571,6.49]},"faces":{"east":{"uv":[12.629,14.129,12.746,14.246],"rotation":0,"texture":"#4","tintindex":0},"south":{"uv":[14.129,12.754,14.246,12.871],"rotation":0,"texture":"#4","tintindex":0},"north":{"uv":[14.129,12.504,14.246,12.621],"rotation":0,"texture":"#4","tintindex":0},"west":{"uv":[14.129,13.254,14.246,13.371],"rotation":0,"texture":"#4","tintindex":0},"up":{"uv":[13.621,14.246,13.504,14.129],"rotation":0,"texture":"#4","tintindex":0},"down":{"uv":[14.246,13.504,14.129,13.621],"rotation":0,"texture":"#4","tintindex":0}}},{"from":[7.428571,7.5714283,6.6142855],"to":[8.571428,8.714286,6.757143],"rotation":{"angle":0.0,"axis":"y","origin":[8.0,0.7142854,8.014286]},"faces":{"east":{"uv":[12.379,13.254,12.496,13.496],"rotation":0,"texture":"#4","tintindex":0},"south":{"uv":[12.254,10.754,12.496,10.996],"rotation":0,"texture":"#4","tintindex":0},"north":{"uv":[12.254,7.254,12.496,7.496],"rotation":0,"texture":"#4","tintindex":0},"west":{"uv":[12.879,13.254,12.996,13.496],"rotation":0,"texture":"#4","tintindex":0},"up":{"uv":[13.371,13.371,13.129,13.254],"rotation":0,"texture":"#4","tintindex":0},"down":{"uv":[13.621,0.004,13.379,0.121],"rotation":0,"texture":"#4","tintindex":0}}},{"from":[5.142857,12.0,6.857143],"to":[10.857143,14.857143,9.142858],"rotation":{"angle":0.0,"axis":"y","origin":[8.0,1.1428566,8.0]},"faces":{"east":{"uv":[3.129,5.629,3.621,6.246],"rotation":0,"texture":"#4","tintindex":0},"south":{"uv":[0.004,1.754,1.246,2.371],"rotation":0,"texture":"#4","tintindex":0},"north":{"uv":[1.504,1.504,2.746,2.121],"rotation":0,"texture":"#4","tintindex":0},"west":{"uv":[5.629,3.754,6.121,4.371],"rotation":0,"texture":"#4","tintindex":0},"up":{"uv":[2.121,3.746,0.879,3.254],"rotation":0,"texture":"#4","tintindex":0},"down":{"uv":[4.496,1.754,3.254,2.246],"rotation":0,"texture":"#4","tintindex":0}}},{"from":[5.714286,10.285714,6.857143],"to":[10.285714,12.0,9.142858],"rotation":{"angle":0.0,"axis":"y","origin":[8.0,1.1428566,8.0]},"faces":{"east":{"uv":[7.879,2.504,8.371,2.871],"rotation":0,"texture":"#4","tintindex":0},"south":{"uv":[1.254,5.504,2.246,5.871],"rotation":0,"texture":"#4","tintindex":0},"north":{"uv":[5.379,1.504,6.371,1.871],"rotation":0,"texture":"#4","tintindex":0},"west":{"uv":[4.754,7.879,5.246,8.246],"rotation":0,"texture":"#4","tintindex":0},"up":{"uv":[2.871,4.496,1.879,4.004],"rotation":0,"texture":"#4","tintindex":0},"down":{"uv":[3.996,4.004,3.004,4.496],"rotation":0,"texture":"#4","tintindex":0}}},{"from":[8.285714,9.714286,6.857143],"to":[10.0,10.285714,9.142858],"rotation":{"angle":0.0,"axis":"y","origin":[8.0,1.1428566,8.0]},"faces":{"east":{"uv":[10.504,9.379,10.996,9.496],"rotation":0,"texture":"#4","tintindex":0},"south":{"uv":[12.379,1.379,12.746,1.496],"rotation":0,"texture":"#4","tintindex":0},"north":{"uv":[1.129,12.379,1.496,12.496],"rotation":0,"texture":"#4","tintindex":0},"west":{"uv":[9.629,10.504,10.121,10.621],"rotation":0,"texture":"#4","tintindex":0},"up":{"uv":[5.746,8.371,5.379,7.879],"rotation":0,"texture":"#4","tintindex":0},"down":{"uv":[0.371,8.004,0.004,8.496],"rotation":0,"texture":"#4","tintindex":0}}},{"from":[8.285714,8.0,6.857143],"to":[10.0,8.571428,9.142858],"rotation":{"angle":0.0,"axis":"y","origin":[8.0,-0.57142925,8.0]},"faces":{"east":{"uv":[11.504,7.004,11.996,7.121],"rotation":0,"texture":"#4","tintindex":0},"south":{"uv":[12.504,11.879,12.871,11.996],"rotation":0,"texture":"#4","tintindex":0},"north":{"uv":[12.504,11.629,12.871,11.746],"rotation":0,"texture":"#4","tintindex":0},"west":{"uv":[11.504,8.504,11.996,8.621],"rotation":0,"texture":"#4","tintindex":0},"up":{"uv":[2.746,8.746,2.379,8.254],"rotation":0,"texture":"#4","tintindex":0},"down":{"uv":[3.246,8.254,2.879,8.746],"rotation":0,"texture":"#4","tintindex":0}}},{"from":[9.428572,8.571428,6.857143],"to":[10.0,9.714286,9.142858],"rotation":{"angle":0.0,"axis":"y","origin":[8.0,0.5714283,8.0]},"faces":{"east":{"uv":[8.879,2.254,9.371,2.496],"rotation":0,"texture":"#4","tintindex":0},"south":{"uv":[6.129,13.129,6.246,13.371],"rotation":0,"texture":"#4","tintindex":0},"north":{"uv":[5.879,13.129,5.996,13.371],"rotation":0,"texture":"#4","tintindex":0},"west":{"uv":[8.879,2.629,9.371,2.871],"rotation":0,"texture":"#4","tintindex":0},"up":{"uv":[8.871,11.996,8.754,11.504],"rotation":0,"texture":"#4","tintindex":0},"down":{"uv":[9.121,11.504,9.004,11.996],"rotation":0,"texture":"#4","tintindex":0}}},{"from":[8.285714,8.571428,6.942857],"to":[9.428572,9.714286,9.057143],"rotation":{"angle":0.0,"axis":"y","origin":[7.428571,0.5714283,8.0]},"faces":{"east":{"uv":[2.754,8.879,3.246,9.121],"rotation":0,"texture":"#4","tintindex":0},"south":{"uv":[10.504,11.504,10.746,11.746],"rotation":0,"texture":"#4","tintindex":0},"north":{"uv":[10.129,11.504,10.371,11.746],"rotation":0,"texture":"#4","tintindex":0},"west":{"uv":[6.379,8.879,6.871,9.121],"rotation":0,"texture":"#4","tintindex":0},"up":{"uv":[8.246,9.246,8.004,8.754],"rotation":0,"texture":"#4","tintindex":0},"down":{"uv":[7.246,8.879,7.004,9.371],"rotation":0,"texture":"#4","tintindex":0}}},{"from":[6.5714283,8.571428,6.942857],"to":[7.714286,9.714286,9.057143],"rotation":{"angle":0.0,"axis":"y","origin":[8.571428,0.5714283,8.0]},"faces":{"east":{"uv":[4.129,9.004,4.621,9.246],"rotation":0,"texture":"#4","tintindex":0},"south":{"uv":[12.254,3.504,12.496,3.746],"rotation":0,"texture":"#4","tintindex":0},"north":{"uv":[12.254,2.754,12.496,2.996],"rotation":0,"texture":"#4","tintindex":0},"west":{"uv":[9.004,5.879,9.496,6.121],"rotation":0,"texture":"#4","tintindex":0},"up":{"uv":[3.621,9.496,3.379,9.004],"rotation":0,"texture":"#4","tintindex":0},"down":{"uv":[4.996,9.004,4.754,9.496],"rotation":0,"texture":"#4","tintindex":0}}},{"from":[6.0,9.714286,6.857143],"to":[7.714286,10.285714,9.142858],"rotation":{"angle":0.0,"axis":"y","origin":[8.0,1.1428566,8.0]},"faces":{"east":{"uv":[10.004,12.129,10.496,12.246],"rotation":0,"texture":"#4","tintindex":0},"south":{"uv":[4.129,12.629,4.496,12.746],"rotation":0,"texture":"#4","tintindex":0},"north":{"uv":[12.629,3.879,12.996,3.996],"rotation":0,"texture":"#4","tintindex":0},"west":{"uv":[11.629,12.129,12.121,12.246],"rotation":0,"texture":"#4","tintindex":0},"up":{"uv":[5.121,8.871,4.754,8.379],"rotation":0,"texture":"#4","tintindex":0},"down":{"uv":[1.246,8.504,0.879,8.996],"rotation":0,"texture":"#4","tintindex":0}}},{"from":[6.0,8.571428,6.857143],"to":[6.5714283,9.714286,9.142858],"rotation":{"angle":0.0,"axis":"y","origin":[8.0,0.5714283,8.0]},"faces":{"east":{"uv":[8.879,8.254,9.371,8.496],"rotation":0,"texture":"#4","tintindex":0},"south":{"uv":[13.254,8.754,13.371,8.996],"rotation":0,"texture":"#4","tintindex":0},"north":{"uv":[13.254,8.379,13.371,8.621],"rotation":0,"texture":"#4","tintindex":0},"west":{"uv":[8.879,8.629,9.371,8.871],"rotation":0,"texture":"#4","tintindex":0},"up":{"uv":[7.621,12.621,7.504,12.129],"rotation":0,"texture":"#4","tintindex":0},"down":{"uv":[7.871,12.129,7.754,12.621],"rotation":0,"texture":"#4","tintindex":0}}},{"from":[6.0,8.0,6.857143],"to":[7.714286,8.571428,9.142858],"rotation":{"angle":0.0,"axis":"y","origin":[8.0,-0.57142925,8.0]},"faces":{"east":{"uv":[12.129,8.379,12.621,8.496],"rotation":0,"texture":"#4","tintindex":0},"south":{"uv":[12.629,3.629,12.996,3.746],"rotation":0,"texture":"#4","tintindex":0},"north":{"uv":[12.629,3.379,12.996,3.496],"rotation":0,"texture":"#4","tintindex":0},"west":{"uv":[8.754,12.129,9.246,12.246],"rotation":0,"texture":"#4","tintindex":0},"up":{"uv":[8.746,1.121,8.379,0.629],"rotation":0,"texture":"#4","tintindex":0},"down":{"uv":[8.746,1.254,8.379,1.746],"rotation":0,"texture":"#4","tintindex":0}}},{"from":[5.8571424,7.714286,6.6857142],"to":[10.142858,8.285714,9.257143],"rotation":{"angle":0.0,"axis":"y","origin":[8.0,0.85714245,7.9714284]},"faces":{"east":{"uv":[10.379,10.379,10.996,10.496],"rotation":0,"texture":"#4","tintindex":0},"south":{"uv":[8.879,8.004,9.871,8.121],"rotation":0,"texture":"#4","tintindex":0},"north":{"uv":[8.879,7.754,9.871,7.871],"rotation":0,"texture":"#4","tintindex":0},"west":{"uv":[10.504,4.504,11.121,4.621],"rotation":0,"texture":"#4","tintindex":0},"up":{"uv":[3.246,3.871,2.254,3.254],"rotation":0,"texture":"#4","tintindex":0},"down":{"uv":[4.246,2.379,3.254,2.996],"rotation":0,"texture":"#4","tintindex":0}}},{"from":[7.142857,7.428571,6.9],"to":[8.857143,8.0,9.1],"rotation":{"angle":0.0,"axis":"y","origin":[8.0,1.1428566,8.0]},"faces":{"east":{"uv":[8.754,5.129,9.246,5.371],"rotation":0,"texture":"#4","tintindex":0},"south":{"uv":[9.629,5.879,9.996,6.121],"rotation":0,"texture":"#4","tintindex":0},"north":{"uv":[9.629,4.129,9.996,4.371],"rotation":0,"texture":"#4","tintindex":0},"west":{"uv":[8.754,5.504,9.246,5.746],"rotation":0,"texture":"#4","tintindex":0},"up":{"uv":[8.496,6.496,8.129,6.004],"rotation":0,"texture":"#4","tintindex":0},"down":{"uv":[8.496,6.629,8.129,7.121],"rotation":0,"texture":"#4","tintindex":0}}},{"from":[7.714286,8.0,6.985714],"to":[8.285714,8.571428,9.1285715],"rotation":{"angle":0.0,"axis":"y","origin":[8.0,1.1428566,8.0]},"faces":{"east":{"uv":[10.504,9.629,10.996,9.746],"rotation":0,"texture":"#4","tintindex":0},"south":{"uv":[13.379,12.129,13.496,12.246],"rotation":0,"texture":"#4","tintindex":0},"north":{"uv":[13.379,11.879,13.496,11.996],"rotation":0,"texture":"#4","tintindex":0},"west":{"uv":[10.629,0.754,11.121,0.871],"rotation":0,"texture":"#4","tintindex":0},"up":{"uv":[5.621,11.121,5.504,10.629],"rotation":0,"texture":"#4","tintindex":0},"down":{"uv":[5.871,10.629,5.754,11.121],"rotation":0,"texture":"#4","tintindex":0}}},{"from":[6.285714,12.0,6.285714],"to":[9.714286,14.857143,6.857143],"rotation":{"angle":0.0,"axis":"y","origin":[8.0,1.1428566,8.0]},"faces":{"east":{"uv":[1.879,10.254,1.996,10.871],"rotation":0,"texture":"#4","tintindex":0},"south":{"uv":[4.379,2.379,5.121,2.996],"rotation":0,"texture":"#4","tintindex":0},"north":{"uv":[0.004,4.379,0.746,4.996],"rotation":0,"texture":"#4","tintindex":0},"west":{"uv":[2.129,10.254,2.246,10.871],"rotation":0,"texture":"#4","tintindex":0},"up":{"uv":[10.121,4.746,9.379,4.629],"rotation":0,"texture":"#4","tintindex":0},"down":{"uv":[10.121,4.879,9.379,4.996],"rotation":0,"texture":"#4","tintindex":0}}},{"from":[7.457143,11.428572,5.714286],"to":[8.542857,14.857143,6.857143],"rotation":{"angle":0.0,"axis":"y","origin":[8.0,1.1428566,7.428571]},"faces":{"east":{"uv":[4.379,8.129,4.621,8.871],"rotation":0,"texture":"#4","tintindex":0},"south":{"uv":[8.129,7.879,8.371,8.621],"rotation":0,"texture":"#4","tintindex":0},"north":{"uv":[6.504,8.004,6.746,8.746],"rotation":0,"texture":"#4","tintindex":0},"west":{"uv":[0.504,8.254,0.746,8.996],"rotation":0,"texture":"#4","tintindex":0},"up":{"uv":[7.621,11.746,7.379,11.504],"rotation":0,"texture":"#4","tintindex":0},"down":{"uv":[7.996,11.504,7.754,11.746],"rotation":0,"texture":"#4","tintindex":0}}},{"from":[7.428571,8.0,6.714286],"to":[8.571428,10.857143,7.857143],"rotation":{"angle":0.0,"axis":"y","origin":[8.0,-3.4285717,8.428572]},"faces":{"east":{"uv":[6.004,8.504,6.246,9.121],"rotation":0,"texture":"#4","tintindex":0},"south":{"uv":[8.504,7.879,8.746,8.496],"rotation":0,"texture":"#4","tintindex":0},"north":{"uv":[5.629,8.504,5.871,9.121],"rotation":0,"texture":"#4","tintindex":0},"west":{"uv":[0.004,8.629,0.246,9.246],"rotation":0,"texture":"#4","tintindex":0},"up":{"uv":[11.746,7.996,11.504,7.754],"rotation":0,"texture":"#4","tintindex":0},"down":{"uv":[8.371,11.504,8.129,11.746],"rotation":0,"texture":"#4","tintindex":0}}},{"from":[9.428572,12.0,6.404061],"to":[10.0,14.857143,6.9754896],"rotation":{"angle":-45.0,"axis":"y","origin":[9.714286,13.428572,6.6897755]},"faces":{"east":{"uv":[10.254,4.504,10.371,5.121],"rotation":0,"texture":"#4","tintindex":0},"south":{"uv":[6.004,10.254,6.121,10.871],"rotation":0,"texture":"#4","tintindex":0},"north":{"uv":[3.629,10.254,3.746,10.871],"rotation":0,"texture":"#4","tintindex":0},"west":{"uv":[6.254,10.254,6.371,10.871],"rotation":0,"texture":"#4","tintindex":0},"up":{"uv":[13.496,10.371,13.379,10.254],"rotation":0,"texture":"#4","tintindex":0},"down":{"uv":[13.496,10.504,13.379,10.621],"rotation":0,"texture":"#4","tintindex":0}}},{"from":[6.0,12.0,6.404061],"to":[6.5714283,14.857143,6.9754896],"rotation":{"angle":45.0,"axis":"y","origin":[6.285714,13.428572,6.6897755]},"faces":{"east":{"uv":[7.754,10.254,7.871,10.871],"rotation":0,"texture":"#4","tintindex":0},"south":{"uv":[8.004,10.254,8.121,10.871],"rotation":0,"texture":"#4","tintindex":0},"north":{"uv":[6.504,10.254,6.621,10.871],"rotation":0,"texture":"#4","tintindex":0},"west":{"uv":[8.254,10.254,8.371,10.871],"rotation":0,"texture":"#4","tintindex":0},"up":{"uv":[13.496,10.871,13.379,10.754],"rotation":0,"texture":"#4","tintindex":0},"down":{"uv":[11.496,13.379,11.379,13.496],"rotation":0,"texture":"#4","tintindex":0}}},{"from":[7.4714284,10.0,5.832632],"to":[8.528571,11.714286,6.9754896],"rotation":{"angle":-45.0,"axis":"x","origin":[8.285714,11.428572,6.1183467]},"faces":{"east":{"uv":[4.004,9.379,4.246,9.746],"rotation":0,"texture":"#4","tintindex":0},"south":{"uv":[4.379,9.379,4.621,9.746],"rotation":0,"texture":"#4","tintindex":0},"north":{"uv":[2.879,1.754,3.121,2.121],"rotation":0,"texture":"#4","tintindex":0},"west":{"uv":[9.379,5.129,9.621,5.496],"rotation":0,"texture":"#4","tintindex":0},"up":{"uv":[6.496,2.871,6.254,2.629],"rotation":0,"texture":"#4","tintindex":0},"down":{"uv":[9.496,10.504,9.254,10.746],"rotation":0,"texture":"#4","tintindex":0}}},{"from":[6.285714,11.714286,6.404061],"to":[9.714286,12.285715,6.9754896],"rotation":{"angle":-45.0,"axis":"x","origin":[8.285714,12.0,6.6897755]},"faces":{"east":{"uv":[13.879,10.629,13.996,10.746],"rotation":0,"texture":"#4","tintindex":0},"south":{"uv":[10.129,4.004,10.871,4.121],"rotation":0,"texture":"#4","tintindex":0},"north":{"uv":[10.129,3.754,10.871,3.871],"rotation":0,"texture":"#4","tintindex":0},"west":{"uv":[13.879,11.254,13.996,11.371],"rotation":0,"texture":"#4","tintindex":0},"up":{"uv":[10.871,4.371,10.129,4.254],"rotation":0,"texture":"#4","tintindex":0},"down":{"uv":[10.871,5.879,10.129,5.996],"rotation":0,"texture":"#4","tintindex":0}}},{"from":[6.285714,10.857143,9.142858],"to":[9.714286,14.857143,9.714286],"rotation":{"angle":0.0,"axis":"y","origin":[8.0,0.0,8.0]},"faces":{"east":{"uv":[1.379,9.254,1.496,10.121],"rotation":0,"texture":"#4","tintindex":0},"south":{"uv":[0.004,2.504,0.746,3.371],"rotation":0,"texture":"#4","tintindex":0},"north":{"uv":[2.379,2.254,3.121,3.121],"rotation":0,"texture":"#4","tintindex":0},"west":{"uv":[1.629,9.254,1.746,10.121],"rotation":0,"texture":"#4","tintindex":0},"up":{"uv":[5.871,9.621,5.129,9.504],"rotation":0,"texture":"#4","tintindex":0},"down":{"uv":[10.246,8.254,9.504,8.371],"rotation":0,"texture":"#4","tintindex":0}}},{"from":[6.857143,9.142858,9.142858],"to":[9.142858,10.857143,9.714286],"rotation":{"angle":0.0,"axis":"y","origin":[8.0,-3.4285717,8.0]},"faces":{"east":{"uv":[4.754,12.379,4.871,12.746],"rotation":0,"texture":"#4","tintindex":0},"south":{"uv":[3.754,8.129,4.246,8.496],"rotation":0,"texture":"#4","tintindex":0},"north":{"uv":[8.129,3.504,8.621,3.871],"rotation":0,"texture":"#4","tintindex":0},"west":{"uv":[6.004,12.379,6.121,12.746],"rotation":0,"texture":"#4","tintindex":0},"up":{"uv":[11.621,8.371,11.129,8.254],"rotation":0,"texture":"#4","tintindex":0},"down":{"uv":[11.621,9.254,11.129,9.371],"rotation":0,"texture":"#4","tintindex":0}}},{"from":[6.0,10.857143,9.02451],"to":[6.5714283,14.857143,9.595939],"rotation":{"angle":-45.0,"axis":"y","origin":[6.285714,12.285715,9.310225]},"faces":{"east":{"uv":[7.379,9.129,7.496,9.996],"rotation":0,"texture":"#4","tintindex":0},"south":{"uv":[7.629,9.129,7.746,9.996],"rotation":0,"texture":"#4","tintindex":0},"north":{"uv":[1.129,9.129,1.246,9.996],"rotation":0,"texture":"#4","tintindex":0},"west":{"uv":[9.129,9.004,9.246,9.871],"rotation":0,"texture":"#4","tintindex":0},"up":{"uv":[13.621,8.746,13.504,8.629],"rotation":0,"texture":"#4","tintindex":0},"down":{"uv":[8.996,13.504,8.879,13.621],"rotation":0,"texture":"#4","tintindex":0}}},{"from":[6.285714,10.571428,9.02451],"to":[9.714286,11.142858,9.595939],"rotation":{"angle":45.0,"axis":"x","origin":[8.285714,10.857143,9.310225]},"faces":{"east":{"uv":[13.504,8.129,13.621,8.246],"rotation":0,"texture":"#4","tintindex":0},"south":{"uv":[9.504,1.629,10.246,1.746],"rotation":0,"texture":"#4","tintindex":0},"north":{"uv":[9.379,5.629,10.121,5.746],"rotation":0,"texture":"#4","tintindex":0},"west":{"uv":[13.504,8.379,13.621,8.496],"rotation":0,"texture":"#4","tintindex":0},"up":{"uv":[10.246,2.621,9.504,2.504],"rotation":0,"texture":"#4","tintindex":0},"down":{"uv":[10.246,2.754,9.504,2.871],"rotation":0,"texture":"#4","tintindex":0}}},{"from":[6.8599997,8.285714,9.02451],"to":[9.14,9.428572,9.595939],"rotation":{"angle":45.0,"axis":"x","origin":[8.285714,9.142858,9.310225]},"faces":{"east":{"uv":[9.754,12.629,9.871,12.871],"rotation":0,"texture":"#4","tintindex":0},"south":{"uv":[8.754,1.879,9.246,2.121],"rotation":0,"texture":"#4","tintindex":0},"north":{"uv":[8.629,7.379,9.121,7.621],"rotation":0,"texture":"#4","tintindex":0},"west":{"uv":[12.754,0.754,12.871,0.996],"rotation":0,"texture":"#4","tintindex":0},"up":{"uv":[11.621,9.621,11.129,9.504],"rotation":0,"texture":"#4","tintindex":0},"down":{"uv":[11.621,10.129,11.129,10.246],"rotation":0,"texture":"#4","tintindex":0}}},{"from":[6.428571,12.0,9.271429],"to":[7.5714283,14.857143,9.985714],"rotation":{"angle":0.0,"axis":"y","origin":[7.0,0.5714283,8.271429]},"faces":{"east":{"uv":[8.504,10.254,8.621,10.871],"rotation":0,"texture":"#4","tintindex":0},"south":{"uv":[1.379,8.504,1.621,9.121],"rotation":0,"texture":"#4","tintindex":0},"north":{"uv":[3.379,8.254,3.621,8.871],"rotation":0,"texture":"#4","tintindex":0},"west":{"uv":[0.004,10.379,0.121,10.996],"rotation":0,"texture":"#4","tintindex":0},"up":{"uv":[12.996,5.246,12.754,5.129],"rotation":0,"texture":"#4","tintindex":0},"down":{"uv":[12.996,5.379,12.754,5.496],"rotation":0,"texture":"#4","tintindex":0}}},{"from":[6.4314284,11.142858,9.295939],"to":[7.5685716,12.285715,9.867368],"rotation":{"angle":45.0,"axis":"x","origin":[7.285714,12.0,9.581654]},"faces":{"east":{"uv":[1.754,12.754,1.871,12.996],"rotation":0,"texture":"#4","tintindex":0},"south":{"uv":[8.754,11.129,8.996,11.371],"rotation":0,"texture":"#4","tintindex":0},"north":{"uv":[6.879,11.129,7.121,11.371],"rotation":0,"texture":"#4","tintindex":0},"west":{"uv":[12.754,1.879,12.871,2.121],"rotation":0,"texture":"#4","tintindex":0},"up":{"uv":[12.996,1.246,12.754,1.129],"rotation":0,"texture":"#4","tintindex":0},"down":{"uv":[3.496,12.754,3.254,12.871],"rotation":0,"texture":"#4","tintindex":0}}},{"from":[8.428572,12.0,9.271429],"to":[9.571428,14.857143,9.985714],"rotation":{"angle":0.0,"axis":"y","origin":[9.0,0.5714283,8.271429]},"faces":{"east":{"uv":[7.004,10.379,7.121,10.996],"rotation":0,"texture":"#4","tintindex":0},"south":{"uv":[8.629,6.004,8.871,6.621],"rotation":0,"texture":"#4","tintindex":0},"north":{"uv":[3.754,8.629,3.996,9.246],"rotation":0,"texture":"#4","tintindex":0},"west":{"uv":[8.754,10.379,8.871,10.996],"rotation":0,"texture":"#4","tintindex":0},"up":{"uv":[13.496,7.996,13.254,7.879],"rotation":0,"texture":"#4","tintindex":0},"down":{"uv":[9.621,13.254,9.379,13.371],"rotation":0,"texture":"#4","tintindex":0}}},{"from":[8.431429,11.142858,9.295939],"to":[9.568571,12.285715,9.867368],"rotation":{"angle":45.0,"axis":"x","origin":[9.285714,12.0,9.581654]},"faces":{"east":{"uv":[9.129,13.254,9.246,13.496],"rotation":0,"texture":"#4","tintindex":0},"south":{"uv":[4.129,12.254,4.371,12.496],"rotation":0,"texture":"#4","tintindex":0},"north":{"uv":[12.254,3.879,12.496,4.121],"rotation":0,"texture":"#4","tintindex":0},"west":{"uv":[13.254,9.129,13.371,9.371],"rotation":0,"texture":"#4","tintindex":0},"up":{"uv":[13.496,6.371,13.254,6.254],"rotation":0,"texture":"#4","tintindex":0},"down":{"uv":[13.496,7.379,13.254,7.496],"rotation":0,"texture":"#4","tintindex":0}}},{"from":[9.428572,10.857143,9.02451],"to":[10.0,14.857143,9.595939],"rotation":{"angle":45.0,"axis":"y","origin":[9.714286,12.285715,9.310225]},"faces":{"east":{"uv":[0.379,9.129,0.496,9.996],"rotation":0,"texture":"#4","tintindex":0},"south":{"uv":[0.629,9.129,0.746,9.996],"rotation":0,"texture":"#4","tintindex":0},"north":{"uv":[8.879,9.004,8.996,9.871],"rotation":0,"texture":"#4","tintindex":0},"west":{"uv":[0.879,9.129,0.996,9.996],"rotation":0,"texture":"#4","tintindex":0},"up":{"uv":[13.621,7.121,13.504,7.004],"rotation":0,"texture":"#4","tintindex":0},"down":{"uv":[7.246,13.504,7.129,13.621],"rotation":0,"texture":"#4","tintindex":0}}},{"from":[7.3389406,13.636549,6.862857],"to":[7.910369,14.207978,9.137143],"rotation":{"angle":-45.0,"axis":"z","origin":[2.4817972,13.922264,8.857143]},"faces":{"east":{"uv":[10.629,1.004,11.121,1.121],"rotation":0,"texture":"#4","tintindex":0},"south":{"uv":[13.379,12.879,13.496,12.996],"rotation":0,"texture":"#4","tintindex":0},"north":{"uv":[13.379,12.629,13.496,12.746],"rotation":0,"texture":"#4","tintindex":0},"west":{"uv":[10.629,1.254,11.121,1.371],"rotation":0,"texture":"#4","tintindex":0},"up":{"uv":[10.371,11.121,10.254,10.629],"rotation":0,"texture":"#4","tintindex":0},"down":{"uv":[10.621,10.629,10.504,11.121],"rotation":0,"texture":"#4","tintindex":0}}},{"from":[8.089631,13.636549,6.862857],"to":[8.661059,14.207978,9.137143],"rotation":{"angle":45.0,"axis":"z","origin":[13.518203,13.922264,8.857143]},"faces":{"east":{"uv":[3.879,10.754,4.371,10.871],"rotation":0,"texture":"#4","tintindex":0},"south":{"uv":[0.504,13.504,0.621,13.621],"rotation":0,"texture":"#4","tintindex":0},"north":{"uv":[13.504,0.254,13.621,0.371],"rotation":0,"texture":"#4","tintindex":0},"west":{"uv":[10.754,8.754,11.246,8.871],"rotation":0,"texture":"#4","tintindex":0},"up":{"uv":[4.621,11.246,4.504,10.754],"rotation":0,"texture":"#4","tintindex":0},"down":{"uv":[9.746,10.754,9.629,11.246],"rotation":0,"texture":"#4","tintindex":0}}},{"from":[8.489631,15.350836,6.862857],"to":[9.06106,15.922264,9.137143],"rotation":{"angle":45.0,"axis":"z","origin":[13.918203,15.636549,8.857143]},"faces":{"east":{"uv":[2.504,11.129,2.996,11.246],"rotation":0,"texture":"#4","tintindex":0},"south":{"uv":[13.504,6.004,13.621,6.121],"rotation":0,"texture":"#4","tintindex":0},"north":{"uv":[6.004,13.504,6.121,13.621],"rotation":0,"texture":"#4","tintindex":0},"west":{"uv":[11.129,3.379,11.621,3.496],"rotation":0,"texture":"#4","tintindex":0},"up":{"uv":[3.246,11.621,3.129,11.129],"rotation":0,"texture":"#4","tintindex":0},"down":{"uv":[4.871,11.129,4.754,11.621],"rotation":0,"texture":"#4","tintindex":0}}},{"from":[6.9389405,15.350836,6.862857],"to":[7.510369,15.922264,9.137143],"rotation":{"angle":-45.0,"axis":"z","origin":[2.0817971,15.636549,8.857143]},"faces":{"east":{"uv":[11.129,4.754,11.621,4.871],"rotation":0,"texture":"#4","tintindex":0},"south":{"uv":[13.504,6.754,13.621,6.871],"rotation":0,"texture":"#4","tintindex":0},"north":{"uv":[13.504,6.504,13.621,6.621],"rotation":0,"texture":"#4","tintindex":0},"west":{"uv":[11.129,5.004,11.621,5.121],"rotation":0,"texture":"#4","tintindex":0},"up":{"uv":[11.246,6.621,11.129,6.129],"rotation":0,"texture":"#4","tintindex":0},"down":{"uv":[6.746,11.129,6.629,11.621],"rotation":0,"texture":"#4","tintindex":0}}}],"display":{"head":{"translation":[0.0,-6.4,0.0],"scale":[4.0,4.0,4.0]}}}