{"textures":{"0":"modelengine:entity/boneshadin2herald","2":"modelengine:entity/bandend","4":"modelengine:entity/fallenheraldxd"},"elements":[{"from":[6.6857142,8.442857,5.6613083],"to":[9.3,12.0,6.5327373],"rotation":{"angle":0.0,"axis":"y","origin":[-8.200733,10.549668,2.3402853]},"faces":{"east":{"uv":[3.379,9.629,3.496,10.371],"rotation":0,"texture":"#4","tintindex":0},"south":{"uv":[3.004,0.879,3.871,1.621],"rotation":0,"texture":"#4","tintindex":0},"north":{"uv":[9.004,0.004,14.996,7.996],"rotation":0,"texture":"#0","tintindex":0},"west":{"uv":[4.754,9.629,4.871,10.371],"rotation":0,"texture":"#4","tintindex":0},"up":{"uv":[10.121,7.371,9.254,7.254],"rotation":0,"texture":"#4","tintindex":0},"down":{"uv":[10.121,7.504,9.254,7.621],"rotation":0,"texture":"#4","tintindex":0}}},{"from":[6.1857142,8.442857,6.4613085],"to":[9.8,12.0,9.38988],"rotation":{"angle":0.0,"axis":"y","origin":[-8.2721615,10.549668,2.3402853]},"faces":{"east":{"uv":[4.629,1.504,5.246,2.246],"rotation":0,"texture":"#4","tintindex":0},"south":{"uv":[0.004,3.504,0.746,4.246],"rotation":0,"texture":"#4","tintindex":0},"north":{"uv":[3.379,3.129,4.121,3.871],"rotation":0,"texture":"#4","tintindex":0},"west":{"uv":[1.754,4.629,2.371,5.371],"rotation":0,"texture":"#4","tintindex":0},"up":{"uv":[3.246,5.246,2.504,4.629],"rotation":0,"texture":"#4","tintindex":0},"down":{"uv":[4.121,4.879,3.379,5.496],"rotation":0,"texture":"#4","tintindex":0}}},{"from":[9.714286,9.714286,5.661314],"to":[10.285714,11.428572,5.947028],"rotation":{"angle":-22.5,"axis":"y","origin":[10.167347,10.612246,5.8454037]},"faces":{"east":{"uv":[6.504,12.379,6.621,12.746],"rotation":0,"texture":"#4","tintindex":0},"south":{"uv":[6.754,12.379,6.871,12.746],"rotation":0,"texture":"#4","tintindex":0},"north":{"uv":[6.254,12.379,6.371,12.746],"rotation":0,"texture":"#4","tintindex":0},"down":{"uv":[10.246,13.504,10.129,13.621],"rotation":0,"texture":"#4","tintindex":0}}},{"from":[8.0,10.285714,5.661314],"to":[9.142858,10.571428,6.06248],"rotation":{"angle":-22.5,"axis":"y","origin":[10.167347,10.612246,5.8454037]},"faces":{"east":{"uv":[13.629,10.254,13.746,10.371],"rotation":0,"texture":"#4","tintindex":0},"north":{"uv":[13.004,0.004,13.246,0.121],"rotation":0,"texture":"#4","tintindex":0},"west":{"uv":[13.629,10.504,13.746,10.621],"rotation":0,"texture":"#4","tintindex":0},"up":{"uv":[0.871,13.121,0.629,13.004],"rotation":0,"texture":"#4","tintindex":0},"down":{"uv":[13.246,0.879,13.004,0.996],"rotation":0,"texture":"#4","tintindex":0}}},{"from":[9.142858,9.714286,5.661314],"to":[9.714286,10.285714,6.06248],"rotation":{"angle":-22.5,"axis":"y","origin":[10.167347,10.612246,5.8454037]},"faces":{"north":{"uv":[7.379,13.629,7.496,13.746],"rotation":0,"texture":"#4","tintindex":0},"west":{"uv":[13.629,7.504,13.746,7.621],"rotation":0,"texture":"#4","tintindex":0},"down":{"uv":[13.746,7.754,13.629,7.871],"rotation":0,"texture":"#4","tintindex":0}}},{"from":[8.0,9.714286,5.661314],"to":[9.142858,10.0,6.06248],"rotation":{"angle":-22.5,"axis":"y","origin":[10.167347,10.612246,5.8454037]},"faces":{"east":{"uv":[13.629,10.754,13.746,10.871],"rotation":0,"texture":"#4","tintindex":0},"north":{"uv":[13.004,1.754,13.246,1.871],"rotation":0,"texture":"#4","tintindex":0},"west":{"uv":[13.629,11.254,13.746,11.371],"rotation":0,"texture":"#4","tintindex":0},"up":{"uv":[13.246,2.121,13.004,2.004],"rotation":0,"texture":"#4","tintindex":0},"down":{"uv":[3.496,13.004,3.254,13.121],"rotation":0,"texture":"#4","tintindex":0}}},{"from":[8.0,11.428572,5.661314],"to":[10.285714,12.0,5.947028],"rotation":{"angle":-22.5,"axis":"y","origin":[10.167347,10.612246,5.8454037]},"faces":{"east":{"uv":[13.504,9.754,13.621,9.871],"rotation":0,"texture":"#4","tintindex":0},"south":{"uv":[2.504,11.379,2.996,11.496],"rotation":0,"texture":"#4","tintindex":0},"north":{"uv":[11.379,2.254,11.871,2.371],"rotation":0,"texture":"#4","tintindex":0},"west":{"uv":[9.879,13.504,9.996,13.621],"rotation":0,"texture":"#4","tintindex":0},"up":{"uv":[11.871,2.621,11.379,2.504],"rotation":0,"texture":"#4","tintindex":0}}},{"from":[5.714286,11.428572,5.661314],"to":[8.0,12.0,5.947028],"rotation":{"angle":22.5,"axis":"y","origin":[5.832653,10.612246,5.8454037]},"faces":{"east":{"uv":[3.754,13.754,3.871,13.871],"rotation":0,"texture":"#4","tintindex":0},"south":{"uv":[11.379,10.629,11.871,10.746],"rotation":0,"texture":"#4","tintindex":0},"north":{"uv":[11.379,6.504,11.871,6.621],"rotation":0,"texture":"#4","tintindex":0},"west":{"uv":[4.004,13.754,4.121,13.871],"rotation":0,"texture":"#4","tintindex":0},"up":{"uv":[11.996,0.496,11.504,0.379],"rotation":0,"texture":"#4","tintindex":0}}},{"from":[6.285714,10.857143,5.661314],"to":[8.0,11.428572,6.06248],"rotation":{"angle":22.5,"axis":"y","origin":[5.832653,10.612246,5.8454037]},"faces":{"east":{"uv":[13.754,3.504,13.871,3.621],"rotation":0,"texture":"#4","tintindex":0},"north":{"uv":[10.879,12.379,11.246,12.496],"rotation":0,"texture":"#4","tintindex":0},"down":{"uv":[11.996,12.379,11.629,12.496],"rotation":0,"texture":"#4","tintindex":0}}},{"from":[6.285714,10.285714,5.661314],"to":[6.857143,10.857143,6.06248],"rotation":{"angle":22.5,"axis":"y","origin":[5.832653,10.612246,5.8454037]},"faces":{"east":{"uv":[13.754,3.254,13.871,3.371],"rotation":0,"texture":"#4","tintindex":0},"north":{"uv":[3.254,13.754,3.371,13.871],"rotation":0,"texture":"#4","tintindex":0},"down":{"uv":[3.621,13.754,3.504,13.871],"rotation":0,"texture":"#4","tintindex":0}}},{"from":[5.714286,9.714286,5.661314],"to":[6.285714,11.428572,5.947028],"rotation":{"angle":22.5,"axis":"y","origin":[5.832653,10.612246,5.8454037]},"faces":{"south":{"uv":[12.379,10.004,12.496,10.371],"rotation":0,"texture":"#4","tintindex":0},"north":{"uv":[10.004,12.379,10.121,12.746],"rotation":0,"texture":"#4","tintindex":0},"west":{"uv":[10.254,12.379,10.371,12.746],"rotation":0,"texture":"#4","tintindex":0},"down":{"uv":[2.621,13.754,2.504,13.871],"rotation":0,"texture":"#4","tintindex":0}}},{"from":[6.857143,10.285714,5.661314],"to":[8.0,10.571428,6.06248],"rotation":{"angle":22.5,"axis":"y","origin":[5.832653,10.612246,5.8454037]},"faces":{"east":{"uv":[2.004,13.754,2.121,13.871],"rotation":0,"texture":"#4","tintindex":0},"north":{"uv":[13.004,10.254,13.246,10.371],"rotation":0,"texture":"#4","tintindex":0},"west":{"uv":[2.254,13.754,2.371,13.871],"rotation":0,"texture":"#4","tintindex":0},"up":{"uv":[13.246,10.621,13.004,10.504],"rotation":0,"texture":"#4","tintindex":0},"down":{"uv":[11.996,12.379,11.629,12.496],"rotation":0,"texture":"#4","tintindex":0}}},{"from":[6.857143,9.714286,5.661314],"to":[8.0,10.0,6.06248],"rotation":{"angle":22.5,"axis":"y","origin":[5.832653,10.612246,5.8454037]},"faces":{"east":{"uv":[13.754,1.504,13.871,1.621],"rotation":0,"texture":"#4","tintindex":0},"north":{"uv":[9.129,13.004,9.371,13.121],"rotation":0,"texture":"#4","tintindex":0},"west":{"uv":[1.754,13.754,1.871,13.871],"rotation":0,"texture":"#4","tintindex":0},"up":{"uv":[9.746,13.121,9.504,13.004],"rotation":0,"texture":"#4","tintindex":0},"down":{"uv":[13.246,10.004,13.004,10.121],"rotation":0,"texture":"#4","tintindex":0}}},{"from":[6.285714,9.714286,5.661314],"to":[6.857143,10.285714,6.06248],"rotation":{"angle":22.5,"axis":"y","origin":[5.832653,10.612246,5.8454037]},"faces":{"east":{"uv":[1.254,13.754,1.371,13.871],"rotation":0,"texture":"#4","tintindex":0},"north":{"uv":[1.004,13.754,1.121,13.871],"rotation":0,"texture":"#4","tintindex":0},"down":{"uv":[1.621,13.754,1.504,13.871],"rotation":0,"texture":"#4","tintindex":0}}},{"from":[5.714286,11.428572,5.661314],"to":[10.285714,12.0,5.947028],"rotation":{"angle":0.0,"axis":"y","origin":[10.167347,10.612246,5.8454037]},"faces":{"east":{"uv":[0.504,13.754,0.621,13.871],"rotation":0,"texture":"#4","tintindex":0},"south":{"uv":[8.879,0.254,9.871,0.371],"rotation":0,"texture":"#4","tintindex":0},"north":{"uv":[8.879,0.004,9.871,0.121],"rotation":0,"texture":"#4","tintindex":0},"west":{"uv":[0.754,13.754,0.871,13.871],"rotation":0,"texture":"#4","tintindex":0},"up":{"uv":[9.871,0.621,8.879,0.504],"rotation":0,"texture":"#4","tintindex":0}}},{"from":[6.285714,12.0,5.661314],"to":[9.714286,12.571428,6.8041716],"rotation":{"angle":0.0,"axis":"y","origin":[1.1782856,11.923429,2.3402853]},"faces":{"east":{"uv":[5.504,12.754,5.746,12.871],"rotation":0,"texture":"#4","tintindex":0},"south":{"uv":[9.629,9.129,10.371,9.246],"rotation":0,"texture":"#4","tintindex":0},"north":{"uv":[9.629,8.879,10.371,8.996],"rotation":0,"texture":"#4","tintindex":0},"west":{"uv":[12.754,5.629,12.996,5.746],"rotation":0,"texture":"#4","tintindex":0},"up":{"uv":[6.121,2.246,5.379,2.004],"rotation":0,"texture":"#4","tintindex":0}}},{"from":[6.5714283,11.428572,5.3756],"to":[9.428572,11.985714,5.518457],"rotation":{"angle":0.0,"axis":"y","origin":[1.1782856,11.923429,2.3402853]},"faces":{"east":{"uv":[13.754,4.879,13.871,4.996],"rotation":0,"texture":"#4","tintindex":0},"south":{"uv":[10.379,8.254,10.996,8.371],"rotation":0,"texture":"#4","tintindex":0},"north":{"uv":[10.379,3.504,10.996,3.621],"rotation":0,"texture":"#4","tintindex":0},"west":{"uv":[5.129,13.754,5.246,13.871],"rotation":0,"texture":"#4","tintindex":0},"up":{"uv":[10.996,10.246,10.379,10.129],"rotation":0,"texture":"#4","tintindex":0}}},{"from":[7.142857,11.428572,5.232743],"to":[8.857143,11.985714,5.3756],"rotation":{"angle":0.0,"axis":"y","origin":[1.1782856,11.923429,2.3402853]},"faces":{"east":{"uv":[5.629,13.754,5.746,13.871],"rotation":0,"texture":"#4","tintindex":0},"south":{"uv":[12.504,0.504,12.871,0.621],"rotation":0,"texture":"#4","tintindex":0},"north":{"uv":[12.504,0.004,12.871,0.121],"rotation":0,"texture":"#4","tintindex":0},"west":{"uv":[5.879,13.754,5.996,13.871],"rotation":0,"texture":"#4","tintindex":0},"up":{"uv":[12.871,4.371,12.504,4.254],"rotation":0,"texture":"#4","tintindex":0}}},{"from":[7.214286,11.428572,5.0898857],"to":[8.785714,11.985714,5.232743],"rotation":{"angle":0.0,"axis":"y","origin":[1.1782856,11.923429,2.3402853]},"faces":{"east":{"uv":[13.754,6.004,13.871,6.121],"rotation":0,"texture":"#4","tintindex":0},"south":{"uv":[12.504,11.129,12.871,11.246],"rotation":0,"texture":"#4","tintindex":0},"north":{"uv":[12.504,7.629,12.871,7.746],"rotation":0,"texture":"#4","tintindex":0},"west":{"uv":[6.129,13.754,6.246,13.871],"rotation":0,"texture":"#4","tintindex":0},"up":{"uv":[12.871,11.496,12.504,11.379],"rotation":0,"texture":"#4","tintindex":0}}},{"from":[6.285714,11.428572,5.518457],"to":[9.714286,11.985714,5.661314],"rotation":{"angle":0.0,"axis":"y","origin":[1.1782856,11.923429,2.3402853]},"faces":{"east":{"uv":[13.754,5.129,13.871,5.246],"rotation":0,"texture":"#4","tintindex":0},"south":{"uv":[10.129,3.004,10.871,3.121],"rotation":0,"texture":"#4","tintindex":0},"north":{"uv":[2.379,10.129,3.121,10.246],"rotation":0,"texture":"#4","tintindex":0},"west":{"uv":[5.379,13.754,5.496,13.871],"rotation":0,"texture":"#4","tintindex":0},"up":{"uv":[10.871,3.371,10.129,3.254],"rotation":0,"texture":"#4","tintindex":0}}},{"from":[6.857143,12.571428,5.661314],"to":[9.142858,13.142858,6.8041716],"rotation":{"angle":0.0,"axis":"y","origin":[1.1782856,11.923429,2.3402853]},"faces":{"east":{"uv":[12.754,6.629,12.996,6.746],"rotation":0,"texture":"#4","tintindex":0},"south":{"uv":[11.379,6.254,11.871,6.371],"rotation":0,"texture":"#4","tintindex":0},"north":{"uv":[11.379,6.004,11.871,6.121],"rotation":0,"texture":"#4","tintindex":0},"west":{"uv":[12.754,6.879,12.996,6.996],"rotation":0,"texture":"#4","tintindex":0},"up":{"uv":[7.871,8.996,7.379,8.754],"rotation":0,"texture":"#4","tintindex":0}}},{"from":[6.285714,12.0,6.804166],"to":[9.714286,12.571428,9.375594],"rotation":{"angle":0.0,"axis":"y","origin":[1.1782856,11.923429,2.3402853]},"faces":{"east":{"uv":[3.379,4.629,3.996,4.746],"rotation":0,"texture":"#4","tintindex":0},"south":{"uv":[9.629,9.629,10.371,9.746],"rotation":0,"texture":"#4","tintindex":0},"north":{"uv":[9.629,9.379,10.371,9.496],"rotation":0,"texture":"#4","tintindex":0},"west":{"uv":[10.254,5.254,10.871,5.371],"rotation":0,"texture":"#4","tintindex":0},"up":{"uv":[1.621,5.246,0.879,4.629],"rotation":0,"texture":"#4","tintindex":0}}},{"from":[7.428571,12.428572,9.375594],"to":[8.571428,12.571428,9.947023],"rotation":{"angle":0.0,"axis":"y","origin":[1.1782856,11.923429,2.3402853]},"faces":{"east":{"uv":[10.379,13.504,10.496,13.621],"rotation":0,"texture":"#4","tintindex":0},"south":{"uv":[12.754,8.254,12.996,8.371],"rotation":0,"texture":"#4","tintindex":0},"north":{"uv":[7.504,12.754,7.746,12.871],"rotation":0,"texture":"#4","tintindex":0},"west":{"uv":[10.629,13.504,10.746,13.621],"rotation":0,"texture":"#4","tintindex":0},"up":{"uv":[12.996,9.871,12.754,9.754],"rotation":0,"texture":"#4","tintindex":0}}},{"from":[6.0,12.0,5.9470224],"to":[10.0,12.428572,9.947023],"rotation":{"angle":0.0,"axis":"y","origin":[1.1782856,11.923429,2.3402853]},"faces":{"east":{"uv":[9.004,7.004,9.871,7.121],"rotation":0,"texture":"#4","tintindex":0},"south":{"uv":[9.129,3.004,9.996,3.121],"rotation":0,"texture":"#4","tintindex":0},"north":{"uv":[9.004,6.754,9.871,6.871],"rotation":0,"texture":"#4","tintindex":0},"west":{"uv":[9.129,3.254,9.996,3.371],"rotation":0,"texture":"#4","tintindex":0},"up":{"uv":[2.246,3.121,1.379,2.254],"rotation":0,"texture":"#4","tintindex":0}}},{"from":[6.285714,12.0,9.947023],"to":[9.714286,12.285715,10.232738],"rotation":{"angle":0.0,"axis":"y","origin":[1.1782856,11.923429,2.3402853]},"faces":{"east":{"uv":[10.879,13.504,10.996,13.621],"rotation":0,"texture":"#4","tintindex":0},"south":{"uv":[9.754,1.004,10.496,1.121],"rotation":0,"texture":"#4","tintindex":0},"north":{"uv":[9.754,0.754,10.496,0.871],"rotation":0,"texture":"#4","tintindex":0},"west":{"uv":[13.504,11.004,13.621,11.121],"rotation":0,"texture":"#4","tintindex":0},"up":{"uv":[10.496,1.371,9.754,1.254],"rotation":0,"texture":"#4","tintindex":0}}},{"from":[9.714286,9.142858,5.9470224],"to":[10.285714,12.0,9.947023],"rotation":{"angle":0.0,"axis":"y","origin":[5.9864454,10.549668,2.3402853]},"faces":{"east":{"uv":[0.879,3.879,1.746,4.496],"rotation":0,"texture":"#4","tintindex":0},"south":{"uv":[2.879,10.379,2.996,10.996],"rotation":0,"texture":"#4","tintindex":0},"north":{"uv":[0.254,10.379,0.371,10.996],"rotation":0,"texture":"#4","tintindex":0},"up":{"uv":[1.996,10.121,1.879,9.254],"rotation":0,"texture":"#4","tintindex":0},"down":{"uv":[2.246,9.254,2.129,10.121],"rotation":0,"texture":"#4","tintindex":0}}},{"from":[6.052977,9.142858,9.885715],"to":[10.052978,12.0,10.457143],"rotation":{"angle":0.0,"axis":"y","origin":[-1.768858,10.549668,8.843589]},"faces":{"east":{"uv":[0.754,10.379,0.871,10.996],"rotation":0,"texture":"#4","tintindex":0},"south":{"uv":[4.004,0.004,4.871,0.621],"rotation":0,"texture":"#4","tintindex":0},"west":{"uv":[2.379,10.379,2.496,10.996],"rotation":0,"texture":"#4","tintindex":0},"up":{"uv":[3.246,9.371,2.379,9.254],"rotation":0,"texture":"#4","tintindex":0},"down":{"uv":[5.996,9.254,5.129,9.371],"rotation":0,"texture":"#4","tintindex":0}}},{"from":[6.052977,8.0,7.6],"to":[10.052978,9.142858,9.885715],"rotation":{"angle":0.0,"axis":"y","origin":[-1.768858,10.549668,8.843589]},"faces":{"east":{"uv":[8.879,0.754,9.371,0.996],"rotation":0,"texture":"#4","tintindex":0},"south":{"uv":[3.754,7.754,4.621,7.996],"rotation":0,"texture":"#4","tintindex":0},"west":{"uv":[8.879,1.129,9.371,1.371],"rotation":0,"texture":"#4","tintindex":0},"up":{"uv":[5.871,3.621,5.004,3.129],"rotation":0,"texture":"#4","tintindex":0},"down":{"uv":[6.121,2.379,5.254,2.871],"rotation":0,"texture":"#4","tintindex":0}}},{"from":[7.195834,8.0,8.171429],"to":[8.91012,9.142858,10.457143],"rotation":{"angle":0.0,"axis":"y","origin":[-1.768858,10.549668,8.843589]},"faces":{"east":{"uv":[8.879,1.504,9.371,1.746],"rotation":0,"texture":"#4","tintindex":0},"south":{"uv":[8.879,10.004,9.246,10.246],"rotation":0,"texture":"#4","tintindex":0},"west":{"uv":[2.129,8.879,2.621,9.121],"rotation":0,"texture":"#4","tintindex":0},"up":{"uv":[8.496,7.746,8.129,7.254],"rotation":0,"texture":"#4","tintindex":0},"down":{"uv":[7.871,8.129,7.504,8.621],"rotation":0,"texture":"#4","tintindex":0}}},{"from":[5.714286,9.142858,5.9470224],"to":[6.285714,12.0,9.947023],"rotation":{"angle":0.0,"axis":"y","origin":[-8.2721615,10.549668,2.3402853]},"faces":{"south":{"uv":[2.879,10.379,2.996,10.996],"rotation":0,"texture":"#4","tintindex":0},"north":{"uv":[2.629,10.379,2.746,10.996],"rotation":0,"texture":"#4","tintindex":0},"west":{"uv":[4.004,0.754,4.871,1.371],"rotation":0,"texture":"#4","tintindex":0},"up":{"uv":[6.246,10.121,6.129,9.254],"rotation":0,"texture":"#4","tintindex":0},"down":{"uv":[6.496,9.254,6.379,10.121],"rotation":0,"texture":"#4","tintindex":0}}},{"from":[5.714286,8.0,5.9470224],"to":[6.285714,9.142858,7.661309],"rotation":{"angle":0.0,"axis":"y","origin":[-8.2721615,10.549668,2.3402853]},"faces":{"south":{"uv":[3.629,12.754,3.746,12.996],"rotation":0,"texture":"#4","tintindex":0},"north":{"uv":[2.004,12.754,2.121,12.996],"rotation":0,"texture":"#4","tintindex":0},"west":{"uv":[5.004,9.754,5.371,9.996],"rotation":0,"texture":"#4","tintindex":0},"up":{"uv":[7.121,12.746,7.004,12.379],"rotation":0,"texture":"#4","tintindex":0},"down":{"uv":[7.371,12.379,7.254,12.746],"rotation":0,"texture":"#4","tintindex":0}}},{"from":[9.714286,8.0,5.9470224],"to":[10.285714,9.142858,7.661309],"rotation":{"angle":0.0,"axis":"y","origin":[24.272161,10.549668,2.3402853]},"faces":{"east":{"uv":[9.754,5.129,10.121,5.371],"rotation":0,"texture":"#4","tintindex":0},"south":{"uv":[12.754,12.129,12.871,12.371],"rotation":0,"texture":"#4","tintindex":0},"north":{"uv":[8.504,12.754,8.621,12.996],"rotation":0,"texture":"#4","tintindex":0},"up":{"uv":[12.496,8.996,12.379,8.629],"rotation":0,"texture":"#4","tintindex":0},"down":{"uv":[8.871,12.379,8.754,12.746],"rotation":0,"texture":"#4","tintindex":0}}},{"from":[5.714286,8.571428,7.661309],"to":[6.285714,9.142858,8.804166],"rotation":{"angle":0.0,"axis":"y","origin":[-8.2721615,10.549668,2.3402853]},"faces":{"south":{"uv":[12.004,13.504,12.121,13.621],"rotation":0,"texture":"#4","tintindex":0},"north":{"uv":[11.129,13.504,11.246,13.621],"rotation":0,"texture":"#4","tintindex":0},"west":{"uv":[12.754,12.504,12.996,12.621],"rotation":0,"texture":"#4","tintindex":0},"up":{"uv":[12.871,12.996,12.754,12.754],"rotation":0,"texture":"#4","tintindex":0},"down":{"uv":[0.121,12.879,0.004,13.121],"rotation":0,"texture":"#4","tintindex":0}}},{"from":[9.714286,8.571428,7.661309],"to":[10.285714,9.142858,8.804166],"rotation":{"angle":0.0,"axis":"y","origin":[24.272161,10.549668,2.3402853]},"faces":{"east":{"uv":[0.254,12.879,0.496,12.996],"rotation":0,"texture":"#4","tintindex":0},"south":{"uv":[12.629,13.504,12.746,13.621],"rotation":0,"texture":"#4","tintindex":0},"north":{"uv":[13.504,12.379,13.621,12.496],"rotation":0,"texture":"#4","tintindex":0},"up":{"uv":[12.996,1.621,12.879,1.379],"rotation":0,"texture":"#4","tintindex":0},"down":{"uv":[12.996,2.254,12.879,2.496],"rotation":0,"texture":"#4","tintindex":0}}},{"from":[6.257143,9.142858,6.475594],"to":[6.8285713,9.714286,9.904165],"rotation":{"angle":0.0,"axis":"y","origin":[-8.2721615,10.549668,2.3402853]},"faces":{"south":{"uv":[13.504,13.129,13.621,13.246],"rotation":0,"texture":"#4","tintindex":0},"north":{"uv":[13.129,13.504,13.246,13.621],"rotation":0,"texture":"#4","tintindex":0},"west":{"uv":[2.379,9.879,3.121,9.996],"rotation":0,"texture":"#4","tintindex":0},"up":{"uv":[5.621,10.496,5.504,9.754],"rotation":0,"texture":"#4","tintindex":0},"down":{"uv":[5.871,9.754,5.754,10.496],"rotation":0,"texture":"#4","tintindex":0}}},{"from":[9.142858,9.142858,6.4613085],"to":[9.714286,9.714286,9.88988],"rotation":{"angle":0.0,"axis":"y","origin":[-8.2721615,10.549668,2.3402853]},"faces":{"south":{"uv":[0.004,13.629,0.121,13.746],"rotation":0,"texture":"#4","tintindex":0},"north":{"uv":[13.379,13.504,13.496,13.621],"rotation":0,"texture":"#4","tintindex":0},"west":{"uv":[9.379,9.879,10.121,9.996],"rotation":0,"texture":"#4","tintindex":0},"up":{"uv":[4.121,10.621,4.004,9.879],"rotation":0,"texture":"#4","tintindex":0},"down":{"uv":[4.371,9.879,4.254,10.621],"rotation":0,"texture":"#4","tintindex":0}}},{"from":[6.285714,7.714286,6.232743],"to":[9.714286,8.0,6.8041716],"rotation":{"angle":0.0,"axis":"y","origin":[9.714286,7.714286,4.375594]},"faces":{"east":{"uv":[13.629,0.504,13.746,0.621],"rotation":0,"texture":"#4","tintindex":0},"south":{"uv":[10.004,0.254,10.746,0.371],"rotation":0,"texture":"#4","tintindex":0},"north":{"uv":[10.004,0.004,10.746,0.121],"rotation":0,"texture":"#4","tintindex":0},"west":{"uv":[13.629,0.754,13.746,0.871],"rotation":0,"texture":"#4","tintindex":0},"up":{"uv":[10.746,0.621,10.004,0.504],"rotation":0,"texture":"#4","tintindex":0},"down":{"uv":[10.746,2.129,10.004,2.246],"rotation":0,"texture":"#4","tintindex":0}}},{"from":[6.6285715,7.428571,6.518457],"to":[9.428572,7.714286,7.0898857],"rotation":{"angle":0.0,"axis":"y","origin":[9.714286,7.714286,4.375594]},"faces":{"east":{"uv":[13.629,1.004,13.746,1.121],"rotation":0,"texture":"#4","tintindex":0},"south":{"uv":[10.254,7.254,10.871,7.371],"rotation":0,"texture":"#4","tintindex":0},"north":{"uv":[10.254,5.504,10.871,5.621],"rotation":0,"texture":"#4","tintindex":0},"west":{"uv":[13.629,1.254,13.746,1.371],"rotation":0,"texture":"#4","tintindex":0},"up":{"uv":[10.871,7.621,10.254,7.504],"rotation":0,"texture":"#4","tintindex":0},"down":{"uv":[10.871,9.879,10.254,9.996],"rotation":0,"texture":"#4","tintindex":0}}},{"from":[6.285714,7.142857,6.8041716],"to":[9.714286,7.428571,7.3756],"rotation":{"angle":0.0,"axis":"y","origin":[9.714286,7.714286,4.375594]},"faces":{"east":{"uv":[13.629,1.754,13.746,1.871],"rotation":0,"texture":"#4","tintindex":0},"south":{"uv":[10.004,6.504,10.746,6.621],"rotation":0,"texture":"#4","tintindex":0},"north":{"uv":[10.004,6.254,10.746,6.371],"rotation":0,"texture":"#4","tintindex":0},"west":{"uv":[13.629,2.004,13.746,2.121],"rotation":0,"texture":"#4","tintindex":0},"up":{"uv":[10.746,6.871,10.004,6.754],"rotation":0,"texture":"#4","tintindex":0},"down":{"uv":[10.746,7.004,10.004,7.121],"rotation":0,"texture":"#4","tintindex":0}}},{"from":[6.285714,8.0,5.947028],"to":[9.714286,8.2,6.518457],"rotation":{"angle":0.0,"axis":"y","origin":[9.714286,7.714286,4.375594]},"faces":{"east":{"uv":[13.629,2.254,13.746,2.371],"rotation":0,"texture":"#4","tintindex":0},"south":{"uv":[10.004,8.004,10.746,8.121],"rotation":0,"texture":"#4","tintindex":0},"north":{"uv":[10.004,7.754,10.746,7.871],"rotation":0,"texture":"#4","tintindex":0},"west":{"uv":[13.629,2.504,13.746,2.621],"rotation":0,"texture":"#4","tintindex":0},"up":{"uv":[10.746,8.621,10.004,8.504],"rotation":0,"texture":"#4","tintindex":0},"down":{"uv":[0.996,10.129,0.254,10.246],"rotation":0,"texture":"#4","tintindex":0}}},{"from":[9.142858,8.571428,5.6041713],"to":[10.285714,9.714286,5.947028],"rotation":{"angle":0.0,"axis":"y","origin":[5.9864454,10.549668,2.3402853]},"faces":{"east":{"uv":[2.754,12.879,2.871,13.121],"rotation":0,"texture":"#4","tintindex":0},"north":{"uv":[6.129,11.254,6.371,11.496],"rotation":0,"texture":"#4","tintindex":0},"west":{"uv":[3.004,12.879,3.121,13.121],"rotation":0,"texture":"#4","tintindex":0},"up":{"uv":[13.121,3.121,12.879,3.004],"rotation":0,"texture":"#4","tintindex":0},"down":{"uv":[4.371,12.879,4.129,12.996],"rotation":0,"texture":"#4","tintindex":0}}},{"from":[5.714286,8.571428,5.6041713],"to":[6.857143,9.714286,5.947028],"rotation":{"angle":0.0,"axis":"y","origin":[-8.2721615,10.549668,2.3402853]},"faces":{"east":{"uv":[4.504,12.879,4.621,13.121],"rotation":0,"texture":"#4","tintindex":0},"north":{"uv":[11.379,8.754,11.621,8.996],"rotation":0,"texture":"#4","tintindex":0},"west":{"uv":[12.879,4.504,12.996,4.746],"rotation":0,"texture":"#4","tintindex":0},"up":{"uv":[4.996,12.996,4.754,12.879],"rotation":0,"texture":"#4","tintindex":0},"down":{"uv":[13.121,4.879,12.879,4.996],"rotation":0,"texture":"#4","tintindex":0}}},{"from":[8.571428,8.0,5.661314],"to":[9.714286,8.571428,5.947028],"rotation":{"angle":0.0,"axis":"y","origin":[5.9864454,10.549668,2.3402853]},"faces":{"east":{"uv":[2.754,13.629,2.871,13.746],"rotation":0,"texture":"#4","tintindex":0},"north":{"uv":[5.129,12.879,5.371,12.996],"rotation":0,"texture":"#4","tintindex":0},"west":{"uv":[13.629,2.754,13.746,2.871],"rotation":0,"texture":"#4","tintindex":0},"up":{"uv":[6.121,12.996,5.879,12.879],"rotation":0,"texture":"#4","tintindex":0},"down":{"uv":[6.496,12.879,6.254,12.996],"rotation":0,"texture":"#4","tintindex":0}}},{"from":[7.428571,6.857143,5.661314],"to":[8.571428,8.571428,5.947028],"rotation":{"angle":0.0,"axis":"y","origin":[5.9864454,10.549668,2.3402853]},"faces":{"east":{"uv":[9.004,12.379,9.121,12.746],"rotation":0,"texture":"#4","tintindex":0},"north":{"uv":[6.879,9.879,7.121,10.246],"rotation":0,"texture":"#4","tintindex":0},"west":{"uv":[12.379,9.129,12.496,9.496],"rotation":0,"texture":"#4","tintindex":0},"up":{"uv":[13.121,6.371,12.879,6.254],"rotation":0,"texture":"#4","tintindex":0},"down":{"uv":[6.871,12.879,6.629,12.996],"rotation":0,"texture":"#4","tintindex":0}}},{"from":[6.285714,8.0,5.661314],"to":[7.428571,8.571428,5.947028],"rotation":{"angle":0.0,"axis":"y","origin":[-8.2721615,10.549668,2.3402853]},"faces":{"east":{"uv":[3.004,13.629,3.121,13.746],"rotation":0,"texture":"#4","tintindex":0},"north":{"uv":[7.004,12.879,7.246,12.996],"rotation":0,"texture":"#4","tintindex":0},"west":{"uv":[13.629,3.004,13.746,3.121],"rotation":0,"texture":"#4","tintindex":0},"up":{"uv":[13.121,7.246,12.879,7.129],"rotation":0,"texture":"#4","tintindex":0},"down":{"uv":[13.121,7.379,12.879,7.496],"rotation":0,"texture":"#4","tintindex":0}}},{"from":[8.571428,7.4428573,5.661314],"to":[9.6285715,8.0,5.947028],"rotation":{"angle":0.0,"axis":"y","origin":[5.9864454,10.549668,2.3402853]},"faces":{"east":{"uv":[13.629,3.754,13.746,3.871],"rotation":0,"texture":"#4","tintindex":0},"south":{"uv":[12.879,8.504,13.121,8.621],"rotation":0,"texture":"#4","tintindex":0},"north":{"uv":[12.879,7.879,13.121,7.996],"rotation":0,"texture":"#4","tintindex":0},"west":{"uv":[4.379,13.629,4.496,13.746],"rotation":0,"texture":"#4","tintindex":0},"up":{"uv":[8.996,12.996,8.754,12.879],"rotation":0,"texture":"#4","tintindex":0},"down":{"uv":[13.121,8.754,12.879,8.871],"rotation":0,"texture":"#4","tintindex":0}}},{"from":[6.285714,7.428571,5.661314],"to":[7.428571,8.0,5.947028],"rotation":{"angle":0.0,"axis":"y","origin":[-8.2721615,10.549668,2.3402853]},"faces":{"east":{"uv":[13.629,4.629,13.746,4.746],"rotation":0,"texture":"#4","tintindex":0},"south":{"uv":[12.879,9.254,13.121,9.371],"rotation":0,"texture":"#4","tintindex":0},"north":{"uv":[12.879,9.004,13.121,9.121],"rotation":0,"texture":"#4","tintindex":0},"west":{"uv":[13.629,5.504,13.746,5.621],"rotation":0,"texture":"#4","tintindex":0},"up":{"uv":[13.121,9.621,12.879,9.504],"rotation":0,"texture":"#4","tintindex":0},"down":{"uv":[10.246,12.879,10.004,12.996],"rotation":0,"texture":"#4","tintindex":0}}},{"from":[7.428571,12.0,5.518457],"to":[8.571428,12.571428,6.0898857],"rotation":{"angle":0.0,"axis":"y","origin":[3.9258056,10.549668,2.3402853]},"faces":{"east":{"uv":[13.629,5.754,13.746,5.871],"rotation":0,"texture":"#4","tintindex":0},"north":{"uv":[10.379,12.879,10.621,12.996],"rotation":0,"texture":"#4","tintindex":0},"west":{"uv":[13.629,6.254,13.746,6.371],"rotation":0,"texture":"#4","tintindex":0},"down":{"uv":[10.996,12.879,10.754,12.996],"rotation":0,"texture":"#4","tintindex":0}}},{"from":[8.12196,8.0,5.5904264],"to":[9.264817,9.142858,6.161855],"rotation":{"angle":-22.5,"axis":"y","origin":[9.264817,8.428572,5.79101]},"faces":{"east":{"uv":[3.879,13.004,3.996,13.246],"rotation":0,"texture":"#4","tintindex":0},"north":{"uv":[11.504,0.004,11.746,0.246],"rotation":0,"texture":"#4","tintindex":0},"west":{"uv":[13.004,4.129,13.121,4.371],"rotation":0,"texture":"#4","tintindex":0},"down":{"uv":[5.746,13.004,5.504,13.121],"rotation":0,"texture":"#4","tintindex":0}}},{"from":[8.12196,9.142858,5.5904264],"to":[9.264817,9.428572,6.161855],"rotation":{"angle":-22.5,"axis":"y","origin":[9.264817,8.428572,5.79101]},"faces":{"east":{"uv":[7.129,13.754,7.246,13.871],"rotation":0,"texture":"#4","tintindex":0},"north":{"uv":[13.004,11.629,13.246,11.746],"rotation":0,"texture":"#4","tintindex":0},"west":{"uv":[7.629,13.754,7.746,13.871],"rotation":0,"texture":"#4","tintindex":0},"up":{"uv":[13.246,11.996,13.004,11.879],"rotation":0,"texture":"#4","tintindex":0},"down":{"uv":[13.246,12.129,13.004,12.246],"rotation":0,"texture":"#4","tintindex":0}}},{"from":[6.7351832,9.142858,5.5904264],"to":[7.8780403,9.428572,6.161855],"rotation":{"angle":22.5,"axis":"y","origin":[6.7351832,8.428572,5.79101]},"faces":{"east":{"uv":[13.754,8.004,13.871,8.121],"rotation":0,"texture":"#4","tintindex":0},"north":{"uv":[13.004,12.754,13.246,12.871],"rotation":0,"texture":"#4","tintindex":0},"west":{"uv":[13.754,8.254,13.871,8.371],"rotation":0,"texture":"#4","tintindex":0},"up":{"uv":[13.246,13.121,13.004,13.004],"rotation":0,"texture":"#4","tintindex":0},"down":{"uv":[0.496,13.129,0.254,13.246],"rotation":0,"texture":"#4","tintindex":0}}},{"from":[6.7351832,8.0,5.5904264],"to":[7.8780403,9.142858,6.161855],"rotation":{"angle":22.5,"axis":"y","origin":[6.7351832,8.428572,5.79101]},"faces":{"east":{"uv":[8.254,13.004,8.371,13.246],"rotation":0,"texture":"#4","tintindex":0},"north":{"uv":[11.504,0.629,11.746,0.871],"rotation":0,"texture":"#4","tintindex":0},"west":{"uv":[13.004,11.004,13.121,11.246],"rotation":0,"texture":"#4","tintindex":0},"down":{"uv":[13.246,11.379,13.004,11.496],"rotation":0,"texture":"#4","tintindex":0}}},{"from":[7.714286,7.928571,5.1683426],"to":[8.285714,9.714286,5.711657],"rotation":{"angle":0.0,"axis":"y","origin":[3.9258056,11.96636,1.3676915]},"faces":{"east":{"uv":[3.879,12.504,3.996,12.871],"rotation":0,"texture":"#4","tintindex":0},"south":{"uv":[12.504,5.504,12.621,5.871],"rotation":0,"texture":"#4","tintindex":0},"north":{"uv":[0.754,12.504,0.871,12.871],"rotation":0,"texture":"#4","tintindex":0},"west":{"uv":[8.004,12.504,8.121,12.871],"rotation":0,"texture":"#4","tintindex":0},"up":{"uv":[4.746,13.871,4.629,13.754],"rotation":0,"texture":"#4","tintindex":0},"down":{"uv":[4.996,13.754,4.879,13.871],"rotation":0,"texture":"#4","tintindex":0}}},{"from":[7.714286,9.7,4.8826284],"to":[8.285714,13.700001,5.4259424],"rotation":{"angle":0.0,"axis":"y","origin":[3.9258056,11.96636,1.6534057]},"faces":{"east":{"uv":[8.379,9.254,8.496,10.121],"rotation":0,"texture":"#4","tintindex":0},"south":{"uv":[8.629,9.254,8.746,10.121],"rotation":0,"texture":"#4","tintindex":0},"north":{"uv":[6.629,9.254,6.746,10.121],"rotation":0,"texture":"#4","tintindex":0},"west":{"uv":[0.004,9.379,0.121,10.246],"rotation":0,"texture":"#4","tintindex":0},"up":{"uv":[13.871,4.121,13.754,4.004],"rotation":0,"texture":"#4","tintindex":0},"down":{"uv":[13.871,4.254,13.754,4.371],"rotation":0,"texture":"#4","tintindex":0}}},{"from":[7.790547,13.52,4.889143],"to":[8.193404,13.922857,5.414857],"rotation":{"angle":-45.0,"axis":"z","origin":[7.9705467,13.700001,5.1542854]},"faces":{"east":{"uv":[13.754,6.504,13.871,6.621],"rotation":0,"texture":"#4","tintindex":0},"south":{"uv":[6.629,13.754,6.746,13.871],"rotation":0,"texture":"#4","tintindex":0},"north":{"uv":[6.379,13.754,6.496,13.871],"rotation":0,"texture":"#4","tintindex":0},"west":{"uv":[13.754,6.754,13.871,6.871],"rotation":0,"texture":"#4","tintindex":0},"up":{"uv":[6.996,13.871,6.879,13.754],"rotation":0,"texture":"#4","tintindex":0},"down":{"uv":[13.871,7.004,13.754,7.121],"rotation":0,"texture":"#4","tintindex":0}}},{"from":[8.585714,11.985714,5.4540567],"to":[9.157143,13.128572,5.997371],"rotation":{"angle":0.0,"axis":"y","origin":[4.7972345,11.394932,2.224834]},"faces":{"east":{"uv":[13.129,1.129,13.246,1.371],"rotation":0,"texture":"#4","tintindex":0},"south":{"uv":[1.254,13.129,1.371,13.371],"rotation":0,"texture":"#4","tintindex":0},"north":{"uv":[1.004,13.129,1.121,13.371],"rotation":0,"texture":"#4","tintindex":0},"west":{"uv":[1.504,13.129,1.621,13.371],"rotation":0,"texture":"#4","tintindex":0},"up":{"uv":[13.871,8.621,13.754,8.504],"rotation":0,"texture":"#4","tintindex":0},"down":{"uv":[13.871,8.754,13.754,8.871],"rotation":0,"texture":"#4","tintindex":0}}},{"from":[8.661975,12.948572,5.457143],"to":[9.064833,13.351429,5.9942856],"rotation":{"angle":-45.0,"axis":"z","origin":[8.841975,13.128572,5.725714]},"faces":{"east":{"uv":[10.879,13.754,10.996,13.871],"rotation":0,"texture":"#4","tintindex":0},"south":{"uv":[13.754,11.004,13.871,11.121],"rotation":0,"texture":"#4","tintindex":0},"north":{"uv":[10.629,13.754,10.746,13.871],"rotation":0,"texture":"#4","tintindex":0},"west":{"uv":[11.129,13.754,11.246,13.871],"rotation":0,"texture":"#4","tintindex":0},"up":{"uv":[11.996,13.871,11.879,13.754],"rotation":0,"texture":"#4","tintindex":0},"down":{"uv":[13.871,12.254,13.754,12.371],"rotation":0,"texture":"#4","tintindex":0}}},{"from":[6.842857,11.985714,5.4540567],"to":[7.4142857,13.128572,5.997371],"rotation":{"angle":0.0,"axis":"y","origin":[11.202765,11.394932,2.224834]},"faces":{"east":{"uv":[2.004,13.129,2.121,13.371],"rotation":0,"texture":"#4","tintindex":0},"south":{"uv":[2.254,13.129,2.371,13.371],"rotation":0,"texture":"#4","tintindex":0},"north":{"uv":[1.754,13.129,1.871,13.371],"rotation":0,"texture":"#4","tintindex":0},"west":{"uv":[13.129,2.254,13.246,2.496],"rotation":0,"texture":"#4","tintindex":0},"up":{"uv":[8.996,13.871,8.879,13.754],"rotation":0,"texture":"#4","tintindex":0},"down":{"uv":[13.871,9.004,13.754,9.121],"rotation":0,"texture":"#4","tintindex":0}}},{"from":[6.9351673,12.948572,5.457143],"to":[7.3380246,13.351429,5.9942856],"rotation":{"angle":45.0,"axis":"z","origin":[7.158025,13.128572,5.725714]},"faces":{"east":{"uv":[9.629,13.754,9.746,13.871],"rotation":0,"texture":"#4","tintindex":0},"south":{"uv":[13.754,9.629,13.871,9.746],"rotation":0,"texture":"#4","tintindex":0},"north":{"uv":[9.379,13.754,9.496,13.871],"rotation":0,"texture":"#4","tintindex":0},"west":{"uv":[9.879,13.754,9.996,13.871],"rotation":0,"texture":"#4","tintindex":0},"up":{"uv":[10.246,13.871,10.129,13.754],"rotation":0,"texture":"#4","tintindex":0},"down":{"uv":[10.496,13.754,10.379,13.871],"rotation":0,"texture":"#4","tintindex":0}}},{"from":[7.5714283,12.571428,6.7397714],"to":[8.428572,13.142858,9.854514],"rotation":{"angle":0.0,"axis":"y","origin":[3.9258056,11.96636,1.6534057]},"faces":{"east":{"uv":[10.379,1.504,10.996,1.621],"rotation":0,"texture":"#4","tintindex":0},"south":{"uv":[11.504,12.879,11.746,12.996],"rotation":0,"texture":"#4","tintindex":0},"north":{"uv":[11.129,12.879,11.371,12.996],"rotation":0,"texture":"#4","tintindex":0},"west":{"uv":[10.379,1.754,10.996,1.871],"rotation":0,"texture":"#4","tintindex":0},"up":{"uv":[1.996,9.121,1.754,8.504],"rotation":0,"texture":"#4","tintindex":0},"down":{"uv":[5.496,8.504,5.254,9.121],"rotation":0,"texture":"#4","tintindex":0}}},{"from":[7.714286,12.0,9.882628],"to":[8.285714,13.142858,11.025486],"rotation":{"angle":0.0,"axis":"y","origin":[3.9258056,11.96636,1.6534057]},"faces":{"east":{"uv":[9.504,11.379,9.746,11.621],"rotation":0,"texture":"#4","tintindex":0},"south":{"uv":[12.129,12.879,12.246,13.121],"rotation":0,"texture":"#4","tintindex":0},"north":{"uv":[11.879,12.879,11.996,13.121],"rotation":0,"texture":"#4","tintindex":0},"west":{"uv":[11.004,11.379,11.246,11.621],"rotation":0,"texture":"#4","tintindex":0},"up":{"uv":[12.496,13.121,12.379,12.879],"rotation":0,"texture":"#4","tintindex":0},"down":{"uv":[13.121,0.504,13.004,0.746],"rotation":0,"texture":"#4","tintindex":0}}},{"from":[7.714286,9.714286,10.454058],"to":[8.285714,12.0,11.025486],"rotation":{"angle":0.0,"axis":"y","origin":[3.9258056,11.96636,1.6534057]},"faces":{"east":{"uv":[4.504,11.379,4.621,11.871],"rotation":0,"texture":"#4","tintindex":0},"south":{"uv":[9.879,11.379,9.996,11.871],"rotation":0,"texture":"#4","tintindex":0},"north":{"uv":[4.004,11.254,4.121,11.746],"rotation":0,"texture":"#4","tintindex":0},"west":{"uv":[11.379,11.379,11.496,11.871],"rotation":0,"texture":"#4","tintindex":0},"up":{"uv":[7.996,13.746,7.879,13.629],"rotation":0,"texture":"#4","tintindex":0},"down":{"uv":[8.246,13.629,8.129,13.746],"rotation":0,"texture":"#4","tintindex":0}}},{"from":[7.714286,13.142858,6.7397714],"to":[8.285714,13.714286,9.854514],"rotation":{"angle":0.0,"axis":"y","origin":[3.9258056,11.96636,1.6534057]},"faces":{"east":{"uv":[10.379,2.379,10.996,2.496],"rotation":0,"texture":"#4","tintindex":0},"south":{"uv":[8.629,13.629,8.746,13.746],"rotation":0,"texture":"#4","tintindex":0},"north":{"uv":[8.379,13.629,8.496,13.746],"rotation":0,"texture":"#4","tintindex":0},"west":{"uv":[10.379,2.629,10.996,2.746],"rotation":0,"texture":"#4","tintindex":0},"up":{"uv":[3.246,10.996,3.129,10.379],"rotation":0,"texture":"#4","tintindex":0},"down":{"uv":[6.871,10.379,6.754,10.996],"rotation":0,"texture":"#4","tintindex":0}}},{"from":[7.714286,13.714286,8.454057],"to":[8.285714,14.285715,9.854514],"rotation":{"angle":0.0,"axis":"y","origin":[3.9258056,11.96636,1.6534057]},"faces":{"east":{"uv":[7.379,13.004,7.621,13.121],"rotation":0,"texture":"#4","tintindex":0},"south":{"uv":[13.629,11.504,13.746,11.621],"rotation":0,"texture":"#4","tintindex":0},"north":{"uv":[11.379,13.629,11.496,13.746],"rotation":0,"texture":"#4","tintindex":0},"west":{"uv":[13.004,7.629,13.246,7.746],"rotation":0,"texture":"#4","tintindex":0},"up":{"uv":[7.871,13.246,7.754,13.004],"rotation":0,"texture":"#4","tintindex":0},"down":{"uv":[8.121,13.004,8.004,13.246],"rotation":0,"texture":"#4","tintindex":0}}},{"from":[7.714286,14.285715,9.3112],"to":[8.285714,14.857143,9.854514],"rotation":{"angle":0.0,"axis":"y","origin":[3.9258056,11.96636,1.6534057]},"faces":{"east":{"uv":[13.629,11.754,13.746,11.871],"rotation":0,"texture":"#4","tintindex":0},"south":{"uv":[13.629,12.004,13.746,12.121],"rotation":0,"texture":"#4","tintindex":0},"north":{"uv":[11.629,13.629,11.746,13.746],"rotation":0,"texture":"#4","tintindex":0},"west":{"uv":[12.254,13.629,12.371,13.746],"rotation":0,"texture":"#4","tintindex":0},"up":{"uv":[13.746,12.746,13.629,12.629],"rotation":0,"texture":"#4","tintindex":0},"down":{"uv":[12.996,13.629,12.879,13.746],"rotation":0,"texture":"#4","tintindex":0}}},{"from":[7.714286,14.857143,9.3112],"to":[8.285714,15.428572,9.854514],"rotation":{"angle":0.0,"axis":"y","origin":[3.9258056,11.96636,1.6534057]},"faces":{"east":{"uv":[13.629,13.379,13.746,13.496],"rotation":0,"texture":"#4","tintindex":0},"south":{"uv":[13.629,13.629,13.746,13.746],"rotation":0,"texture":"#4","tintindex":0},"north":{"uv":[13.629,12.879,13.746,12.996],"rotation":0,"texture":"#4","tintindex":0},"west":{"uv":[13.754,0.004,13.871,0.121],"rotation":0,"texture":"#4","tintindex":0},"up":{"uv":[0.371,13.871,0.254,13.754],"rotation":0,"texture":"#4","tintindex":0},"down":{"uv":[13.871,0.254,13.754,0.371],"rotation":0,"texture":"#4","tintindex":0}}},{"from":[8.0,10.857143,5.661314],"to":[9.714286,11.428572,6.06248],"rotation":{"angle":-22.5,"axis":"y","origin":[10.167347,10.612246,5.8454037]},"faces":{"north":{"uv":[12.379,8.004,12.746,8.121],"rotation":0,"texture":"#4","tintindex":0},"west":{"uv":[13.629,7.254,13.746,7.371],"rotation":0,"texture":"#4","tintindex":0},"down":{"uv":[9.621,12.379,9.254,12.496],"rotation":0,"texture":"#4","tintindex":0}}},{"from":[7.428571,6.857143,8.571428],"to":[7.428571,16.0,17.714287],"rotation":{"angle":-22.5,"axis":"y","origin":[7.428571,16.0,9.142858]},"faces":{"east":{"uv":[0.004,15.996,15.996,0.004],"rotation":180,"texture":"#2","tintindex":0},"south":{"uv":[0.004,15.996,15.996,0.004],"rotation":180,"texture":"#2","tintindex":0},"north":{"uv":[2.996,0.004,2.004,5.996],"rotation":0,"texture":"#2","tintindex":0},"west":{"uv":[15.996,15.996,0.004,0.004],"rotation":180,"texture":"#2","tintindex":0},"up":{"uv":[4.996,0.996,2.004,0.004],"rotation":270,"texture":"#2","tintindex":0},"down":{"uv":[2.004,5.996,4.996,5.004],"rotation":270,"texture":"#2","tintindex":0}}},{"from":[8.571428,6.857143,8.571428],"to":[8.571428,16.0,17.714287],"rotation":{"angle":22.5,"axis":"y","origin":[8.571428,16.0,9.142858]},"faces":{"east":{"uv":[0.004,15.996,15.996,0.004],"rotation":180,"texture":"#2","tintindex":0},"south":{"uv":[15.996,15.996,0.004,0.004],"rotation":180,"texture":"#2","tintindex":0},"north":{"uv":[2.004,0.004,2.996,5.996],"rotation":0,"texture":"#2","tintindex":0},"west":{"uv":[15.996,15.996,0.004,0.004],"rotation":180,"texture":"#2","tintindex":0},"up":{"uv":[4.996,0.004,2.004,0.996],"rotation":270,"texture":"#2","tintindex":0},"down":{"uv":[2.004,5.004,4.996,5.996],"rotation":270,"texture":"#2","tintindex":0}}},{"from":[8.0,8.571428,8.0],"to":[8.0,17.714287,17.142857],"rotation":{"angle":0.0,"axis":"y","origin":[8.0,17.714287,8.571428]},"faces":{"east":{"uv":[0.004,15.996,15.996,0.004],"rotation":180,"texture":"#2","tintindex":0},"south":{"uv":[15.996,15.996,0.004,0.004],"rotation":180,"texture":"#2","tintindex":0},"north":{"uv":[2.004,0.004,2.996,5.996],"rotation":0,"texture":"#2","tintindex":0},"west":{"uv":[15.996,15.996,0.004,0.004],"rotation":180,"texture":"#2","tintindex":0},"up":{"uv":[4.996,0.004,2.004,0.996],"rotation":270,"texture":"#2","tintindex":0},"down":{"uv":[2.004,5.004,4.996,5.996],"rotation":270,"texture":"#2","tintindex":0}}},{"from":[9.142858,10.285714,5.661314],"to":[9.714286,10.857143,6.06248],"rotation":{"angle":-22.5,"axis":"y","origin":[10.167347,10.612246,5.8454037]},"faces":{"north":{"uv":[9.129,13.629,9.246,13.746],"rotation":0,"texture":"#4","tintindex":0},"west":{"uv":[13.629,9.379,13.746,9.496],"rotation":0,"texture":"#4","tintindex":0},"down":{"uv":[13.746,10.004,13.629,10.121],"rotation":0,"texture":"#4","tintindex":0}}}],"display":{"head":{"translation":[0.0,-6.4,0.0],"scale":[4.0,4.0,4.0]}}}