{"textures":{"0":"modelengine:entity/boneshadin2herald","4":"modelengine:entity/fallenheraldxd"},"elements":[{"from":[6.857143,5.714286,6.857143],"to":[9.142858,8.571428,9.142858],"rotation":{"angle":0.0,"axis":"y","origin":[9.085714,0.5714283,8.0]},"faces":{"east":{"uv":[5.629,5.254,6.121,5.871],"rotation":0,"texture":"#4","tintindex":0},"south":{"uv":[3.754,5.754,4.246,6.371],"rotation":0,"texture":"#4","tintindex":0},"north":{"uv":[5.629,4.504,6.121,5.121],"rotation":0,"texture":"#4","tintindex":0},"west":{"uv":[4.379,5.754,4.871,6.371],"rotation":0,"texture":"#4","tintindex":0},"up":{"uv":[6.746,4.746,6.254,4.254],"rotation":0,"texture":"#4","tintindex":0},"down":{"uv":[6.746,4.879,6.254,5.371],"rotation":0,"texture":"#4","tintindex":0}}},{"from":[7.285714,4.5714283,7.142857],"to":[9.0,5.714286,8.857143],"rotation":{"angle":0.0,"axis":"y","origin":[9.085714,0.5714283,8.0]},"faces":{"east":{"uv":[0.004,4.004,5.996,7.996],"rotation":0,"texture":"#0","tintindex":0},"south":{"uv":[0.004,4.004,5.996,7.996],"rotation":0,"texture":"#0","tintindex":0},"north":{"uv":[0.004,4.004,5.996,7.996],"rotation":0,"texture":"#0","tintindex":0},"west":{"uv":[0.004,4.004,5.996,7.996],"rotation":0,"texture":"#0","tintindex":0},"up":{"uv":[7.871,9.246,7.504,8.879],"rotation":0,"texture":"#missing","tintindex":0},"down":{"uv":[0.004,4.004,5.996,7.996],"rotation":0,"texture":"#0","tintindex":0}}}],"display":{"head":{"translation":[0.0,-6.4,0.0],"scale":[4.0,4.0,4.0]}}}