{"credit":"Made with Blockbench","texture_size":[64,64],"textures":{"1":"cosmetics:custom/cosmetics/warrior/fallen_warrior_helmet","particle":"cosmetics:custom/cosmetics/warrior/fallen_warrior_helmet"},"elements":[{"from":[3.5,-0.5,12.5],"to":[12.5,8.5,12.5],"faces":{"north":{"uv":[5.5,9.75,7.75,12],"texture":"#1"},"east":{"uv":[0,0,0,2.25],"texture":"#1"},"south":{"uv":[7.75,9.75,10,12],"texture":"#1"},"west":{"uv":[0,0,0,2.25],"texture":"#1"},"up":{"uv":[2.25,0,0,0],"texture":"#1"},"down":{"uv":[2.25,0,0,0],"texture":"#1"}}},{"from":[3.5,8.5,3.5],"to":[12.5,8.5,12.5],"faces":{"north":{"uv":[0,0,2.25,0],"texture":"#1"},"east":{"uv":[0,0,2.25,0],"texture":"#1"},"south":{"uv":[0,0,2.25,0],"texture":"#1"},"west":{"uv":[0,0,2.25,0],"texture":"#1"},"up":{"uv":[12.25,2.25,10,0],"texture":"#1"},"down":{"uv":[12.25,2.25,10,4.5],"texture":"#1"}}},{"from":[3.5,-4.5,3.5],"to":[3.5,8.5,12.5],"faces":{"north":{"uv":[0,0,0,3.25],"texture":"#1"},"east":{"uv":[5.5,6.5,7.75,9.75],"texture":"#1"},"south":{"uv":[0,0,0,3.25],"texture":"#1"},"west":{"uv":[7.75,0,10,3.25],"texture":"#1"},"up":{"uv":[0,2.25,0,0],"texture":"#1"},"down":{"uv":[0,0,0,2.25],"texture":"#1"}}},{"from":[12.5,-4.5,3.5],"to":[12.5,8.5,12.5],"rotation":{"angle":0,"axis":"y","origin":[16,0,0]},"faces":{"north":{"uv":[0,0,0,3.25],"texture":"#1"},"east":{"uv":[7.75,3.25,10,6.5],"texture":"#1"},"south":{"uv":[0,0,0,3.25],"texture":"#1"},"west":{"uv":[7.75,6.5,10,9.75],"texture":"#1"},"up":{"uv":[0,2.25,0,0],"texture":"#1"},"down":{"uv":[0,0,0,2.25],"texture":"#1"}}},{"from":[3.5,-4.5,3.5],"to":[12.5,8.5,3.5],"faces":{"north":{"uv":[5.5,0,7.75,3.25],"texture":"#1"},"east":{"uv":[0,0,0,3.25],"texture":"#1"},"south":{"uv":[5.5,3.25,7.75,6.5],"texture":"#1"},"west":{"uv":[0,0,0,3.25],"texture":"#1"},"up":{"uv":[2.25,0,0,0],"texture":"#1"},"down":{"uv":[2.25,0,0,0],"texture":"#1"}}},{"from":[7.5,9.5,3.5],"to":[8.5,11.5,12.5],"faces":{"north":{"uv":[10.25,6.75,10.5,7.25],"texture":"#1"},"east":{"uv":[10,4.5,12.25,5],"texture":"#1"},"south":{"uv":[10.25,7.25,10.5,7.75],"texture":"#1"},"west":{"uv":[10,5,12.25,5.5],"texture":"#1"},"up":{"uv":[10.25,7.75,10,5.5],"texture":"#1"},"down":{"uv":[10.25,7.75,10,10],"texture":"#1"}}},{"from":[8,-0.5,1.5],"to":[8,21.5,23.5],"faces":{"north":{"uv":[0,0,0,5.5],"texture":"#1"},"east":{"uv":[0,0,5.5,5.5],"texture":"#1","tintindex":0},"south":{"uv":[0,0,0,5.5],"texture":"#1"},"west":{"uv":[0,5.5,5.5,11],"texture":"#1","tintindex":0},"up":{"uv":[0,5.5,0,0],"texture":"#1"},"down":{"uv":[0,0,0,5.5],"texture":"#1"}}},{"from":[7.5,8.5,5.5],"to":[8.5,9.5,7.5],"faces":{"north":{"uv":[10.25,7.75,10.5,8],"texture":"#1"},"east":{"uv":[10,10,10.5,10.25],"texture":"#1"},"south":{"uv":[10.25,8,10.5,8.25],"texture":"#1"},"west":{"uv":[10.25,5.5,10.75,5.75],"texture":"#1"},"up":{"uv":[10.5,6.25,10.25,5.75],"texture":"#1"},"down":{"uv":[10.5,6.25,10.25,6.75],"texture":"#1"}}}],"display":{"thirdperson_righthand":{"rotation":[75,45,0],"translation":[0,2.5,0],"scale":[0.375,0.375,0.375]},"thirdperson_lefthand":{"rotation":[75,45,0],"translation":[0,2.5,0],"scale":[0.375,0.375,0.375]},"firstperson_righthand":{"rotation":[75,45,0],"translation":[0,2.5,0],"scale":[0.375,0.375,0.375]},"firstperson_lefthand":{"rotation":[75,45,0],"translation":[0,2.5,0],"scale":[0.375,0.375,0.375]},"ground":{"translation":[0,3,0],"scale":[0.25,0.25,0.25]},"gui":{"rotation":[30,225,0],"scale":[0.5,0.5,0.5]},"head":{"translation":[0,6.5,0],"scale":[1.61,1.61,1.61]}}}