{"textures":{"0":"must_have_props:/scroll"},"elements":[{"from":[10.057143,8.0,9.714286],"to":[11.771429,9.714286,15.428572],"rotation":{"angle":0.0,"axis":"y","origin":[10.914286,8.856571,12.571428]},"faces":{"east":{"uv":[0.0,0.0,10.0,3.0],"rotation":0,"texture":"#0","tintindex":0},"south":{"uv":[6.0,9.0,9.0,12.0],"rotation":0,"texture":"#0","tintindex":0},"north":{"uv":[6.0,6.0,9.0,9.0],"rotation":0,"texture":"#0","tintindex":0},"west":{"uv":[0.0,3.0,10.0,6.0],"rotation":0,"texture":"#0","tintindex":0},"up":{"uv":[3.0,16.0,0.0,6.0],"rotation":0,"texture":"#0","tintindex":0},"down":{"uv":[6.0,6.0,3.0,16.0],"rotation":0,"texture":"#0","tintindex":0}}},{"from":[9.942858,7.885714,12.0],"to":[9.942858,9.828571,13.142858],"rotation":{"angle":0.0,"axis":"y","origin":[10.914286,8.856571,12.571428]},"faces":{"east":{"uv":[9.0,6.0,11.0,9.0],"rotation":0,"texture":"#0","tintindex":0},"south":{"uv":[0.0,0.0,0.0,3.0],"rotation":0,"texture":"#0","tintindex":0},"north":{"uv":[0.0,0.0,0.0,3.0],"rotation":0,"texture":"#0","tintindex":0},"west":{"uv":[9.0,9.0,11.0,12.0],"rotation":0,"texture":"#0","tintindex":0},"up":{"uv":[0.0,2.0,0.0,0.0],"rotation":0,"texture":"#0","tintindex":0},"down":{"uv":[0.0,0.0,0.0,2.0],"rotation":0,"texture":"#0","tintindex":0}}},{"from":[9.942858,9.828,12.0],"to":[11.885715,9.828,13.142858],"rotation":{"angle":0.0,"axis":"y","origin":[10.914286,8.856571,12.571428]},"faces":{"east":{"uv":[0.0,0.0,2.0,0.0],"rotation":0,"texture":"#0","tintindex":0},"south":{"uv":[0.0,0.0,3.0,0.0],"rotation":0,"texture":"#0","tintindex":0},"north":{"uv":[0.0,0.0,3.0,0.0],"rotation":0,"texture":"#0","tintindex":0},"west":{"uv":[0.0,0.0,2.0,0.0],"rotation":0,"texture":"#0","tintindex":0},"up":{"uv":[13.0,2.0,10.0,0.0],"rotation":0,"texture":"#0","tintindex":0},"down":{"uv":[13.0,2.0,10.0,4.0],"rotation":0,"texture":"#0","tintindex":0}}},{"from":[9.942858,7.885143,12.0],"to":[11.885715,7.885143,13.142858],"rotation":{"angle":0.0,"axis":"y","origin":[10.914286,8.856571,12.571428]},"faces":{"east":{"uv":[0.0,0.0,2.0,0.0],"rotation":0,"texture":"#0","tintindex":0},"south":{"uv":[0.0,0.0,3.0,0.0],"rotation":0,"texture":"#0","tintindex":0},"north":{"uv":[0.0,0.0,3.0,0.0],"rotation":0,"texture":"#0","tintindex":0},"west":{"uv":[0.0,0.0,2.0,0.0],"rotation":0,"texture":"#0","tintindex":0},"up":{"uv":[13.0,6.0,10.0,4.0],"rotation":0,"texture":"#0","tintindex":0},"down":{"uv":[14.0,6.0,11.0,8.0],"rotation":0,"texture":"#0","tintindex":0}}},{"from":[11.885715,7.885714,12.0],"to":[11.885715,9.828571,13.142858],"rotation":{"angle":0.0,"axis":"y","origin":[10.914286,8.856571,12.571428]},"faces":{"east":{"uv":[11.0,8.0,13.0,11.0],"rotation":0,"texture":"#0","tintindex":0},"south":{"uv":[0.0,0.0,0.0,3.0],"rotation":0,"texture":"#0","tintindex":0},"north":{"uv":[0.0,0.0,0.0,3.0],"rotation":0,"texture":"#0","tintindex":0},"west":{"uv":[11.0,11.0,13.0,14.0],"rotation":0,"texture":"#0","tintindex":0},"up":{"uv":[0.0,2.0,0.0,0.0],"rotation":0,"texture":"#0","tintindex":0},"down":{"uv":[0.0,0.0,0.0,2.0],"rotation":0,"texture":"#0","tintindex":0}}}],"display":{"head":{"translation":[0.0,-6.4,0.0],"scale":[4.0,4.0,4.0]}}}