{"textures":{"0":"must_have_props:/scroll"},"elements":[{"from":[11.771429,8.0,9.714286],"to":[13.485715,9.714286,15.428572],"rotation":{"angle":-45.0,"axis":"y","origin":[10.914286,8.856571,12.571428]},"faces":{"east":{"uv":[0.0,0.0,10.0,3.0],"rotation":0,"texture":"#0","tintindex":0},"south":{"uv":[6.0,9.0,9.0,12.0],"rotation":0,"texture":"#0","tintindex":0},"north":{"uv":[6.0,6.0,9.0,9.0],"rotation":0,"texture":"#0","tintindex":0},"west":{"uv":[0.0,3.0,10.0,6.0],"rotation":0,"texture":"#0","tintindex":0},"up":{"uv":[3.0,16.0,0.0,6.0],"rotation":0,"texture":"#0","tintindex":0},"down":{"uv":[6.0,6.0,3.0,16.0],"rotation":0,"texture":"#0","tintindex":0}}},{"from":[11.657143,7.885714,12.0],"to":[11.657143,9.828571,13.142858],"rotation":{"angle":-45.0,"axis":"y","origin":[10.914286,8.856571,12.571428]},"faces":{"east":{"uv":[9.0,6.0,11.0,9.0],"rotation":0,"texture":"#0","tintindex":0},"south":{"uv":[0.0,0.0,0.0,3.0],"rotation":0,"texture":"#0","tintindex":0},"north":{"uv":[0.0,0.0,0.0,3.0],"rotation":0,"texture":"#0","tintindex":0},"west":{"uv":[9.0,9.0,11.0,12.0],"rotation":0,"texture":"#0","tintindex":0},"up":{"uv":[0.0,2.0,0.0,0.0],"rotation":0,"texture":"#0","tintindex":0},"down":{"uv":[0.0,0.0,0.0,2.0],"rotation":0,"texture":"#0","tintindex":0}}},{"from":[11.657143,9.828,12.0],"to":[13.6,9.828,13.142858],"rotation":{"angle":-45.0,"axis":"y","origin":[10.914286,8.856571,12.571428]},"faces":{"east":{"uv":[0.0,0.0,2.0,0.0],"rotation":0,"texture":"#0","tintindex":0},"south":{"uv":[0.0,0.0,3.0,0.0],"rotation":0,"texture":"#0","tintindex":0},"north":{"uv":[0.0,0.0,3.0,0.0],"rotation":0,"texture":"#0","tintindex":0},"west":{"uv":[0.0,0.0,2.0,0.0],"rotation":0,"texture":"#0","tintindex":0},"up":{"uv":[13.0,2.0,10.0,0.0],"rotation":0,"texture":"#0","tintindex":0},"down":{"uv":[13.0,2.0,10.0,4.0],"rotation":0,"texture":"#0","tintindex":0}}},{"from":[11.657143,7.885143,12.0],"to":[13.6,7.885143,13.142858],"rotation":{"angle":-45.0,"axis":"y","origin":[10.914286,8.856571,12.571428]},"faces":{"east":{"uv":[0.0,0.0,2.0,0.0],"rotation":0,"texture":"#0","tintindex":0},"south":{"uv":[0.0,0.0,3.0,0.0],"rotation":0,"texture":"#0","tintindex":0},"north":{"uv":[0.0,0.0,3.0,0.0],"rotation":0,"texture":"#0","tintindex":0},"west":{"uv":[0.0,0.0,2.0,0.0],"rotation":0,"texture":"#0","tintindex":0},"up":{"uv":[13.0,6.0,10.0,4.0],"rotation":0,"texture":"#0","tintindex":0},"down":{"uv":[14.0,6.0,11.0,8.0],"rotation":0,"texture":"#0","tintindex":0}}},{"from":[13.6,7.885714,12.0],"to":[13.6,9.828571,13.142858],"rotation":{"angle":-45.0,"axis":"y","origin":[10.914286,8.856571,12.571428]},"faces":{"east":{"uv":[11.0,8.0,13.0,11.0],"rotation":0,"texture":"#0","tintindex":0},"south":{"uv":[0.0,0.0,0.0,3.0],"rotation":0,"texture":"#0","tintindex":0},"north":{"uv":[0.0,0.0,0.0,3.0],"rotation":0,"texture":"#0","tintindex":0},"west":{"uv":[11.0,11.0,13.0,14.0],"rotation":0,"texture":"#0","tintindex":0},"up":{"uv":[0.0,2.0,0.0,0.0],"rotation":0,"texture":"#0","tintindex":0},"down":{"uv":[0.0,0.0,0.0,2.0],"rotation":0,"texture":"#0","tintindex":0}}},{"from":[11.771429,9.3714285,9.142858],"to":[13.485715,11.085714,14.857143],"rotation":{"angle":-22.5,"axis":"x","origin":[10.914286,8.856571,12.571428]},"faces":{"east":{"uv":[0.0,0.0,10.0,3.0],"rotation":0,"texture":"#0","tintindex":0},"south":{"uv":[6.0,9.0,9.0,12.0],"rotation":0,"texture":"#0","tintindex":0},"north":{"uv":[6.0,6.0,9.0,9.0],"rotation":0,"texture":"#0","tintindex":0},"west":{"uv":[0.0,3.0,10.0,6.0],"rotation":0,"texture":"#0","tintindex":0},"up":{"uv":[3.0,16.0,0.0,6.0],"rotation":0,"texture":"#0","tintindex":0},"down":{"uv":[6.0,6.0,3.0,16.0],"rotation":0,"texture":"#0","tintindex":0}}},{"from":[11.657143,9.257143,11.428572],"to":[11.657143,11.2,12.571428],"rotation":{"angle":-22.5,"axis":"x","origin":[10.914286,8.856571,12.571428]},"faces":{"east":{"uv":[9.0,6.0,11.0,9.0],"rotation":0,"texture":"#0","tintindex":0},"south":{"uv":[0.0,0.0,0.0,3.0],"rotation":0,"texture":"#0","tintindex":0},"north":{"uv":[0.0,0.0,0.0,3.0],"rotation":0,"texture":"#0","tintindex":0},"west":{"uv":[9.0,9.0,11.0,12.0],"rotation":0,"texture":"#0","tintindex":0},"up":{"uv":[0.0,2.0,0.0,0.0],"rotation":0,"texture":"#0","tintindex":0},"down":{"uv":[0.0,0.0,0.0,2.0],"rotation":0,"texture":"#0","tintindex":0}}},{"from":[11.657143,11.199429,11.428572],"to":[13.6,11.199429,12.571428],"rotation":{"angle":-22.5,"axis":"x","origin":[10.914286,8.856571,12.571428]},"faces":{"east":{"uv":[0.0,0.0,2.0,0.0],"rotation":0,"texture":"#0","tintindex":0},"south":{"uv":[0.0,0.0,3.0,0.0],"rotation":0,"texture":"#0","tintindex":0},"north":{"uv":[0.0,0.0,3.0,0.0],"rotation":0,"texture":"#0","tintindex":0},"west":{"uv":[0.0,0.0,2.0,0.0],"rotation":0,"texture":"#0","tintindex":0},"up":{"uv":[13.0,2.0,10.0,0.0],"rotation":0,"texture":"#0","tintindex":0},"down":{"uv":[13.0,2.0,10.0,4.0],"rotation":0,"texture":"#0","tintindex":0}}},{"from":[11.657143,9.256572,11.428572],"to":[13.6,9.256572,12.571428],"rotation":{"angle":-22.5,"axis":"x","origin":[10.914286,8.856571,12.571428]},"faces":{"east":{"uv":[0.0,0.0,2.0,0.0],"rotation":0,"texture":"#0","tintindex":0},"south":{"uv":[0.0,0.0,3.0,0.0],"rotation":0,"texture":"#0","tintindex":0},"north":{"uv":[0.0,0.0,3.0,0.0],"rotation":0,"texture":"#0","tintindex":0},"west":{"uv":[0.0,0.0,2.0,0.0],"rotation":0,"texture":"#0","tintindex":0},"up":{"uv":[13.0,6.0,10.0,4.0],"rotation":0,"texture":"#0","tintindex":0},"down":{"uv":[14.0,6.0,11.0,8.0],"rotation":0,"texture":"#0","tintindex":0}}},{"from":[13.6,9.257143,11.428572],"to":[13.6,11.2,12.571428],"rotation":{"angle":-22.5,"axis":"x","origin":[10.914286,8.856571,12.571428]},"faces":{"east":{"uv":[11.0,8.0,13.0,11.0],"rotation":0,"texture":"#0","tintindex":0},"south":{"uv":[0.0,0.0,0.0,3.0],"rotation":0,"texture":"#0","tintindex":0},"north":{"uv":[0.0,0.0,0.0,3.0],"rotation":0,"texture":"#0","tintindex":0},"west":{"uv":[11.0,11.0,13.0,14.0],"rotation":0,"texture":"#0","tintindex":0},"up":{"uv":[0.0,2.0,0.0,0.0],"rotation":0,"texture":"#0","tintindex":0},"down":{"uv":[0.0,0.0,0.0,2.0],"rotation":0,"texture":"#0","tintindex":0}}},{"from":[8.03684,8.0,9.310223],"to":[9.751125,9.714286,15.024508],"rotation":{"angle":-22.5,"axis":"y","origin":[8.893983,8.856571,12.167366]},"faces":{"east":{"uv":[0.0,0.0,10.0,3.0],"rotation":0,"texture":"#0","tintindex":0},"south":{"uv":[6.0,9.0,9.0,12.0],"rotation":0,"texture":"#0","tintindex":0},"north":{"uv":[6.0,6.0,9.0,9.0],"rotation":0,"texture":"#0","tintindex":0},"west":{"uv":[0.0,3.0,10.0,6.0],"rotation":0,"texture":"#0","tintindex":0},"up":{"uv":[3.0,16.0,0.0,6.0],"rotation":0,"texture":"#0","tintindex":0},"down":{"uv":[6.0,6.0,3.0,16.0],"rotation":0,"texture":"#0","tintindex":0}}},{"from":[7.9225545,7.885714,11.595938],"to":[7.9225545,9.828571,12.738794],"rotation":{"angle":-22.5,"axis":"y","origin":[8.893983,8.856571,12.167366]},"faces":{"east":{"uv":[9.0,6.0,11.0,9.0],"rotation":0,"texture":"#0","tintindex":0},"south":{"uv":[0.0,0.0,0.0,3.0],"rotation":0,"texture":"#0","tintindex":0},"north":{"uv":[0.0,0.0,0.0,3.0],"rotation":0,"texture":"#0","tintindex":0},"west":{"uv":[9.0,9.0,11.0,12.0],"rotation":0,"texture":"#0","tintindex":0},"up":{"uv":[0.0,2.0,0.0,0.0],"rotation":0,"texture":"#0","tintindex":0},"down":{"uv":[0.0,0.0,0.0,2.0],"rotation":0,"texture":"#0","tintindex":0}}},{"from":[7.9225545,9.828,11.595938],"to":[9.865412,9.828,12.738794],"rotation":{"angle":-22.5,"axis":"y","origin":[8.893983,8.856571,12.167366]},"faces":{"east":{"uv":[0.0,0.0,2.0,0.0],"rotation":0,"texture":"#0","tintindex":0},"south":{"uv":[0.0,0.0,3.0,0.0],"rotation":0,"texture":"#0","tintindex":0},"north":{"uv":[0.0,0.0,3.0,0.0],"rotation":0,"texture":"#0","tintindex":0},"west":{"uv":[0.0,0.0,2.0,0.0],"rotation":0,"texture":"#0","tintindex":0},"up":{"uv":[13.0,2.0,10.0,0.0],"rotation":0,"texture":"#0","tintindex":0},"down":{"uv":[13.0,2.0,10.0,4.0],"rotation":0,"texture":"#0","tintindex":0}}},{"from":[7.9225545,7.885143,11.595938],"to":[9.865412,7.885143,12.738794],"rotation":{"angle":-22.5,"axis":"y","origin":[8.893983,8.856571,12.167366]},"faces":{"east":{"uv":[0.0,0.0,2.0,0.0],"rotation":0,"texture":"#0","tintindex":0},"south":{"uv":[0.0,0.0,3.0,0.0],"rotation":0,"texture":"#0","tintindex":0},"north":{"uv":[0.0,0.0,3.0,0.0],"rotation":0,"texture":"#0","tintindex":0},"west":{"uv":[0.0,0.0,2.0,0.0],"rotation":0,"texture":"#0","tintindex":0},"up":{"uv":[13.0,6.0,10.0,4.0],"rotation":0,"texture":"#0","tintindex":0},"down":{"uv":[14.0,6.0,11.0,8.0],"rotation":0,"texture":"#0","tintindex":0}}},{"from":[9.865412,7.885714,11.595938],"to":[9.865412,9.828571,12.738794],"rotation":{"angle":-22.5,"axis":"y","origin":[8.893983,8.856571,12.167366]},"faces":{"east":{"uv":[11.0,8.0,13.0,11.0],"rotation":0,"texture":"#0","tintindex":0},"south":{"uv":[0.0,0.0,0.0,3.0],"rotation":0,"texture":"#0","tintindex":0},"north":{"uv":[0.0,0.0,0.0,3.0],"rotation":0,"texture":"#0","tintindex":0},"west":{"uv":[11.0,11.0,13.0,14.0],"rotation":0,"texture":"#0","tintindex":0},"up":{"uv":[0.0,2.0,0.0,0.0],"rotation":0,"texture":"#0","tintindex":0},"down":{"uv":[0.0,0.0,0.0,2.0],"rotation":0,"texture":"#0","tintindex":0}}}],"display":{"head":{"translation":[0.0,-6.4,0.0],"scale":[4.0,4.0,4.0]}}}