{"textures":{"0":"modelengine:entity/sucubus"},"elements":[{"from":[6.254777,-1.3984709,7.7714286],"to":[6.71192,4.315816,8.228572],"rotation":{"angle":0.0,"axis":"y","origin":[6.4833484,1.458673,8.0]},"faces":{"east":{"uv":[0.875,9.875,0.96875,11.125],"rotation":0,"texture":"#0","tintindex":0},"south":{"uv":[3.75,9.875,3.84375,11.125],"rotation":0,"texture":"#0","tintindex":0},"north":{"uv":[5.625,9.75,5.71875,11.0],"rotation":0,"texture":"#0","tintindex":0},"west":{"uv":[3.875,9.875,3.96875,11.125],"rotation":0,"texture":"#0","tintindex":0},"up":{"uv":[10.96875,9.09375,10.875,9.0],"rotation":0,"texture":"#0","tintindex":0},"down":{"uv":[9.21875,10.875,9.125,10.96875],"rotation":0,"texture":"#0","tintindex":0}}},{"from":[0.0,-1.0285721,8.0],"to":[8.0,14.171429,8.0],"rotation":{"angle":0.0,"axis":"y","origin":[4.0,6.5714283,8.0]},"faces":{"east":{"uv":[0.0,0.0,0.0,3.3125],"rotation":0,"texture":"#0","tintindex":0},"south":{"uv":[1.75,3.375,3.5,6.6875],"rotation":0,"texture":"#0","tintindex":0},"north":{"uv":[0.0,3.375,1.75,6.6875],"rotation":0,"texture":"#0","tintindex":0},"west":{"uv":[0.0,0.0,0.0,3.3125],"rotation":0,"texture":"#0","tintindex":0},"up":{"uv":[1.75,0.0,0.0,0.0],"rotation":0,"texture":"#0","tintindex":0},"down":{"uv":[1.75,0.0,0.0,0.0],"rotation":0,"texture":"#0","tintindex":0}}},{"from":[4.4996743,9.665096,7.8285713],"to":[8.728246,10.236525,8.171429],"rotation":{"angle":-45.0,"axis":"z","origin":[6.61396,9.95081,8.0]},"faces":{"east":{"uv":[10.0,10.875,10.0625,11.0],"rotation":0,"texture":"#0","tintindex":0},"south":{"uv":[9.75,7.625,10.6875,7.75],"rotation":0,"texture":"#0","tintindex":0},"north":{"uv":[9.75,7.5,10.6875,7.625],"rotation":0,"texture":"#0","tintindex":0},"west":{"uv":[10.75,10.875,10.8125,11.0],"rotation":0,"texture":"#0","tintindex":0},"up":{"uv":[11.3125,5.6875,10.375,5.625],"rotation":0,"texture":"#0","tintindex":0},"down":{"uv":[11.4375,2.125,10.5,2.1875],"rotation":0,"texture":"#0","tintindex":0}}},{"from":[0.8360548,12.082828,7.885714],"to":[5.4074836,12.53997,8.114285],"rotation":{"angle":-22.5,"axis":"z","origin":[3.1217694,12.311399,8.0]},"faces":{"east":{"uv":[11.0,2.5,11.0625,2.59375],"rotation":0,"texture":"#0","tintindex":0},"south":{"uv":[10.0,0.375,11.0,0.46875],"rotation":0,"texture":"#0","tintindex":0},"north":{"uv":[9.5,9.875,10.5,9.96875],"rotation":0,"texture":"#0","tintindex":0},"west":{"uv":[11.0,2.625,11.0625,2.71875],"rotation":0,"texture":"#0","tintindex":0},"up":{"uv":[11.375,0.0625,10.375,0.0],"rotation":0,"texture":"#0","tintindex":0},"down":{"uv":[11.375,0.125,10.375,0.1875],"rotation":0,"texture":"#0","tintindex":0}}},{"from":[3.9944959,7.826242,7.7714286],"to":[7.994496,8.397671,8.228572],"rotation":{"angle":0.0,"axis":"y","origin":[5.994496,8.111957,8.0]},"faces":{"east":{"uv":[10.875,8.125,10.96875,8.25],"rotation":0,"texture":"#0","tintindex":0},"south":{"uv":[9.875,1.875,10.75,2.0],"rotation":0,"texture":"#0","tintindex":0},"north":{"uv":[9.875,1.75,10.75,1.875],"rotation":0,"texture":"#0","tintindex":0},"west":{"uv":[10.875,8.25,10.96875,8.375],"rotation":0,"texture":"#0","tintindex":0},"up":{"uv":[10.875,3.46875,10.0,3.375],"rotation":0,"texture":"#0","tintindex":0},"down":{"uv":[10.875,3.5,10.0,3.59375],"rotation":0,"texture":"#0","tintindex":0}}},{"from":[-0.31547356,7.083222,7.885714],"to":[4.2559557,7.5403647,8.114285],"rotation":{"angle":22.5,"axis":"z","origin":[1.9702411,7.3117933,8.0]},"faces":{"east":{"uv":[11.0,3.125,11.0625,3.21875],"rotation":0,"texture":"#0","tintindex":0},"south":{"uv":[10.0,0.625,11.0,0.71875],"rotation":0,"texture":"#0","tintindex":0},"north":{"uv":[10.0,0.5,11.0,0.59375],"rotation":0,"texture":"#0","tintindex":0},"west":{"uv":[11.0,3.25,11.0625,3.34375],"rotation":0,"texture":"#0","tintindex":0},"up":{"uv":[11.375,0.3125,10.375,0.25],"rotation":0,"texture":"#0","tintindex":0},"down":{"uv":[11.375,2.875,10.375,2.9375],"rotation":0,"texture":"#0","tintindex":0}}},{"from":[7.037781,4.0236692,7.714286],"to":[7.723495,8.252241,8.285714],"rotation":{"angle":-22.5,"axis":"z","origin":[7.380638,6.137955,8.0]},"faces":{"east":{"uv":[6.375,9.875,6.5,10.8125],"rotation":0,"texture":"#0","tintindex":0},"south":{"uv":[7.125,9.5,7.28125,10.4375],"rotation":0,"texture":"#0","tintindex":0},"north":{"uv":[5.75,9.5,5.90625,10.4375],"rotation":0,"texture":"#0","tintindex":0},"west":{"uv":[6.5,9.875,6.625,10.8125],"rotation":0,"texture":"#0","tintindex":0},"up":{"uv":[11.03125,5.0,10.875,4.875],"rotation":0,"texture":"#0","tintindex":0},"down":{"uv":[11.03125,5.0,10.875,5.125],"rotation":0,"texture":"#0","tintindex":0}}}],"display":{"head":{"translation":[0.0,-6.4,0.0],"scale":[4.0,4.0,4.0]}}}