{"textures":{"0":"modelengine:entity/sucubus"},"elements":[{"from":[7.4857144,2.9142857,7.4857144],"to":[8.6285715,8.0,9.028571],"rotation":{"angle":0.0,"axis":"y","origin":[8.057143,5.457143,8.257143]},"faces":{"east":{"uv":[4.125,7.5,4.46875,8.625],"rotation":0,"texture":"#0","tintindex":0},"south":{"uv":[8.5,3.625,8.75,4.75],"rotation":0,"texture":"#0","tintindex":0},"north":{"uv":[3.875,7.625,4.125,8.75],"rotation":0,"texture":"#0","tintindex":0},"west":{"uv":[4.5,7.5,4.84375,8.625],"rotation":0,"texture":"#0","tintindex":0},"up":{"uv":[7.375,5.96875,7.125,5.625],"rotation":0,"texture":"#0","tintindex":0},"down":{"uv":[6.4375,9.53125,6.125,9.0],"rotation":0,"texture":"#0","tintindex":0}}}],"display":{"head":{"translation":[0.0,-6.4,0.0],"scale":[4.0,4.0,4.0]}}}