{"textures":{"0":"modelengine:entity/sucubus"},"elements":[{"from":[7.202846,5.6571426,7.3714285],"to":[8.402846,9.3714285,8.6285715],"rotation":{"angle":0.0,"axis":"y","origin":[7.802846,7.5142856,8.0]},"faces":{"east":{"uv":[8.625,7.5,8.90625,8.3125],"rotation":0,"texture":"#0","tintindex":0},"south":{"uv":[2.0,8.75,2.25,9.5625],"rotation":0,"texture":"#0","tintindex":0},"north":{"uv":[8.75,0.625,9.0,1.4375],"rotation":0,"texture":"#0","tintindex":0},"west":{"uv":[0.0,8.75,0.28125,9.5625],"rotation":0,"texture":"#0","tintindex":0},"up":{"uv":[4.75,10.40625,4.5,10.125],"rotation":0,"texture":"#0","tintindex":0},"down":{"uv":[10.375,5.0,10.125,5.28125],"rotation":0,"texture":"#0","tintindex":0}}}],"display":{"head":{"translation":[0.0,-6.4,0.0],"scale":[4.0,4.0,4.0]}}}