{"textures":{"0":"modelengine:entity/sucubus"},"elements":[{"from":[9.28808,1.458673,7.7714286],"to":[9.745223,7.1729584,8.228572],"rotation":{"angle":0.0,"axis":"y","origin":[9.516651,4.315816,8.0]},"faces":{"east":{"uv":[8.375,9.625,8.46875,10.875],"rotation":0,"texture":"#0","tintindex":0},"south":{"uv":[1.0,9.75,1.09375,11.0],"rotation":0,"texture":"#0","tintindex":0},"north":{"uv":[2.125,9.625,2.21875,10.875],"rotation":0,"texture":"#0","tintindex":0},"west":{"uv":[1.125,9.75,1.21875,11.0],"rotation":0,"texture":"#0","tintindex":0},"up":{"uv":[10.96875,8.96875,10.875,8.875],"rotation":0,"texture":"#0","tintindex":0},"down":{"uv":[9.09375,10.875,9.0,10.96875],"rotation":0,"texture":"#0","tintindex":0}}},{"from":[8.0,1.8285708,8.0],"to":[16.0,17.028572,8.0],"rotation":{"angle":0.0,"axis":"y","origin":[12.0,9.428572,8.0]},"faces":{"east":{"uv":[0.0,0.0,0.0,3.3125],"rotation":0,"texture":"#0","tintindex":0},"south":{"uv":[1.75,0.0,3.5,3.3125],"rotation":0,"texture":"#0","tintindex":0},"north":{"uv":[0.0,0.0,1.75,3.3125],"rotation":0,"texture":"#0","tintindex":0},"west":{"uv":[0.0,0.0,0.0,3.3125],"rotation":0,"texture":"#0","tintindex":0},"up":{"uv":[1.75,0.0,0.0,0.0],"rotation":0,"texture":"#0","tintindex":0},"down":{"uv":[1.75,0.0,0.0,0.0],"rotation":0,"texture":"#0","tintindex":0}}},{"from":[7.2717543,12.522239,7.8285713],"to":[11.500326,13.093668,8.171429],"rotation":{"angle":45.0,"axis":"z","origin":[9.38604,12.807953,8.0]},"faces":{"east":{"uv":[9.75,10.875,9.8125,11.0],"rotation":0,"texture":"#0","tintindex":0},"south":{"uv":[9.75,5.5,10.6875,5.625],"rotation":0,"texture":"#0","tintindex":0},"north":{"uv":[9.75,5.375,10.6875,5.5],"rotation":0,"texture":"#0","tintindex":0},"west":{"uv":[9.875,10.875,9.9375,11.0],"rotation":0,"texture":"#0","tintindex":0},"up":{"uv":[11.3125,5.1875,10.375,5.125],"rotation":0,"texture":"#0","tintindex":0},"down":{"uv":[11.3125,5.25,10.375,5.3125],"rotation":0,"texture":"#0","tintindex":0}}},{"from":[10.592516,14.93997,7.885714],"to":[15.163945,15.397114,8.114285],"rotation":{"angle":22.5,"axis":"z","origin":[12.878231,15.168542,8.0]},"faces":{"east":{"uv":[1.125,11.0,1.1875,11.09375],"rotation":0,"texture":"#0","tintindex":0},"south":{"uv":[9.875,8.875,10.875,8.96875],"rotation":0,"texture":"#0","tintindex":0},"north":{"uv":[9.875,2.0,10.875,2.09375],"rotation":0,"texture":"#0","tintindex":0},"west":{"uv":[11.0,1.125,11.0625,1.21875],"rotation":0,"texture":"#0","tintindex":0},"up":{"uv":[11.25,9.8125,10.25,9.75],"rotation":0,"texture":"#0","tintindex":0},"down":{"uv":[11.25,10.0,10.25,10.0625],"rotation":0,"texture":"#0","tintindex":0}}},{"from":[8.005504,10.683385,7.7714286],"to":[12.005505,11.254814,8.228572],"rotation":{"angle":0.0,"axis":"y","origin":[10.005505,10.969099,8.0]},"faces":{"east":{"uv":[7.125,10.875,7.21875,11.0],"rotation":0,"texture":"#0","tintindex":0},"south":{"uv":[9.875,1.625,10.75,1.75],"rotation":0,"texture":"#0","tintindex":0},"north":{"uv":[9.875,1.5,10.75,1.625],"rotation":0,"texture":"#0","tintindex":0},"west":{"uv":[7.375,10.875,7.46875,11.0],"rotation":0,"texture":"#0","tintindex":0},"up":{"uv":[10.875,1.34375,10.0,1.25],"rotation":0,"texture":"#0","tintindex":0},"down":{"uv":[10.875,2.75,10.0,2.84375],"rotation":0,"texture":"#0","tintindex":0}}},{"from":[11.744044,9.940365,7.885714],"to":[16.315474,10.397508,8.114285],"rotation":{"angle":-22.5,"axis":"z","origin":[14.029758,10.168936,8.0]},"faces":{"east":{"uv":[11.0,2.25,11.0625,2.34375],"rotation":0,"texture":"#0","tintindex":0},"south":{"uv":[9.875,9.125,10.875,9.21875],"rotation":0,"texture":"#0","tintindex":0},"north":{"uv":[9.875,9.0,10.875,9.09375],"rotation":0,"texture":"#0","tintindex":0},"west":{"uv":[11.0,2.375,11.0625,2.46875],"rotation":0,"texture":"#0","tintindex":0},"up":{"uv":[11.25,10.1875,10.25,10.125],"rotation":0,"texture":"#0","tintindex":0},"down":{"uv":[11.25,10.25,10.25,10.3125],"rotation":0,"texture":"#0","tintindex":0}}},{"from":[8.2765045,6.8808126,7.714286],"to":[8.962219,11.109385,8.285714],"rotation":{"angle":22.5,"axis":"z","origin":[8.619362,8.995098,8.0]},"faces":{"east":{"uv":[4.375,9.75,4.5,10.6875],"rotation":0,"texture":"#0","tintindex":0},"south":{"uv":[3.125,9.5,3.28125,10.4375],"rotation":0,"texture":"#0","tintindex":0},"north":{"uv":[2.875,9.5,3.03125,10.4375],"rotation":0,"texture":"#0","tintindex":0},"west":{"uv":[5.5,9.75,5.625,10.6875],"rotation":0,"texture":"#0","tintindex":0},"up":{"uv":[11.03125,4.875,10.875,4.75],"rotation":0,"texture":"#0","tintindex":0},"down":{"uv":[5.03125,10.875,4.875,11.0],"rotation":0,"texture":"#0","tintindex":0}}}],"display":{"head":{"translation":[0.0,-6.4,0.0],"scale":[4.0,4.0,4.0]}}}