{
 "custom.elitecreatures.dragonroar": {
  "sounds": [
   "custom/elitecreatures/dragonroar"
  ]
 },
 "custom.elitecreatures.goat1": {
  "sounds": [
   "custom/elitecreatures/goat1"
  ]
 },
 "custom.elitecreatures.goat2": {
  "sounds": [
   "custom/elitecreatures/goat2"
  ]
 },
 "custom.elitecreatures.mammothatt": {
  "sounds": [
   "custom/elitecreatures/mammothatt"
  ]
 },
 "custom.elitecreatures.mammothambient": {
  "sounds": [
   "custom/elitecreatures/mammothambient"
  ]
 },
 "custom.elitecreatures.mammothambient2": {
  "sounds": [
   "custom/elitecreatures/mammothambient2"
  ]
 },
 "custom.elitecreatures.sabreambient": {
  "sounds": [
   "custom/elitecreatures/sabreambient"
  ]
 },
 "custom.elitecreatures.sabreambient2": {
  "sounds": [
   "custom/elitecreatures/sabreambient2"
  ]
 },
 "custom.elitecreatures.sabreatt": {
  "sounds": [
   "custom/elitecreatures/sabreatt"
  ]
 },
 "custom.elitecreatures.deepfishambient": {
  "sounds": [
   "custom/elitecreatures/deepfishambient"
  ]
 },
 "custom.elitecreatures.deepfishambient2": {
  "sounds": [
   "custom/elitecreatures/deepfishambient2"
  ]
 },
 "custom.elitecreatures.deepfishatt": {
  "sounds": [
   "custom/elitecreatures/deepfishatt"
  ]
 },
 "custom.elitecreatures.crabatt": {
  "sounds": [
   "custom/elitecreatures/crabatt"
  ]
 },
 "custom.elitecreatures.wormambient": {
  "sounds": [
   "custom/elitecreatures/wormambient"
  ]
 },
 "custom.elitecreatures.wormambient2": {
  "sounds": [
   "custom/elitecreatures/wormambient2"
  ]
 },
 "custom.elitecreatures.wormatt": {
  "sounds": [
   "custom/elitecreatures/wormatt"
  ]
 },
 "custom.elitecreatures.scorpionambient": {
  "sounds": [
   "custom/elitecreatures/scorpionambient"
  ]
 },
 "custom.elitecreatures.scorpionatt": {
  "sounds": [
   "custom/elitecreatures/scorpionatt"
  ]
 },
 "custom.elitecreatures.antelope1": {
  "sounds": [
   "custom/elitecreatures/antelope1"
  ]
 },
 "custom.elitecreatures.antelope2": {
  "sounds": [
   "custom/elitecreatures/antelope2"
  ]
 },
 "custom.elitecreatures.mosquitodeath": {
  "sounds": [
   "custom/elitecreatures/mosquitodeath"
  ]
 },
 "custom.elitecreatures.mosquito": {
  "sounds": [
   "custom/elitecreatures/mosquito"
  ]
 },
 "custom.elitecreatures.spiderwalk": {
  "sounds": [
   "custom/elitecreatures/spiderwalk"
  ]
 },
 "custom.elitecreatures.nests": {
  "sounds": [
   "custom/elitecreatures/nests"
  ]
 },
 "custom.elitecreatures.grasshopperday": {
  "sounds": [
   "custom/elitecreatures/grasshopperday"
  ]
 },
 "custom.elitecreatures.grasshoppernight": {
  "sounds": [
   "custom/elitecreatures/grasshoppernight"
  ]
 },
 "custom.elitecreatures.buzzdeath": {
  "sounds": [
   "custom/elitecreatures/buzzdeath"
  ]
 },
 "custom.elitecreatures.buzzattack": {
  "sounds": [
   "custom/elitecreatures/buzzattack"
  ]
 },
 "custom.elitecreatures.buzz": {
  "sounds": [
   "custom/elitecreatures/buzz"
  ]
 },
 "custom.elitecreatures.baldeagle": {
  "sounds": [
   "custom/elitecreatures/baldeagle"
  ]
 },
 "custom.elitecreatures.browneagle": {
  "sounds": [
   "custom/elitecreatures/browneagle"
  ]
 },
 "custom.elitecreatures.snowyowl": {
  "sounds": [
   "custom/elitecreatures/snowyowl"
  ]
 },
 "custom.elitecreatures.tawnyowl": {
  "sounds": [
   "custom/elitecreatures/tawnyowl"
  ]
 },
 "custom.elitecreatures.capercaillie": {
  "sounds": [
   "custom/elitecreatures/capercaillie"
  ]
 },
 "custom.elitecreatures.gobbler": {
  "sounds": [
   "custom/elitecreatures/gobbler"
  ]
 },
 "custom.elitecreatures.bluetit": {
  "sounds": [
   "custom/elitecreatures/bluetit"
  ]
 },
 "custom.elitecreatures.sparrow": {
  "sounds": [
   "custom/elitecreatures/sparrow"
  ]
 },
 "custom.elitecreatures.robin": {
  "sounds": [
   "custom/elitecreatures/robin"
  ]
 },
 "custom.elitecreatures.kingfisher": {
  "sounds": [
   "custom/elitecreatures/kingfisher"
  ]
 },
 "custom.elitecreatures.swan": {
  "sounds": [
   "custom/elitecreatures/swan"
  ]
 },
 "custom.elitecreatures.ostrich": {
  "sounds": [
   "custom/elitecreatures/ostrich"
  ]
 },
 "custom.elitecreatures.roadrunner": {
  "sounds": [
   "custom/elitecreatures/roadrunner"
  ]
 },
 "custom.elitecreatures.vulture": {
  "sounds": [
   "custom/elitecreatures/vulture"
  ]
 },
 "custom.elitecreatures.secretarybird": {
  "sounds": [
   "custom/elitecreatures/secretarybird"
  ]
 },
 "custom.elitecreatures.harpy": {
  "sounds": [
   "custom/elitecreatures/harpy"
  ]
 },
 "custom.elitecreatures.conure": {
  "sounds": [
   "custom/elitecreatures/conure"
  ]
 },
 "custom.elitecreatures.senegal": {
  "sounds": [
   "custom/elitecreatures/senegal"
  ]
 },
 "custom.elitecreatures.toucan": {
  "sounds": [
   "custom/elitecreatures/toucan"
  ]
 },
 "custom.elitecreatures.booby": {
  "sounds": [
   "custom/elitecreatures/booby"
  ]
 },
 "custom.elitecreatures.seagull": {
  "sounds": [
   "custom/elitecreatures/seagull"
  ]
 },
 "custom.elitecreatures.kiwi": {
  "sounds": [
   "custom/elitecreatures/kiwi"
  ]
 },
 "custom.elitecreatures.pigeon": {
  "sounds": [
   "custom/elitecreatures/pigeon"
  ]
 },
 "custom.elitecreatures.bugfly": {
  "sounds": [
   "custom/elitecreatures/bugfly"
  ]
 },
 "custom.elitecreatures.raven": {
  "sounds": [
   "custom/elitecreatures/raven"
  ]
 },
 "custom.elitecreatures.wolfbite": {
  "sounds": [
   "custom/elitecreatures/wolfbite"
  ]
 },
 "custom.elitecreatures.wolfsnarl": {
  "sounds": [
   "custom/elitecreatures/wolfsnarl"
  ]
 },
 "custom.elitecreatures.wildcall": {
  "sounds": [
   "custom/elitecreatures/wildcall"
  ]
 },
 "custom.elitecreatures.bearclaw": {
  "sounds": [
   "custom/elitecreatures/bearclaw"
  ]
 },
 "custom.elitecreatures.bearambient": {
  "sounds": [
   "custom/elitecreatures/bearambient"
  ]
 },
 "custom.elitecreatures.beartransform": {
  "sounds": [
   "custom/elitecreatures/beartransform"
  ]
 },
 "custom.elitecreatures.stag1": {
  "sounds": [
   "custom/elitecreatures/stag1"
  ]
 },
 "custom.elitecreatures.stag2": {
  "sounds": [
   "custom/elitecreatures/stag2"
  ]
 },
 "custom.elitecreatures.doe1": {
  "sounds": [
   "custom/elitecreatures/doe1"
  ]
 },
 "custom.elitecreatures.doe2": {
  "sounds": [
   "custom/elitecreatures/doe2"
  ]
 },
 "custom.elitecreatures.squirrel1": {
  "sounds": [
   "custom/elitecreatures/squirrel1"
  ]
 },
 "custom.elitecreatures.anteater": {
  "sounds": [
   "custom/elitecreatures/anteater"
  ]
 },
 "custom.elitecreatures.hyena": {
  "sounds": [
   "custom/elitecreatures/hyena"
  ]
 },
 "custom.elitecreatures.rhino": {
  "sounds": [
   "custom/elitecreatures/rhino"
  ]
 },
 "custom.elitecreatures.feralpiglet": {
  "sounds": [
   "custom/elitecreatures/feralpiglet"
  ]
 },
 "custom.elitecreatures.feralhogambient": {
  "sounds": [
   "custom/elitecreatures/feralhogambient"
  ]
 },
 "custom.elitecreatures.feralhogatt": {
  "sounds": [
   "custom/elitecreatures/feralhogatt"
  ]
 },
 "custom.elitecreatures.bison1": {
  "sounds": [
   "custom/elitecreatures/bison1"
  ]
 },
 "custom.elitecreatures.bison2": {
  "sounds": [
   "custom/elitecreatures/bison2"
  ]
 },
 "custom.elitecreatures.ermine": {
  "sounds": [
   "custom/elitecreatures/ermine"
  ]
 },
 "custom.elitecreatures.firedragon": {
  "sounds": [
   "custom/elitecreatures/firedragon"
  ]
 },
 "custom.elitecreatures.moltenspirit": {
  "sounds": [
   "custom/elitecreatures/moltenspirit"
  ]
 },
 "custom.elitecreatures.lavajaw": {
  "sounds": [
   "custom/elitecreatures/lavajaw"
  ]
 },
 "custom.elitecreatures.serpentroar": {
  "sounds": [
   "custom/elitecreatures/serpentroar"
  ]
 },
 "custom.elitecreatures.serpentroar2": {
  "sounds": [
   "custom/elitecreatures/serpentroar2"
  ]
 },
 "custom.elitecreatures.serpenthiss": {
  "sounds": [
   "custom/elitecreatures/serpenthiss"
  ]
 },
 "custom.elitecreatures.nagaspellsinger": {
  "sounds": [
   "custom/elitecreatures/nagaspellsinger"
  ]
 },
 "custom.elitecreatures.nagaspellsingersong": {
  "sounds": [
   "custom/elitecreatures/nagaspellsingersong"
  ]
 },
 "custom.elitecreatures.myrmidon": {
  "sounds": [
   "custom/elitecreatures/myrmidon"
  ]
 },
 "custom.elitecreatures.myrmidon2": {
  "sounds": [
   "custom/elitecreatures/myrmidon2"
  ]
 },
 "custom.elitecreatures.undine1": {
  "sounds": [
   "custom/elitecreatures/undine1"
  ]
 },
 "custom.elitecreatures.undine2": {
  "sounds": [
   "custom/elitecreatures/undine2"
  ]
 },
 "custom.elitecreatures.hamletfalls": {
  "sounds": [
   "custom/elitecreatures/hamletfalls"
  ]
 },
 "custom.elitecreatures.hamletfive": {
  "sounds": [
   "custom/elitecreatures/hamletfive"
  ]
 },
 "custom.elitecreatures.hamletsourcecode": {
  "sounds": [
   "custom/elitecreatures/hamletsourcecode"
  ]
 },
 "custom.elitecreatures.hamlethead": {
  "sounds": [
   "custom/elitecreatures/hamlethead"
  ]
 },
 "custom.elitecreatures.hamletdead": {
  "sounds": [
   "custom/elitecreatures/hamletdead"
  ]
 },
 "custom.elitecreatures.hamletspeck": {
  "sounds": [
   "custom/elitecreatures/hamletspeck"
  ]
 },
 "custom.elitecreatures.hamletlovesmelon": {
  "sounds": [
   "custom/elitecreatures/hamletlovesmelon"
  ]
 },
 "custom.elitecreatures.hamlethitherefriend": {
  "sounds": [
   "custom/elitecreatures/hamlethitherefriend"
  ]
 },
 "custom.elitecreatures.hamletffour": {
  "sounds": [
   "custom/elitecreatures/hamletffour"
  ]
 },
 "custom.elitecreatures.sabrepurr": {
  "sounds": [
   "custom/elitecreatures/sabrepurr"
  ]
 },
 "custom.elitecreatures.sabreroar": {
  "sounds": [
   "custom/elitecreatures/sabreroar"
  ]
 },
 "custom.elitecreatures.bt": {
  "sounds": [
   "custom/elitecreatures/bt"
  ]
 },
 "custom.elitecreatures.etfn": {
  "sounds": [
   "custom/elitecreatures/etfn"
  ]
 },
 "custom.elitecreatures.fl": {
  "sounds": [
   "custom/elitecreatures/fl"
  ]
 },
 "custom.elitecreatures.fldth": {
  "sounds": [
   "custom/elitecreatures/fldth"
  ]
 },
 "custom.elitecreatures.fldthimp": {
  "sounds": [
   "custom/elitecreatures/fldthimp"
  ]
 },
 "custom.elitecreatures.flfll": {
  "sounds": [
   "custom/elitecreatures/flfll"
  ]
 },
 "custom.elitecreatures.flnrm": {
  "sounds": [
   "custom/elitecreatures/flnrm"
  ]
 },
 "custom.elitecreatures.skrrflm": {
  "sounds": [
   "custom/elitecreatures/skrrflm"
  ]
 },
 "custom.elitecreatures.flsld": {
  "sounds": [
   "custom/elitecreatures/flsld"
  ]
 },
 "custom.elitecreatures.fltkf": {
  "sounds": [
   "custom/elitecreatures/fltkf"
  ]
 },
 "custom.elitecreatures.fsr": {
  "sounds": [
   "custom/elitecreatures/fsr"
  ]
 },
 "custom.elitecreatures.mtrcef": {
  "sounds": [
   "custom/elitecreatures/mtrcef"
  ]
 },
 "custom.elitecreatures.mvm": {
  "sounds": [
   "custom/elitecreatures/mvm"
  ]
 },
 "custom.elitecreatures.rnrrim": {
  "sounds": [
   "custom/elitecreatures/rnrrim"
  ]
 },
 "custom.elitecreatures.rnw": {
  "sounds": [
   "custom/elitecreatures/rnw"
  ]
 },
 "custom.elitecreatures.rr": {
  "sounds": [
   "custom/elitecreatures/rr"
  ]
 },
 "custom.elitecreatures.rrflm": {
  "sounds": [
   "custom/elitecreatures/rrflm"
  ]
 },
 "custom.elitecreatures.slp": {
  "sounds": [
   "custom/elitecreatures/slp"
  ]
 },
 "custom.elitecreatures.vfr": {
  "sounds": [
   "custom/elitecreatures/vfr"
  ]
 },
 "custom.elitecreatures.vlfrndm": {
  "sounds": [
   "custom/elitecreatures/vlfrndm"
  ]
 },
 "custom.elitecreatures.vmtrc": {
  "sounds": [
   "custom/elitecreatures/vmtrc"
  ]
 },
 "custom.elitecreatures.vrndm": {
  "sounds": [
   "custom/elitecreatures/vrndm"
  ]
 },
 "custom.elitecreatures.vrnw": {
  "sounds": [
   "custom/elitecreatures/vrnw"
  ]
 },
 "custom.elitecreatures.vtswg": {
  "sounds": [
   "custom/elitecreatures/vtswg"
  ]
 },
 "custom.elitecreatures.vwgtk": {
  "sounds": [
   "custom/elitecreatures/vwgtk"
  ]
 },
 "custom.elitecreatures.vgrllfn": {
  "sounds": [
   "custom/elitecreatures/vgrllfn"
  ]
 },
 "custom.elitecreatures.vflfr": {
  "sounds": [
   "custom/elitecreatures/vflfr"
  ]
 },
 "custom.elitecreatures.vfltrnd": {
  "sounds": [
   "custom/elitecreatures/vfltrnd"
  ]
 },
 "custom.elitecreatures.fltrnd": {
  "sounds": [
   "custom/elitecreatures/fltrnd"
  ]
 },
 "custom.elitecreatures.vflgrb": {
  "sounds": [
   "custom/elitecreatures/vflgrb"
  ]
 },
 "custom.elitecreatures.mtrc": {
  "sounds": [
   "custom/elitecreatures/mtrc"
  ]
 },
 "custom.elitecreatures.tswg": {
  "sounds": [
   "custom/elitecreatures/tswg"
  ]
 },
 "custom.elitecreatures.wgtk": {
  "sounds": [
   "custom/elitecreatures/wgtk"
  ]
 },
 "custom.elitecreatures.grllfnh": {
  "sounds": [
   "custom/elitecreatures/grllfnh"
  ]
 },
 "custom.elitecreatures.trnd": {
  "sounds": [
   "custom/elitecreatures/trnd"
  ]
 },
 "custom.elitecreatures.vflgrbflm": {
  "sounds": [
   "custom/elitecreatures/vflgrbflm"
  ]
 },
 "custom.elitecreatures.grbflm": {
  "sounds": [
   "custom/elitecreatures/grbflm"
  ]
 },
 "custom.elitecreatures.grb": {
  "sounds": [
   "custom/elitecreatures/grb"
  ]
 },
 "custom.elitecreatures.bzsn": {
  "sounds": [
   "custom/elitecreatures/bzsn"
  ]
 },
 "custom.elitecreatures.bzsnef": {
  "sounds": [
   "custom/elitecreatures/bzsnef"
  ]
 },
 "custom.elitecreatures.bzsnbm": {
  "sounds": [
   "custom/elitecreatures/bzsnbm"
  ]
 },
 "custom.elitecreatures.fr": {
  "sounds": [
   "custom/elitecreatures/fr"
  ]
 },
 "custom.minotaur1": {
  "sounds": [
   "custom/minotaur1"
  ]
 },
 "custom.minotaur2": {
  "sounds": [
   "custom/minotaur2"
  ]
 },
 "custom.minotaur3": {
  "sounds": [
   "custom/minotaur3"
  ]
 },
 "custom.minotauratt1": {
  "sounds": [
   "custom/minotauratt1"
  ]
 },
 "custom.minotauratt2": {
  "sounds": [
   "custom/minotauratt2"
  ]
 },
 "custom.minotauratt3": {
  "sounds": [
   "custom/minotauratt3"
  ]
 },
 "custom.minotauratt4": {
  "sounds": [
   "custom/minotauratt4"
  ]
 },
 "custom.minotaurdeath1": {
  "sounds": [
   "custom/minotaurdeath1"
  ]
 },
 "custom.elitecreatures.santa1": {
  "sounds": [
   "custom/elitecreatures/santa1"
  ]
 },
 "custom.elitecreatures.santa2": {
  "sounds": [
   "custom/elitecreatures/santa2"
  ]
 },
 "custom.elitecreatures.santa3": {
  "sounds": [
   "custom/elitecreatures/santa3"
  ]
 },
 "custom.elitecreatures.imp1": {
  "sounds": [
   "custom/elitecreatures/imp1"
  ]
 },
 "custom.elitecreatures.krampushoof": {
  "sounds": [
   "custom/elitecreatures/krampushoof"
  ]
 },
 "custom.elitecreatures.krampusspike": {
  "sounds": [
   "custom/elitecreatures/krampusspike"
  ]
 },
 "custom.elitecreatures.krampusnaughty": {
  "sounds": [
   "custom/elitecreatures/krampusnaughty"
  ]
 },
 "custom.elitecreatures.krampushit": {
  "sounds": [
   "custom/elitecreatures/krampushit"
  ]
 },
 "custom.elitecreatures.krampus1": {
  "sounds": [
   "custom/elitecreatures/krampus1"
  ]
 },
 "custom.elitecreatures.krampuswhip": {
  "sounds": [
   "custom/elitecreatures/krampuswhip"
  ]
 },
 "custom.elitecreatures.krampusslash": {
  "sounds": [
   "custom/elitecreatures/krampusslash"
  ]
 },
 "custom.elitecreatures.krampusroar": {
  "sounds": [
   "custom/elitecreatures/krampusroar"
  ]
 },
 "custom.elitecreatures.krampusstompspike": {
  "sounds": [
   "custom/elitecreatures/krampusstompspike"
  ]
 },
 "custom.elitecreatures.sleighjingle": {
  "sounds": [
   "custom/elitecreatures/sleighjingle"
  ]
 },
 "custom.elitecreatures.penguin1": {
  "sounds": [
   "custom/elitecreatures/penguin1"
  ]
 },
 "custom.elitecreatures.penguin2": {
  "sounds": [
   "custom/elitecreatures/penguin2"
  ]
 },
 "custom.elitecreatures.walrus1": {
  "sounds": [
   "custom/elitecreatures/walrus1"
  ]
 },
 "custom.elitecreatures.walrus2": {
  "sounds": [
   "custom/elitecreatures/walrus2"
  ]
 },
  "custom.elitecreatures.octanadeathsfx": {
  "sounds": [
   "custom/elitecreatures/octanadeathsfx"
  ]
 },
 "custom.elitecreatures.octanastoptwitching": {
  "sounds": [
   "custom/elitecreatures/octanastoptwitching"
  ]
 },
 "custom.elitecreatures.octanamany": {
  "sounds": [
   "custom/elitecreatures/octanamany"
  ]
 },
 "custom.elitecreatures.octanagrowchildren": {
  "sounds": [
   "custom/elitecreatures/octanagrowchildren"
  ]
 },
 "custom.elitecreatures.octanafeastchildren": {
  "sounds": [
   "custom/elitecreatures/octanafeastchildren"
  ]
 },
 "custom.elitecreatures.octanaquietsnack": {
  "sounds": [
   "custom/elitecreatures/octanaquietsnack"
  ]
 },
 "custom.elitecreatures.octanasquish": {
  "sounds": [
   "custom/elitecreatures/octanasquish"
  ]
 },
 "custom.elitecreatures.octanasmellfood": {
  "sounds": [
   "custom/elitecreatures/octanasmellfood"
  ]
 },
 "custom.elitecreatures.octanasensefear": {
  "sounds": [
   "custom/elitecreatures/octanasensefear"
  ]
 },
 "custom.elitecreatures.octanatremblefeel": {
  "sounds": [
   "custom/elitecreatures/octanatremblefeel"
  ]
 },
 "custom.elitecreatures.octanahungerfeed": {
  "sounds": [
   "custom/elitecreatures/octanahungerfeed"
  ]
 },
 "custom.elitecreatures.octanadelicious": {
  "sounds": [
   "custom/elitecreatures/octanadelicious"
  ]
 },
 "custom.elitecreatures.octanaeyesmany": {
  "sounds": [
   "custom/elitecreatures/octanaeyesmany"
  ]
 },
 "custom.elitecreatures.octanabitetodie": {
  "sounds": [
   "custom/elitecreatures/octanabitetodie"
  ]
 },
 "custom.elitecreatures.octanadie": {
  "sounds": [
   "custom/elitecreatures/octanadie"
  ]
 },
  "custom.elitecreatures.spiderwalksfx": {
  "sounds": [
   "custom/elitecreatures/spiderwalksfx"
  ]
 },
 "custom.elitecreatures.venomspit": {
  "sounds": [
   "custom/elitecreatures/venomspit"
  ]
 },
 "custom.elitecreatures.youngspiderdeath": {
  "sounds": [
   "custom/elitecreatures/youngspiderdeath"
  ]
 },
 "custom.elitecreatures.youngspidernormal": {
  "sounds": [
   "custom/elitecreatures/youngspidernormal"
  ]
 },
 "custom.elitecreatures.youngspideratt": {
  "sounds": [
   "custom/elitecreatures/youngspideratt"
  ]
 },
 "custom.elitecreatures.octanawalksfx": {
  "sounds": [
   "custom/elitecreatures/octanawalksfx"
  ]
 },
 "custom.elitecreatures.rollingroller": {
  "sounds": [
   "custom/elitecreatures/rollingroller"
  ]
 },
 "custom.elitecreatures.octanastabthrowsfx": {
  "sounds": [
   "custom/elitecreatures/octanastabthrowsfx"
  ]
 },
 "custom.elitecreatures.octanastompfinishsfx": {
  "sounds": [
   "custom/elitecreatures/octanastompfinishsfx"
  ]
 },
 "custom.elitecreatures.octanaswipesfx": {
  "sounds": [
   "custom/elitecreatures/octanaswipesfx"
  ]
 },
 "custom.elitecreatures.octanaroar": {
  "sounds": [
   "custom/elitecreatures/octanaroar"
  ]
 },
 "custom.elitecreatures.octanabitefinishsfx": {
  "sounds": [
   "custom/elitecreatures/octanabitefinishsfx"
  ]
 },
 "custom.elitecreatures.octanahairpuffsfx": {
  "sounds": [
   "custom/elitecreatures/octanahairpuffsfx"
  ]
 },
 "custom.elitecreatures.octanasmashbelowsfx": {
  "sounds": [
   "custom/elitecreatures/octanasmashbelowsfx"
  ]
 },
 "custom.elitecreatures.octanastabsfx": {
  "sounds": [
   "custom/elitecreatures/octanastabsfx"
  ]
 },
 "custom.elitecreatures.octanavenomspitsfx": {
  "sounds": [
   "custom/elitecreatures/octanavenomspitsfx"
  ]
 },
 "custom.elitecreatures.cocoongroundsfx": {
  "sounds": [
   "custom/elitecreatures/cocoongroundsfx"
  ]
 },
 "custom.elitecreatures.octanawrappingsfx": {
  "sounds": [
   "custom/elitecreatures/octanawrappingsfx"
  ]
 },
 "custom.elitecreatures.squirrel2": {
  "sounds": [
   "custom/elitecreatures/squirrel2"
  ]
 }
}