{
  "credit": "Made with Blockbench",
  "texture_size": [
    32,
    32
  ],
  "textures": {
    "0": "cosmetics:custom/cosmetics/backpacks/dino/dino_tail",
    "particle": "cosmetics:custom/cosmetics/backpacks/dino/dino_tail"
  },
  "elements": [
    {
      "from": [
        5,
        0,
        0
      ],
      "to": [
        11,
        6,
        12
      ],
      "rotation": {
        "angle": 0,
        "axis": "y",
        "origin": [
          13,
          8,
          8
        ]
      },
      "faces": {
        "north": {
          "uv": [
            6,
            6,
            9,
            9
          ],
          "texture": "#0",
          "tintindex": 0
        },
        "east": {
          "uv": [
            3,
            6,
            6,
            0
          ],
          "rotation": 90,
          "texture": "#0",
          "tintindex": 0
        },
        "south": {
          "uv": [
            6,
            6,
            9,
            9
          ],
          "texture": "#0",
          "tintindex": 0
        },
        "west": {
          "uv": [
            3,
            0,
            6,
            6
          ],
          "rotation": 90,
          "texture": "#0",
          "tintindex": 0
        },
        "up": {
          "uv": [
            0,
            0,
            3,
            6
          ],
          "rotation": 180,
          "texture": "#0",
          "tintindex": 0
        },
        "down": {
          "uv": [
            6,
            0,
            9,
            6
          ],
          "rotation": 180,
          "texture": "#0",
          "tintindex": 0
        }
      }
    },
    {
      "from": [
        6,
        1,
        12
      ],
      "to": [
        10,
        5,
        24
      ],
      "rotation": {
        "angle": -22.5,
        "axis": "x",
        "origin": [
          14,
          2,
          11
        ]
      },
      "faces": {
        "north": {
          "uv": [
            6,
            9,
            8,
            11
          ],
          "texture": "#0",
          "tintindex": 0
        },
        "east": {
          "uv": [
            2,
            6,
            4,
            12
          ],
          "rotation": 90,
          "texture": "#0",
          "tintindex": 0
        },
        "south": {
          "uv": [
            6,
            9,
            8,
            11
          ],
          "texture": "#0",
          "tintindex": 0
        },
        "west": {
          "uv": [
            2,
            12,
            4,
            6
          ],
          "rotation": 90,
          "texture": "#0",
          "tintindex": 0
        },
        "up": {
          "uv": [
            0,
            6,
            2,
            12
          ],
          "texture": "#0",
          "tintindex": 0
        },
        "down": {
          "uv": [
            4,
            6,
            6,
            12
          ],
          "rotation": 180,
          "texture": "#0",
          "tintindex": 0
        }
      }
    },
    {
      "from": [
        8,
        6,
        1
      ],
      "to": [
        8,
        8,
        5
      ],
      "rotation": {
        "angle": 0,
        "axis": "y",
        "origin": [
          16,
          14,
          9
        ]
      },
      "faces": {
        "east": {
          "uv": [
            11,
            0,
            9,
            1
          ],
          "texture": "#0"
        },
        "west": {
          "uv": [
            9,
            0,
            11,
            1
          ],
          "texture": "#0"
        }
      }
    },
    {
      "from": [
        8,
        6,
        7
      ],
      "to": [
        8,
        8,
        11
      ],
      "rotation": {
        "angle": 0,
        "axis": "y",
        "origin": [
          16,
          14,
          15
        ]
      },
      "faces": {
        "east": {
          "uv": [
            11,
            0,
            9,
            1
          ],
          "texture": "#0"
        },
        "west": {
          "uv": [
            9,
            0,
            11,
            1
          ],
          "texture": "#0"
        }
      }
    },
    {
      "from": [
        7,
        6.1,
        1
      ],
      "to": [
        9,
        6.1,
        5
      ],
      "rotation": {
        "angle": 0,
        "axis": "y",
        "origin": [
          15,
          14,
          9
        ]
      },
      "faces": {
        "up": {
          "uv": [
            11.5,
            0,
            12.5,
            2
          ],
          "texture": "#0"
        }
      }
    },
    {
      "from": [
        7,
        6.1,
        7
      ],
      "to": [
        9,
        6.1,
        11
      ],
      "rotation": {
        "angle": 0,
        "axis": "y",
        "origin": [
          15,
          14,
          15
        ]
      },
      "faces": {
        "up": {
          "uv": [
            12.5,
            0,
            11.5,
            2
          ],
          "texture": "#0"
        }
      }
    }
  ],
  "display": {
    "thirdperson_righthand": {
      "rotation": [
        119,
        0,
        0
      ],
      "translation": [
        -1,
        -12.3125,
        11.50625
      ],
      "scale": [
        1.00625,
        1.00625,
        1.00625
      ]
    },
    "thirdperson_lefthand": {
      "rotation": [
        111,
        41,
        0
      ],
      "translation": [
        0,
        0,
        2.25
      ],
      "scale": [
        0.4,
        0.4,
        0.4
      ]
    },
    "firstperson_righthand": {
      "rotation": [
        0,
        22,
        0
      ],
      "translation": [
        7.25,
        2,
        0
      ]
    },
    "firstperson_lefthand": {
      "rotation": [
        0,
        22,
        0
      ],
      "translation": [
        7.25,
        2,
        0
      ]
    },
    "ground": {
      "translation": [
        0,
        2.25,
        0
      ],
      "scale": [
        0.4,
        0.4,
        0.4
      ]
    },
    "gui": {
      "rotation": [
        30,
        45,
        0
      ],
      "translation": [
        -1.5,
        3,
        0
      ],
      "scale": [
        0.76,
        0.76,
        0.76
      ]
    },
    "head": {
      "rotation": [
        29,
        0,
        0
      ],
      "translation": [
        0,
        -57.75,
        16.5
      ],
      "scale": [
        1.61,
        1.61,
        1.61
      ]
    },
    "fixed": {
      "rotation": [
        0,
        -180,
        0
      ],
      "translation": [
        0,
        9.75,
        -15.5
      ],
      "scale": [
        2,
        2,
        2
      ]
    }
  }
}