{"textures":{"0":"modelengine:entity/crate6"},"elements":[{"from":[5.0,5.5,4.0],"to":[11.0,10.5,10.0],"faces":{"east":{"uv":[12.0,9.5,12.75,10.125],"tintindex":0,"rotation":0,"texture":"#0"},"south":{"uv":[12.0,8.875,12.75,9.5],"tintindex":0,"rotation":0,"texture":"#0"},"north":{"uv":[12.0,8.875,12.75,9.5],"tintindex":0,"rotation":0,"texture":"#0"},"west":{"uv":[12.75,9.5,12.0,10.125],"tintindex":0,"rotation":0,"texture":"#0"},"up":{"uv":[11.875,8.375,11.125,7.625],"tintindex":0,"rotation":0,"texture":"#0"},"down":{"uv":[11.875,7.625,11.125,8.375],"tintindex":0,"rotation":0,"texture":"#0"}},"rotation":{"origin":[8.0,8.0,8.0],"angle":22.5,"axis":"x"}}],"display":{"gui":{"rotation":[30,225,0]}}}