{"textures":{"0":"modelengine:entity/toffy_crate_raven"},"elements":[{"from":[7.714286,8.0,3.8571424],"to":[8.285714,8.571428,5.0],"rotation":{"angle":-45.0,"axis":"x","origin":[8.0,8.0,5.714286]},"faces":{"east":{"uv":[9.625,8.75,9.875,8.875],"rotation":0,"texture":"#0","tintindex":0},"south":{"uv":[7.25,3.0,7.375,3.125],"rotation":0,"texture":"#0","tintindex":0},"north":{"uv":[6.75,0.75,6.875,0.875],"rotation":0,"texture":"#0","tintindex":0},"west":{"uv":[9.0,9.625,9.25,9.75],"rotation":0,"texture":"#0","tintindex":0},"up":{"uv":[4.0,9.25,3.875,9.0],"rotation":0,"texture":"#0","tintindex":0},"down":{"uv":[9.875,0.0,9.75,0.25],"rotation":0,"texture":"#0","tintindex":0}}},{"from":[7.428571,7.428571,4.5714283],"to":[8.571428,8.571428,6.857143],"rotation":{"angle":-22.5,"axis":"x","origin":[8.0,8.0,5.714286]},"faces":{"east":{"uv":[8.375,5.5,8.875,5.75],"rotation":0,"texture":"#0","tintindex":0},"south":{"uv":[2.375,9.375,2.625,9.625],"rotation":0,"texture":"#0","tintindex":0},"north":{"uv":[2.0,9.375,2.25,9.625],"rotation":0,"texture":"#0","tintindex":0},"west":{"uv":[8.375,6.5,8.875,6.75],"rotation":0,"texture":"#0","tintindex":0},"up":{"uv":[0.875,9.0,0.625,8.5],"rotation":0,"texture":"#0","tintindex":0},"down":{"uv":[1.25,8.5,1.0,9.0],"rotation":0,"texture":"#0","tintindex":0}}},{"from":[6.857143,8.714286,5.714286],"to":[9.142858,9.857143,7.428571],"rotation":{"angle":-22.5,"axis":"x","origin":[8.0,9.142858,6.5714283]},"faces":{"east":{"uv":[8.875,1.25,9.25,1.5],"rotation":0,"texture":"#0","tintindex":0},"south":{"uv":[1.375,8.5,1.875,8.75],"rotation":0,"texture":"#0","tintindex":0},"north":{"uv":[8.375,6.875,8.875,7.125],"rotation":0,"texture":"#0","tintindex":0},"west":{"uv":[1.375,8.875,1.75,9.125],"rotation":0,"texture":"#0","tintindex":0},"up":{"uv":[8.125,8.0,7.625,7.625],"rotation":0,"texture":"#0","tintindex":0},"down":{"uv":[8.375,2.0,7.875,2.375],"rotation":0,"texture":"#0","tintindex":0}}},{"from":[6.8714285,8.142858,6.285714],"to":[9.1285715,8.857143,6.857143],"rotation":{"angle":0.0,"axis":"y","origin":[8.0,8.0,5.714286]},"faces":{"east":{"uv":[3.5,9.875,3.625,10.0],"rotation":0,"texture":"#0","tintindex":0},"south":{"uv":[7.125,6.0,7.625,6.125],"rotation":0,"texture":"#0","tintindex":0},"north":{"uv":[6.125,0.75,6.625,0.875],"rotation":0,"texture":"#0","tintindex":0},"west":{"uv":[9.875,3.625,10.0,3.75],"rotation":0,"texture":"#0","tintindex":0},"up":{"uv":[2.5,8.625,2.0,8.5],"rotation":0,"texture":"#0","tintindex":0},"down":{"uv":[3.25,9.375,2.75,9.5],"rotation":0,"texture":"#0","tintindex":0}}},{"from":[6.8714285,7.5714283,6.857143],"to":[9.1285715,9.857143,8.571428],"rotation":{"angle":0.0,"axis":"y","origin":[8.0,9.142858,6.5714283]},"faces":{"east":{"uv":[7.875,5.5,8.25,6.0],"rotation":0,"texture":"#0","tintindex":0},"south":{"uv":[7.0,1.375,7.5,1.875],"rotation":0,"texture":"#0","tintindex":0},"north":{"uv":[7.0,0.75,7.5,1.25],"rotation":0,"texture":"#0","tintindex":0},"west":{"uv":[7.875,6.625,8.25,7.125],"rotation":0,"texture":"#0","tintindex":0},"up":{"uv":[8.5,0.375,8.0,0.0],"rotation":0,"texture":"#0","tintindex":0},"down":{"uv":[2.75,8.0,2.25,8.375],"rotation":0,"texture":"#0","tintindex":0}}},{"from":[5.714286,7.285714,7.428571],"to":[9.714286,11.285714,7.428571],"rotation":{"angle":45.0,"axis":"z","origin":[8.0,9.571428,7.428571]},"faces":{"east":{"uv":[1.75,3.75,1.75,4.625],"rotation":0,"texture":"#0","tintindex":0},"south":{"uv":[5.125,0.0,6.0,0.875],"rotation":0,"texture":"#0","tintindex":0},"north":{"uv":[0.0,5.125,0.875,6.0],"rotation":0,"texture":"#0","tintindex":0},"west":{"uv":[6.0,9.875,6.0,10.75],"rotation":0,"texture":"#0","tintindex":0},"up":{"uv":[10.625,8.375,9.75,8.375],"rotation":0,"texture":"#0","tintindex":0},"down":{"uv":[10.875,0.25,10.0,0.25],"rotation":0,"texture":"#0","tintindex":0}}}],"display":{"head":{"translation":[0.0,-6.4,0.0],"scale":[4.0,4.0,4.0]}}}