{"textures":{"0":"modelengine:entity/toffy_crate_raven"},"elements":[{"from":[4.0,8.0,1.1428566],"to":[12.0,9.142858,9.142858],"rotation":{"angle":0.0,"axis":"y","origin":[8.0,0.0,5.142857]},"faces":{"east":{"uv":[6.125,0.0,7.875,0.25],"rotation":0,"texture":"#0","tintindex":0},"south":{"uv":[6.125,0.375,7.875,0.625],"rotation":0,"texture":"#0","tintindex":0},"north":{"uv":[5.375,2.875,7.125,3.125],"rotation":0,"texture":"#0","tintindex":0},"west":{"uv":[3.0,6.125,4.75,6.375],"rotation":0,"texture":"#0","tintindex":0},"up":{"uv":[1.75,1.75,0.0,0.0],"rotation":0,"texture":"#0","tintindex":0},"down":{"uv":[1.75,1.875,0.0,3.625],"rotation":0,"texture":"#0","tintindex":0}}},{"from":[4.5714283,9.142858,1.7142854],"to":[11.428572,10.857143,8.571428],"rotation":{"angle":0.0,"axis":"y","origin":[8.0,0.0,5.142857]},"faces":{"east":{"uv":[5.125,3.25,6.625,3.625],"rotation":0,"texture":"#0","tintindex":0},"south":{"uv":[5.125,3.75,6.625,4.125],"rotation":0,"texture":"#0","tintindex":0},"north":{"uv":[3.75,2.75,5.25,3.125],"rotation":0,"texture":"#0","tintindex":0},"west":{"uv":[5.125,4.25,6.625,4.625],"rotation":0,"texture":"#0","tintindex":0},"up":{"uv":[3.375,4.75,1.875,3.25],"rotation":0,"texture":"#0","tintindex":0},"down":{"uv":[5.0,3.25,3.5,4.75],"rotation":0,"texture":"#0","tintindex":0}}},{"from":[4.5714283,10.857143,2.8571424],"to":[5.714286,11.428572,7.428571],"rotation":{"angle":0.0,"axis":"y","origin":[8.0,0.0,5.142857]},"faces":{"east":{"uv":[8.375,5.875,9.375,6.0],"rotation":0,"texture":"#0","tintindex":0},"south":{"uv":[9.75,0.375,10.0,0.5],"rotation":0,"texture":"#0","tintindex":0},"north":{"uv":[9.625,9.0,9.875,9.125],"rotation":0,"texture":"#0","tintindex":0},"west":{"uv":[8.5,2.0,9.5,2.125],"rotation":0,"texture":"#0","tintindex":0},"up":{"uv":[1.625,4.75,1.375,3.75],"rotation":0,"texture":"#0","tintindex":0},"down":{"uv":[1.25,5.125,1.0,6.125],"rotation":0,"texture":"#0","tintindex":0}}},{"from":[10.285714,10.857143,2.8571424],"to":[11.428572,11.428572,7.428571],"rotation":{"angle":0.0,"axis":"y","origin":[8.0,0.0,5.142857]},"faces":{"east":{"uv":[8.5,2.25,9.5,2.375],"rotation":0,"texture":"#0","tintindex":0},"south":{"uv":[9.75,0.625,10.0,0.75],"rotation":0,"texture":"#0","tintindex":0},"north":{"uv":[0.5,9.75,0.75,9.875],"rotation":0,"texture":"#0","tintindex":0},"west":{"uv":[8.625,0.0,9.625,0.125],"rotation":0,"texture":"#0","tintindex":0},"up":{"uv":[1.75,8.0,1.5,7.0],"rotation":0,"texture":"#0","tintindex":0},"down":{"uv":[2.125,7.0,1.875,8.0],"rotation":0,"texture":"#0","tintindex":0}}},{"from":[7.428571,10.857143,2.8571424],"to":[8.571428,11.428572,7.428571],"rotation":{"angle":0.0,"axis":"y","origin":[8.0,0.0,5.142857]},"faces":{"east":{"uv":[8.625,0.25,9.625,0.375],"rotation":0,"texture":"#0","tintindex":0},"south":{"uv":[9.75,1.125,10.0,1.25],"rotation":0,"texture":"#0","tintindex":0},"north":{"uv":[9.75,0.875,10.0,1.0],"rotation":0,"texture":"#0","tintindex":0},"west":{"uv":[6.875,8.625,7.875,8.75],"rotation":0,"texture":"#0","tintindex":0},"up":{"uv":[7.375,4.25,7.125,3.25],"rotation":0,"texture":"#0","tintindex":0},"down":{"uv":[7.375,4.375,7.125,5.375],"rotation":0,"texture":"#0","tintindex":0}}}],"display":{"head":{"translation":[0.0,-6.4,0.0],"scale":[4.0,4.0,4.0]}}}