{"display": {"firstperson_righthand": {"rotation": [0, 0, 11]}, "firstperson_lefthand": {"rotation": [0, 0, 11]}, "ground": {"scale": [0.6, 0.6, 0.6]}, "gui": {"rotation": [34, -135, 0], "translation": [-0.25, -2, 0], "scale": [0.8, 0.8, 0.8]}, "head": {"translation": [0, 1.75, 0], "scale": [2.19, 2.19, 2.19]}, "fixed": {"scale": [0.6, 0.6, 0.6]}}, "texture_size": [64, 64], "textures": {"2": "cosmetics:custom/hats/staff_hat", "particle": "cosmetics:custom/hats/staff_hat"}, "elements": [{"from": [4.5, 9, 4.5], "to": [11.5, 14, 11.5], "faces": {"north": {"uv": [1.75, 3.5, 3.5, 4.75], "texture": "#2"}, "east": {"uv": [0, 3.5, 1.75, 4.75], "texture": "#2"}, "south": {"uv": [5.25, 3.5, 7, 4.75], "texture": "#2"}, "west": {"uv": [3.5, 3.5, 5.25, 4.75], "texture": "#2"}, "up": {"uv": [3.5, 3.5, 1.75, 1.75], "texture": "#2"}, "down": {"uv": [5.25, 1.75, 3.5, 3.5], "texture": "#2"}}}, {"from": [4.5, 11.25, 4.25], "to": [11.5, 12.75, 4.25], "faces": {"north": {"uv": [0, 0, 8.25, 1.5], "texture": "#2"}, "east": {"uv": [0, 0, 0, 1.5], "texture": "#2"}, "south": {"uv": [8.25, 0, 16.5, 1.5], "texture": "#2"}, "west": {"uv": [8.25, 0, 8.25, 1.5], "texture": "#2"}, "up": {"uv": [8.25, 0, 0, 0], "texture": "#2"}, "down": {"uv": [16.5, 0, 8.25, 0], "texture": "#2"}}}, {"from": [6.5, 14, 6.5], "to": [9.5, 15, 9.5], "faces": {"north": {"uv": [6.25, 2.5, 7, 2.75], "texture": "#2"}, "east": {"uv": [5.5, 2.5, 6.25, 2.75], "texture": "#2"}, "south": {"uv": [7.75, 2.5, 8.5, 2.75], "texture": "#2"}, "west": {"uv": [7, 2.5, 7.75, 2.75], "texture": "#2"}, "up": {"uv": [7, 2.5, 6.25, 1.75], "texture": "#2"}, "down": {"uv": [7.75, 1.75, 7, 2.5], "texture": "#2"}}}, {"from": [4.5, 10, 0.5], "to": [11.5, 10, 4.5], "rotation": {"angle": -22.5, "axis": "x", "origin": [8, 10, 4.5]}, "faces": {"north": {"uv": [1, 6, 2.75, 6], "texture": "#2"}, "east": {"uv": [0, 6, 1, 6], "texture": "#2"}, "south": {"uv": [3.75, 6, 5.5, 6], "texture": "#2"}, "west": {"uv": [2.75, 6, 3.75, 6], "texture": "#2"}, "up": {"uv": [2.75, 6, 1, 5], "texture": "#2"}, "down": {"uv": [2.75, 5, 1, 6], "texture": "#2"}}}]}