{"textures":{"0":"modelengine:entity/hydra"},"elements":[{"from":[8.0213175,6.4400115,-4.97505],"to":[17.021317,15.440012,8.739237],"rotation":{"angle":-45.0,"axis":"z","origin":[12.5213175,10.940012,1.8820934]},"faces":{"east":{"uv":[4.5,3.75,5.0,4.078125],"rotation":0,"texture":"#0","tintindex":0},"south":{"uv":[0.625,5.875,0.953125,6.203125],"rotation":0,"texture":"#0","tintindex":0},"north":{"uv":[5.875,0.1875,6.203125,0.515625],"rotation":0,"texture":"#0","tintindex":0},"west":{"uv":[4.5,4.125,5.0,4.453125],"rotation":0,"texture":"#0","tintindex":0},"up":{"uv":[4.5,4.453125,5.0,4.125],"rotation":90,"texture":"#0","tintindex":0},"down":{"uv":[4.5625,2.0,4.890625,1.5],"rotation":0,"texture":"#0","tintindex":0}}},{"from":[12.521029,17.303974,-4.97505],"to":[12.521029,22.44683,8.739237],"rotation":{"angle":0.0,"axis":"y","origin":[12.521029,19.8754,1.8820934]},"faces":{"east":{"uv":[1.6875,6.1875,2.1875,6.375],"rotation":0,"texture":"#0","tintindex":0},"south":{"uv":[0.0,0.0,0.0,0.1875],"rotation":0,"texture":"#0","tintindex":0},"north":{"uv":[0.0,0.0,0.0,0.1875],"rotation":0,"texture":"#0","tintindex":0},"west":{"uv":[6.1875,2.0625,6.6875,2.25],"rotation":0,"texture":"#0","tintindex":0},"up":{"uv":[0.0,0.5,0.0,0.0],"rotation":0,"texture":"#0","tintindex":0},"down":{"uv":[0.0,0.0,0.0,0.5],"rotation":0,"texture":"#0","tintindex":0}}}],"display":{"head":{"translation":[0.0,-6.4,0.0],"scale":[4.0,4.0,4.0]}}}