{"textures":{"0":"modelengine:entity/hydra"},"elements":[{"from":[12.021168,7.0951676,0.89802885],"to":[12.021168,12.238026,9.469458],"rotation":{"angle":0.0,"axis":"y","origin":[12.021168,9.666596,5.1837435]},"faces":{"east":{"uv":[4.125,6.9375,4.4375,7.125],"rotation":0,"texture":"#0","tintindex":0},"south":{"uv":[0.0,0.0,0.0,0.1875],"rotation":0,"texture":"#0","tintindex":0},"north":{"uv":[0.0,0.0,0.0,0.1875],"rotation":0,"texture":"#0","tintindex":0},"west":{"uv":[4.4375,6.9375,4.75,7.125],"rotation":0,"texture":"#0","tintindex":0},"up":{"uv":[0.0,0.3125,0.0,0.0],"rotation":0,"texture":"#0","tintindex":0},"down":{"uv":[0.0,0.0,0.0,0.3125],"rotation":0,"texture":"#0","tintindex":0}}},{"from":[8.592884,-0.073942184,0.89802885],"to":[15.450027,6.7832007,7.7551723],"rotation":{"angle":-45.0,"axis":"z","origin":[12.021456,3.3546295,4.326601]},"faces":{"east":{"uv":[6.875,1.25,7.125,1.5],"rotation":0,"texture":"#0","tintindex":0},"south":{"uv":[6.875,2.5,7.125,2.75],"rotation":0,"texture":"#0","tintindex":0},"north":{"uv":[6.875,1.0,7.125,1.25],"rotation":0,"texture":"#0","tintindex":0},"west":{"uv":[6.875,2.75,7.125,3.0],"rotation":0,"texture":"#0","tintindex":0},"up":{"uv":[7.125,2.75,6.875,3.0],"rotation":0,"texture":"#0","tintindex":0},"down":{"uv":[3.625,6.875,3.375,7.125],"rotation":0,"texture":"#0","tintindex":0}}}],"display":{"head":{"translation":[0.0,-6.4,0.0],"scale":[4.0,4.0,4.0]}}}