{"textures":{"0":"modelengine:entity/hydra"},"elements":[{"from":[5.0857143,4.5890846,1.9702811],"to":[10.914286,7.9833703,11.02171],"rotation":{"angle":0.0,"axis":"y","origin":[8.0,6.2862277,6.4959955]},"faces":{"east":{"uv":[6.9375,3.1875,7.265625,3.3125],"rotation":0,"texture":"#0","tintindex":0},"south":{"uv":[3.625,5.75,3.84375,5.875],"rotation":0,"texture":"#0","tintindex":0},"north":{"uv":[5.6875,1.5,5.90625,1.625],"rotation":0,"texture":"#0","tintindex":0},"west":{"uv":[6.9375,6.3125,7.265625,6.4375],"rotation":0,"texture":"#0","tintindex":0},"up":{"uv":[0.78125,7.015625,0.5625,6.6875],"rotation":0,"texture":"#0","tintindex":0},"down":{"uv":[1.53125,6.6875,1.3125,7.015625],"rotation":0,"texture":"#0","tintindex":0}}},{"from":[6.714286,5.97966,-1.7353592],"to":[9.285714,9.408232,3.4074984],"rotation":{"angle":-45.0,"axis":"x","origin":[8.0,7.6939454,0.8360696]},"faces":{"east":{"uv":[7.3125,3.6875,7.5,3.8125],"rotation":0,"texture":"#0","tintindex":0},"south":{"uv":[7.4375,2.1875,7.53125,2.3125],"rotation":0,"texture":"#0","tintindex":0},"north":{"uv":[2.1875,7.4375,2.28125,7.5625],"rotation":0,"texture":"#0","tintindex":0},"west":{"uv":[3.8125,7.3125,4.0,7.4375],"rotation":0,"texture":"#0","tintindex":0},"up":{"uv":[7.40625,6.4375,7.3125,6.25],"rotation":0,"texture":"#0","tintindex":0},"down":{"uv":[7.40625,6.4375,7.3125,6.625],"rotation":0,"texture":"#0","tintindex":0}}},{"from":[9.6285715,5.0099134,-0.5231762],"to":[12.200001,8.438485,4.6196814],"rotation":{"angle":-45.0,"axis":"x","origin":[10.914286,6.7241993,2.048253]},"faces":{"east":{"uv":[7.3125,3.8125,7.5,3.9375],"rotation":0,"texture":"#0","tintindex":0},"south":{"uv":[7.4375,2.75,7.53125,2.875],"rotation":0,"texture":"#0","tintindex":0},"north":{"uv":[2.625,7.4375,2.71875,7.5625],"rotation":0,"texture":"#0","tintindex":0},"west":{"uv":[4.0,7.3125,4.1875,7.4375],"rotation":0,"texture":"#0","tintindex":0},"up":{"uv":[7.40625,6.8125,7.3125,6.625],"rotation":0,"texture":"#0","tintindex":0},"down":{"uv":[7.40625,6.8125,7.3125,7.0],"rotation":0,"texture":"#0","tintindex":0}}},{"from":[3.7999997,5.0099134,-0.5231762],"to":[6.3714285,8.438485,4.6196814],"rotation":{"angle":-45.0,"axis":"x","origin":[5.0857143,6.7241993,2.048253]},"faces":{"east":{"uv":[4.1875,7.3125,4.375,7.4375],"rotation":0,"texture":"#0","tintindex":0},"south":{"uv":[3.0625,7.4375,3.15625,7.5625],"rotation":0,"texture":"#0","tintindex":0},"north":{"uv":[7.4375,2.875,7.53125,3.0],"rotation":0,"texture":"#0","tintindex":0},"west":{"uv":[7.3125,4.375,7.5,4.5],"rotation":0,"texture":"#0","tintindex":0},"up":{"uv":[7.28125,7.5,7.1875,7.3125],"rotation":0,"texture":"#0","tintindex":0},"down":{"uv":[7.40625,7.3125,7.3125,7.5],"rotation":0,"texture":"#0","tintindex":0}}}],"display":{"head":{"translation":[0.0,-6.4,0.0],"scale":[4.0,4.0,4.0]}}}