{"textures":{"0":"modelengine:entity/hydra"},"elements":[{"from":[7.9995193,12.348426,-10.265732],"to":[7.9995193,17.491283,1.9399862],"rotation":{"angle":0.0,"axis":"y","origin":[7.9995193,14.919854,-4.1628723]},"faces":{"east":{"uv":[3.9375,6.375,4.375,6.5625],"rotation":0,"texture":"#0","tintindex":0},"south":{"uv":[0.0,0.0,0.0,0.1875],"rotation":0,"texture":"#0","tintindex":0},"north":{"uv":[0.0,0.0,0.0,0.1875],"rotation":0,"texture":"#0","tintindex":0},"west":{"uv":[6.375,3.9375,6.8125,4.125],"rotation":0,"texture":"#0","tintindex":0},"up":{"uv":[0.0,0.4375,0.0,0.0],"rotation":0,"texture":"#0","tintindex":0},"down":{"uv":[0.0,0.0,0.0,0.4375],"rotation":0,"texture":"#0","tintindex":0}}},{"from":[5.4216013,6.1197543,-10.265732],"to":[10.581602,11.279755,1.9399834],"rotation":{"angle":-45.0,"axis":"z","origin":[8.001602,8.699755,-4.162874]},"faces":{"east":{"uv":[6.4375,1.0,6.875,1.1875],"rotation":0,"texture":"#0","tintindex":0},"south":{"uv":[4.1875,7.125,4.375,7.3125],"rotation":0,"texture":"#0","tintindex":0},"north":{"uv":[4.0,7.125,4.1875,7.3125],"rotation":0,"texture":"#0","tintindex":0},"west":{"uv":[6.4375,1.1875,6.875,1.375],"rotation":0,"texture":"#0","tintindex":0},"up":{"uv":[6.4375,1.375,6.875,1.1875],"rotation":90,"texture":"#0","tintindex":0},"down":{"uv":[0.5625,6.375,0.375,6.8125],"rotation":0,"texture":"#0","tintindex":0}}},{"from":[-5.029052,8.693901,-11.062857],"to":[21.028091,8.70933,32.0],"rotation":{"angle":0.0,"axis":"y","origin":[7.9995193,8.701615,10.468573]},"faces":{"east":{"uv":[7.125,1.4375,8.6875,1.453125],"rotation":0,"texture":"#0","tintindex":0},"south":{"uv":[7.375,4.8125,8.328125,4.828125],"rotation":0,"texture":"#0","tintindex":0},"north":{"uv":[7.125,5.75,8.078125,5.765625],"rotation":0,"texture":"#0","tintindex":0},"west":{"uv":[7.125,5.6875,8.6875,5.703125],"rotation":0,"texture":"#0","tintindex":0},"up":{"uv":[0.953125,1.5625,0.0,0.0],"rotation":0,"texture":"#0","tintindex":0},"down":{"uv":[1.953125,0.0,1.0,1.5625],"rotation":0,"texture":"#0","tintindex":0}}}],"display":{"head":{"translation":[0.0,-6.4,71.67197],"scale":[4.0,4.0,4.0]}}}