{
  "textures": {
    "0": "modelengine:entity/xm2_sleigh"
  },
  "elements": [
    {
      "from": [
        5.5,
        -2,
        5.5
      ],
      "to": [
        10.5,
        8,
        10.5
      ],
      "faces": {
        "east": {
          "uv": [
            10.125,
            10,
            10.4375,
            10.625
          ],
          "tintindex": 0,
          "rotation": 0,
          "texture": "#0"
        },
        "south": {
          "uv": [
            10.125,
            10,
            10.4375,
            10.625
          ],
          "tintindex": 0,
          "rotation": 0,
          "texture": "#0"
        },
        "north": {
          "uv": [
            10.125,
            10,
            10.4375,
            10.625
          ],
          "tintindex": 0,
          "rotation": 0,
          "texture": "#0"
        },
        "west": {
          "uv": [
            10.125,
            10,
            10.4375,
            10.625
          ],
          "tintindex": 0,
          "rotation": 0,
          "texture": "#0"
        },
        "up": {
          "uv": [
            7.1875,
            9.6875,
            6.875,
            9.375
          ],
          "tintindex": 0,
          "rotation": 0,
          "texture": "#0"
        },
        "down": {
          "uv": [
            4.5,
            10.4375,
            4.1875,
            10.75
          ],
          "tintindex": 0,
          "rotation": 0,
          "texture": "#0"
        }
      }
    }
  ],
  "display": {
    "gui": {
      "rotation": [
        30,
        225,
        0
      ]
    }
  }
}