{"textures":{"1":"modelengine:entity/xm2_sleigh_reindeer"},"elements":[{"from":[7.401114,1.4285712,6.554858],"to":[10.201115,6.5714283,9.412002],"rotation":{"angle":-45.0,"axis":"x","origin":[8.772543,4.8571424,8.269144]},"faces":{"east":{"uv":[9.125,0.875,9.75,2.0],"rotation":0,"texture":"#1","tintindex":0},"south":{"uv":[2.625,9.125,3.25,10.25],"rotation":0,"texture":"#1","tintindex":0},"north":{"uv":[9.0,2.625,9.625,3.75],"rotation":0,"texture":"#1","tintindex":0},"west":{"uv":[3.25,9.125,3.875,10.25],"rotation":0,"texture":"#1","tintindex":0},"up":{"uv":[9.75,2.625,9.125,2.0],"rotation":0,"texture":"#1","tintindex":0},"down":{"uv":[7.125,9.125,6.5,9.75],"rotation":0,"texture":"#1","tintindex":0}}},{"from":[7.3439713,4.8571424,5.844778],"to":[10.201115,11.142858,11.559064],"rotation":{"angle":0.0,"axis":"y","origin":[15.343971,-1.4285717,50.41621]},"faces":{"east":{"uv":[2.5,6.375,3.75,7.75],"rotation":0,"texture":"#1","tintindex":0},"south":{"uv":[6.625,7.75,7.25,9.125],"rotation":0,"texture":"#1","tintindex":0},"north":{"uv":[6.0,7.75,6.625,9.125],"rotation":0,"texture":"#1","tintindex":0},"west":{"uv":[3.75,6.375,5.0,7.75],"rotation":0,"texture":"#1","tintindex":0},"up":{"uv":[9.125,5.5,8.5,4.25],"rotation":0,"texture":"#1","tintindex":0},"down":{"uv":[9.125,5.5,8.5,6.75],"rotation":0,"texture":"#1","tintindex":0}}},{"from":[7.6296854,-3.6198292,8.646884],"to":[9.9154,3.8087435,10.932598],"rotation":{"angle":22.5,"axis":"x","origin":[8.772543,2.0944576,9.7897415]},"faces":{"east":{"uv":[5.125,7.875,5.625,9.5],"rotation":0,"texture":"#1","tintindex":0},"south":{"uv":[8.125,7.125,8.625,8.75],"rotation":0,"texture":"#1","tintindex":0},"north":{"uv":[4.625,7.875,5.125,9.5],"rotation":0,"texture":"#1","tintindex":0},"west":{"uv":[8.5,2.625,9.0,4.25],"rotation":0,"texture":"#1","tintindex":0},"up":{"uv":[9.625,7.625,9.125,7.125],"rotation":0,"texture":"#1","tintindex":0},"down":{"uv":[9.625,7.625,9.125,8.125],"rotation":0,"texture":"#1","tintindex":0}}},{"from":[8.0,4.8571424,11.428572],"to":[8.0,11.142858,14.857143],"rotation":{"angle":22.5,"axis":"y","origin":[8.0,8.0,13.142858]},"faces":{"east":{"uv":[4.625,7.75,3.875,9.125],"rotation":0,"texture":"#1","tintindex":0},"south":{"uv":[0.0,0.0,0.0,1.375],"rotation":0,"texture":"#1","tintindex":0},"north":{"uv":[0.0,0.0,0.0,1.375],"rotation":0,"texture":"#1","tintindex":0},"west":{"uv":[3.875,7.75,4.625,9.125],"rotation":0,"texture":"#1","tintindex":0},"up":{"uv":[0.0,0.75,0.0,0.0],"rotation":0,"texture":"#1","tintindex":0},"down":{"uv":[0.0,0.0,0.0,0.75],"rotation":0,"texture":"#1","tintindex":0}}}],"display":{"head":{"translation":[0.0,-6.4,0.0],"scale":[4.0,4.0,4.0]}}}