{"textures":{"1":"modelengine:entity/xm2_sleigh_reindeer"},"elements":[{"from":[6.95195,-3.5,5.4710007],"to":[11.85195,5.5,10.471001],"faces":{"east":{"uv":[9.125,0.875,9.75,2.0],"tintindex":0,"rotation":0,"texture":"#1"},"south":{"uv":[2.625,9.125,3.25,10.25],"tintindex":0,"rotation":0,"texture":"#1"},"north":{"uv":[9.0,2.625,9.625,3.75],"tintindex":0,"rotation":0,"texture":"#1"},"west":{"uv":[3.25,9.125,3.875,10.25],"tintindex":0,"rotation":0,"texture":"#1"},"up":{"uv":[9.75,2.625,9.125,2.0],"tintindex":0,"rotation":0,"texture":"#1"},"down":{"uv":[7.125,9.125,6.5,9.75],"tintindex":0,"rotation":0,"texture":"#1"}},"rotation":{"origin":[9.35195,2.5,8.471001],"angle":-45.0,"axis":"x"}},{"from":[8.0,2.5,14.0],"to":[8.0,13.5,20.0],"faces":{"east":{"uv":[4.625,7.75,3.875,9.125],"tintindex":0,"rotation":0,"texture":"#1"},"west":{"uv":[3.875,7.75,4.625,9.125],"tintindex":0,"rotation":0,"texture":"#1"}},"rotation":{"origin":[8.0,8.0,17.0],"angle":22.5,"axis":"y"}},{"from":[7.3519497,-12.3347,9.13205],"to":[11.35195,0.66530037,13.13205],"faces":{"east":{"uv":[5.125,7.875,5.625,9.5],"tintindex":0,"rotation":0,"texture":"#1"},"south":{"uv":[8.125,7.125,8.625,8.75],"tintindex":0,"rotation":0,"texture":"#1"},"north":{"uv":[4.625,7.875,5.125,9.5],"tintindex":0,"rotation":0,"texture":"#1"},"west":{"uv":[8.5,2.625,9.0,4.25],"tintindex":0,"rotation":0,"texture":"#1"},"up":{"uv":[9.625,7.625,9.125,7.125],"tintindex":0,"rotation":0,"texture":"#1"},"down":{"uv":[9.625,7.625,9.125,8.125],"tintindex":0,"rotation":0,"texture":"#1"}},"rotation":{"origin":[9.35195,-2.3346996,11.13205],"angle":22.5,"axis":"x"}},{"from":[6.8519497,2.5,4.228363],"to":[11.85195,13.5,14.228363],"faces":{"east":{"uv":[2.5,6.375,3.75,7.75],"tintindex":0,"rotation":0,"texture":"#1"},"south":{"uv":[6.625,7.75,7.25,9.125],"tintindex":0,"rotation":0,"texture":"#1"},"north":{"uv":[6.0,7.75,6.625,9.125],"tintindex":0,"rotation":0,"texture":"#1"},"west":{"uv":[3.75,6.375,5.0,7.75],"tintindex":0,"rotation":0,"texture":"#1"},"up":{"uv":[9.125,5.5,8.5,4.25],"tintindex":0,"rotation":0,"texture":"#1"},"down":{"uv":[9.125,5.5,8.5,6.75],"tintindex":0,"rotation":0,"texture":"#1"}}}],"display":{"gui":{"rotation":[30,225,0]}}}