{
  "textures": {
    "1": "modelengine:entity/xm2_sleigh_reindeer"
  },
  "elements": [
    {
      "from": [
        6,
        -1.0497932,
        4.2360077
      ],
      "to": [
        10,
        10.950207,
        12.236008
      ],
      "faces": {
        "east": {
          "uv": [
            5,
            6.375,
            6,
            7.875
          ],
          "tintindex": 0,
          "rotation": 0,
          "texture": "#1"
        },
        "south": {
          "uv": [
            8.625,
            8.25,
            9.125,
            9.75
          ],
          "tintindex": 0,
          "rotation": 0,
          "texture": "#1"
        },
        "north": {
          "uv": [
            8.625,
            6.75,
            9.125,
            8.25
          ],
          "tintindex": 0,
          "rotation": 0,
          "texture": "#1"
        },
        "west": {
          "uv": [
            7.5,
            2.625,
            8.5,
            4.125
          ],
          "tintindex": 0,
          "rotation": 0,
          "texture": "#1"
        },
        "up": {
          "uv": [
            6.5,
            10.125,
            6,
            9.125
          ],
          "tintindex": 0,
          "rotation": 0,
          "texture": "#1"
        },
        "down": {
          "uv": [
            9.625,
            6.125,
            9.125,
            7.125
          ],
          "tintindex": 0,
          "rotation": 0,
          "texture": "#1"
        }
      },
      "rotation": {
        "origin": [
          8,
          6.7002068,
          7.2360077
        ],
        "angle": -22.5,
        "axis": "x"
      }
    },
    {
      "from": [
        6.5,
        -11.5,
        7
      ],
      "to": [
        9.5,
        0.5,
        11
      ],
      "faces": {
        "east": {
          "uv": [
            8.125,
            8.75,
            8.625,
            10.25
          ],
          "tintindex": 0,
          "rotation": 0,
          "texture": "#1"
        },
        "south": {
          "uv": [
            9.125,
            3.75,
            9.5,
            5.25
          ],
          "tintindex": 0,
          "rotation": 0,
          "texture": "#1"
        },
        "north": {
          "uv": [
            5.625,
            7.875,
            6,
            9.375
          ],
          "tintindex": 0,
          "rotation": 0,
          "texture": "#1"
        },
        "west": {
          "uv": [
            2.125,
            9,
            2.625,
            10.5
          ],
          "tintindex": 0,
          "rotation": 0,
          "texture": "#1"
        },
        "up": {
          "uv": [
            7.5,
            9.625,
            7.125,
            9.125
          ],
          "tintindex": 0,
          "rotation": 0,
          "texture": "#1"
        },
        "down": {
          "uv": [
            9.5,
            8.125,
            9.125,
            8.625
          ],
          "tintindex": 0,
          "rotation": 0,
          "texture": "#1"
        }
      }
    }
  ],
  "display": {
    "gui": {
      "rotation": [
        30,
        225,
        0
      ]
    }
  }
}