{"textures":{"1":"modelengine:entity/xm2_sleigh_reindeer"},"elements":[{"from":[6.5,-11.5,7.0],"to":[9.5,0.5,11.0],"faces":{"east":{"uv":[2.625,9.0,2.125,10.5],"tintindex":0,"rotation":0,"texture":"#1"},"south":{"uv":[9.5,3.75,9.125,5.25],"tintindex":0,"rotation":0,"texture":"#1"},"north":{"uv":[6.0,7.875,5.625,9.375],"tintindex":0,"rotation":0,"texture":"#1"},"west":{"uv":[8.625,8.75,8.125,10.25],"tintindex":0,"rotation":0,"texture":"#1"},"up":{"uv":[7.125,9.625,7.5,9.125],"tintindex":0,"rotation":0,"texture":"#1"},"down":{"uv":[9.125,8.125,9.5,8.625],"tintindex":0,"rotation":0,"texture":"#1"}}},{"from":[6.0,-1.0497932,4.2360077],"to":[10.0,10.950207,12.236008],"faces":{"east":{"uv":[8.5,2.625,7.5,4.125],"tintindex":0,"rotation":0,"texture":"#1"},"south":{"uv":[9.125,8.25,8.625,9.75],"tintindex":0,"rotation":0,"texture":"#1"},"north":{"uv":[9.125,6.75,8.625,8.25],"tintindex":0,"rotation":0,"texture":"#1"},"west":{"uv":[6.0,6.375,5.0,7.875],"tintindex":0,"rotation":0,"texture":"#1"},"up":{"uv":[6.0,10.125,6.5,9.125],"tintindex":0,"rotation":0,"texture":"#1"},"down":{"uv":[9.125,6.125,9.625,7.125],"tintindex":0,"rotation":0,"texture":"#1"}},"rotation":{"origin":[8.0,6.7002068,7.2360077],"angle":-22.5,"axis":"x"}}],"display":{"gui":{"rotation":[30,225,0]}}}