{"textures":{"1":"modelengine:entity/xm2_sleigh_reindeer"},"elements":[{"from":[0.32121563,10.532845,10.5],"to":[4.3212156,13.532845,12.5],"faces":{"east":{"uv":[6.0,4.125,6.25,4.5],"tintindex":0,"rotation":0,"texture":"#1"},"south":{"uv":[9.125,9.0,9.625,9.375],"tintindex":0,"rotation":0,"texture":"#1"},"north":{"uv":[9.125,8.625,9.625,9.0],"tintindex":0,"rotation":0,"texture":"#1"},"west":{"uv":[7.25,2.625,7.5,3.0],"tintindex":0,"rotation":0,"texture":"#1"},"up":{"uv":[9.875,0.75,9.375,0.5],"tintindex":0,"rotation":0,"texture":"#1"},"down":{"uv":[8.0,9.375,7.5,9.625],"tintindex":0,"rotation":0,"texture":"#1"}}},{"from":[1.6424313,13.0,6.5],"to":[1.6424313,27.0,21.5],"faces":{"east":{"uv":[6.25,4.625,4.375,6.375],"tintindex":0,"rotation":0,"texture":"#1"},"west":{"uv":[4.375,4.625,6.25,6.375],"tintindex":0,"rotation":0,"texture":"#1"}},"rotation":{"origin":[1.6424313,20.0,20.0],"angle":22.5,"axis":"z"}},{"from":[4.3212156,6.5328445,-2.5],"to":[10.321216,13.532845,12.5],"faces":{"east":{"uv":[9.375,0.0,7.5,0.875],"tintindex":0,"rotation":0,"texture":"#1"},"south":{"uv":[9.0,0.875,8.25,1.75],"tintindex":0,"rotation":0,"texture":"#1"},"north":{"uv":[8.25,0.875,7.5,1.75],"tintindex":0,"rotation":0,"texture":"#1"},"west":{"uv":[9.125,1.75,7.25,2.625],"tintindex":0,"rotation":0,"texture":"#1"},"up":{"uv":[0.625,9.5,1.375,7.625],"tintindex":0,"rotation":0,"texture":"#1"},"down":{"uv":[1.375,7.625,2.125,9.5],"tintindex":0,"rotation":0,"texture":"#1"}}},{"from":[10.321216,10.532845,10.5],"to":[14.321216,13.532845,12.5],"faces":{"east":{"uv":[7.5,2.625,7.25,3.0],"tintindex":0,"rotation":0,"texture":"#1"},"south":{"uv":[9.625,9.0,9.125,9.375],"tintindex":0,"rotation":0,"texture":"#1"},"north":{"uv":[9.625,8.625,9.125,9.0],"tintindex":0,"rotation":0,"texture":"#1"},"west":{"uv":[6.25,4.125,6.0,4.5],"tintindex":0,"rotation":0,"texture":"#1"},"up":{"uv":[9.375,0.75,9.875,0.5],"tintindex":0,"rotation":0,"texture":"#1"},"down":{"uv":[7.5,9.375,8.0,9.625],"tintindex":0,"rotation":0,"texture":"#1"}}},{"from":[12.999999,13.0,6.5],"to":[12.999999,27.0,21.5],"faces":{"east":{"uv":[6.25,4.625,4.375,6.375],"tintindex":0,"rotation":0,"texture":"#1"},"west":{"uv":[4.375,4.625,6.25,6.375],"tintindex":0,"rotation":0,"texture":"#1"}},"rotation":{"origin":[12.999999,20.0,20.0],"angle":-22.5,"axis":"z"}}],"display":{"gui":{"rotation":[30,225,0]}}}