{"textures":{"1":"modelengine:entity/xm2_sleigh_reindeer"},"elements":[{"from":[1.6787844,10.532845,10.5],"to":[5.6787844,13.532845,12.5],"faces":{"east":{"uv":[6.0,4.125,6.25,4.5],"tintindex":0,"rotation":0,"texture":"#1"},"south":{"uv":[9.125,9.0,9.625,9.375],"tintindex":0,"rotation":0,"texture":"#1"},"north":{"uv":[9.125,8.625,9.625,9.0],"tintindex":0,"rotation":0,"texture":"#1"},"west":{"uv":[7.25,2.625,7.5,3.0],"tintindex":0,"rotation":0,"texture":"#1"},"up":{"uv":[9.875,0.75,9.375,0.5],"tintindex":0,"rotation":0,"texture":"#1"},"down":{"uv":[8.0,9.375,7.5,9.625],"tintindex":0,"rotation":0,"texture":"#1"}}},{"from":[3.000001,13.0,6.5],"to":[3.000001,27.0,21.5],"faces":{"east":{"uv":[6.25,4.625,4.375,6.375],"tintindex":0,"rotation":0,"texture":"#1"},"west":{"uv":[4.375,4.625,6.25,6.375],"tintindex":0,"rotation":0,"texture":"#1"}},"rotation":{"origin":[3.000001,20.0,20.0],"angle":22.5,"axis":"z"}},{"from":[5.6787844,6.5328445,-2.5],"to":[11.678784,13.532845,12.5],"faces":{"east":{"uv":[7.25,1.75,9.125,2.625],"tintindex":0,"rotation":0,"texture":"#1"},"south":{"uv":[8.25,0.875,9.0,1.75],"tintindex":0,"rotation":0,"texture":"#1"},"north":{"uv":[7.5,0.875,8.25,1.75],"tintindex":0,"rotation":0,"texture":"#1"},"west":{"uv":[7.5,0.0,9.375,0.875],"tintindex":0,"rotation":0,"texture":"#1"},"up":{"uv":[1.375,9.5,0.625,7.625],"tintindex":0,"rotation":0,"texture":"#1"},"down":{"uv":[2.125,7.625,1.375,9.5],"tintindex":0,"rotation":0,"texture":"#1"}}},{"from":[11.678784,10.532845,10.5],"to":[15.678784,13.532845,12.5],"faces":{"east":{"uv":[7.5,2.625,7.25,3.0],"tintindex":0,"rotation":0,"texture":"#1"},"south":{"uv":[9.625,9.0,9.125,9.375],"tintindex":0,"rotation":0,"texture":"#1"},"north":{"uv":[9.625,8.625,9.125,9.0],"tintindex":0,"rotation":0,"texture":"#1"},"west":{"uv":[6.25,4.125,6.0,4.5],"tintindex":0,"rotation":0,"texture":"#1"},"up":{"uv":[9.375,0.75,9.875,0.5],"tintindex":0,"rotation":0,"texture":"#1"},"down":{"uv":[7.5,9.375,8.0,9.625],"tintindex":0,"rotation":0,"texture":"#1"}}},{"from":[14.357569,13.0,6.5],"to":[14.357569,27.0,21.5],"faces":{"east":{"uv":[6.25,4.625,4.375,6.375],"tintindex":0,"rotation":0,"texture":"#1"},"west":{"uv":[4.375,4.625,6.25,6.375],"tintindex":0,"rotation":0,"texture":"#1"}},"rotation":{"origin":[14.357569,20.0,20.0],"angle":-22.5,"axis":"z"}}],"display":{"gui":{"rotation":[30,225,0]}}}