{"textures":{"1":"modelengine:entity/xm2_sleigh_reindeer"},"elements":[{"from":[6.8212156,-4.846674,-2.9238663],"to":[12.821216,4.153324,-2.9238663],"faces":{"south":{"uv":[14.625,1.75,13.875,2.875],"tintindex":0,"rotation":0,"texture":"#1"},"north":{"uv":[14.625,1.75,13.875,2.875],"tintindex":0,"rotation":0,"texture":"#1"}},"rotation":{"origin":[7.3212156,-2.3466759,-2.9238663],"angle":22.5,"axis":"x"}},{"from":[1.8212156,4.0328445,-2.5],"to":[12.821216,11.032845,10.5],"faces":{"east":{"uv":[13.25,0.0,11.625,0.875],"tintindex":0,"rotation":0,"texture":"#1"},"south":{"uv":[13.0,0.875,11.625,1.75],"tintindex":0,"rotation":0,"texture":"#1"},"north":{"uv":[14.625,0.0,13.25,0.875],"tintindex":0,"rotation":0,"texture":"#1"},"west":{"uv":[14.625,0.875,13.0,1.75],"tintindex":0,"rotation":0,"texture":"#1"},"up":{"uv":[14.625,1.625,16.0,0.0],"tintindex":0,"rotation":0,"texture":"#1"},"down":{"uv":[14.625,1.625,16.0,3.25],"tintindex":0,"rotation":0,"texture":"#1"}},"rotation":{"origin":[7.3212156,10.032845,4.5],"angle":-22.5,"axis":"x"}},{"from":[3.3212156,6.0328445,-0.5],"to":[11.321216,18.032845,9.5],"faces":{"east":{"uv":[7.5,6.25,6.25,7.75],"tintindex":0,"rotation":0,"texture":"#1"},"south":{"uv":[8.5,5.625,7.5,7.125],"tintindex":0,"rotation":0,"texture":"#1"},"north":{"uv":[8.5,4.125,7.5,5.625],"tintindex":0,"rotation":0,"texture":"#1"},"west":{"uv":[7.5,4.75,6.25,6.25],"tintindex":0,"rotation":0,"texture":"#1"},"up":{"uv":[5.0,3.0,6.0,1.75],"tintindex":0,"rotation":0,"texture":"#1"},"down":{"uv":[2.125,7.75,3.125,9.0],"tintindex":0,"rotation":0,"texture":"#1"}}}],"display":{"gui":{"rotation":[30,225,0]}}}