{
  "textures": {
    "1": "modelengine:entity/xm2_sleigh_reindeer"
  },
  "elements": [
    {
      "from": [
        3.1787844,
        -4.846674,
        -2.9238663
      ],
      "to": [
        9.178784,
        4.153324,
        -2.9238663
      ],
      "faces": {
        "south": {
          "uv": [
            13.875,
            1.75,
            14.625,
            2.875
          ],
          "tintindex": 0,
          "rotation": 0,
          "texture": "#1"
        },
        "north": {
          "uv": [
            13.875,
            1.75,
            14.625,
            2.875
          ],
          "tintindex": 0,
          "rotation": 0,
          "texture": "#1"
        }
      },
      "rotation": {
        "origin": [
          8.678784,
          -2.3466759,
          -2.9238663
        ],
        "angle": 22.5,
        "axis": "x"
      }
    },
    {
      "from": [
        3.1787844,
        4.0328445,
        -2.5
      ],
      "to": [
        14.178784,
        11.032845,
        10.5
      ],
      "faces": {
        "east": {
          "uv": [
            13,
            0.875,
            14.625,
            1.75
          ],
          "tintindex": 0,
          "rotation": 0,
          "texture": "#1"
        },
        "south": {
          "uv": [
            11.625,
            0.875,
            13,
            1.75
          ],
          "tintindex": 0,
          "rotation": 0,
          "texture": "#1"
        },
        "north": {
          "uv": [
            13.25,
            0,
            14.625,
            0.875
          ],
          "tintindex": 0,
          "rotation": 0,
          "texture": "#1"
        },
        "west": {
          "uv": [
            11.625,
            0,
            13.25,
            0.875
          ],
          "tintindex": 0,
          "rotation": 0,
          "texture": "#1"
        },
        "up": {
          "uv": [
            16,
            1.625,
            14.625,
            0
          ],
          "tintindex": 0,
          "rotation": 0,
          "texture": "#1"
        },
        "down": {
          "uv": [
            16,
            1.625,
            14.625,
            3.25
          ],
          "tintindex": 0,
          "rotation": 0,
          "texture": "#1"
        }
      },
      "rotation": {
        "origin": [
          8.678784,
          10.032845,
          4.5
        ],
        "angle": -22.5,
        "axis": "x"
      }
    },
    {
      "from": [
        4.6787844,
        6.0328445,
        -0.5
      ],
      "to": [
        12.678784,
        18.032845,
        9.5
      ],
      "faces": {
        "east": {
          "uv": [
            6.25,
            4.75,
            7.5,
            6.25
          ],
          "tintindex": 0,
          "rotation": 0,
          "texture": "#1"
        },
        "south": {
          "uv": [
            7.5,
            5.625,
            8.5,
            7.125
          ],
          "tintindex": 0,
          "rotation": 0,
          "texture": "#1"
        },
        "north": {
          "uv": [
            7.5,
            4.125,
            8.5,
            5.625
          ],
          "tintindex": 0,
          "rotation": 0,
          "texture": "#1"
        },
        "west": {
          "uv": [
            6.25,
            6.25,
            7.5,
            7.75
          ],
          "tintindex": 0,
          "rotation": 0,
          "texture": "#1"
        },
        "up": {
          "uv": [
            6,
            3,
            5,
            1.75
          ],
          "tintindex": 0,
          "rotation": 0,
          "texture": "#1"
        },
        "down": {
          "uv": [
            3.125,
            7.75,
            2.125,
            9
          ],
          "tintindex": 0,
          "rotation": 0,
          "texture": "#1"
        }
      }
    }
  ],
  "display": {
    "gui": {
      "rotation": [
        30,
        225,
        0
      ]
    }
  }
}