{"textures":{"1":"modelengine:entity/xm2_sleigh_reindeer"},"elements":[{"from":[3.0,2.0,-6.0],"to":[13.0,14.0,18.0],"faces":{"east":{"uv":[0.0,3.125,3.0,4.625],"tintindex":0,"rotation":0,"texture":"#1"},"south":{"uv":[6.25,3.25,7.5,4.75],"tintindex":0,"rotation":0,"texture":"#1"},"north":{"uv":[6.0,1.75,7.25,3.25],"tintindex":0,"rotation":0,"texture":"#1"},"west":{"uv":[3.0,3.125,6.0,4.625],"tintindex":0,"rotation":0,"texture":"#1"},"up":{"uv":[1.25,7.625,0.0,4.625],"tintindex":0,"rotation":0,"texture":"#1"},"down":{"uv":[2.5,4.625,1.25,7.625],"tintindex":0,"rotation":0,"texture":"#1"}}},{"from":[5.5,6.8837395,17.415512],"to":[10.5,13.883739,19.415512],"faces":{"east":{"uv":[6.0,3.25,6.25,4.125],"tintindex":0,"rotation":0,"texture":"#1"},"south":{"uv":[9.125,5.25,9.75,6.125],"tintindex":0,"rotation":0,"texture":"#1"},"north":{"uv":[3.875,9.125,4.5,10.0],"tintindex":0,"rotation":0,"texture":"#1"},"west":{"uv":[6.0,6.375,6.25,7.25],"tintindex":0,"rotation":0,"texture":"#1"},"up":{"uv":[10.0,0.25,9.375,0.0],"tintindex":0,"rotation":0,"texture":"#1"},"down":{"uv":[10.0,0.25,9.375,0.5],"tintindex":0,"rotation":0,"texture":"#1"}},"rotation":{"origin":[10.5,10.383739,18.415512],"angle":-22.5,"axis":"x"}}],"display":{"gui":{"rotation":[30,225,0]}}}