{"textures":{"1":"modelengine:entity/xm2_sleigh_reindeer"},"elements":[{"from":[10.0,6.6666665,-0.666667],"to":[10.0,8.0,7.6666665],"faces":{"east":{"uv":[12.75,3.75,9.625,4.25],"tintindex":0,"rotation":0,"texture":"#1"},"west":{"uv":[12.75,3.75,9.625,4.25],"tintindex":0,"rotation":0,"texture":"#1"}}},{"from":[6.0,6.6666665,-0.33333397],"to":[6.0,8.0,8.0],"faces":{"east":{"uv":[9.625,3.75,12.75,4.25],"tintindex":0,"rotation":0,"texture":"#1"},"west":{"uv":[9.625,3.75,12.75,4.25],"tintindex":0,"rotation":0,"texture":"#1"}}},{"from":[4.6666665,8.0,-0.33333397],"to":[11.333334,8.0,8.0],"faces":{"up":{"uv":[2.5,3.125,0.0,0.0],"tintindex":0,"rotation":0,"texture":"#1"},"down":{"uv":[2.5,0.0,0.0,3.125],"tintindex":0,"rotation":0,"texture":"#1"}}},{"from":[6.0,8.261514,-8.349499],"to":[6.0,9.594848,-0.01616478],"faces":{"east":{"uv":[9.625,3.75,12.75,4.25],"tintindex":0,"rotation":0,"texture":"#1"},"west":{"uv":[9.625,3.75,12.75,4.25],"tintindex":0,"rotation":0,"texture":"#1"}},"rotation":{"origin":[6.6666665,9.594848,-4.182831],"angle":22.5,"axis":"x"}},{"from":[4.6666665,9.59454,-8.349625],"to":[11.333334,9.59454,-0.016292572],"faces":{"up":{"uv":[2.5,3.125,0.0,0.0],"tintindex":0,"rotation":0,"texture":"#1"},"down":{"uv":[2.5,0.0,0.0,3.125],"tintindex":0,"rotation":0,"texture":"#1"}},"rotation":{"origin":[8.0,9.59454,-4.1829586],"angle":22.5,"axis":"x"}},{"from":[10.0,8.261514,-8.349499],"to":[10.0,9.594848,-0.01616478],"faces":{"east":{"uv":[12.75,3.75,9.625,4.25],"tintindex":0,"rotation":0,"texture":"#1"},"west":{"uv":[12.75,3.75,9.625,4.25],"tintindex":0,"rotation":0,"texture":"#1"}},"rotation":{"origin":[6.6666665,9.594848,-4.182831],"angle":22.5,"axis":"x"}}],"display":{"gui":{"rotation":[30,225,0]}}}