{"textures":{"1":"modelengine:entity/xm2_sleigh_reindeer"},"elements":[{"from":[2.2857141,8.0,-2.257784],"to":[13.714286,8.0,12.027931],"rotation":{"angle":0.0,"axis":"y","origin":[8.0,8.0,4.8850737]},"faces":{"east":{"uv":[0.0,0.0,3.125,0.0],"rotation":0,"texture":"#1","tintindex":0},"south":{"uv":[0.0,0.0,2.5,0.0],"rotation":0,"texture":"#1","tintindex":0},"north":{"uv":[0.0,0.0,2.5,0.0],"rotation":0,"texture":"#1","tintindex":0},"west":{"uv":[0.0,0.0,3.125,0.0],"rotation":0,"texture":"#1","tintindex":0},"up":{"uv":[2.5,3.125,0.0,0.0],"rotation":0,"texture":"#1","tintindex":0},"down":{"uv":[2.5,0.0,0.0,3.125],"rotation":0,"texture":"#1","tintindex":0}}},{"from":[4.5714283,5.714286,-2.257784],"to":[4.5714283,8.0,12.027931],"rotation":{"angle":0.0,"axis":"y","origin":[8.0,8.0,4.8850737]},"faces":{"east":{"uv":[9.625,3.75,12.75,4.25],"rotation":0,"texture":"#1","tintindex":0},"south":{"uv":[11.25,5.625,11.25,6.125],"rotation":0,"texture":"#1","tintindex":0},"north":{"uv":[11.25,5.625,11.25,6.125],"rotation":0,"texture":"#1","tintindex":0},"west":{"uv":[9.625,3.75,12.75,4.25],"rotation":0,"texture":"#1","tintindex":0},"up":{"uv":[11.25,8.75,11.25,5.625],"rotation":0,"texture":"#1","tintindex":0},"down":{"uv":[13.75,5.625,13.75,8.75],"rotation":0,"texture":"#1","tintindex":0}}},{"from":[4.5714283,8.44831,-15.999781],"to":[4.5714283,10.734025,-1.7140665],"rotation":{"angle":22.5,"axis":"x","origin":[5.714286,10.734025,-8.856922]},"faces":{"east":{"uv":[9.625,3.75,12.75,4.25],"rotation":0,"texture":"#1","tintindex":0},"south":{"uv":[11.25,5.625,11.25,6.125],"rotation":0,"texture":"#1","tintindex":0},"north":{"uv":[11.25,5.625,11.25,6.125],"rotation":0,"texture":"#1","tintindex":0},"west":{"uv":[9.625,3.75,12.75,4.25],"rotation":0,"texture":"#1","tintindex":0},"up":{"uv":[11.25,8.75,11.25,5.625],"rotation":0,"texture":"#1","tintindex":0},"down":{"uv":[13.75,5.625,13.75,8.75],"rotation":0,"texture":"#1","tintindex":0}}},{"from":[11.428572,8.44831,-15.999781],"to":[11.428572,10.734025,-1.7140665],"rotation":{"angle":22.5,"axis":"x","origin":[5.714286,10.734025,-8.856922]},"faces":{"east":{"uv":[12.75,3.75,9.625,4.25],"rotation":0,"texture":"#1","tintindex":0},"south":{"uv":[11.25,5.625,11.25,6.125],"rotation":0,"texture":"#1","tintindex":0},"north":{"uv":[11.25,5.625,11.25,6.125],"rotation":0,"texture":"#1","tintindex":0},"west":{"uv":[12.75,3.75,9.625,4.25],"rotation":0,"texture":"#1","tintindex":0},"up":{"uv":[11.25,8.75,11.25,5.625],"rotation":0,"texture":"#1","tintindex":0},"down":{"uv":[13.75,5.625,13.75,8.75],"rotation":0,"texture":"#1","tintindex":0}}},{"from":[11.428572,5.714286,-2.8292122],"to":[11.428572,8.0,11.456503],"rotation":{"angle":0.0,"axis":"y","origin":[8.0,8.0,4.8850737]},"faces":{"east":{"uv":[12.75,3.75,9.625,4.25],"rotation":0,"texture":"#1","tintindex":0},"south":{"uv":[11.25,5.625,11.25,6.125],"rotation":0,"texture":"#1","tintindex":0},"north":{"uv":[11.25,5.625,11.25,6.125],"rotation":0,"texture":"#1","tintindex":0},"west":{"uv":[12.75,3.75,9.625,4.25],"rotation":0,"texture":"#1","tintindex":0},"up":{"uv":[11.25,8.75,11.25,5.625],"rotation":0,"texture":"#1","tintindex":0},"down":{"uv":[13.75,5.625,13.75,8.75],"rotation":0,"texture":"#1","tintindex":0}}},{"from":[2.2857141,10.733497,-16.0],"to":[13.714286,10.733497,-1.7142849],"rotation":{"angle":22.5,"axis":"x","origin":[8.0,10.733497,-8.857143]},"faces":{"east":{"uv":[0.0,0.0,3.125,0.0],"rotation":0,"texture":"#1","tintindex":0},"south":{"uv":[0.0,0.0,2.5,0.0],"rotation":0,"texture":"#1","tintindex":0},"north":{"uv":[0.0,0.0,2.5,0.0],"rotation":0,"texture":"#1","tintindex":0},"west":{"uv":[0.0,0.0,3.125,0.0],"rotation":0,"texture":"#1","tintindex":0},"up":{"uv":[2.5,3.125,0.0,0.0],"rotation":0,"texture":"#1","tintindex":0},"down":{"uv":[2.5,0.0,0.0,3.125],"rotation":0,"texture":"#1","tintindex":0}}}],"display":{"head":{"translation":[0.0,-6.4,-16.111725],"scale":[4.0,4.0,4.0]}}}