{"textures":{"0":"must_have_props:/book_pile"},"elements":[{"from":[11.942858,7.428571,8.571428],"to":[15.942858,7.428571,13.142858],"rotation":{"angle":0.0,"axis":"y","origin":[14.942858,7.7714286,10.857143]},"faces":{"east":{"uv":[0.0,0.0,2.0,0.0],"rotation":0,"texture":"#0","tintindex":0},"south":{"uv":[0.0,0.0,1.75,0.0],"rotation":0,"texture":"#0","tintindex":0},"north":{"uv":[0.0,0.0,1.75,0.0],"rotation":0,"texture":"#0","tintindex":0},"west":{"uv":[0.0,0.0,2.0,0.0],"rotation":0,"texture":"#0","tintindex":0},"up":{"uv":[1.75,2.0,0.0,0.0],"rotation":0,"texture":"#0","tintindex":0},"down":{"uv":[3.5,0.0,1.75,2.0],"rotation":0,"texture":"#0","tintindex":0}}},{"from":[12.228572,7.4862857,8.857143],"to":[15.885715,8.057714,12.857143],"rotation":{"angle":0.0,"axis":"y","origin":[14.942858,7.7714286,10.857143]},"faces":{"east":{"uv":[7.0,5.0,8.75,5.25],"rotation":0,"texture":"#0","tintindex":0},"south":{"uv":[2.0,4.25,3.5,4.5],"rotation":0,"texture":"#0","tintindex":0},"north":{"uv":[2.0,4.0,3.5,4.25],"rotation":0,"texture":"#0","tintindex":0},"west":{"uv":[7.5,0.0,9.25,0.25],"rotation":0,"texture":"#0","tintindex":0},"up":{"uv":[7.0,5.25,5.5,3.5],"rotation":0,"texture":"#0","tintindex":0},"down":{"uv":[1.5,5.75,0.0,7.5],"rotation":0,"texture":"#0","tintindex":0}}},{"from":[15.942858,7.429143,8.571428],"to":[15.942858,8.114857,13.142858],"rotation":{"angle":0.0,"axis":"y","origin":[14.942858,7.7714286,10.857143]},"faces":{"east":{"uv":[7.0,3.5,9.0,3.75],"rotation":0,"texture":"#0","tintindex":0},"south":{"uv":[0.0,0.0,0.0,0.25],"rotation":0,"texture":"#0","tintindex":0},"north":{"uv":[0.0,0.0,0.0,0.25],"rotation":0,"texture":"#0","tintindex":0},"west":{"uv":[7.0,3.75,9.0,4.0],"rotation":0,"texture":"#0","tintindex":0},"up":{"uv":[0.0,2.0,0.0,0.0],"rotation":0,"texture":"#0","tintindex":0},"down":{"uv":[0.0,0.0,0.0,2.0],"rotation":0,"texture":"#0","tintindex":0}}},{"from":[11.942858,8.114285,8.571428],"to":[15.942858,8.114285,13.142858],"rotation":{"angle":0.0,"axis":"y","origin":[14.942858,7.7714286,10.857143]},"faces":{"east":{"uv":[0.0,0.0,2.0,0.0],"rotation":0,"texture":"#0","tintindex":0},"south":{"uv":[0.0,0.0,1.75,0.0],"rotation":0,"texture":"#0","tintindex":0},"north":{"uv":[0.0,0.0,1.75,0.0],"rotation":0,"texture":"#0","tintindex":0},"west":{"uv":[0.0,0.0,2.0,0.0],"rotation":0,"texture":"#0","tintindex":0},"up":{"uv":[1.75,4.0,0.0,2.0],"rotation":0,"texture":"#0","tintindex":0},"down":{"uv":[3.5,2.0,1.75,4.0],"rotation":0,"texture":"#0","tintindex":0}}},{"from":[12.657143,8.285714,9.857143],"to":[17.228573,8.285714,13.857143],"rotation":{"angle":-22.5,"axis":"z","origin":[14.942858,7.7714286,10.857143]},"faces":{"east":{"uv":[0.0,0.0,1.75,0.0],"rotation":0,"texture":"#0","tintindex":0},"south":{"uv":[0.0,0.0,2.0,0.0],"rotation":0,"texture":"#0","tintindex":0},"north":{"uv":[0.0,0.0,2.0,0.0],"rotation":0,"texture":"#0","tintindex":0},"west":{"uv":[0.0,0.0,1.75,0.0],"rotation":0,"texture":"#0","tintindex":0},"up":{"uv":[5.5,1.75,3.5,0.0],"rotation":0,"texture":"#0","tintindex":0},"down":{"uv":[5.5,1.75,3.5,3.5],"rotation":0,"texture":"#0","tintindex":0}}},{"from":[12.942858,8.343429,9.914286],"to":[16.942858,8.914857,13.571428],"rotation":{"angle":-22.5,"axis":"z","origin":[14.942858,7.7714286,10.857143]},"faces":{"east":{"uv":[2.0,4.5,3.5,4.75],"rotation":0,"texture":"#0","tintindex":0},"south":{"uv":[7.5,0.5,9.25,0.75],"rotation":0,"texture":"#0","tintindex":0},"north":{"uv":[7.5,0.25,9.25,0.5],"rotation":0,"texture":"#0","tintindex":0},"west":{"uv":[2.0,4.75,3.5,5.0],"rotation":0,"texture":"#0","tintindex":0},"up":{"uv":[7.75,6.75,6.0,5.25],"rotation":0,"texture":"#0","tintindex":0},"down":{"uv":[7.75,6.75,6.0,8.25],"rotation":0,"texture":"#0","tintindex":0}}},{"from":[12.657143,8.286285,9.857143],"to":[17.228573,8.972,9.857143],"rotation":{"angle":-22.5,"axis":"z","origin":[14.942858,7.7714286,10.857143]},"faces":{"east":{"uv":[0.0,0.0,0.0,0.25],"rotation":0,"texture":"#0","tintindex":0},"south":{"uv":[7.0,4.25,9.0,4.5],"rotation":0,"texture":"#0","tintindex":0},"north":{"uv":[7.0,4.0,9.0,4.25],"rotation":0,"texture":"#0","tintindex":0},"west":{"uv":[0.0,0.0,0.0,0.25],"rotation":0,"texture":"#0","tintindex":0},"up":{"uv":[2.0,0.0,0.0,0.0],"rotation":0,"texture":"#0","tintindex":0},"down":{"uv":[2.0,0.0,0.0,0.0],"rotation":0,"texture":"#0","tintindex":0}}},{"from":[12.657143,8.971429,9.857143],"to":[17.228573,8.971429,13.857143],"rotation":{"angle":-22.5,"axis":"z","origin":[14.942858,7.7714286,10.857143]},"faces":{"east":{"uv":[0.0,0.0,1.75,0.0],"rotation":0,"texture":"#0","tintindex":0},"south":{"uv":[0.0,0.0,2.0,0.0],"rotation":0,"texture":"#0","tintindex":0},"north":{"uv":[0.0,0.0,2.0,0.0],"rotation":0,"texture":"#0","tintindex":0},"west":{"uv":[0.0,0.0,1.75,0.0],"rotation":0,"texture":"#0","tintindex":0},"up":{"uv":[5.5,5.25,3.5,3.5],"rotation":0,"texture":"#0","tintindex":0},"down":{"uv":[2.0,4.0,0.0,5.75],"rotation":0,"texture":"#0","tintindex":0}}},{"from":[12.085714,7.4857144,14.142858],"to":[16.657143,7.4857144,18.142857],"rotation":{"angle":-45.0,"axis":"y","origin":[14.942858,7.7714286,10.857143]},"faces":{"east":{"uv":[0.0,0.0,1.75,0.0],"rotation":0,"texture":"#0","tintindex":0},"south":{"uv":[0.0,0.0,2.0,0.0],"rotation":0,"texture":"#0","tintindex":0},"north":{"uv":[0.0,0.0,2.0,0.0],"rotation":0,"texture":"#0","tintindex":0},"west":{"uv":[0.0,0.0,1.75,0.0],"rotation":0,"texture":"#0","tintindex":0},"up":{"uv":[4.0,7.0,2.0,5.25],"rotation":0,"texture":"#0","tintindex":0},"down":{"uv":[6.0,5.25,4.0,7.0],"rotation":0,"texture":"#0","tintindex":0}}},{"from":[12.371429,7.5434284,14.428572],"to":[16.37143,8.114857,18.085714],"rotation":{"angle":-45.0,"axis":"y","origin":[14.942858,7.7714286,10.857143]},"faces":{"east":{"uv":[2.0,5.0,3.5,5.25],"rotation":0,"texture":"#0","tintindex":0},"south":{"uv":[7.5,1.0,9.25,1.25],"rotation":0,"texture":"#0","tintindex":0},"north":{"uv":[7.5,0.75,9.25,1.0],"rotation":0,"texture":"#0","tintindex":0},"west":{"uv":[0.0,7.5,1.5,7.75],"rotation":0,"texture":"#0","tintindex":0},"up":{"uv":[3.25,8.5,1.5,7.0],"rotation":0,"texture":"#0","tintindex":0},"down":{"uv":[5.0,7.0,3.25,8.5],"rotation":0,"texture":"#0","tintindex":0}}},{"from":[12.085714,7.4862857,18.142857],"to":[16.657143,8.172,18.142857],"rotation":{"angle":-45.0,"axis":"y","origin":[14.942858,7.7714286,10.857143]},"faces":{"east":{"uv":[0.0,0.0,0.0,0.25],"rotation":0,"texture":"#0","tintindex":0},"south":{"uv":[7.0,4.75,9.0,5.0],"rotation":0,"texture":"#0","tintindex":0},"north":{"uv":[7.0,4.5,9.0,4.75],"rotation":0,"texture":"#0","tintindex":0},"west":{"uv":[0.0,0.0,0.0,0.25],"rotation":0,"texture":"#0","tintindex":0},"up":{"uv":[2.0,0.0,0.0,0.0],"rotation":0,"texture":"#0","tintindex":0},"down":{"uv":[2.0,0.0,0.0,0.0],"rotation":0,"texture":"#0","tintindex":0}}},{"from":[12.085714,8.171429,14.142858],"to":[16.657143,8.171429,18.142857],"rotation":{"angle":-45.0,"axis":"y","origin":[14.942858,7.7714286,10.857143]},"faces":{"east":{"uv":[0.0,0.0,1.75,0.0],"rotation":0,"texture":"#0","tintindex":0},"south":{"uv":[0.0,0.0,2.0,0.0],"rotation":0,"texture":"#0","tintindex":0},"north":{"uv":[0.0,0.0,2.0,0.0],"rotation":0,"texture":"#0","tintindex":0},"west":{"uv":[0.0,0.0,1.75,0.0],"rotation":0,"texture":"#0","tintindex":0},"up":{"uv":[7.5,1.75,5.5,0.0],"rotation":0,"texture":"#0","tintindex":0},"down":{"uv":[7.5,1.75,5.5,3.5],"rotation":0,"texture":"#0","tintindex":0}}}],"display":{"head":{"translation":[0.0,-6.4,0.0],"scale":[4.0,4.0,4.0]}}}