{"display": {"firstperson_righthand": {"rotation": [0, 0, 11]}, "firstperson_lefthand": {"rotation": [0, 0, 11]}, "ground": {"scale": [0.6, 0.6, 0.6]}, "gui": {"rotation": [34, 45, 0]}, "head": {"translation": [0, 11, 0], "scale": [1.6, 1.6, 1.6]}, "fixed": {"scale": [0.6, 0.6, 0.6]}}, "texture_size": [32, 32], "textures": {"0": "cosmetics:custom/hats/apple_hat", "particle": "cosmetics:custom/hats/apple_hat"}, "elements": [{"from": [5, 5, 5], "to": [11, 11, 11], "rotation": {"angle": 0, "axis": "y", "origin": [8, 1, 8]}, "faces": {"north": {"uv": [3, 3, 6, 6], "texture": "#0"}, "east": {"uv": [0, 3, 3, 6], "texture": "#0"}, "south": {"uv": [9, 3, 12, 6], "texture": "#0"}, "west": {"uv": [6, 3, 9, 6], "texture": "#0"}, "up": {"uv": [6, 3, 3, 0], "texture": "#0"}, "down": {"uv": [9, 0, 6, 3], "texture": "#0"}}}, {"from": [7, 11, 7], "to": [9, 14, 9], "rotation": {"angle": -22.5, "axis": "z", "origin": [7, 11, 7]}, "faces": {"north": {"uv": [9.5, 7, 10.5, 8.5], "texture": "#0"}, "east": {"uv": [8.5, 7, 9.5, 8.5], "texture": "#0"}, "south": {"uv": [11.5, 7, 12.5, 8.5], "texture": "#0"}, "west": {"uv": [10.5, 7, 11.5, 8.5], "texture": "#0"}, "up": {"uv": [10.5, 7, 9.5, 6], "texture": "#0"}, "down": {"uv": [11.5, 6, 10.5, 7], "texture": "#0"}}}]}