{
  "display": {
    "firstperson_righthand": {
      "rotation": [
        0,
        0,
        11
      ]
    },
    "firstperson_lefthand": {
      "rotation": [
        0,
        0,
        11
      ]
    },
    "ground": {
      "scale": [
        0.6,
        0.6,
        0.6
      ]
    },
    "gui": {
      "rotation": [
        34,
        -9,
        0
      ],
      "translation": [
        0,
        -0.75,
        0
      ]
    },
    "head": {
      "translation": [
        0,
        11,
        0
      ],
      "scale": [
        1.6,
        1.6,
        1.6
      ]
    },
    "fixed": {
      "scale": [
        0.6,
        0.6,
        0.6
      ]
    }
  },
  "texture_size": [
    32,
    32
  ],
  "textures": {
    "0": "cosmetics:custom/hats/blueberry_hat",
    "particle": "cosmetics:custom/hats/blueberry_hat"
  },
  "elements": [
    {
      "from": [
        5,
        5,
        5
      ],
      "to": [
        11,
        12,
        11
      ],
      "rotation": {
        "angle": 0,
        "axis": "y",
        "origin": [
          8,
          1,
          8
        ]
      },
      "faces": {
        "north": {
          "uv": [
            3,
            3,
            6,
            6.5
          ],
          "texture": "#0"
        },
        "east": {
          "uv": [
            0,
            3,
            3,
            6.5
          ],
          "texture": "#0"
        },
        "south": {
          "uv": [
            9,
            3,
            12,
            6.5
          ],
          "texture": "#0"
        },
        "west": {
          "uv": [
            6,
            3,
            9,
            6.5
          ],
          "texture": "#0"
        },
        "up": {
          "uv": [
            6,
            3,
            3,
            0
          ],
          "texture": "#0"
        },
        "down": {
          "uv": [
            9,
            0,
            6,
            3
          ],
          "texture": "#0"
        }
      }
    },
    {
      "from": [
        8,
        12.25,
        5.5
      ],
      "to": [
        13,
        12.25,
        10.5
      ],
      "rotation": {
        "angle": 45,
        "axis": "y",
        "origin": [
          8,
          12,
          8
        ]
      },
      "faces": {
        "north": {
          "uv": [
            2.5,
            9,
            5,
            9
          ],
          "texture": "#0"
        },
        "east": {
          "uv": [
            0,
            9,
            2.5,
            9
          ],
          "texture": "#0"
        },
        "south": {
          "uv": [
            7.5,
            9,
            10,
            9
          ],
          "texture": "#0"
        },
        "west": {
          "uv": [
            5,
            9,
            7.5,
            9
          ],
          "texture": "#0"
        },
        "up": {
          "uv": [
            5,
            9,
            2.5,
            6.5
          ],
          "texture": "#0"
        },
        "down": {
          "uv": [
            7.5,
            6.5,
            5,
            9
          ],
          "texture": "#0"
        }
      }
    },
    {
      "from": [
        13,
        8.25,
        5.5
      ],
      "to": [
        13,
        12.25,
        10.5
      ],
      "rotation": {
        "angle": 45,
        "axis": "y",
        "origin": [
          8,
          12,
          8
        ]
      },
      "faces": {
        "north": {
          "uv": [
            2.5,
            9,
            2.5,
            11
          ],
          "texture": "#0"
        },
        "east": {
          "uv": [
            0,
            9,
            2.5,
            11
          ],
          "texture": "#0"
        },
        "south": {
          "uv": [
            5,
            9,
            5,
            11
          ],
          "texture": "#0"
        },
        "west": {
          "uv": [
            2.5,
            9,
            5,
            11
          ],
          "texture": "#0"
        },
        "up": {
          "uv": [
            2.5,
            9,
            2.5,
            6.5
          ],
          "texture": "#0"
        },
        "down": {
          "uv": [
            2.5,
            6.5,
            2.5,
            9
          ],
          "texture": "#0"
        }
      }
    }
  ]
}