{
  "display": {
    "firstperson_righthand": {
      "rotation": [
        0,
        0,
        11
      ]
    },
    "firstperson_lefthand": {
      "rotation": [
        0,
        0,
        11
      ]
    },
    "ground": {
      "scale": [
        0.6,
        0.6,
        0.6
      ]
    },
    "gui": {
      "rotation": [
        34,
        45,
        0
      ],
      "translation": [
        0,
        -0.75,
        0
      ],
      "scale": [
        0.8,
        0.8,
        0.8
      ]
    },
    "head": {
      "translation": [
        0,
        -1.5,
        0
      ],
      "scale": [
        1.6,
        1.6,
        1.6
      ]
    },
    "fixed": {
      "scale": [
        0.6,
        0.6,
        0.6
      ]
    }
  },
  "texture_size": [
    128,
    128
  ],
  "textures": {
    "0": "cosmetics:custom/hats/burger_hat",
    "particle": "cosmetics:custom/hats/burger_hat"
  },
  "elements": [
    {
      "from": [
        3,
        4,
        3
      ],
      "to": [
        13,
        6,
        13
      ],
      "rotation": {
        "angle": 0,
        "axis": "y",
        "origin": [
          8,
          4,
          8
        ]
      },
      "faces": {
        "north": {
          "uv": [
            6.125,
            3.875,
            7.375,
            4.125
          ],
          "texture": "#0"
        },
        "east": {
          "uv": [
            4.875,
            3.875,
            6.125,
            4.125
          ],
          "texture": "#0"
        },
        "south": {
          "uv": [
            8.625,
            3.875,
            9.875,
            4.125
          ],
          "texture": "#0"
        },
        "west": {
          "uv": [
            7.375,
            3.875,
            8.625,
            4.125
          ],
          "texture": "#0"
        },
        "up": {
          "uv": [
            7.375,
            3.875,
            6.125,
            2.625
          ],
          "texture": "#0"
        },
        "down": {
          "uv": [
            8.625,
            2.625,
            7.375,
            3.875
          ],
          "texture": "#0"
        }
      }
    },
    {
      "from": [
        3,
        9.5,
        3
      ],
      "to": [
        13,
        13.5,
        13
      ],
      "rotation": {
        "angle": 0,
        "axis": "y",
        "origin": [
          8,
          4,
          8
        ]
      },
      "faces": {
        "north": {
          "uv": [
            6.125,
            2,
            7.375,
            2.5
          ],
          "texture": "#0"
        },
        "east": {
          "uv": [
            4.875,
            2,
            6.125,
            2.5
          ],
          "texture": "#0"
        },
        "south": {
          "uv": [
            8.625,
            2,
            9.875,
            2.5
          ],
          "texture": "#0"
        },
        "west": {
          "uv": [
            7.375,
            2,
            8.625,
            2.5
          ],
          "texture": "#0"
        },
        "up": {
          "uv": [
            7.375,
            2,
            6.125,
            0.75
          ],
          "texture": "#0"
        },
        "down": {
          "uv": [
            8.625,
            0.75,
            7.375,
            2
          ],
          "texture": "#0"
        }
      }
    },
    {
      "from": [
        3.975,
        8.5,
        3.925
      ],
      "to": [
        12.025,
        9.5,
        12.075
      ],
      "rotation": {
        "angle": 0,
        "axis": "y",
        "origin": [
          8,
          4,
          8
        ]
      },
      "faces": {
        "north": {
          "uv": [
            9.75,
            1.75,
            10.75,
            1.875
          ],
          "texture": "#0"
        },
        "east": {
          "uv": [
            8.75,
            1.75,
            9.75,
            1.875
          ],
          "texture": "#0"
        },
        "south": {
          "uv": [
            11.75,
            1.75,
            12.75,
            1.875
          ],
          "texture": "#0"
        },
        "west": {
          "uv": [
            10.75,
            1.75,
            11.75,
            1.875
          ],
          "texture": "#0"
        },
        "up": {
          "uv": [
            10.75,
            1.75,
            9.75,
            0.75
          ],
          "texture": "#0"
        },
        "down": {
          "uv": [
            11.75,
            0.75,
            10.75,
            1.75
          ],
          "texture": "#0"
        }
      }
    },
    {
      "from": [
        5,
        11.5,
        8
      ],
      "to": [
        10,
        21.5,
        8
      ],
      "rotation": {
        "angle": 22.5,
        "axis": "z",
        "origin": [
          10,
          12,
          8
        ]
      },
      "faces": {
        "north": {
          "uv": [
            0,
            0,
            0.625,
            1.25
          ],
          "texture": "#0"
        },
        "east": {
          "uv": [
            0,
            0,
            0,
            1.25
          ],
          "texture": "#0"
        },
        "south": {
          "uv": [
            0.625,
            0,
            1.25,
            1.25
          ],
          "texture": "#0"
        },
        "west": {
          "uv": [
            0.625,
            0,
            0.625,
            1.25
          ],
          "texture": "#0"
        },
        "up": {
          "uv": [
            0.625,
            0,
            0,
            0
          ],
          "texture": "#0"
        },
        "down": {
          "uv": [
            1.25,
            0,
            0.625,
            0
          ],
          "texture": "#0"
        }
      }
    },
    {
      "from": [
        2,
        6,
        2
      ],
      "to": [
        14,
        9,
        14
      ],
      "rotation": {
        "angle": 0,
        "axis": "y",
        "origin": [
          8,
          4,
          8
        ]
      },
      "faces": {
        "north": {
          "uv": [
            1.5,
            1.5,
            3,
            1.875
          ],
          "texture": "#0"
        },
        "east": {
          "uv": [
            0,
            1.5,
            1.5,
            1.875
          ],
          "texture": "#0"
        },
        "south": {
          "uv": [
            4.5,
            1.5,
            6,
            1.875
          ],
          "texture": "#0"
        },
        "west": {
          "uv": [
            3,
            1.5,
            4.5,
            1.875
          ],
          "texture": "#0"
        },
        "up": {
          "uv": [
            3,
            1.5,
            1.5,
            0
          ],
          "texture": "#0"
        },
        "down": {
          "uv": [
            4.5,
            0,
            3,
            1.5
          ],
          "texture": "#0"
        }
      }
    },
    {
      "from": [
        2,
        9.5,
        2
      ],
      "to": [
        14,
        9.5,
        14
      ],
      "rotation": {
        "angle": -45,
        "axis": "y",
        "origin": [
          8,
          9.5,
          8
        ]
      },
      "faces": {
        "north": {
          "uv": [
            1.5,
            3.5,
            3,
            3.5
          ],
          "texture": "#0"
        },
        "east": {
          "uv": [
            0,
            3.5,
            1.5,
            3.5
          ],
          "texture": "#0"
        },
        "south": {
          "uv": [
            4.5,
            3.5,
            6,
            3.5
          ],
          "texture": "#0"
        },
        "west": {
          "uv": [
            3,
            3.5,
            4.5,
            3.5
          ],
          "texture": "#0"
        },
        "up": {
          "uv": [
            3,
            3.5,
            1.5,
            2
          ],
          "texture": "#0"
        },
        "down": {
          "uv": [
            4.5,
            2,
            3,
            3.5
          ],
          "texture": "#0"
        }
      }
    },
    {
      "from": [
        2,
        9.025,
        2
      ],
      "to": [
        14,
        9.025,
        14
      ],
      "rotation": {
        "angle": -45,
        "axis": "y",
        "origin": [
          8,
          9.5,
          8
        ]
      },
      "faces": {
        "north": {
          "uv": [
            1.5,
            6.75,
            3,
            6.75
          ],
          "texture": "#0"
        },
        "east": {
          "uv": [
            0,
            6.75,
            1.5,
            6.75
          ],
          "texture": "#0"
        },
        "south": {
          "uv": [
            4.5,
            6.75,
            6,
            6.75
          ],
          "texture": "#0"
        },
        "west": {
          "uv": [
            3,
            6.75,
            4.5,
            6.75
          ],
          "texture": "#0"
        },
        "up": {
          "uv": [
            3,
            6.75,
            1.5,
            5.25
          ],
          "texture": "#0"
        },
        "down": {
          "uv": [
            4.5,
            5.25,
            3,
            6.75
          ],
          "texture": "#0"
        }
      }
    }
  ]
}