{"textures":{"0":"cosmetics:custom/hats/cowboy_hat","particle":"cosmetics:custom/hats/cowboy_hat"},"elements":[{"from":[-1,0,0],"to":[17,0,16],"faces":{"up":{"uv":[0,0,9,8],"texture":"#0"},"down":{"uv":[0,0,9,8],"texture":"#0"}}},{"from":[3,0,3],"to":[13,4.5,13],"faces":{"north":{"uv":[9,10.5,11,15],"rotation":270,"texture":"#0"},"east":{"uv":[11,10.5,13,15],"rotation":270,"texture":"#0"},"south":{"uv":[9,10.5,11,15],"rotation":270,"texture":"#0"},"west":{"uv":[11,10.5,13,15],"rotation":270,"texture":"#0"},"up":{"uv":[4.5,10.5,9,15],"texture":"#0"}}},{"from":[13,0,3],"to":[3,4.5,13],"faces":{"north":{"uv":[9,10.5,11,15],"rotation":270,"texture":"#0"},"east":{"uv":[11,10.5,13,15],"rotation":270,"texture":"#0"},"south":{"uv":[9,10.5,11,15],"rotation":270,"texture":"#0"},"west":{"uv":[11,10.5,13,15],"rotation":270,"texture":"#0"},"up":{"uv":[4.5,10.5,9,15],"texture":"#0"}}},{"from":[3.5,0,3.6],"to":[12.5,4,12.4],"faces":{"north":{"uv":[0,8.5,4.5,10.5],"texture":"#0"},"east":{"uv":[4.5,8.5,9,10.5],"texture":"#0"},"south":{"uv":[0,8.5,4.5,10.5],"texture":"#0"},"west":{"uv":[4.5,8.5,9,10.5],"texture":"#0"},"up":{"uv":[0,10.5,4.5,15],"texture":"#0"}}},{"from":[3,0,3],"to":[13,4.5,13],"faces":{"north":{"uv":[9,8.5,14,10.5],"texture":"#0","tintindex":0},"east":{"uv":[9,8.5,14,10.5],"texture":"#0","tintindex":0},"south":{"uv":[9,8.5,14,10.5],"texture":"#0","tintindex":0},"west":{"uv":[9,8.5,14,10.5],"texture":"#0","tintindex":0}}}],"gui_light":"front","display":{"thirdperson_righthand":{"rotation":[60,45,0],"translation":[0,4,2],"scale":[0.5,0.5,0.5]},"thirdperson_lefthand":{"rotation":[60,45,0],"translation":[0,4,2],"scale":[0.5,0.5,0.5]},"firstperson_righthand":{"rotation":[0,30,0],"translation":[0,3,0]},"firstperson_lefthand":{"rotation":[0,30,0],"translation":[0,3,0]},"ground":{"translation":[0,3,0],"scale":[0.3,0.3,0.3]},"gui":{"rotation":[30,160,0],"translation":[0,4,0],"scale":[0.7,0.7,0.7]},"head":{"rotation":[5,0,0],"translation":[0,16,1],"scale":[1.8,1.8,1.8]}}
}