{
  "display": {
    "firstperson_righthand": {
      "rotation": [
        0,
        0,
        11
      ]
    },
    "firstperson_lefthand": {
      "rotation": [
        0,
        0,
        11
      ]
    },
    "ground": {
      "scale": [
        0.6,
        0.6,
        0.6
      ]
    },
    "gui": {
      "rotation": [
        34,
        -135,
        0
      ],
      "translation": [
        -1.25,
        -0.5,
        0
      ],
      "scale": [
        0.8,
        0.8,
        0.8
      ]
    },
    "head": {
      "scale": [
        1.6,
        1.6,
        1.6
      ]
    },
    "fixed": {
      "scale": [
        0.6,
        0.6,
        0.6
      ]
    }
  },
  "texture_size": [
    48,
    48
  ],
  "textures": {
    "1": "cosmetics:custom/hats/crab_hat",
    "particle": "cosmetics:custom/hats/crab_hat"
  },
  "elements": [
    {
      "from": [
        3,
        10,
        3
      ],
      "to": [
        13,
        13,
        13
      ],
      "rotation": {
        "angle": 0,
        "axis": "y",
        "origin": [
          8,
          8,
          8
        ]
      },
      "faces": {
        "north": {
          "uv": [
            3.33333,
            3.33333,
            6.66667,
            4.33333
          ],
          "texture": "#1"
        },
        "east": {
          "uv": [
            0,
            3.33333,
            3.33333,
            4.33333
          ],
          "texture": "#1"
        },
        "south": {
          "uv": [
            10,
            3.33333,
            13.33333,
            4.33333
          ],
          "texture": "#1"
        },
        "west": {
          "uv": [
            6.66667,
            3.33333,
            10,
            4.33333
          ],
          "texture": "#1"
        },
        "up": {
          "uv": [
            6.66667,
            3.33333,
            3.33333,
            0
          ],
          "texture": "#1"
        },
        "down": {
          "uv": [
            10,
            0,
            6.66667,
            3.33333
          ],
          "texture": "#1"
        }
      }
    },
    {
      "from": [
        12,
        8,
        11
      ],
      "to": [
        14,
        12,
        12
      ],
      "rotation": {
        "angle": 22.5,
        "axis": "z",
        "origin": [
          13,
          12,
          12
        ]
      },
      "faces": {
        "north": {
          "uv": [
            7.66667,
            6.33333,
            8.33333,
            7.66667
          ],
          "texture": "#1"
        },
        "east": {
          "uv": [
            7.33333,
            6.33333,
            7.66667,
            7.66667
          ],
          "texture": "#1"
        },
        "south": {
          "uv": [
            8.66667,
            6.33333,
            9.33333,
            7.66667
          ],
          "texture": "#1"
        },
        "west": {
          "uv": [
            8.33333,
            6.33333,
            8.66667,
            7.66667
          ],
          "texture": "#1"
        },
        "up": {
          "uv": [
            8.33333,
            6.33333,
            7.66667,
            6
          ],
          "texture": "#1"
        },
        "down": {
          "uv": [
            9,
            6,
            8.33333,
            6.33333
          ],
          "texture": "#1"
        }
      }
    },
    {
      "from": [
        12,
        8,
        9
      ],
      "to": [
        14,
        12,
        10
      ],
      "rotation": {
        "angle": 22.5,
        "axis": "z",
        "origin": [
          13,
          12,
          12
        ]
      },
      "faces": {
        "north": {
          "uv": [
            7,
            4.66667,
            7.66667,
            6
          ],
          "texture": "#1"
        },
        "east": {
          "uv": [
            6.66667,
            4.66667,
            7,
            6
          ],
          "texture": "#1"
        },
        "south": {
          "uv": [
            8,
            4.66667,
            8.66667,
            6
          ],
          "texture": "#1"
        },
        "west": {
          "uv": [
            7.66667,
            4.66667,
            8,
            6
          ],
          "texture": "#1"
        },
        "up": {
          "uv": [
            7.66667,
            4.66667,
            7,
            4.33333
          ],
          "texture": "#1"
        },
        "down": {
          "uv": [
            8.33333,
            4.33333,
            7.66667,
            4.66667
          ],
          "texture": "#1"
        }
      }
    },
    {
      "from": [
        2,
        8,
        9
      ],
      "to": [
        4,
        12,
        10
      ],
      "rotation": {
        "angle": -22.5,
        "axis": "z",
        "origin": [
          3,
          12,
          12
        ]
      },
      "faces": {
        "north": {
          "uv": [
            0.33333,
            4.66667,
            1,
            6
          ],
          "texture": "#1"
        },
        "east": {
          "uv": [
            0,
            4.66667,
            0.33333,
            6
          ],
          "texture": "#1"
        },
        "south": {
          "uv": [
            1.33333,
            4.66667,
            2,
            6
          ],
          "texture": "#1"
        },
        "west": {
          "uv": [
            1,
            4.66667,
            1.33333,
            6
          ],
          "texture": "#1"
        },
        "up": {
          "uv": [
            1,
            4.66667,
            0.33333,
            4.33333
          ],
          "texture": "#1"
        },
        "down": {
          "uv": [
            1.66667,
            4.33333,
            1,
            4.66667
          ],
          "texture": "#1"
        }
      }
    },
    {
      "from": [
        2,
        8,
        11
      ],
      "to": [
        4,
        12,
        12
      ],
      "rotation": {
        "angle": -22.5,
        "axis": "z",
        "origin": [
          3,
          12,
          12
        ]
      },
      "faces": {
        "north": {
          "uv": [
            5,
            4.66667,
            5.66667,
            6
          ],
          "texture": "#1"
        },
        "east": {
          "uv": [
            4.66667,
            4.66667,
            5,
            6
          ],
          "texture": "#1"
        },
        "south": {
          "uv": [
            6,
            4.66667,
            6.66667,
            6
          ],
          "texture": "#1"
        },
        "west": {
          "uv": [
            5.66667,
            4.66667,
            6,
            6
          ],
          "texture": "#1"
        },
        "up": {
          "uv": [
            5.66667,
            4.66667,
            5,
            4.33333
          ],
          "texture": "#1"
        },
        "down": {
          "uv": [
            6.33333,
            4.33333,
            5.66667,
            4.66667
          ],
          "texture": "#1"
        }
      }
    },
    {
      "from": [
        12,
        9,
        -1
      ],
      "to": [
        15,
        12,
        7
      ],
      "rotation": {
        "angle": -22.5,
        "axis": "x",
        "origin": [
          8,
          9,
          7
        ]
      },
      "faces": {
        "north": {
          "uv": [
            2.66667,
            7,
            3.66667,
            8
          ],
          "texture": "#1"
        },
        "east": {
          "uv": [
            0,
            7,
            2.66667,
            8
          ],
          "texture": "#1"
        },
        "south": {
          "uv": [
            6.33333,
            7,
            7.33333,
            8
          ],
          "texture": "#1"
        },
        "west": {
          "uv": [
            3.66667,
            7,
            6.33333,
            8
          ],
          "texture": "#1"
        },
        "up": {
          "uv": [
            3.66667,
            7,
            2.66667,
            4.33333
          ],
          "texture": "#1"
        },
        "down": {
          "uv": [
            4.66667,
            4.33333,
            3.66667,
            7
          ],
          "texture": "#1"
        }
      }
    },
    {
      "from": [
        11,
        9,
        -1
      ],
      "to": [
        12,
        12,
        2
      ],
      "rotation": {
        "angle": -22.5,
        "axis": "x",
        "origin": [
          8,
          9,
          7
        ]
      },
      "faces": {
        "north": {
          "uv": [
            1,
            1,
            1.33333,
            2
          ],
          "texture": "#1"
        },
        "east": {
          "uv": [
            0,
            1,
            1,
            2
          ],
          "texture": "#1"
        },
        "south": {
          "uv": [
            2.33333,
            1,
            2.66667,
            2
          ],
          "texture": "#1"
        },
        "west": {
          "uv": [
            1.33333,
            1,
            2.33333,
            2
          ],
          "texture": "#1"
        },
        "up": {
          "uv": [
            1.33333,
            1,
            1,
            0
          ],
          "texture": "#1"
        },
        "down": {
          "uv": [
            1.66667,
            0,
            1.33333,
            1
          ],
          "texture": "#1"
        }
      }
    },
    {
      "from": [
        4,
        9,
        -1
      ],
      "to": [
        5,
        12,
        2
      ],
      "shade": false,
      "rotation": {
        "angle": -22.5,
        "axis": "x",
        "origin": [
          8,
          9,
          7
        ]
      },
      "faces": {
        "north": {
          "uv": [
            1.33333,
            1,
            1,
            2
          ],
          "texture": "#1"
        },
        "east": {
          "uv": [
            2.33333,
            1,
            1.33333,
            2
          ],
          "texture": "#1"
        },
        "south": {
          "uv": [
            2.66667,
            1,
            2.33333,
            2
          ],
          "texture": "#1"
        },
        "west": {
          "uv": [
            1,
            1,
            0,
            2
          ],
          "texture": "#1"
        },
        "up": {
          "uv": [
            1,
            1,
            1.33333,
            0
          ],
          "texture": "#1"
        },
        "down": {
          "uv": [
            1.33333,
            0,
            1.66667,
            1
          ],
          "texture": "#1"
        }
      }
    },
    {
      "from": [
        1,
        9,
        -1
      ],
      "to": [
        4,
        12,
        7
      ],
      "shade": false,
      "rotation": {
        "angle": -22.5,
        "axis": "x",
        "origin": [
          8,
          9,
          7
        ]
      },
      "faces": {
        "north": {
          "uv": [
            3.66667,
            7,
            2.66667,
            8
          ],
          "texture": "#1"
        },
        "east": {
          "uv": [
            6.33333,
            7,
            3.66667,
            8
          ],
          "texture": "#1"
        },
        "south": {
          "uv": [
            7.33333,
            7,
            6.33333,
            8
          ],
          "texture": "#1"
        },
        "west": {
          "uv": [
            2.66667,
            7,
            0,
            8
          ],
          "texture": "#1"
        },
        "up": {
          "uv": [
            2.66667,
            7,
            3.66667,
            4.33333
          ],
          "texture": "#1"
        },
        "down": {
          "uv": [
            3.66667,
            4.33333,
            4.66667,
            7
          ],
          "texture": "#1"
        }
      }
    },
    {
      "from": [
        10,
        13,
        3
      ],
      "to": [
        11,
        15,
        3
      ],
      "rotation": {
        "angle": 0,
        "axis": "y",
        "origin": [
          8,
          8,
          8
        ]
      },
      "faces": {
        "north": {
          "uv": [
            0,
            2,
            0.33333,
            2.66667
          ],
          "texture": "#1"
        },
        "east": {
          "uv": [
            0,
            2,
            0,
            2.66667
          ],
          "texture": "#1"
        },
        "south": {
          "uv": [
            0.33333,
            2,
            0.66667,
            2.66667
          ],
          "texture": "#1"
        },
        "west": {
          "uv": [
            0.33333,
            2,
            0.33333,
            2.66667
          ],
          "texture": "#1"
        },
        "up": {
          "uv": [
            0.33333,
            2,
            0,
            2
          ],
          "texture": "#1"
        },
        "down": {
          "uv": [
            0.66667,
            2,
            0.33333,
            2
          ],
          "texture": "#1"
        }
      }
    },
    {
      "from": [
        5,
        13,
        3
      ],
      "to": [
        6,
        15,
        3
      ],
      "rotation": {
        "angle": 0,
        "axis": "y",
        "origin": [
          8,
          8,
          8
        ]
      },
      "faces": {
        "north": {
          "uv": [
            0,
            0,
            0.33333,
            0.66667
          ],
          "texture": "#1"
        },
        "east": {
          "uv": [
            0,
            0,
            0,
            0.66667
          ],
          "texture": "#1"
        },
        "south": {
          "uv": [
            0.33333,
            0,
            0.66667,
            0.66667
          ],
          "texture": "#1"
        },
        "west": {
          "uv": [
            0.33333,
            0,
            0.33333,
            0.66667
          ],
          "texture": "#1"
        },
        "up": {
          "uv": [
            0.33333,
            0,
            0,
            0
          ],
          "texture": "#1"
        },
        "down": {
          "uv": [
            0.66667,
            0,
            0.33333,
            0
          ],
          "texture": "#1"
        }
      }
    },
    {
      "from": [
        8.5,
        10,
        2.75
      ],
      "to": [
        10.5,
        11,
        2.75
      ],
      "rotation": {
        "angle": 22.5,
        "axis": "z",
        "origin": [
          10.5,
          11,
          3
        ]
      },
      "faces": {
        "north": {
          "uv": [
            1.66667,
            0.33333,
            2.33333,
            0.66667
          ],
          "texture": "#1"
        },
        "east": {
          "uv": [
            1.66667,
            0.33333,
            1.66667,
            0.66667
          ],
          "texture": "#1"
        },
        "south": {
          "uv": [
            2.33333,
            0.33333,
            3,
            0.66667
          ],
          "texture": "#1"
        },
        "west": {
          "uv": [
            2.33333,
            0.33333,
            2.33333,
            0.66667
          ],
          "texture": "#1"
        },
        "up": {
          "uv": [
            2.33333,
            0.33333,
            1.66667,
            0.33333
          ],
          "texture": "#1"
        },
        "down": {
          "uv": [
            3,
            0.33333,
            2.33333,
            0.33333
          ],
          "texture": "#1"
        }
      }
    },
    {
      "from": [
        5.5,
        10,
        2.75
      ],
      "to": [
        7.5,
        11,
        2.75
      ],
      "rotation": {
        "angle": -22.5,
        "axis": "z",
        "origin": [
          5.5,
          11,
          3
        ]
      },
      "faces": {
        "north": {
          "uv": [
            1.66667,
            0,
            2.33333,
            0.33333
          ],
          "texture": "#1"
        },
        "east": {
          "uv": [
            1.66667,
            0,
            1.66667,
            0.33333
          ],
          "texture": "#1"
        },
        "south": {
          "uv": [
            2.33333,
            0,
            3,
            0.33333
          ],
          "texture": "#1"
        },
        "west": {
          "uv": [
            2.33333,
            0,
            2.33333,
            0.33333
          ],
          "texture": "#1"
        },
        "up": {
          "uv": [
            2.33333,
            0,
            1.66667,
            0
          ],
          "texture": "#1"
        },
        "down": {
          "uv": [
            3,
            0,
            2.33333,
            0
          ],
          "texture": "#1"
        }
      }
    }
  ]
}