{
  "display": {
    "firstperson_righthand": {
      "rotation": [
        0,
        0,
        11
      ]
    },
    "firstperson_lefthand": {
      "rotation": [
        0,
        0,
        11
      ]
    },
    "ground": {
      "scale": [
        0.6,
        0.6,
        0.6
      ]
    },
    "gui": {
      "rotation": [
        34,
        -145,
        0
      ],
      "scale": [
        0.8,
        0.8,
        0.8
      ]
    },
    "head": {
      "scale": [
        1.6,
        1.6,
        1.6
      ]
    },
    "fixed": {
      "scale": [
        0.6,
        0.6,
        0.6
      ]
    }
  },
  "texture_size": [
    64,
    64
  ],
  "textures": {
    "0": "cosmetics:custom/hats/ghost_hat",
    "particle": "cosmetics:custom/hats/ghost_hat"
  },
  "elements": [
    {
      "from": [
        3,
        3,
        3
      ],
      "to": [
        13,
        13,
        13
      ],
      "rotation": {
        "angle": 0,
        "axis": "y",
        "origin": [
          8,
          8,
          8
        ]
      },
      "faces": {
        "north": {
          "uv": [
            2.5,
            2.5,
            5,
            5
          ],
          "texture": "#0"
        },
        "east": {
          "uv": [
            0,
            2.5,
            2.5,
            5
          ],
          "texture": "#0"
        },
        "south": {
          "uv": [
            7.5,
            2.5,
            10,
            5
          ],
          "texture": "#0"
        },
        "west": {
          "uv": [
            5,
            2.5,
            7.5,
            5
          ],
          "texture": "#0"
        },
        "up": {
          "uv": [
            5,
            2.5,
            2.5,
            0
          ],
          "texture": "#0"
        },
        "down": {
          "uv": [
            7.5,
            0,
            5,
            2.5
          ],
          "texture": "#0"
        }
      }
    }
  ]
}