{
  "display": {
    "firstperson_righthand": {
      "rotation": [
        0,
        0,
        11
      ]
    },
    "firstperson_lefthand": {
      "rotation": [
        0,
        0,
        11
      ]
    },
    "ground": {
      "scale": [
        0.6,
        0.6,
        0.6
      ]
    },
    "gui": {
      "rotation": [
        34,
        45,
        0
      ],
      "scale": [
        0.8,
        0.8,
        0.8
      ]
    },
    "head": {
      "scale": [
        1.9,
        1.9,
        1.9
      ]
    },
    "fixed": {
      "scale": [
        0.6,
        0.6,
        0.6
      ]
    }
  },
  "texture_size": [
    32,
    32
  ],
  "textures": {
    "1": "cosmetics:custom/hats/globe_hat",
    "particle": "cosmetics:custom/hats/globe_hat"
  },
  "elements": [
    {
      "from": [
        4,
        3.5,
        4
      ],
      "to": [
        12,
        12.5,
        12
      ],
      "rotation": {
        "angle": 0,
        "axis": "y",
        "origin": [
          8,
          8,
          8
        ]
      },
      "faces": {
        "north": {
          "uv": [
            4,
            4,
            8,
            8.5
          ],
          "texture": "#1"
        },
        "east": {
          "uv": [
            0,
            4,
            4,
            8.5
          ],
          "texture": "#1"
        },
        "south": {
          "uv": [
            12,
            4,
            16,
            8.5
          ],
          "texture": "#1"
        },
        "west": {
          "uv": [
            8,
            4,
            12,
            8.5
          ],
          "texture": "#1"
        },
        "up": {
          "uv": [
            8,
            4,
            4,
            0
          ],
          "texture": "#1"
        },
        "down": {
          "uv": [
            12,
            0,
            8,
            4
          ],
          "texture": "#1"
        }
      }
    }
  ]
}