{
  "display": {
    "firstperson_righthand": {
      "rotation": [
        0,
        0,
        11
      ]
    },
    "firstperson_lefthand": {
      "rotation": [
        0,
        0,
        11
      ]
    },
    "ground": {
      "scale": [
        0.6,
        0.6,
        0.6
      ]
    },
    "gui": {
      "rotation": [
        34,
        -167,
        0
      ],
      "translation": [
        0.5,
        0.25,
        0
      ]
    },
    "head": {
      "translation": [
        0,
        9.5,
        0
      ],
      "scale": [
        1.6,
        1.6,
        1.6
      ]
    },
    "fixed": {
      "scale": [
        0.6,
        0.6,
        0.6
      ]
    }
  },
  "texture_size": [
    64,
    64
  ],
  "textures": {
    "1": "cosmetics:custom/hats/grape_hat",
    "particle": "cosmetics:custom/hats/grape_hat"
  },
  "elements": [
    {
      "from": [
        5,
        6,
        5.25
      ],
      "to": [
        11,
        10,
        11.25
      ],
      "rotation": {
        "angle": 0,
        "axis": "y",
        "origin": [
          8,
          2,
          8.25
        ]
      },
      "faces": {
        "north": {
          "uv": [
            1.5,
            1.5,
            3,
            2.5
          ],
          "texture": "#1"
        },
        "east": {
          "uv": [
            0,
            1.5,
            1.5,
            2.5
          ],
          "texture": "#1"
        },
        "south": {
          "uv": [
            4.5,
            1.5,
            6,
            2.5
          ],
          "texture": "#1"
        },
        "west": {
          "uv": [
            3,
            1.5,
            4.5,
            2.5
          ],
          "texture": "#1"
        },
        "up": {
          "uv": [
            3,
            1.5,
            1.5,
            0
          ],
          "texture": "#1"
        },
        "down": {
          "uv": [
            4.5,
            0,
            3,
            1.5
          ],
          "texture": "#1"
        }
      }
    },
    {
      "from": [
        9,
        6,
        4.25
      ],
      "to": [
        13,
        9,
        8.25
      ],
      "rotation": {
        "angle": -22.5,
        "axis": "z",
        "origin": [
          9,
          6,
          8.25
        ]
      },
      "faces": {
        "north": {
          "uv": [
            4.25,
            5,
            5.25,
            5.75
          ],
          "texture": "#1"
        },
        "east": {
          "uv": [
            3.25,
            5,
            4.25,
            5.75
          ],
          "texture": "#1"
        },
        "south": {
          "uv": [
            6.25,
            5,
            7.25,
            5.75
          ],
          "texture": "#1"
        },
        "west": {
          "uv": [
            5.25,
            5,
            6.25,
            5.75
          ],
          "texture": "#1"
        },
        "up": {
          "uv": [
            5.25,
            5,
            4.25,
            4
          ],
          "texture": "#1"
        },
        "down": {
          "uv": [
            6.25,
            4,
            5.25,
            5
          ],
          "texture": "#1"
        }
      }
    },
    {
      "from": [
        11,
        6,
        6.25
      ],
      "to": [
        15,
        8,
        9.25
      ],
      "rotation": {
        "angle": -22.5,
        "axis": "z",
        "origin": [
          9,
          6,
          8.25
        ]
      },
      "faces": {
        "north": {
          "uv": [
            5.5,
            0.75,
            6.5,
            1.25
          ],
          "texture": "#1"
        },
        "east": {
          "uv": [
            4.75,
            0.75,
            5.5,
            1.25
          ],
          "texture": "#1"
        },
        "south": {
          "uv": [
            7.25,
            0.75,
            8.25,
            1.25
          ],
          "texture": "#1"
        },
        "west": {
          "uv": [
            6.5,
            0.75,
            7.25,
            1.25
          ],
          "texture": "#1"
        },
        "up": {
          "uv": [
            6.5,
            0.75,
            5.5,
            0
          ],
          "texture": "#1"
        },
        "down": {
          "uv": [
            7.5,
            0,
            6.5,
            0.75
          ],
          "texture": "#1"
        }
      }
    },
    {
      "from": [
        4,
        8,
        6.25
      ],
      "to": [
        8,
        12,
        10.25
      ],
      "rotation": {
        "angle": 0,
        "axis": "y",
        "origin": [
          8,
          2,
          8.25
        ]
      },
      "faces": {
        "north": {
          "uv": [
            1,
            3.75,
            2,
            4.75
          ],
          "texture": "#1"
        },
        "east": {
          "uv": [
            0,
            3.75,
            1,
            4.75
          ],
          "texture": "#1"
        },
        "south": {
          "uv": [
            3,
            3.75,
            4,
            4.75
          ],
          "texture": "#1"
        },
        "west": {
          "uv": [
            2,
            3.75,
            3,
            4.75
          ],
          "texture": "#1"
        },
        "up": {
          "uv": [
            2,
            3.75,
            1,
            2.75
          ],
          "texture": "#1"
        },
        "down": {
          "uv": [
            3,
            2.75,
            2,
            3.75
          ],
          "texture": "#1"
        }
      }
    },
    {
      "from": [
        4,
        5.25,
        7.25
      ],
      "to": [
        6,
        8.25,
        9.25
      ],
      "rotation": {
        "angle": -45,
        "axis": "z",
        "origin": [
          6,
          9,
          7.25
        ]
      },
      "faces": {
        "north": {
          "uv": [
            0.5,
            5.5,
            1,
            6.25
          ],
          "texture": "#1"
        },
        "east": {
          "uv": [
            0,
            5.5,
            0.5,
            6.25
          ],
          "texture": "#1"
        },
        "south": {
          "uv": [
            1.5,
            5.5,
            2,
            6.25
          ],
          "texture": "#1"
        },
        "west": {
          "uv": [
            1,
            5.5,
            1.5,
            6.25
          ],
          "texture": "#1"
        },
        "up": {
          "uv": [
            1,
            5.5,
            0.5,
            5
          ],
          "texture": "#1"
        },
        "down": {
          "uv": [
            1.5,
            5,
            1,
            5.5
          ],
          "texture": "#1"
        }
      }
    }
  ]
}