{"display": {"thirdperson_righthand": {"scale": [0.91, 0.91, 0.91]}, "thirdperson_lefthand": {"scale": [0.91, 0.91, 0.91]}, "firstperson_righthand": {"rotation": [0, 0, 11]}, "firstperson_lefthand": {"rotation": [0, 0, 11]}, "ground": {"scale": [0.6, 0.6, 0.6]}, "gui": {"rotation": [34, 45, 0], "translation": [0, -4, 0], "scale": [0.8, 0.8, 0.8]}, "head": {"scale": [1.6, 1.6, 1.6]}, "fixed": {"scale": [0.6, 0.6, 0.6]}}, "texture_size": [32, 32], "textures": {"0": "cosmetics:custom/hats/halo_hat", "particle": "cosmetics:custom/hats/halo_hat"}, "elements": [{"from": [10, 13.5, 5], "to": [11, 14.5, 6], "faces": {"north": {"uv": [0.5, 4, 1, 4.5], "texture": "#0"}, "east": {"uv": [0, 4, 0.5, 4.5], "texture": "#0"}, "south": {"uv": [1.5, 4, 2, 4.5], "texture": "#0"}, "west": {"uv": [1, 4, 1.5, 4.5], "texture": "#0"}, "up": {"uv": [1, 4, 0.5, 3.5], "texture": "#0"}, "down": {"uv": [1.5, 3.5, 1, 4], "texture": "#0"}}}, {"from": [5, 13.5, 4], "to": [11, 14.5, 5], "faces": {"north": {"uv": [4.5, 1.5, 7.5, 2], "texture": "#0"}, "east": {"uv": [4, 1.5, 4.5, 2], "texture": "#0"}, "south": {"uv": [8, 1.5, 11, 2], "texture": "#0"}, "west": {"uv": [7.5, 1.5, 8, 2], "texture": "#0"}, "up": {"uv": [7.5, 1.5, 4.5, 1], "texture": "#0"}, "down": {"uv": [10.5, 1, 7.5, 1.5], "texture": "#0"}}}, {"from": [5, 13.5, 11], "to": [11, 14.5, 12], "faces": {"north": {"uv": [4.5, 0.5, 7.5, 1], "texture": "#0"}, "east": {"uv": [4, 0.5, 4.5, 1], "texture": "#0"}, "south": {"uv": [8, 0.5, 11, 1], "texture": "#0"}, "west": {"uv": [7.5, 0.5, 8, 1], "texture": "#0"}, "up": {"uv": [7.5, 0.5, 4.5, 0], "texture": "#0"}, "down": {"uv": [10.5, 0, 7.5, 0.5], "texture": "#0"}}}, {"from": [4, 13.5, 5], "to": [5, 14.5, 11], "faces": {"north": {"uv": [3, 6.5, 3.5, 7], "texture": "#0"}, "east": {"uv": [0, 6.5, 3, 7], "texture": "#0"}, "south": {"uv": [6.5, 6.5, 7, 7], "texture": "#0"}, "west": {"uv": [3.5, 6.5, 6.5, 7], "texture": "#0"}, "up": {"uv": [3.5, 6.5, 3, 3.5], "texture": "#0"}, "down": {"uv": [4, 3.5, 3.5, 6.5], "texture": "#0"}}}, {"from": [11, 13.5, 5], "to": [12, 14.5, 11], "faces": {"north": {"uv": [3, 3, 3.5, 3.5], "texture": "#0"}, "east": {"uv": [0, 3, 3, 3.5], "texture": "#0"}, "south": {"uv": [6.5, 3, 7, 3.5], "texture": "#0"}, "west": {"uv": [3.5, 3, 6.5, 3.5], "texture": "#0"}, "up": {"uv": [3.5, 3, 3, 0], "texture": "#0"}, "down": {"uv": [4, 0, 3.5, 3], "texture": "#0"}}}, {"from": [10, 13.5, 10], "to": [11, 14.5, 11], "faces": {"north": {"uv": [0.5, 2.5, 1, 3], "texture": "#0"}, "east": {"uv": [0, 2.5, 0.5, 3], "texture": "#0"}, "south": {"uv": [1.5, 2.5, 2, 3], "texture": "#0"}, "west": {"uv": [1, 2.5, 1.5, 3], "texture": "#0"}, "up": {"uv": [1, 2.5, 0.5, 2], "texture": "#0"}, "down": {"uv": [1.5, 2, 1, 2.5], "texture": "#0"}}}, {"from": [5, 13.5, 10], "to": [6, 14.5, 11], "faces": {"north": {"uv": [0.5, 1.5, 1, 2], "texture": "#0"}, "east": {"uv": [0, 1.5, 0.5, 2], "texture": "#0"}, "south": {"uv": [1.5, 1.5, 2, 2], "texture": "#0"}, "west": {"uv": [1, 1.5, 1.5, 2], "texture": "#0"}, "up": {"uv": [1, 1.5, 0.5, 1], "texture": "#0"}, "down": {"uv": [1.5, 1, 1, 1.5], "texture": "#0"}}}, {"from": [5, 13.5, 5], "to": [6, 14.5, 6], "faces": {"north": {"uv": [0.5, 0.5, 1, 1], "texture": "#0"}, "east": {"uv": [0, 0.5, 0.5, 1], "texture": "#0"}, "south": {"uv": [1.5, 0.5, 2, 1], "texture": "#0"}, "west": {"uv": [1, 0.5, 1.5, 1], "texture": "#0"}, "up": {"uv": [1, 0.5, 0.5, 0], "texture": "#0"}, "down": {"uv": [1.5, 0, 1, 0.5], "texture": "#0"}}}]}