{"display": {"firstperson_righthand": {"rotation": [0, 0, 11]}, "firstperson_lefthand": {"rotation": [0, 0, 11]}, "ground": {"scale": [0.6, 0.6, 0.6]}, "gui": {"rotation": [34, -135, 0], "scale": [0.8, 0.8, 0.8]}, "head": {"scale": [2.1, 2.1, 2.1]}, "fixed": {"scale": [0.6, 0.6, 0.6]}}, "texture_size": [32, 32], "textures": {"1": "cosmetics:custom/hats/red_headphones_hat", "particle": "cosmetics:custom/hats/red_headphones_hat"}, "elements": [{"from": [11.25, 6, 6], "to": [13.25, 10, 10], "rotation": {"angle": 0, "axis": "y", "origin": [8, 8, 8]}, "faces": {"north": {"uv": [6.5, 7, 7.5, 9], "texture": "#1"}, "east": {"uv": [4.5, 7, 6.5, 9], "texture": "#1"}, "south": {"uv": [9.5, 7, 10.5, 9], "texture": "#1"}, "west": {"uv": [7.5, 7, 9.5, 9], "texture": "#1"}, "up": {"uv": [7.5, 7, 6.5, 5], "texture": "#1"}, "down": {"uv": [8.5, 5, 7.5, 7], "texture": "#1"}}}, {"from": [11, 9.75, 6.5], "to": [12, 12, 9.5], "rotation": {"angle": 22.5, "axis": "z", "origin": [12, 12, 8]}, "faces": {"north": {"uv": [4.5, 11, 5, 12], "texture": "#1"}, "east": {"uv": [3, 11, 4.5, 12], "texture": "#1"}, "south": {"uv": [6.5, 11, 7, 12], "texture": "#1"}, "west": {"uv": [5, 11, 6.5, 12], "texture": "#1"}, "up": {"uv": [5, 11, 4.5, 9.5], "texture": "#1"}, "down": {"uv": [5.5, 9.5, 5, 11], "texture": "#1"}}}, {"from": [4, 9.75, 6.5], "to": [5, 12, 9.5], "rotation": {"angle": -22.5, "axis": "z", "origin": [4, 12, 8]}, "faces": {"north": {"uv": [10.5, 4, 11, 5], "texture": "#1"}, "east": {"uv": [9, 4, 10.5, 5], "texture": "#1"}, "south": {"uv": [12.5, 4, 13, 5], "texture": "#1"}, "west": {"uv": [11, 4, 12.5, 5], "texture": "#1"}, "up": {"uv": [11, 4, 10.5, 2.5], "texture": "#1"}, "down": {"uv": [11.5, 2.5, 11, 4], "texture": "#1"}}}, {"from": [4, 11, 6.5], "to": [12, 12, 9.5], "rotation": {"angle": 0, "axis": "y", "origin": [8, 7, 8]}, "faces": {"north": {"uv": [1.5, 1.5, 5.5, 2], "texture": "#1"}, "east": {"uv": [0, 1.5, 1.5, 2], "texture": "#1"}, "south": {"uv": [7, 1.5, 11, 2], "texture": "#1"}, "west": {"uv": [5.5, 1.5, 7, 2], "texture": "#1"}, "up": {"uv": [5.5, 1.5, 1.5, 0], "texture": "#1"}, "down": {"uv": [9.5, 0, 5.5, 1.5], "texture": "#1"}}}, {"from": [2.75, 6, 6], "to": [4.75, 10, 10], "shade": false, "rotation": {"angle": 0, "axis": "y", "origin": [8, 8, 8]}, "faces": {"north": {"uv": [7.5, 7, 6.5, 9], "texture": "#1"}, "east": {"uv": [9.5, 7, 7.5, 9], "texture": "#1"}, "south": {"uv": [10.5, 7, 9.5, 9], "texture": "#1"}, "west": {"uv": [6.5, 7, 4.5, 9], "texture": "#1"}, "up": {"uv": [6.5, 7, 7.5, 5], "texture": "#1"}, "down": {"uv": [7.5, 5, 8.5, 7], "texture": "#1"}}}, {"from": [4.5, 6, 3], "to": [4.5, 7, 7], "rotation": {"angle": -22.5, "axis": "x", "origin": [8, 8, 8]}, "faces": {"north": {"uv": [2, 9, 2, 9.5], "texture": "#1"}, "east": {"uv": [0, 9, 2, 9.5], "texture": "#1"}, "south": {"uv": [4, 9, 4, 9.5], "texture": "#1"}, "west": {"uv": [2, 9, 4, 9.5], "texture": "#1"}, "up": {"uv": [2, 9, 2, 7], "texture": "#1"}, "down": {"uv": [2, 7, 2, 9], "texture": "#1"}}}, {"from": [4.5, 6, 3], "to": [8.5, 7, 3], "rotation": {"angle": -22.5, "axis": "x", "origin": [8, 8, 8]}, "faces": {"north": {"uv": [4.5, 2.5, 6.5, 3], "texture": "#1"}, "east": {"uv": [4.5, 2.5, 4.5, 3], "texture": "#1"}, "south": {"uv": [6.5, 2.5, 8.5, 3], "texture": "#1"}, "west": {"uv": [6.5, 2.5, 6.5, 3], "texture": "#1"}, "up": {"uv": [6.5, 2.5, 4.5, 2.5], "texture": "#1"}, "down": {"uv": [8.5, 2.5, 6.5, 2.5], "texture": "#1"}}}]}