{"display": {"firstperson_righthand": {"rotation": [0, 0, 11]}, "firstperson_lefthand": {"rotation": [0, 0, 11]}, "ground": {"scale": [0.6, 0.6, 0.6]}, "gui": {"rotation": [34, -135, 0], "scale": [0.8, 0.8, 0.8]}, "head": {"scale": [2, 2, 2]}, "fixed": {"scale": [0.6, 0.6, 0.6]}}, "texture_size": [32, 32], "textures": {"2": "cosmetics:custom/hats/skull_hat", "particle": "cosmetics:custom/hats/skull_hat"}, "elements": [{"from": [7.5, 7, 2], "to": [8.5, 9, 4], "rotation": {"angle": -22.5, "axis": "x", "origin": [8, 9, 4]}, "faces": {"north": {"uv": [1, 1, 1.5, 2], "texture": "#2"}, "east": {"uv": [0, 1, 1, 2], "texture": "#2"}, "south": {"uv": [2.5, 1, 3, 2], "texture": "#2"}, "west": {"uv": [1.5, 1, 2.5, 2], "texture": "#2"}, "up": {"uv": [1.5, 1, 1, 0], "texture": "#2"}, "down": {"uv": [2, 0, 1.5, 1], "texture": "#2"}}}, {"from": [4, 5, 4], "to": [12, 12, 12], "rotation": {"angle": 0, "axis": "y", "origin": [8, 8, 8]}, "faces": {"north": {"uv": [4, 4, 8, 7.5], "texture": "#2"}, "east": {"uv": [0, 4, 4, 7.5], "texture": "#2"}, "south": {"uv": [12, 4, 16, 7.5], "texture": "#2"}, "west": {"uv": [8, 4, 12, 7.5], "texture": "#2"}, "up": {"uv": [8, 4, 4, 0], "texture": "#2"}, "down": {"uv": [12, 0, 8, 4], "texture": "#2"}}}, {"from": [5.5, 3, 3], "to": [10.5, 7, 6], "rotation": {"angle": 0, "axis": "y", "origin": [8, 9, 8]}, "faces": {"north": {"uv": [1.5, 9, 4, 11], "texture": "#2"}, "east": {"uv": [0, 9, 1.5, 11], "texture": "#2"}, "south": {"uv": [5.5, 9, 8, 11], "texture": "#2"}, "west": {"uv": [4, 9, 5.5, 11], "texture": "#2"}, "up": {"uv": [4, 9, 1.5, 7.5], "texture": "#2"}, "down": {"uv": [6.5, 7.5, 4, 9], "texture": "#2"}}}, {"from": [3.5, 5, 3], "to": [5.5, 7, 6], "rotation": {"angle": 0, "axis": "y", "origin": [8, 8, 8]}, "faces": {"north": {"uv": [8, 11.5, 9, 12.5], "texture": "#2"}, "east": {"uv": [6.5, 11.5, 8, 12.5], "texture": "#2"}, "south": {"uv": [10.5, 11.5, 11.5, 12.5], "texture": "#2"}, "west": {"uv": [9, 11.5, 10.5, 12.5], "texture": "#2"}, "up": {"uv": [9, 11.5, 8, 10], "texture": "#2"}, "down": {"uv": [10, 10, 9, 11.5], "texture": "#2"}}}, {"from": [10.5, 5, 3], "to": [12.5, 7, 6], "rotation": {"angle": 0, "axis": "y", "origin": [8, 8, 8]}, "faces": {"north": {"uv": [9.5, 9, 10.5, 10], "texture": "#2"}, "east": {"uv": [8, 9, 9.5, 10], "texture": "#2"}, "south": {"uv": [12, 9, 13, 10], "texture": "#2"}, "west": {"uv": [10.5, 9, 12, 10], "texture": "#2"}, "up": {"uv": [10.5, 9, 9.5, 7.5], "texture": "#2"}, "down": {"uv": [11.5, 7.5, 10.5, 9], "texture": "#2"}}}]}