{"display": {"firstperson_righthand": {"rotation": [0, 0, 11]}, "firstperson_lefthand": {"rotation": [0, 0, 11]}, "ground": {"scale": [0.6, 0.6, 0.6]}, "gui": {"rotation": [34, 45, 0], "translation": [0, -1, 0]}, "head": {"translation": [0, 9.5, 0], "scale": [1.6, 1.6, 1.6]}, "fixed": {"scale": [0.6, 0.6, 0.6]}}, "texture_size": [32, 32], "textures": {"2": "cosmetics:custom/hats/strawberry_hat", "particle": "cosmetics:custom/hats/strawberry_hat"}, "elements": [{"from": [4.5, 6, 4.5], "to": [11.5, 12, 11.5], "rotation": {"angle": 0, "axis": "y", "origin": [8, 2, 8]}, "faces": {"north": {"uv": [3.5, 3.5, 7, 6.5], "texture": "#2"}, "east": {"uv": [0, 3.5, 3.5, 6.5], "texture": "#2"}, "south": {"uv": [10.5, 3.5, 14, 6.5], "texture": "#2"}, "west": {"uv": [7, 3.5, 10.5, 6.5], "texture": "#2"}, "up": {"uv": [7, 3.5, 3.5, 0], "texture": "#2"}, "down": {"uv": [10.5, 0, 7, 3.5], "texture": "#2"}}}, {"from": [4.5, 12.25, 4.5], "to": [11.5, 12.25, 11.5], "rotation": {"angle": -45, "axis": "y", "origin": [8, 12, 8]}, "faces": {"north": {"uv": [9, 16, 12.5, 16], "texture": "#2"}, "east": {"uv": [5.5, 16, 9, 16], "texture": "#2"}, "south": {"uv": [16, 16, 19.5, 16], "texture": "#2"}, "west": {"uv": [12.5, 16, 16, 16], "texture": "#2"}, "up": {"uv": [12.5, 16, 9, 12.5], "texture": "#2"}, "down": {"uv": [16, 12.5, 12.5, 16], "texture": "#2"}}}, {"from": [4.5, 12.5, 4.5], "to": [11.5, 12.5, 11.5], "rotation": {"angle": -45, "axis": "y", "origin": [8, 12, 8]}, "faces": {"north": {"uv": [0, 16, 3.5, 16], "texture": "#2"}, "east": {"uv": [-3.5, 16, 0, 16], "texture": "#2"}, "south": {"uv": [7, 16, 10.5, 16], "texture": "#2"}, "west": {"uv": [3.5, 16, 7, 16], "texture": "#2"}, "up": {"uv": [3.5, 16, 0, 12.5], "texture": "#2"}, "down": {"uv": [7, 12.5, 3.5, 16], "texture": "#2"}}}]}