{
  "display": {
    "firstperson_righthand": {
      "rotation": [
        0,
        0,
        11
      ]
    },
    "firstperson_lefthand": {
      "rotation": [
        0,
        0,
        11
      ]
    },
    "ground": {
      "scale": [
        0.6,
        0.6,
        0.6
      ]
    },
    "gui": {
      "rotation": [
        34,
        -135,
        0
      ],
      "translation": [
        0.75,
        -3.25,
        0
      ],
      "scale": [
        0.8,
        0.8,
        0.8
      ]
    },
    "head": {
      "scale": [
        1.9,
        1.9,
        1.9
      ]
    },
    "fixed": {
      "scale": [
        0.6,
        0.6,
        0.6
      ]
    }
  },
  "texture_size": [
    48,
    48
  ],
  "textures": {
    "0": "cosmetics:custom/hats/turkey_hat",
    "particle": "cosmetics:custom/hats/turkey_hat"
  },
  "elements": [
    {
      "from": [
        4,
        8,
        5
      ],
      "to": [
        4,
        12,
        13
      ],
      "shade": false,
      "rotation": {
        "angle": -22.5,
        "axis": "y",
        "origin": [
          4,
          12,
          5
        ]
      },
      "faces": {
        "north": {
          "uv": [
            2.66667,
            7,
            2.66667,
            8.33333
          ],
          "texture": "#0"
        },
        "east": {
          "uv": [
            5.33333,
            7,
            2.66667,
            8.33333
          ],
          "texture": "#0"
        },
        "south": {
          "uv": [
            5.33333,
            7,
            5.33333,
            8.33333
          ],
          "texture": "#0"
        },
        "west": {
          "uv": [
            2.66667,
            7,
            0,
            8.33333
          ],
          "texture": "#0"
        },
        "up": {
          "uv": [
            2.66667,
            7,
            2.66667,
            4.33333
          ],
          "texture": "#0"
        },
        "down": {
          "uv": [
            2.66667,
            4.33333,
            2.66667,
            7
          ],
          "texture": "#0"
        }
      }
    },
    {
      "from": [
        12,
        8,
        5
      ],
      "to": [
        12,
        12,
        13
      ],
      "rotation": {
        "angle": 22.5,
        "axis": "y",
        "origin": [
          12,
          12,
          5
        ]
      },
      "faces": {
        "north": {
          "uv": [
            2.66667,
            7,
            2.66667,
            8.33333
          ],
          "texture": "#0"
        },
        "east": {
          "uv": [
            0,
            7,
            2.66667,
            8.33333
          ],
          "texture": "#0"
        },
        "south": {
          "uv": [
            5.33333,
            7,
            5.33333,
            8.33333
          ],
          "texture": "#0"
        },
        "west": {
          "uv": [
            2.66667,
            7,
            5.33333,
            8.33333
          ],
          "texture": "#0"
        },
        "up": {
          "uv": [
            2.66667,
            7,
            2.66667,
            4.33333
          ],
          "texture": "#0"
        },
        "down": {
          "uv": [
            2.66667,
            4.33333,
            2.66667,
            7
          ],
          "texture": "#0"
        }
      }
    },
    {
      "from": [
        7,
        11,
        2.25
      ],
      "to": [
        9,
        17,
        4.25
      ],
      "rotation": {
        "angle": 22.5,
        "axis": "x",
        "origin": [
          8,
          11,
          2.25
        ]
      },
      "faces": {
        "north": {
          "uv": [
            0.66667,
            0.66667,
            1.33333,
            2.66667
          ],
          "texture": "#0"
        },
        "east": {
          "uv": [
            0,
            0.66667,
            0.66667,
            2.66667
          ],
          "texture": "#0"
        },
        "south": {
          "uv": [
            2,
            0.66667,
            2.66667,
            2.66667
          ],
          "texture": "#0"
        },
        "west": {
          "uv": [
            1.33333,
            0.66667,
            2,
            2.66667
          ],
          "texture": "#0"
        },
        "up": {
          "uv": [
            1.33333,
            0.66667,
            0.66667,
            0
          ],
          "texture": "#0"
        },
        "down": {
          "uv": [
            2,
            0,
            1.33333,
            0.66667
          ],
          "texture": "#0"
        }
      }
    },
    {
      "from": [
        7,
        13,
        1.25
      ],
      "to": [
        9,
        17,
        2.25
      ],
      "rotation": {
        "angle": 22.5,
        "axis": "x",
        "origin": [
          8,
          11,
          2.25
        ]
      },
      "faces": {
        "north": {
          "uv": [
            8.33333,
            1.33333,
            9,
            2.66667
          ],
          "texture": "#0"
        },
        "east": {
          "uv": [
            8,
            1.33333,
            8.33333,
            2.66667
          ],
          "texture": "#0"
        },
        "south": {
          "uv": [
            9.33333,
            1.33333,
            10,
            2.66667
          ],
          "texture": "#0"
        },
        "west": {
          "uv": [
            9,
            1.33333,
            9.33333,
            2.66667
          ],
          "texture": "#0"
        },
        "up": {
          "uv": [
            9,
            1.33333,
            8.33333,
            1
          ],
          "texture": "#0"
        },
        "down": {
          "uv": [
            9.66667,
            1,
            9,
            1.33333
          ],
          "texture": "#0"
        }
      }
    },
    {
      "from": [
        6.9,
        15.77791,
        3.39386
      ],
      "to": [
        9.1,
        17.77791,
        7.39386
      ],
      "rotation": {
        "angle": 0,
        "axis": "y",
        "origin": [
          8,
          15.77791,
          6.39386
        ]
      },
      "faces": {
        "north": {
          "uv": [
            9.33333,
            5.66667,
            10,
            6.33333
          ],
          "texture": "#0"
        },
        "east": {
          "uv": [
            8,
            5.66667,
            9.33333,
            6.33333
          ],
          "texture": "#0"
        },
        "south": {
          "uv": [
            11.33333,
            5.66667,
            12,
            6.33333
          ],
          "texture": "#0"
        },
        "west": {
          "uv": [
            10,
            5.66667,
            11.33333,
            6.33333
          ],
          "texture": "#0"
        },
        "up": {
          "uv": [
            10,
            5.66667,
            9.33333,
            4.33333
          ],
          "texture": "#0"
        },
        "down": {
          "uv": [
            10.66667,
            4.33333,
            10,
            5.66667
          ],
          "texture": "#0"
        }
      }
    },
    {
      "from": [
        6.9,
        15.77791,
        1.39386
      ],
      "to": [
        9.1,
        16.77791,
        3.39386
      ],
      "rotation": {
        "angle": 0,
        "axis": "y",
        "origin": [
          8,
          15.77791,
          6.39386
        ]
      },
      "faces": {
        "north": {
          "uv": [
            0.66667,
            9,
            1.33333,
            9.33333
          ],
          "texture": "#0"
        },
        "east": {
          "uv": [
            0,
            9,
            0.66667,
            9.33333
          ],
          "texture": "#0"
        },
        "south": {
          "uv": [
            2,
            9,
            2.66667,
            9.33333
          ],
          "texture": "#0"
        },
        "west": {
          "uv": [
            1.33333,
            9,
            2,
            9.33333
          ],
          "texture": "#0"
        },
        "up": {
          "uv": [
            1.33333,
            9,
            0.66667,
            8.33333
          ],
          "texture": "#0"
        },
        "down": {
          "uv": [
            2,
            8.33333,
            1.33333,
            9
          ],
          "texture": "#0"
        }
      }
    },
    {
      "from": [
        4,
        8,
        4
      ],
      "to": [
        12,
        13,
        12
      ],
      "rotation": {
        "angle": 0,
        "axis": "y",
        "origin": [
          8,
          13,
          8
        ]
      },
      "faces": {
        "north": {
          "uv": [
            2.66667,
            2.66667,
            5.33333,
            4.33333
          ],
          "texture": "#0"
        },
        "east": {
          "uv": [
            0,
            2.66667,
            2.66667,
            4.33333
          ],
          "texture": "#0"
        },
        "south": {
          "uv": [
            8,
            2.66667,
            10.66667,
            4.33333
          ],
          "texture": "#0"
        },
        "west": {
          "uv": [
            5.33333,
            2.66667,
            8,
            4.33333
          ],
          "texture": "#0"
        },
        "up": {
          "uv": [
            5.33333,
            2.66667,
            2.66667,
            0
          ],
          "texture": "#0"
        },
        "down": {
          "uv": [
            8,
            0,
            5.33333,
            2.66667
          ],
          "texture": "#0"
        }
      }
    },
    {
      "from": [
        2,
        10,
        12
      ],
      "to": [
        14,
        18,
        12
      ],
      "rotation": {
        "angle": 22.5,
        "axis": "x",
        "origin": [
          8,
          13,
          12
        ]
      },
      "faces": {
        "north": {
          "uv": [
            0,
            4.33333,
            4,
            7
          ],
          "texture": "#0"
        },
        "east": {
          "uv": [
            0,
            4.33333,
            0,
            7
          ],
          "texture": "#0"
        },
        "south": {
          "uv": [
            4,
            4.33333,
            8,
            7
          ],
          "texture": "#0"
        },
        "west": {
          "uv": [
            4,
            4.33333,
            4,
            7
          ],
          "texture": "#0"
        },
        "up": {
          "uv": [
            4,
            4.33333,
            0,
            4.33333
          ],
          "texture": "#0"
        },
        "down": {
          "uv": [
            8,
            4.33333,
            4,
            4.33333
          ],
          "texture": "#0"
        }
      }
    },
    {
      "from": [
        4,
        13,
        11
      ],
      "to": [
        12,
        16,
        11
      ],
      "rotation": {
        "angle": 0,
        "axis": "y",
        "origin": [
          8,
          13,
          11
        ]
      },
      "faces": {
        "north": {
          "uv": [
            8,
            0,
            10.66667,
            1
          ],
          "texture": "#0"
        },
        "east": {
          "uv": [
            8,
            0,
            8,
            1
          ],
          "texture": "#0"
        },
        "south": {
          "uv": [
            10.66667,
            0,
            13.33333,
            1
          ],
          "texture": "#0"
        },
        "west": {
          "uv": [
            10.66667,
            0,
            10.66667,
            1
          ],
          "texture": "#0"
        },
        "up": {
          "uv": [
            10.66667,
            0,
            8,
            0
          ],
          "texture": "#0"
        },
        "down": {
          "uv": [
            13.33333,
            0,
            10.66667,
            0
          ],
          "texture": "#0"
        }
      }
    }
  ]
}