{
  "display": {
    "firstperson_righthand": {
      "rotation": [
        0,
        0,
        11
      ]
    },
    "firstperson_lefthand": {
      "rotation": [
        0,
        0,
        11
      ]
    },
    "ground": {
      "scale": [
        0.6,
        0.6,
        0.6
      ]
    },
    "gui": {
      "rotation": [
        34,
        -135,
        1
      ],
      "scale": [
        0.8,
        0.8,
        0.8
      ]
    },
    "head": {
      "translation": [
        0,
        0,
        -0.5
      ],
      "scale": [
        2,
        2,
        2
      ]
    },
    "fixed": {
      "scale": [
        0.6,
        0.6,
        0.6
      ]
    }
  },
  "texture_size": [
    48,
    48
  ],
  "textures": {
    "0": "cosmetics:custom/hats/watermelon_hat",
    "particle": "cosmetics:custom/hats/watermelon_hat"
  },
  "elements": [
    {
      "from": [
        3.5,
        8,
        3.5
      ],
      "to": [
        12.5,
        13,
        12.5
      ],
      "rotation": {
        "angle": 22.5,
        "axis": "x",
        "origin": [
          8,
          8,
          8
        ]
      },
      "faces": {
        "north": {
          "uv": [
            3,
            3,
            6,
            4.66667
          ],
          "texture": "#0"
        },
        "east": {
          "uv": [
            0,
            3,
            3,
            4.66667
          ],
          "texture": "#0"
        },
        "south": {
          "uv": [
            9,
            3,
            12,
            4.66667
          ],
          "texture": "#0"
        },
        "west": {
          "uv": [
            6,
            3,
            9,
            4.66667
          ],
          "texture": "#0"
        },
        "up": {
          "uv": [
            6,
            3,
            3,
            0
          ],
          "texture": "#0"
        },
        "down": {
          "uv": [
            9,
            0,
            6,
            3
          ],
          "texture": "#0"
        }
      }
    }
  ]
}