{
  "display": {
    "thirdperson_righthand": {
      "scale": [
        0.91,
        0.91,
        0.91
      ]
    },
    "thirdperson_lefthand": {
      "scale": [
        0.91,
        0.91,
        0.91
      ]
    },
    "firstperson_righthand": {
      "rotation": [
        0,
        0,
        11
      ]
    },
    "firstperson_lefthand": {
      "rotation": [
        0,
        0,
        11
      ]
    },
    "ground": {
      "scale": [
        0.6,
        0.6,
        0.6
      ]
    },
    "gui": {
      "rotation": [
        34,
        -120,
        0
      ],
      "translation": [
        0,
        -3,
        0
      ],
      "scale": [
        0.8,
        0.8,
        0.8
      ]
    },
    "head": {
      "translation": [
        0,
        0.75,
        0
      ],
      "scale": [
        1.8,
        1.8,
        1.8
      ]
    },
    "fixed": {
      "scale": [
        0.6,
        0.6,
        0.6
      ]
    }
  },
  "texture_size": [
    64,
    64
  ],
  "textures": {
    "0": "cosmetics:custom/hats/witch_hat_blue",
    "particle": "cosmetics:custom/hats/witch_hat_blue"
  },
  "elements": [
    {
      "from": [
        3.99,
        11.24,
        -1.01
      ],
      "to": [
        12.01,
        15.26,
        9.01
      ],
      "rotation": {
        "angle": 22.5,
        "axis": "x",
        "origin": [
          0,
          0,
          0
        ]
      },
      "faces": {
        "north": {
          "uv": [
            2.5,
            6.25,
            4.5,
            7.25
          ],
          "texture": "#0"
        },
        "east": {
          "uv": [
            0,
            6.25,
            2.5,
            7.25
          ],
          "texture": "#0"
        },
        "south": {
          "uv": [
            7,
            6.25,
            9,
            7.25
          ],
          "texture": "#0"
        },
        "west": {
          "uv": [
            4.5,
            6.25,
            7,
            7.25
          ],
          "texture": "#0"
        },
        "up": {
          "uv": [
            4.5,
            6.25,
            2.5,
            3.75
          ],
          "texture": "#0"
        },
        "down": {
          "uv": [
            6.5,
            3.75,
            4.5,
            6.25
          ],
          "texture": "#0"
        }
      }
    },
    {
      "from": [
        4.99,
        2.54702,
        10.66274
      ],
      "to": [
        11.01,
        9.56702,
        17.68274
      ],
      "rotation": {
        "angle": -22.5,
        "axis": "x",
        "origin": [
          1,
          -2.44298,
          -4.57726
        ]
      },
      "faces": {
        "north": {
          "uv": [
            1.75,
            9,
            3.25,
            10.75
          ],
          "texture": "#0"
        },
        "east": {
          "uv": [
            0,
            9,
            1.75,
            10.75
          ],
          "texture": "#0"
        },
        "south": {
          "uv": [
            5,
            9,
            6.5,
            10.75
          ],
          "texture": "#0"
        },
        "west": {
          "uv": [
            3.25,
            9,
            5,
            10.75
          ],
          "texture": "#0"
        },
        "up": {
          "uv": [
            3.25,
            9,
            1.75,
            7.25
          ],
          "texture": "#0"
        },
        "down": {
          "uv": [
            4.75,
            7.25,
            3.25,
            9
          ],
          "texture": "#0"
        }
      }
    },
    {
      "from": [
        5.99,
        12.15135,
        11.39227
      ],
      "to": [
        10.01,
        17.17135,
        15.41227
      ],
      "rotation": {
        "angle": 0,
        "axis": "y",
        "origin": [
          0,
          6.16135,
          -10.59773
        ]
      },
      "faces": {
        "north": {
          "uv": [
            7.5,
            4.75,
            8.5,
            6
          ],
          "texture": "#0"
        },
        "east": {
          "uv": [
            6.5,
            4.75,
            7.5,
            6
          ],
          "texture": "#0"
        },
        "south": {
          "uv": [
            9.5,
            4.75,
            10.5,
            6
          ],
          "texture": "#0"
        },
        "west": {
          "uv": [
            8.5,
            4.75,
            9.5,
            6
          ],
          "texture": "#0"
        },
        "up": {
          "uv": [
            8.5,
            4.75,
            7.5,
            3.75
          ],
          "texture": "#0"
        },
        "down": {
          "uv": [
            9.5,
            3.75,
            8.5,
            4.75
          ],
          "texture": "#0"
        }
      }
    },
    {
      "from": [
        8,
        22.96494,
        12.09581
      ],
      "to": [
        8,
        27.71494,
        15.84581
      ],
      "rotation": {
        "angle": 22.5,
        "axis": "x",
        "origin": [
          0,
          14.71494,
          -12.90419
        ]
      },
      "faces": {
        "north": {
          "uv": [
            0.75,
            0.75,
            0.75,
            1.75
          ],
          "texture": "#0"
        },
        "east": {
          "uv": [
            0,
            0.75,
            0.75,
            1.75
          ],
          "texture": "#0"
        },
        "south": {
          "uv": [
            1.5,
            0.75,
            1.5,
            1.75
          ],
          "texture": "#0"
        },
        "west": {
          "uv": [
            0.75,
            0.75,
            1.5,
            1.75
          ],
          "texture": "#0"
        },
        "up": {
          "uv": [
            0.75,
            0.75,
            0.75,
            0
          ],
          "texture": "#0"
        },
        "down": {
          "uv": [
            0.75,
            0,
            0.75,
            0.75
          ],
          "texture": "#0"
        }
      }
    },
    {
      "from": [
        0.999,
        11.249,
        -3.751
      ],
      "to": [
        15.001,
        11.251,
        11.251
      ],
      "rotation": {
        "angle": 22.5,
        "axis": "x",
        "origin": [
          0,
          0,
          0
        ]
      },
      "faces": {
        "north": {
          "uv": [
            3.75,
            3.75,
            7.25,
            3.75
          ],
          "texture": "#0"
        },
        "east": {
          "uv": [
            0,
            3.75,
            3.75,
            3.75
          ],
          "texture": "#0"
        },
        "south": {
          "uv": [
            11,
            3.75,
            14.5,
            3.75
          ],
          "texture": "#0"
        },
        "west": {
          "uv": [
            7.25,
            3.75,
            11,
            3.75
          ],
          "texture": "#0"
        },
        "up": {
          "uv": [
            7.25,
            3.75,
            3.75,
            0
          ],
          "texture": "#0"
        },
        "down": {
          "uv": [
            7.25,
            0,
            3.75,
            3.75
          ],
          "texture": "#0"
        }
      }
    }
  ],
  "gui_light": "front"
}