{
  "credit": "Made with Blockbench",
  "texture_size": [
    64,
    64
  ],
  "textures": {
    "0": "cosmetics:custom/cosmetics/hats/starwars/stormtrooper_helmet",
    "particle": "cosmetics:custom/cosmetics/hats/starwars/stormtrooper_helmet"
  },
  "elements": [
    {
      "from": [
        3.5,
        0,
        3.5
      ],
      "to": [
        12.5,
        10,
        12.5
      ],
      "faces": {
        "north": {
          "uv": [
            0,
            0,
            2.25,
            2.5
          ],
          "texture": "#0"
        },
        "east": {
          "uv": [
            4.5,
            0,
            2.25,
            2.5
          ],
          "texture": "#0"
        },
        "south": {
          "uv": [
            4.5,
            0,
            6.75,
            2.5
          ],
          "texture": "#0"
        },
        "west": {
          "uv": [
            2.25,
            0,
            4.5,
            2.5
          ],
          "texture": "#0"
        },
        "up": {
          "uv": [
            5.5,
            2.5,
            7.75,
            4.75
          ],
          "rotation": 180,
          "texture": "#0"
        },
        "down": {
          "uv": [
            3.75,
            3.5,
            4.5,
            3.5
          ],
          "texture": "#0"
        }
      }
    },
    {
      "from": [
        2.5,
        -3.5,
        2
      ],
      "to": [
        13.5,
        -0.5,
        13
      ],
      "rotation": {
        "angle": -22.5,
        "axis": "x",
        "origin": [
          0,
          0,
          0
        ]
      },
      "faces": {
        "north": {
          "uv": [
            0,
            6,
            2.75,
            6.75
          ],
          "texture": "#0"
        },
        "east": {
          "uv": [
            5.5,
            5.25,
            2.75,
            6
          ],
          "texture": "#0"
        },
        "south": {
          "uv": [
            0,
            2.5,
            2.75,
            3.25
          ],
          "texture": "#0"
        },
        "west": {
          "uv": [
            2.75,
            5.25,
            5.5,
            6
          ],
          "texture": "#0"
        },
        "up": {
          "uv": [
            0,
            3.25,
            2.75,
            6
          ],
          "rotation": 180,
          "texture": "#0"
        },
        "down": {
          "uv": [
            2.75,
            2.5,
            5.5,
            5.25
          ],
          "texture": "#0"
        }
      }
    },
    {
      "from": [
        3.5,
        0,
        3.5
      ],
      "to": [
        12.5,
        10,
        12.5
      ],
      "faces": {
        "north": {
          "uv": [
            0,
            6.75,
            2.25,
            9.25
          ],
          "texture": "#0",
          "tintindex": 0
        },
        "south": {
          "uv": [
            4.5,
            6.75,
            6.75,
            9.25
          ],
          "texture": "#0",
          "tintindex": 0
        },
        "up": {
          "uv": [
            5.5,
            9.25,
            7.75,
            11.5
          ],
          "rotation": 180,
          "texture": "#0",
          "tintindex": 0
        }
      }
    },
    {
      "from": [
        2.5,
        -3.5,
        2
      ],
      "to": [
        13.5,
        -0.5,
        13
      ],
      "rotation": {
        "angle": -22.5,
        "axis": "x",
        "origin": [
          0,
          0,
          0
        ]
      },
      "faces": {
        "north": {
          "uv": [
            0,
            12.75,
            2.75,
            13.5
          ],
          "texture": "#0",
          "tintindex": 0
        },
        "east": {
          "uv": [
            5.5,
            12,
            2.75,
            12.75
          ],
          "texture": "#0",
          "tintindex": 0
        },
        "south": {
          "uv": [
            0,
            9.25,
            2.75,
            10
          ],
          "texture": "#0",
          "tintindex": 0
        },
        "west": {
          "uv": [
            2.75,
            12,
            5.5,
            12.75
          ],
          "texture": "#0",
          "tintindex": 0
        },
        "up": {
          "uv": [
            0,
            10,
            2.75,
            12.75
          ],
          "rotation": 180,
          "texture": "#0",
          "tintindex": 0
        },
        "down": {
          "uv": [
            2.75,
            9.25,
            5.5,
            12
          ],
          "texture": "#0",
          "tintindex": 0
        }
      }
    }
  ],
  "display": {
    "thirdperson_righthand": {
      "rotation": [
        90,
        0,
        0
      ],
      "translation": [
        -1,
        -2,
        17.55859
      ],
      "scale": [
        1.00195,
        1.00195,
        1.00195
      ]
    },
    "gui": {
      "rotation": [
        30,
        135,
        0
      ],
      "translation": [
        0.25,
        3.75,
        0
      ],
      "scale": [
        0.88,
        0.88,
        0.88
      ]
    },
    "head": {
      "translation": [
        0,
        6.5,
        0
      ],
      "scale": [
        1.71,
        1.71,
        1.71
      ]
    }
  },
  "groups": [
    0,
    1,
    {
      "name": "group",
      "origin": [
        0,
        0,
        0
      ],
      "color": 0,
      "children": [
        2,
        3
      ]
    }
  ]
}