{
 "nes.level0.lights_ambient": {
  "sounds": [
   "sounds:custom/bacteria/lights_ambient"
  ],
  "stream": true,
  "is3D": true
 },
 "nes.level0.lights_on": {
  "sounds": [
   "sounds:custom/bacteria/lights_on"
  ],
  "stream": true,
  "is3D": true
 },
 "nes.level0.lights_on_old": {
  "sounds": [
   "sounds:custom/bacteria/lights_on_old"
  ],
  "stream": true,
  "is3D": true
 },
 "nes.level0.dark_wind": {
  "sounds": [
   "sounds:custom/bacteria/dark_wind"
  ],
  "stream": true,
  "is3D": true
 },
 "nes.level0.haunt_jumpscare": {
  "sounds": [
   "sounds:custom/bacteria/haunt_jumpscare"
  ],
  "stream": true,
  "is3D": true
 },
 "nes.level0.rushing_steps": {
  "sounds": [
   "sounds:custom/bacteria/rushing_steps"
  ],
  "stream": true,
  "is3D": true
 },
 "nes.level0.possesed_laugh": {
  "sounds": [
   "sounds:custom/bacteria/possesed_laugh"
  ],
  "stream": true,
  "is3D": true
 },
 "nes.level0.bacteria_growl": {
  "sounds": [
   "sounds:custom/bacteria/bacteria_growl1",
   "sounds:custom/bacteria/bacteria_growl2",
   "sounds:custom/bacteria/bacteria_growl3"
  ],
  "stream": true,
  "is3D": true
 },
 "nes.level0.bacteria_found": {
  "sounds": [
   "sounds:custom/bacteria/bacteria_found"
  ],
  "stream": true,
  "is3D": true
 },
 "nes.level0.bacteria_kill_mono": {
  "sounds": [
   "sounds:custom/bacteria/bacteria_kill_mono"
  ],
  "stream": true,
  "is3D": true
 },
 "nes.level0.bacteria_kill_stereo": {
  "sounds": [
   "sounds:custom/bacteria/bacteria_kill_stereo"
  ],
  "stream": true,
  "is3D": true
 },
 "nes.level0.loud_scream": {
  "sounds": [
   "sounds:custom/bacteria/loud_scream"
  ],
  "stream": true,
  "is3D": true
 },
 "nes.level0.noclip": {
  "sounds": [
   "sounds:custom/bacteria/noclip"
  ],
  "stream": true,
  "is3D": true
 },
 "nes.level0.night_cricket_ambient": {
  "sounds": [
   "sounds:custom/bacteria/night_cricket_ambient"
  ],
  "stream": true,
  "is3D": true
 },
 "nes.level0.train_stop": {
  "sounds": [
   "sounds:custom/bacteria/train_stop"
  ],
  "stream": true,
  "is3D": true
 },
 "nes.level0.train_chime": {
  "sounds": [
   "sounds:custom/bacteria/train_chime"
  ],
  "stream": true,
  "is3D": true
 }
}