{"textures":{"0":"modelengine:entity/dragonskrill"},"elements":[{"from":[5.024296,9.933588,-4.0635195],"to":[10.932239,12.543625,0.2865405],"rotation":{"angle":-22.5,"axis":"x","origin":[12.056921,5.539379,3.954453]},"faces":{"east":{"uv":[9.0,6.625,9.140625,6.71875],"rotation":0,"texture":"#0","tintindex":0},"south":{"uv":[9.0,1.625,9.203125,1.71875],"rotation":0,"texture":"#0","tintindex":0},"north":{"uv":[9.0,1.53125,9.203125,1.625],"rotation":0,"texture":"#0","tintindex":0},"west":{"uv":[0.65625,9.03125,0.796875,9.125],"rotation":0,"texture":"#0","tintindex":0},"up":{"uv":[1.203125,9.109375,1.0,8.96875],"rotation":0,"texture":"#0","tintindex":0},"down":{"uv":[1.421875,8.96875,1.21875,9.109375],"rotation":0,"texture":"#0","tintindex":0}}},{"from":[6.274666,7.2919817,-6.1113358],"to":[9.681869,11.859545,-2.9794989],"rotation":{"angle":0.0,"axis":"y","origin":[10.669616,9.177155,-3.5025043]},"faces":{"east":{"uv":[5.34375,8.625,5.453125,8.78125],"rotation":0,"texture":"#0","tintindex":0},"south":{"uv":[5.71875,8.96875,5.828125,9.125],"rotation":0,"texture":"#0","tintindex":0},"north":{"uv":[7.46875,7.96875,7.578125,8.125],"rotation":0,"texture":"#0","tintindex":0},"west":{"uv":[9.0,4.6875,9.109375,4.84375],"rotation":0,"texture":"#0","tintindex":0},"up":{"uv":[2.859375,9.140625,2.75,9.03125],"rotation":0,"texture":"#0","tintindex":0},"down":{"uv":[9.140625,3.0,9.03125,3.109375],"rotation":0,"texture":"#0","tintindex":0}}},{"from":[6.9271746,10.657003,-6.569605],"to":[9.02936,12.832033,-4.336712],"rotation":{"angle":22.5,"axis":"x","origin":[10.669616,9.177155,-3.7853613]},"faces":{"east":{"uv":[5.1875,7.875,5.265625,7.953125],"rotation":0,"texture":"#0","tintindex":0},"south":{"uv":[5.5,2.625,5.5625,2.703125],"rotation":0,"texture":"#0","tintindex":0},"north":{"uv":[5.5,2.53125,5.5625,2.609375],"rotation":0,"texture":"#0","tintindex":0},"west":{"uv":[2.875,9.03125,2.953125,9.109375],"rotation":0,"texture":"#0","tintindex":0},"up":{"uv":[6.21875,7.671875,6.15625,7.59375],"rotation":0,"texture":"#0","tintindex":0},"down":{"uv":[7.59375,7.71875,7.53125,7.796875],"rotation":0,"texture":"#0","tintindex":0}}},{"from":[7.144678,11.257126,-7.6898403],"to":[8.811857,13.432156,-5.9862394],"rotation":{"angle":45.0,"axis":"x","origin":[10.669616,8.988583,-3.9739332]},"faces":{"east":{"uv":[7.03125,7.84375,7.09375,7.921875],"rotation":0,"texture":"#0","tintindex":0},"south":{"uv":[3.40625,8.0,3.46875,8.078125],"rotation":0,"texture":"#0","tintindex":0},"north":{"uv":[7.53125,7.8125,7.59375,7.890625],"rotation":0,"texture":"#0","tintindex":0},"west":{"uv":[7.53125,8.125,7.59375,8.203125],"rotation":0,"texture":"#0","tintindex":0},"up":{"uv":[5.5625,2.78125,5.5,2.71875],"rotation":0,"texture":"#0","tintindex":0},"down":{"uv":[7.59375,7.90625,7.53125,7.96875],"rotation":0,"texture":"#0","tintindex":0}}},{"from":[-0.5291977,6.2504454,1.156817],"to":[1.8633361,8.642979,3.5493503],"rotation":{"angle":-45.0,"axis":"y","origin":[9.52083,3.8124375,4.9173784]},"faces":{"east":{"uv":[4.46875,9.09375,4.546875,9.171875],"rotation":0,"texture":"#0","tintindex":0},"south":{"uv":[9.09375,6.25,9.171875,6.328125],"rotation":0,"texture":"#0","tintindex":0},"north":{"uv":[2.15625,9.09375,2.234375,9.171875],"rotation":0,"texture":"#0","tintindex":0},"west":{"uv":[6.6875,9.09375,6.765625,9.171875],"rotation":0,"texture":"#0","tintindex":0},"up":{"uv":[6.859375,9.171875,6.78125,9.09375],"rotation":0,"texture":"#0","tintindex":0},"down":{"uv":[6.953125,9.09375,6.875,9.171875],"rotation":0,"texture":"#0","tintindex":0}}},{"from":[5.036553,4.9493027,-6.2124863],"to":[10.919982,8.035288,3.289864],"rotation":{"angle":0.0,"axis":"y","origin":[11.824036,5.539379,3.954453]},"faces":{"east":{"uv":[8.8125,7.15625,9.125,7.265625],"rotation":0,"texture":"#0","tintindex":0},"south":{"uv":[9.0,0.71875,9.1875,0.828125],"rotation":0,"texture":"#0","tintindex":0},"north":{"uv":[0.46875,9.0,0.65625,9.109375],"rotation":0,"texture":"#0","tintindex":0},"west":{"uv":[8.8125,7.65625,9.125,7.765625],"rotation":0,"texture":"#0","tintindex":0},"up":{"uv":[3.15625,8.9375,2.96875,8.625],"rotation":0,"texture":"#0","tintindex":0},"down":{"uv":[8.8125,3.0,8.625,3.3125],"rotation":0,"texture":"#0","tintindex":0}}},{"from":[4.570077,6.5466294,2.1959138],"to":[11.386458,11.794587,6.636064],"rotation":{"angle":-22.5,"axis":"x","origin":[11.872359,8.439608,11.333253]},"faces":{"east":{"uv":[9.0,0.0,9.140625,0.171875],"rotation":0,"texture":"#0","tintindex":0},"south":{"uv":[8.8125,3.0,9.03125,3.171875],"rotation":0,"texture":"#0","tintindex":0},"north":{"uv":[2.375,8.8125,2.59375,8.984375],"rotation":0,"texture":"#0","tintindex":0},"west":{"uv":[0.15625,9.0,0.296875,9.171875],"rotation":0,"texture":"#0","tintindex":0},"up":{"uv":[9.09375,8.921875,8.875,8.78125],"rotation":0,"texture":"#0","tintindex":0},"down":{"uv":[6.6875,8.90625,6.46875,9.046875],"rotation":0,"texture":"#0","tintindex":0}}},{"from":[4.063213,12.797098,7.873688],"to":[11.893322,13.389772,16.36093],"rotation":{"angle":-22.5,"axis":"x","origin":[11.013287,10.967436,10.344387]},"faces":{"east":{"uv":[9.09375,8.875,9.375,8.890625],"rotation":0,"texture":"#0","tintindex":0},"south":{"uv":[0.9375,9.125,1.203125,9.140625],"rotation":0,"texture":"#0","tintindex":0},"north":{"uv":[0.46875,9.125,0.734375,9.140625],"rotation":0,"texture":"#0","tintindex":0},"west":{"uv":[9.09375,8.90625,9.375,8.921875],"rotation":0,"texture":"#0","tintindex":0},"up":{"uv":[3.390625,8.40625,3.125,8.125],"rotation":0,"texture":"#0","tintindex":0},"down":{"uv":[6.859375,8.125,6.59375,8.40625],"rotation":0,"texture":"#0","tintindex":0}}},{"from":[9.879815,3.5172873,7.0475636],"to":[16.37567,12.259888,8.074845],"rotation":{"angle":-45.0,"axis":"y","origin":[10.75985,9.848986,9.4699]},"faces":{"east":{"uv":[6.15625,7.28125,6.1875,7.578125],"rotation":0,"texture":"#0","tintindex":0},"south":{"uv":[2.1875,8.3125,2.40625,8.609375],"rotation":0,"texture":"#0","tintindex":0},"north":{"uv":[1.96875,8.3125,2.1875,8.609375],"rotation":0,"texture":"#0","tintindex":0},"west":{"uv":[6.1875,7.28125,6.21875,7.578125],"rotation":0,"texture":"#0","tintindex":0},"up":{"uv":[0.9375,8.21875,0.71875,8.1875],"rotation":0,"texture":"#0","tintindex":0},"down":{"uv":[9.3125,2.90625,9.09375,2.9375],"rotation":0,"texture":"#0","tintindex":0}}},{"from":[-0.41913414,3.5172873,7.0475636],"to":[6.0767193,12.259888,8.074845],"rotation":{"angle":45.0,"axis":"y","origin":[5.196685,9.848986,9.4699]},"faces":{"east":{"uv":[5.625,7.96875,5.65625,8.265625],"rotation":0,"texture":"#0","tintindex":0},"south":{"uv":[2.90625,8.3125,3.125,8.609375],"rotation":0,"texture":"#0","tintindex":0},"north":{"uv":[2.6875,8.3125,2.90625,8.609375],"rotation":0,"texture":"#0","tintindex":0},"west":{"uv":[6.875,8.125,6.90625,8.421875],"rotation":0,"texture":"#0","tintindex":0},"up":{"uv":[9.3125,5.5625,9.09375,5.53125],"rotation":0,"texture":"#0","tintindex":0},"down":{"uv":[9.3125,5.5625,9.09375,5.59375],"rotation":0,"texture":"#0","tintindex":0}}},{"from":[4.1061134,8.012987,6.0972095],"to":[11.850422,12.738865,10.823087],"rotation":{"angle":-45.0,"axis":"x","origin":[11.013288,8.047185,9.557106]},"faces":{"east":{"uv":[8.34375,8.96875,8.5,9.125],"rotation":0,"texture":"#0","tintindex":0},"south":{"uv":[1.25,8.8125,1.5,8.96875],"rotation":0,"texture":"#0","tintindex":0},"north":{"uv":[1.0,8.8125,1.25,8.96875],"rotation":0,"texture":"#0","tintindex":0},"west":{"uv":[0.0,9.0,0.15625,9.15625],"rotation":0,"texture":"#0","tintindex":0},"up":{"uv":[1.84375,8.96875,1.59375,8.8125],"rotation":0,"texture":"#0","tintindex":0},"down":{"uv":[9.0625,2.0,8.8125,2.15625],"rotation":0,"texture":"#0","tintindex":0}}},{"from":[14.093199,6.2504454,1.156817],"to":[16.485733,8.642979,3.5493503],"rotation":{"angle":45.0,"axis":"y","origin":[6.435704,3.8124375,4.9173784]},"faces":{"east":{"uv":[7.0625,9.09375,7.140625,9.171875],"rotation":0,"texture":"#0","tintindex":0},"south":{"uv":[9.09375,7.40625,9.171875,7.484375],"rotation":0,"texture":"#0","tintindex":0},"north":{"uv":[6.96875,9.09375,7.046875,9.171875],"rotation":0,"texture":"#0","tintindex":0},"west":{"uv":[9.09375,7.5,9.171875,7.578125],"rotation":0,"texture":"#0","tintindex":0},"up":{"uv":[9.171875,7.953125,9.09375,7.875],"rotation":0,"texture":"#0","tintindex":0},"down":{"uv":[9.171875,8.15625,9.09375,8.234375],"rotation":0,"texture":"#0","tintindex":0}}},{"from":[5.3036666,3.9558682,-6.255603],"to":[10.652868,5.9919024,5.740954],"rotation":{"angle":0.0,"axis":"y","origin":[10.494841,-4.0493402,9.178668]},"faces":{"east":{"uv":[8.96875,6.5,9.359375,6.5625],"rotation":0,"texture":"#0","tintindex":0},"south":{"uv":[7.03125,9.03125,7.203125,9.09375],"rotation":0,"texture":"#0","tintindex":0},"north":{"uv":[6.84375,9.03125,7.015625,9.09375],"rotation":0,"texture":"#0","tintindex":0},"west":{"uv":[8.96875,6.5625,9.359375,6.625],"rotation":0,"texture":"#0","tintindex":0},"up":{"uv":[1.296875,8.578125,1.125,8.1875],"rotation":0,"texture":"#0","tintindex":0},"down":{"uv":[1.484375,8.1875,1.3125,8.578125],"rotation":0,"texture":"#0","tintindex":0}}},{"from":[3.9484558,2.2790017,1.3901491],"to":[12.00808,5.9513826,4.8032613],"rotation":{"angle":-22.5,"axis":"x","origin":[11.170944,11.501381,9.178668]},"faces":{"east":{"uv":[9.0,4.96875,9.109375,5.09375],"rotation":0,"texture":"#0","tintindex":0},"south":{"uv":[8.0,8.8125,8.265625,8.9375],"rotation":0,"texture":"#0","tintindex":0},"north":{"uv":[7.71875,8.8125,7.984375,8.9375],"rotation":0,"texture":"#0","tintindex":0},"west":{"uv":[5.84375,9.0,5.953125,9.125],"rotation":0,"texture":"#0","tintindex":0},"up":{"uv":[9.203125,8.703125,8.9375,8.59375],"rotation":0,"texture":"#0","tintindex":0},"down":{"uv":[9.140625,8.9375,8.875,9.046875],"rotation":0,"texture":"#0","tintindex":0}}},{"from":[5.174967,1.686274,0.09359741],"to":[10.781569,5.0093083,5.3977537],"rotation":{"angle":0.0,"axis":"y","origin":[10.451941,10.011516,8.835467]},"faces":{"east":{"uv":[9.0,4.0625,9.171875,4.171875],"rotation":0,"texture":"#0","tintindex":0},"south":{"uv":[9.0,0.96875,9.1875,1.078125],"rotation":0,"texture":"#0","tintindex":0},"north":{"uv":[9.0,0.84375,9.1875,0.953125],"rotation":0,"texture":"#0","tintindex":0},"west":{"uv":[9.0,4.1875,9.171875,4.296875],"rotation":0,"texture":"#0","tintindex":0},"up":{"uv":[5.65625,8.578125,5.46875,8.40625],"rotation":0,"texture":"#0","tintindex":0},"down":{"uv":[6.03125,8.8125,5.84375,8.984375],"rotation":0,"texture":"#0","tintindex":0}}},{"from":[5.030424,0.42638302,-8.040091],"to":[10.92611,4.993946,-6.177495],"rotation":{"angle":22.5,"axis":"x","origin":[12.049231,2.1430182,2.852656]},"faces":{"east":{"uv":[5.5,2.21875,5.5625,2.375],"rotation":0,"texture":"#0","tintindex":0},"south":{"uv":[8.875,7.875,9.078125,8.03125],"rotation":0,"texture":"#0","tintindex":0},"north":{"uv":[7.34375,8.875,7.546875,9.03125],"rotation":0,"texture":"#0","tintindex":0},"west":{"uv":[5.5,2.375,5.5625,2.53125],"rotation":0,"texture":"#0","tintindex":0},"up":{"uv":[9.203125,5.15625,9.0,5.09375],"rotation":0,"texture":"#0","tintindex":0},"down":{"uv":[2.234375,9.03125,2.03125,9.09375],"rotation":0,"texture":"#0","tintindex":0}}},{"from":[4.486207,-1.19413,9.190237],"to":[11.470327,2.9870443,14.079967],"rotation":{"angle":22.5,"axis":"x","origin":[10.850696,6.940734,16.378155]},"faces":{"east":{"uv":[0.3125,9.0,0.46875,9.140625],"rotation":0,"texture":"#0","tintindex":0},"south":{"uv":[0.0,8.84375,0.234375,8.984375],"rotation":0,"texture":"#0","tintindex":0},"north":{"uv":[8.28125,8.8125,8.515625,8.953125],"rotation":0,"texture":"#0","tintindex":0},"west":{"uv":[9.0,0.3125,9.15625,0.453125],"rotation":0,"texture":"#0","tintindex":0},"up":{"uv":[5.578125,8.96875,5.34375,8.8125],"rotation":0,"texture":"#0","tintindex":0},"down":{"uv":[5.828125,8.8125,5.59375,8.96875],"rotation":0,"texture":"#0","tintindex":0}}}],"display":{"head":{"translation":[0.0,-6.4,0.0],"scale":[4.0,4.0,4.0]}}}