{"textures":{"0":"modelengine:entity/dragonskrill"},"elements":[{"from":[8.612347,7.5446,9.9838505],"to":[20.254747,8.4554,11.48865],"rotation":{"angle":22.5,"axis":"y","origin":[4.973382,8.0,14.715657]},"faces":{"east":{"uv":[8.9375,9.0625,8.8125,9.140625],"rotation":0,"texture":"#0","tintindex":0},"south":{"uv":[9.265625,1.71875,8.34375,1.796875],"rotation":0,"texture":"#0","tintindex":0},"north":{"uv":[0.921875,8.3125,0.0,8.390625],"rotation":0,"texture":"#0","tintindex":0},"west":{"uv":[8.8125,9.0625,8.6875,9.140625],"rotation":0,"texture":"#0","tintindex":0},"up":{"uv":[7.71875,6.09375,8.640625,5.96875],"rotation":0,"texture":"#0","tintindex":0},"down":{"uv":[7.71875,6.09375,8.640625,6.21875],"rotation":0,"texture":"#0","tintindex":0}}},{"from":[2.0646687,7.6238,9.534297],"to":[3.411069,8.3762,20.384697],"rotation":{"angle":-45.0,"axis":"y","origin":[4.973382,8.0,14.715657]},"faces":{"east":{"uv":[9.515625,6.03125,8.65625,6.09375],"rotation":0,"texture":"#0","tintindex":0},"south":{"uv":[5.234375,9.09375,5.125,9.15625],"rotation":0,"texture":"#0","tintindex":0},"north":{"uv":[4.921875,9.09375,4.8125,9.15625],"rotation":0,"texture":"#0","tintindex":0},"west":{"uv":[6.890625,8.65625,6.03125,8.71875],"rotation":0,"texture":"#0","tintindex":0},"up":{"uv":[1.71875,8.796875,1.828125,7.9375],"rotation":0,"texture":"#0","tintindex":0},"down":{"uv":[1.84375,7.9375,1.953125,8.796875],"rotation":0,"texture":"#0","tintindex":0}}},{"from":[0.26626205,7.7228,18.47255],"to":[1.3354626,8.2772,28.53095],"rotation":{"angle":-22.5,"axis":"y","origin":[4.973382,8.0,14.715657]},"faces":{"east":{"uv":[9.609375,6.96875,8.8125,7.015625],"rotation":0,"texture":"#0","tintindex":0},"south":{"uv":[2.734375,9.125,2.65625,9.171875],"rotation":0,"texture":"#0","tintindex":0},"north":{"uv":[2.640625,9.125,2.5625,9.171875],"rotation":0,"texture":"#0","tintindex":0},"west":{"uv":[9.609375,6.90625,8.8125,6.953125],"rotation":0,"texture":"#0","tintindex":0},"up":{"uv":[3.96875,9.140625,4.046875,8.34375],"rotation":0,"texture":"#0","tintindex":0},"down":{"uv":[4.0625,8.34375,4.140625,9.140625],"rotation":0,"texture":"#0","tintindex":0}}},{"from":[-16.0,7.9604,10.418],"to":[19.164799,8.0396,32.0],"rotation":{"angle":22.5,"axis":"y","origin":[4.973382,8.0,14.715657]},"faces":{"east":{"uv":[10.640625,7.78125,8.9375,7.796875],"rotation":0,"texture":"#0","tintindex":0},"south":{"uv":[11.4375,8.53125,8.65625,8.546875],"rotation":0,"texture":"#0","tintindex":0},"north":{"uv":[11.4375,8.5,8.65625,8.515625],"rotation":0,"texture":"#0","tintindex":0},"west":{"uv":[10.640625,2.96875,8.9375,2.984375],"rotation":0,"texture":"#0","tintindex":0},"up":{"uv":[5.5625,3.421875,8.34375,1.71875],"rotation":0,"texture":"#0","tintindex":0},"down":{"uv":[0.0,6.21875,2.78125,7.921875],"rotation":0,"texture":"#0","tintindex":0}}}],"display":{"head":{"translation":[-37.972397,-6.4,8.985161],"scale":[4.0,4.0,4.0]}}}