{"textures":{"0":"modelengine:entity/dragonskrill"},"elements":[{"from":[-9.434002,13.2624,5.73456],"to":[3.8715992,14.303314,7.454332],"rotation":{"angle":-22.5,"axis":"y","origin":[8.030415,13.782858,11.14234]},"faces":{"east":{"uv":[8.6875,9.0625,8.8125,9.140625],"rotation":0,"texture":"#0","tintindex":0},"south":{"uv":[8.34375,1.71875,9.265625,1.796875],"rotation":0,"texture":"#0","tintindex":0},"north":{"uv":[0.0,8.3125,0.921875,8.390625],"rotation":0,"texture":"#0","tintindex":0},"west":{"uv":[8.8125,9.0625,8.9375,9.140625],"rotation":0,"texture":"#0","tintindex":0},"up":{"uv":[8.640625,6.09375,7.71875,5.96875],"rotation":0,"texture":"#0","tintindex":0},"down":{"uv":[8.640625,6.09375,7.71875,6.21875],"rotation":0,"texture":"#0","tintindex":0}}},{"from":[9.815916,13.352915,5.220785],"to":[11.354658,14.212801,17.621243],"rotation":{"angle":45.0,"axis":"y","origin":[8.030415,13.782858,11.14234]},"faces":{"east":{"uv":[6.03125,8.65625,6.890625,8.71875],"rotation":0,"texture":"#0","tintindex":0},"south":{"uv":[5.125,9.09375,5.234375,9.15625],"rotation":0,"texture":"#0","tintindex":0},"north":{"uv":[4.8125,9.09375,4.921875,9.15625],"rotation":0,"texture":"#0","tintindex":0},"west":{"uv":[8.65625,6.03125,9.515625,6.09375],"rotation":0,"texture":"#0","tintindex":0},"up":{"uv":[1.828125,8.796875,1.71875,7.9375],"rotation":0,"texture":"#0","tintindex":0},"down":{"uv":[1.953125,7.9375,1.84375,8.796875],"rotation":0,"texture":"#0","tintindex":0}}},{"from":[12.188038,13.466058,15.435932],"to":[13.409983,14.099657,26.931248],"rotation":{"angle":22.5,"axis":"y","origin":[8.030415,13.782858,11.14234]},"faces":{"east":{"uv":[8.8125,6.90625,9.609375,6.953125],"rotation":0,"texture":"#0","tintindex":0},"south":{"uv":[2.65625,9.125,2.734375,9.171875],"rotation":0,"texture":"#0","tintindex":0},"north":{"uv":[2.5625,9.125,2.640625,9.171875],"rotation":0,"texture":"#0","tintindex":0},"west":{"uv":[8.8125,6.96875,9.609375,7.015625],"rotation":0,"texture":"#0","tintindex":0},"up":{"uv":[4.046875,9.140625,3.96875,8.34375],"rotation":0,"texture":"#0","tintindex":0},"down":{"uv":[4.140625,8.34375,4.0625,9.140625],"rotation":0,"texture":"#0","tintindex":0}}},{"from":[-8.188347,13.7376,6.2307315],"to":[32.0,13.8281145,30.895876],"rotation":{"angle":-22.5,"axis":"y","origin":[8.030415,13.782858,11.14234]},"faces":{"east":{"uv":[8.9375,2.96875,10.640625,2.984375],"rotation":0,"texture":"#0","tintindex":0},"south":{"uv":[8.65625,8.53125,11.4375,8.546875],"rotation":0,"texture":"#0","tintindex":0},"north":{"uv":[8.65625,8.5,11.4375,8.515625],"rotation":0,"texture":"#0","tintindex":0},"west":{"uv":[8.9375,7.78125,10.640625,7.796875],"rotation":0,"texture":"#0","tintindex":0},"up":{"uv":[8.34375,3.421875,5.5625,1.71875],"rotation":0,"texture":"#0","tintindex":0},"down":{"uv":[2.78125,6.21875,0.0,7.921875],"rotation":0,"texture":"#0","tintindex":0}}}],"display":{"head":{"translation":[99.70059,-6.4,0.0],"scale":[4.0,4.0,4.0]}}}