{"textures":{"0":"modelengine:entity/dragonskrill"},"elements":[{"from":[12.085029,10.2928,5.0038857],"to":[24.213943,11.695771,6.633143],"rotation":{"angle":45.0,"axis":"y","origin":[11.315658,10.745372,4.0987425]},"faces":{"east":{"uv":[5.0,9.03125,5.109375,9.125],"rotation":0,"texture":"#0","tintindex":0},"south":{"uv":[8.125,6.53125,8.96875,6.625],"rotation":0,"texture":"#0","tintindex":0},"north":{"uv":[8.125,6.4375,8.96875,6.53125],"rotation":0,"texture":"#0","tintindex":0},"west":{"uv":[7.21875,9.03125,7.328125,9.125],"rotation":0,"texture":"#0","tintindex":0},"up":{"uv":[1.5625,8.171875,0.71875,8.0625],"rotation":0,"texture":"#0","tintindex":0},"down":{"uv":[8.5625,8.0625,7.71875,8.171875],"rotation":0,"texture":"#0","tintindex":0}}},{"from":[23.422897,9.908114,-11.158651],"to":[26.40987,12.080458,-8.17168],"rotation":{"angle":-45.0,"axis":"y","origin":[17.018059,10.858515,-10.157257]},"faces":{"east":{"uv":[8.875,5.53125,9.078125,5.6875],"rotation":0,"texture":"#0","tintindex":0},"south":{"uv":[6.90625,8.875,7.109375,9.03125],"rotation":0,"texture":"#0","tintindex":0},"north":{"uv":[2.59375,8.84375,2.796875,9.0],"rotation":0,"texture":"#0","tintindex":0},"west":{"uv":[7.125,8.875,7.328125,9.03125],"rotation":0,"texture":"#0","tintindex":0},"up":{"uv":[6.234375,8.921875,6.03125,8.71875],"rotation":0,"texture":"#0","tintindex":0},"down":{"uv":[6.453125,8.71875,6.25,8.921875],"rotation":0,"texture":"#0","tintindex":0}}},{"from":[13.714286,10.755428,-2.8708582],"to":[23.761372,11.162743,15.684572],"rotation":{"angle":0.0,"axis":"y","origin":[18.73783,10.959085,6.406857]},"faces":{"east":{"uv":[8.75,5.90625,10.03125,5.9375],"rotation":0,"texture":"#0","tintindex":0},"south":{"uv":[9.0,0.625,9.6875,0.65625],"rotation":0,"texture":"#0","tintindex":0},"north":{"uv":[9.0,0.59375,9.6875,0.625],"rotation":0,"texture":"#0","tintindex":0},"west":{"uv":[8.75,5.9375,10.03125,5.96875],"rotation":0,"texture":"#0","tintindex":0},"up":{"uv":[7.59375,6.4375,6.90625,5.15625],"rotation":0,"texture":"#0","tintindex":0},"down":{"uv":[7.59375,6.4375,6.90625,7.71875],"rotation":0,"texture":"#0","tintindex":0}}},{"from":[18.929165,10.9264,-12.18685],"to":[23.726421,11.062172,-3.769021],"rotation":{"angle":22.5,"axis":"y","origin":[21.453259,10.971657,-5.3599997]},"faces":{"east":{"uv":[9.03125,7.625,9.609375,7.640625],"rotation":0,"texture":"#0","tintindex":0},"south":{"uv":[9.09375,8.78125,9.421875,8.796875],"rotation":0,"texture":"#0","tintindex":0},"north":{"uv":[9.09375,8.25,9.421875,8.265625],"rotation":0,"texture":"#0","tintindex":0},"west":{"uv":[9.0625,2.09375,9.640625,2.109375],"rotation":0,"texture":"#0","tintindex":0},"up":{"uv":[4.921875,7.859375,4.59375,7.28125],"rotation":0,"texture":"#0","tintindex":0},"down":{"uv":[5.265625,7.28125,4.9375,7.859375],"rotation":0,"texture":"#0","tintindex":0}}}],"display":{"head":{"translation":[0.0,-6.4,0.0],"scale":[4.0,4.0,4.0]}}}