{"textures":{"0":"modelengine:entity/dragonskrill"},"elements":[{"from":[30.778057,13.539129,12.564054],"to":[32.0,14.172729,24.059368],"rotation":{"angle":0.0,"axis":"y","origin":[26.79017,13.855928,7.8606787]},"faces":{"east":{"uv":[8.8125,5.46875,9.609375,5.515625],"rotation":0,"texture":"#0","tintindex":0},"south":{"uv":[2.46875,9.125,2.546875,9.171875],"rotation":0,"texture":"#0","tintindex":0},"north":{"uv":[2.375,9.125,2.453125,9.171875],"rotation":0,"texture":"#0","tintindex":0},"west":{"uv":[6.90625,8.8125,7.703125,8.859375],"rotation":0,"texture":"#0","tintindex":0},"up":{"uv":[3.859375,9.140625,3.78125,8.34375],"rotation":0,"texture":"#0","tintindex":0},"down":{"uv":[3.953125,8.34375,3.875,9.140625],"rotation":0,"texture":"#0","tintindex":0}}},{"from":[28.262037,13.425985,2.252758],"to":[29.80078,14.2858715,14.653216],"rotation":{"angle":22.5,"axis":"y","origin":[26.79017,13.855928,7.8606787]},"faces":{"east":{"uv":[8.625,3.3125,9.484375,3.375],"rotation":0,"texture":"#0","tintindex":0},"south":{"uv":[4.34375,9.09375,4.453125,9.15625],"rotation":0,"texture":"#0","tintindex":0},"north":{"uv":[9.09375,2.84375,9.203125,2.90625],"rotation":0,"texture":"#0","tintindex":0},"west":{"uv":[8.65625,5.96875,9.515625,6.03125],"rotation":0,"texture":"#0","tintindex":0},"up":{"uv":[5.171875,8.734375,5.0625,7.875],"rotation":0,"texture":"#0","tintindex":0},"down":{"uv":[1.703125,7.9375,1.59375,8.796875],"rotation":0,"texture":"#0","tintindex":0}}},{"from":[30.068398,13.335472,-9.434002],"to":[31.788168,14.376387,3.8715997],"rotation":{"angle":45.0,"axis":"y","origin":[26.79017,13.855928,7.8606787]},"faces":{"east":{"uv":[3.40625,8.25,4.328125,8.328125],"rotation":0,"texture":"#0","tintindex":0},"south":{"uv":[7.59375,9.0625,7.71875,9.140625],"rotation":0,"texture":"#0","tintindex":0},"north":{"uv":[7.46875,9.0625,7.59375,9.140625],"rotation":0,"texture":"#0","tintindex":0},"west":{"uv":[7.71875,8.28125,8.640625,8.359375],"rotation":0,"texture":"#0","tintindex":0},"up":{"uv":[7.71875,8.328125,7.59375,7.40625],"rotation":0,"texture":"#0","tintindex":0},"down":{"uv":[5.78125,7.65625,5.65625,8.578125],"rotation":0,"texture":"#0","tintindex":0}}},{"from":[6.6268525,13.946958,-8.188345],"to":[31.291998,14.037472,32.0],"rotation":{"angle":45.0,"axis":"y","origin":[26.79017,14.2845,7.8606787]},"faces":{"east":{"uv":[8.65625,8.4375,11.4375,8.453125],"rotation":0,"texture":"#0","tintindex":0},"south":{"uv":[8.9375,2.9375,10.640625,2.953125],"rotation":0,"texture":"#0","tintindex":0},"north":{"uv":[8.875,8.0625,10.578125,8.078125],"rotation":0,"texture":"#0","tintindex":0},"west":{"uv":[8.65625,8.46875,11.4375,8.484375],"rotation":0,"texture":"#0","tintindex":0},"up":{"uv":[4.484375,7.28125,2.78125,4.5],"rotation":0,"texture":"#0","tintindex":0},"down":{"uv":[6.203125,4.5,4.5,7.28125],"rotation":0,"texture":"#0","tintindex":0}}}],"display":{"head":{"translation":[2.9166718,-6.4,29.899254],"scale":[4.0,4.0,4.0]}}}