{
  "credit": "Made with Blockbench",
  "texture_size": [
    64,
    64
  ],
  "textures": {
    "1": "cosmetics:custom/cosmetics/hats/candy/candy_hat",
    "particle": "cosmetics:custom/cosmetics/hats/candy/candy_hat"
  },
  "elements": [
    {
      "from": [
        4,
        15,
        4
      ],
      "to": [
        12,
        17,
        12
      ],
      "faces": {
        "north": {
          "uv": [
            7,
            2.5,
            9,
            3
          ],
          "texture": "#1",
          "tintindex": 0
        },
        "east": {
          "uv": [
            7,
            3,
            9,
            3.5
          ],
          "texture": "#1",
          "tintindex": 0
        },
        "south": {
          "uv": [
            7,
            3.5,
            9,
            4
          ],
          "texture": "#1",
          "tintindex": 0
        },
        "west": {
          "uv": [
            7.75,
            6.5,
            9.75,
            7
          ],
          "texture": "#1",
          "tintindex": 0
        },
        "up": {
          "uv": [
            7,
            2,
            5,
            0
          ],
          "texture": "#1",
          "tintindex": 0
        },
        "down": {
          "uv": [
            7,
            2,
            5,
            4
          ],
          "texture": "#1",
          "tintindex": 0
        }
      }
    },
    {
      "from": [
        3.5,
        5,
        3.5
      ],
      "to": [
        12.5,
        10,
        12.5
      ],
      "faces": {
        "north": {
          "uv": [
            6.75,
            5.25,
            9,
            6.5
          ],
          "texture": "#1"
        },
        "east": {
          "uv": [
            5.5,
            6.75,
            7.75,
            8
          ],
          "texture": "#1"
        },
        "south": {
          "uv": [
            7,
            0,
            9.25,
            1.25
          ],
          "texture": "#1"
        },
        "west": {
          "uv": [
            7,
            1.25,
            9.25,
            2.5
          ],
          "texture": "#1"
        },
        "up": {
          "uv": [
            5,
            4.5,
            2.75,
            2.25
          ],
          "texture": "#1"
        },
        "down": {
          "uv": [
            5,
            2.25,
            2.75,
            4.5
          ],
          "texture": "#1"
        }
      }
    },
    {
      "from": [
        2.5,
        10,
        2.5
      ],
      "to": [
        13.5,
        15,
        13.5
      ],
      "faces": {
        "north": {
          "uv": [
            0,
            5.5,
            2.75,
            6.75
          ],
          "texture": "#1",
          "tintindex": 0
        },
        "east": {
          "uv": [
            0,
            6.75,
            2.75,
            8
          ],
          "texture": "#1",
          "tintindex": 0
        },
        "south": {
          "uv": [
            2.75,
            6.75,
            5.5,
            8
          ],
          "texture": "#1",
          "tintindex": 0
        },
        "west": {
          "uv": [
            6.75,
            4,
            9.5,
            5.25
          ],
          "texture": "#1",
          "tintindex": 0
        },
        "up": {
          "uv": [
            2.75,
            2.75,
            0,
            0
          ],
          "texture": "#1",
          "tintindex": 0
        },
        "down": {
          "uv": [
            2.75,
            2.75,
            0,
            5.5
          ],
          "texture": "#1",
          "tintindex": 0
        }
      }
    },
    {
      "from": [
        5.7,
        16.2,
        6
      ],
      "to": [
        9.7,
        20.2,
        10
      ],
      "rotation": {
        "angle": 22.5,
        "axis": "z",
        "origin": [
          8,
          18,
          8
        ]
      },
      "faces": {
        "north": {
          "uv": [
            7.75,
            7,
            8.75,
            8
          ],
          "texture": "#1"
        },
        "east": {
          "uv": [
            0,
            8,
            1,
            9
          ],
          "texture": "#1"
        },
        "south": {
          "uv": [
            1,
            8,
            2,
            9
          ],
          "texture": "#1"
        },
        "west": {
          "uv": [
            2,
            8,
            3,
            9
          ],
          "texture": "#1"
        },
        "up": {
          "uv": [
            4,
            9,
            3,
            8
          ],
          "texture": "#1"
        },
        "down": {
          "uv": [
            5,
            8,
            4,
            9
          ],
          "texture": "#1"
        }
      }
    },
    {
      "from": [
        -1.15084,
        18.61848,
        8
      ],
      "to": [
        6.84916,
        27.61848,
        8
      ],
      "rotation": {
        "angle": 22.5,
        "axis": "z",
        "origin": [
          2.84916,
          23.11848,
          8
        ]
      },
      "faces": {
        "north": {
          "uv": [
            2.75,
            4.5,
            4.75,
            6.75
          ],
          "texture": "#1"
        },
        "east": {
          "uv": [
            0,
            0,
            0,
            2.25
          ],
          "texture": "#1"
        },
        "south": {
          "uv": [
            4.75,
            4.5,
            2.75,
            6.75
          ],
          "texture": "#1"
        },
        "west": {
          "uv": [
            0,
            0,
            0,
            2.25
          ],
          "texture": "#1"
        },
        "up": {
          "uv": [
            2,
            0,
            0,
            0
          ],
          "texture": "#1"
        },
        "down": {
          "uv": [
            2,
            0,
            0,
            0
          ],
          "texture": "#1"
        }
      }
    }
  ],
  "display": {
    "thirdperson_righthand": {
      "rotation": [
        75,
        45,
        0
      ],
      "translation": [
        0,
        2.5,
        0
      ],
      "scale": [
        0.375,
        0.375,
        0.375
      ]
    },
    "thirdperson_lefthand": {
      "rotation": [
        75,
        45,
        0
      ],
      "translation": [
        0,
        2.5,
        0
      ],
      "scale": [
        0.375,
        0.375,
        0.375
      ]
    },
    "firstperson_righthand": {
      "rotation": [
        75,
        45,
        0
      ],
      "translation": [
        0,
        2.5,
        0
      ],
      "scale": [
        0.375,
        0.375,
        0.375
      ]
    },
    "firstperson_lefthand": {
      "rotation": [
        75,
        45,
        0
      ],
      "translation": [
        0,
        2.5,
        0
      ],
      "scale": [
        0.375,
        0.375,
        0.375
      ]
    },
    "ground": {
      "translation": [
        0,
        3,
        0
      ],
      "scale": [
        0.25,
        0.25,
        0.25
      ]
    },
    "gui": {
      "rotation": [
        30,
        225,
        0
      ],
      "translation": [
        0,
        -3.75,
        0
      ],
      "scale": [
        0.625,
        0.625,
        0.625
      ]
    },
    "head": {
      "translation": [
        0,
        4.75,
        0
      ],
      "scale": [
        1.61,
        1.61,
        1.61
      ]
    }
  }
}