{
	"parent": "item/generated",
	"textures": {
		"layer0": "item/amethyst_shard"
	},
	
	"overrides": [
		{"predicate": {"custom_model_data":2000001}, "model": "custom/elitecreatures/amethystdragon/amethystcrystalsky"},
		{"predicate": {"custom_model_data":2000002}, "model": "custom/elitecreatures/amethystdragon/amethystcrystalground"},
		{"predicate": {"custom_model_data":2000003}, "model": "custom/elitecreatures/amethystdragon/amethystcirclefront"},
		{"predicate": {"custom_model_data":2000004}, "model": "custom/elitecreatures/amethystdragon/amethystcircleground"},
		{"predicate": {"custom_model_data":2000005}, "model": "custom/elitecreatures/amethystdragon/amethystcrystalfront"},
		{"predicate": {"custom_model_data":2000006}, "model": "custom/elitecreatures/amethystdragon/summonamethystdragon"},
		{"predicate": {"custom_model_data":2000007}, "model": "custom/elitecreatures/amethystdragon/amethystdragontrophy"},
		{"predicate": {"custom_model_data":2000008}, "model": "custom/elitecreatures/amethystdragon/amethystscales"},
		{"predicate": {"custom_model_data":2000009}, "model": "custom/elitecreatures/amethystdragon/amethystcrystallarge"}		
	]
}