{
    "parent": "item/handheld_rod",
    "textures": {
        "layer0": "item/fishing_rod"
    },
    "overrides": [
        { "predicate": { "cast": 1 }, "model": "item/fishing_rod_cast" },
		
		{ "predicate": { "custom_model_data": 1 }, "model": "yungwilder:guardian_set/guardian_fishing_rod" },
		{ "predicate": { "custom_model_data": 1, "cast": 1 }, "model": "yungwilder:guardian_set/guardian_fishing_rod_cast" },
		{ "predicate": { "custom_model_data": 2 }, "model": "yungwilder:guardian_set/elder_guardian_fishing_rod" },
		{ "predicate": { "custom_model_data": 2, "cast": 1 }, "model": "yungwilder:guardian_set/elder_guardian_fishing_rod_cast" }
    ]
}
