{
	"parent": "item/generated",
	"textures": {
		"layer0": "item/leather_chestplate",
		"layer1": "item/leather_chestplate_overlay"
	},
	
	"overrides": [
		{ "predicate": {"custom_model_data": 1}, "model": "yungwilder:guardian_set_armor/guardian_chestplate"},
		{ "predicate": {"custom_model_data": 2}, "model": "yungwilder:guardian_set_armor/elder_guardian_chestplate"},
		{ "predicate": {"custom_model_data":3},"model":"lunar_studios:enderkariz/ares_set/ares_chestplate"},
		{ "predicate": { "custom_model_data": 2000002}, "model": "custom/armor/amethyst_chestplate" }
	]
}