{"textures":{"0":"modelengine:entity/demonground"},"elements":[{"from":[6.3120575,7.428571,6.0247297],"to":[8.883486,8.571428,8.310444],"rotation":{"angle":0.0,"axis":"y","origin":[7.5977716,3.4285712,3.1675863]},"faces":{"east":{"uv":[2.5,2.125,3.0,2.375],"rotation":0,"texture":"#0","tintindex":0},"south":{"uv":[6.0,3.875,6.5625,4.125],"rotation":0,"texture":"#0","tintindex":0},"north":{"uv":[6.0,3.625,6.5625,3.875],"rotation":0,"texture":"#0","tintindex":0},"west":{"uv":[2.75,1.25,3.25,1.5],"rotation":0,"texture":"#0","tintindex":0},"up":{"uv":[4.9375,1.5,4.375,1.0],"rotation":0,"texture":"#0","tintindex":0},"down":{"uv":[2.0625,4.375,1.5,4.875],"rotation":0,"texture":"#0","tintindex":0}}},{"from":[6.3692,5.2,6.7675867],"to":[8.826344,6.342857,9.053301],"rotation":{"angle":-22.5,"axis":"x","origin":[7.5977716,3.4285712,3.1675863]},"faces":{"east":{"uv":[4.0,2.375,4.5,2.625],"rotation":0,"texture":"#0","tintindex":0},"south":{"uv":[0.5,6.125,1.03125,6.375],"rotation":0,"texture":"#0","tintindex":0},"north":{"uv":[6.125,0.375,6.65625,0.625],"rotation":0,"texture":"#0","tintindex":0},"west":{"uv":[6.125,1.875,6.625,2.125],"rotation":0,"texture":"#0","tintindex":0},"up":{"uv":[1.28125,5.25,0.75,4.75],"rotation":0,"texture":"#0","tintindex":0},"down":{"uv":[5.28125,1.5,4.75,2.0],"rotation":0,"texture":"#0","tintindex":0}}},{"from":[5.883486,8.285714,3.2247295],"to":[9.3120575,10.285714,6.0247297],"rotation":{"angle":0.0,"axis":"y","origin":[7.5977716,3.4285712,3.1675863]},"faces":{"east":{"uv":[4.5,2.375,5.125,2.8125],"rotation":0,"texture":"#0","tintindex":0},"south":{"uv":[4.0,3.625,4.75,4.0625],"rotation":0,"texture":"#0","tintindex":0},"north":{"uv":[4.0,3.125,4.75,3.5625],"rotation":0,"texture":"#0","tintindex":0},"west":{"uv":[4.5,4.125,5.125,4.5625],"rotation":0,"texture":"#0","tintindex":0},"up":{"uv":[2.75,1.5,2.0,0.875],"rotation":0,"texture":"#0","tintindex":0},"down":{"uv":[3.0,2.375,2.25,3.0],"rotation":0,"texture":"#0","tintindex":0}}},{"from":[6.3120575,8.0,3.2247295],"to":[8.883486,8.285714,4.539016],"rotation":{"angle":0.0,"axis":"y","origin":[7.5977716,3.4285712,3.1675863]},"faces":{"east":{"uv":[7.75,2.625,8.03125,2.6875],"rotation":0,"texture":"#0","tintindex":0},"south":{"uv":[7.625,1.625,8.1875,1.6875],"rotation":0,"texture":"#0","tintindex":0},"north":{"uv":[7.625,1.5,8.1875,1.5625],"rotation":0,"texture":"#0","tintindex":0},"west":{"uv":[7.75,2.75,8.03125,2.8125],"rotation":0,"texture":"#0","tintindex":0},"up":{"uv":[6.1875,2.78125,5.625,2.5],"rotation":0,"texture":"#0","tintindex":0},"down":{"uv":[6.1875,2.875,5.625,3.15625],"rotation":0,"texture":"#0","tintindex":0}}},{"from":[6.5714283,8.971429,5.428571],"to":[8.0,10.228572,7.714286],"rotation":{"angle":22.5,"axis":"y","origin":[8.0,3.4285712,2.8571424]},"faces":{"east":{"uv":[3.625,5.875,4.125,6.15625],"rotation":0,"texture":"#0","tintindex":0},"south":{"uv":[6.625,3.625,6.9375,3.90625],"rotation":0,"texture":"#0","tintindex":0},"north":{"uv":[6.625,2.75,6.9375,3.03125],"rotation":0,"texture":"#0","tintindex":0},"west":{"uv":[6.0,3.25,6.5,3.53125],"rotation":0,"texture":"#0","tintindex":0},"up":{"uv":[5.9375,5.0,5.625,4.5],"rotation":0,"texture":"#0","tintindex":0},"down":{"uv":[6.0625,5.0,5.75,5.5],"rotation":0,"texture":"#0","tintindex":0}}},{"from":[6.5120573,9.257143,7.142857],"to":[7.6549144,10.114286,8.857143],"rotation":{"angle":22.5,"axis":"y","origin":[8.0,3.3142858,2.2857141]},"faces":{"east":{"uv":[7.375,3.625,7.0,3.8125],"rotation":0,"texture":"#0","tintindex":0},"south":{"uv":[3.25,7.5,3.0,7.6875],"rotation":0,"texture":"#0","tintindex":0},"north":{"uv":[7.75,2.5,7.5,2.6875],"rotation":0,"texture":"#0","tintindex":0},"west":{"uv":[7.375,2.75,7.0,2.9375],"rotation":0,"texture":"#0","tintindex":0},"up":{"uv":[3.0,3.0,3.25,2.625],"rotation":0,"texture":"#0","tintindex":0},"down":{"uv":[3.75,3.125,4.0,3.5],"rotation":0,"texture":"#0","tintindex":0}}},{"from":[7.142857,8.914286,7.142857],"to":[7.142857,11.828571,9.942858],"rotation":{"angle":22.5,"axis":"y","origin":[8.0,3.6571426,2.2857141]},"faces":{"east":{"uv":[1.25,3.75,0.625,4.375],"rotation":0,"texture":"#0","tintindex":0},"south":{"uv":[0.0,0.0,0.0,0.625],"rotation":0,"texture":"#0","tintindex":0},"north":{"uv":[0.0,0.0,0.0,0.625],"rotation":0,"texture":"#0","tintindex":0},"west":{"uv":[0.625,3.75,0.0,4.375],"rotation":0,"texture":"#0","tintindex":0},"up":{"uv":[0.0,0.625,0.0,0.0],"rotation":0,"texture":"#0","tintindex":0},"down":{"uv":[0.0,0.0,0.0,0.625],"rotation":0,"texture":"#0","tintindex":0}}},{"from":[8.052687,8.914286,7.142857],"to":[8.052687,11.828571,9.942858],"rotation":{"angle":-22.5,"axis":"y","origin":[7.1955433,3.6571426,2.2857141]},"faces":{"east":{"uv":[0.0,3.75,0.625,4.375],"rotation":0,"texture":"#0","tintindex":0},"south":{"uv":[0.0,0.0,0.0,0.625],"rotation":0,"texture":"#0","tintindex":0},"north":{"uv":[0.0,0.0,0.0,0.625],"rotation":0,"texture":"#0","tintindex":0},"west":{"uv":[0.625,3.75,1.25,4.375],"rotation":0,"texture":"#0","tintindex":0},"up":{"uv":[0.0,0.625,0.0,0.0],"rotation":0,"texture":"#0","tintindex":0},"down":{"uv":[0.0,0.0,0.0,0.625],"rotation":0,"texture":"#0","tintindex":0}}},{"from":[7.1955433,8.971429,5.428571],"to":[8.624115,10.228572,7.714286],"rotation":{"angle":-22.5,"axis":"y","origin":[7.1955433,3.4285712,2.8571424]},"faces":{"east":{"uv":[6.5,3.25,6.0,3.53125],"rotation":0,"texture":"#0","tintindex":0},"south":{"uv":[6.9375,3.625,6.625,3.90625],"rotation":0,"texture":"#0","tintindex":0},"north":{"uv":[6.9375,2.75,6.625,3.03125],"rotation":0,"texture":"#0","tintindex":0},"west":{"uv":[4.125,5.875,3.625,6.15625],"rotation":0,"texture":"#0","tintindex":0},"up":{"uv":[5.625,5.0,5.9375,4.5],"rotation":0,"texture":"#0","tintindex":0},"down":{"uv":[5.75,5.0,6.0625,5.5],"rotation":0,"texture":"#0","tintindex":0}}},{"from":[7.540629,9.257143,7.142857],"to":[8.683486,10.114286,8.857143],"rotation":{"angle":-22.5,"axis":"y","origin":[7.1955433,3.3142858,2.2857141]},"faces":{"east":{"uv":[7.0,2.75,7.375,2.9375],"rotation":0,"texture":"#0","tintindex":0},"south":{"uv":[3.0,7.5,3.25,7.6875],"rotation":0,"texture":"#0","tintindex":0},"north":{"uv":[7.5,2.5,7.75,2.6875],"rotation":0,"texture":"#0","tintindex":0},"west":{"uv":[7.0,3.625,7.375,3.8125],"rotation":0,"texture":"#0","tintindex":0},"up":{"uv":[3.25,3.0,3.0,2.625],"rotation":0,"texture":"#0","tintindex":0},"down":{"uv":[4.0,3.125,3.75,3.5],"rotation":0,"texture":"#0","tintindex":0}}},{"from":[6.7406287,8.285714,6.0247297],"to":[8.454915,9.885715,8.767587],"rotation":{"angle":0.0,"axis":"y","origin":[5.2293587,6.9714284,9.967587]},"faces":{"east":{"uv":[5.25,0.0,5.84375,0.34375],"rotation":0,"texture":"#0","tintindex":0},"south":{"uv":[5.625,2.125,6.125,2.46875],"rotation":0,"texture":"#0","tintindex":0},"north":{"uv":[5.625,1.75,6.125,2.09375],"rotation":0,"texture":"#0","tintindex":0},"west":{"uv":[1.5,5.25,2.09375,5.59375],"rotation":0,"texture":"#0","tintindex":0},"up":{"uv":[4.5,4.71875,4.0,4.125],"rotation":0,"texture":"#0","tintindex":0},"down":{"uv":[4.75,0.0,4.25,0.59375],"rotation":0,"texture":"#0","tintindex":0}}}],"display":{"head":{"translation":[0.0,-6.4,0.0],"scale":[4.0,4.0,4.0]}}}