{"textures":{"0":"modelengine:entity/demonground"},"elements":[{"from":[7.6571426,4.342857,9.3714285],"to":[8.457143,8.114285,10.228572],"rotation":{"angle":0.0,"axis":"y","origin":[8.057143,3.4285712,6.9142857]},"faces":{"east":{"uv":[4.75,5.625,4.9375,6.4375],"rotation":0,"texture":"#0","tintindex":0},"south":{"uv":[5.75,5.5,5.9375,6.3125],"rotation":0,"texture":"#0","tintindex":0},"north":{"uv":[3.375,5.625,3.5625,6.4375],"rotation":0,"texture":"#0","tintindex":0},"west":{"uv":[5.875,0.875,6.0625,1.6875],"rotation":0,"texture":"#0","tintindex":0},"up":{"uv":[7.8125,1.9375,7.625,1.75],"rotation":0,"texture":"#0","tintindex":0},"down":{"uv":[7.8125,2.0,7.625,2.1875],"rotation":0,"texture":"#0","tintindex":0}}},{"from":[7.6285715,3.771428,8.285714],"to":[8.485714,4.5142856,10.114286],"rotation":{"angle":22.5,"axis":"x","origin":[9.028571,4.342857,9.714286]},"faces":{"east":{"uv":[7.25,0.625,7.65625,0.78125],"rotation":0,"texture":"#0","tintindex":0},"south":{"uv":[7.625,3.75,7.8125,3.90625],"rotation":0,"texture":"#0","tintindex":0},"north":{"uv":[7.625,3.5,7.8125,3.65625],"rotation":0,"texture":"#0","tintindex":0},"west":{"uv":[7.25,1.25,7.65625,1.40625],"rotation":0,"texture":"#0","tintindex":0},"up":{"uv":[0.6875,7.40625,0.5,7.0],"rotation":0,"texture":"#0","tintindex":0},"down":{"uv":[1.1875,7.0,1.0,7.40625],"rotation":0,"texture":"#0","tintindex":0}}},{"from":[7.542857,7.428571,7.8285713],"to":[8.571428,8.342857,9.942858],"rotation":{"angle":0.0,"axis":"y","origin":[8.057143,3.4285712,6.9142857]},"faces":{"east":{"uv":[6.625,1.0,7.09375,1.1875],"rotation":0,"texture":"#0","tintindex":0},"south":{"uv":[7.5,5.375,7.71875,5.5625],"rotation":0,"texture":"#0","tintindex":0},"north":{"uv":[7.5,4.625,7.71875,4.8125],"rotation":0,"texture":"#0","tintindex":0},"west":{"uv":[6.625,1.875,7.09375,2.0625],"rotation":0,"texture":"#0","tintindex":0},"up":{"uv":[1.59375,6.96875,1.375,6.5],"rotation":0,"texture":"#0","tintindex":0},"down":{"uv":[1.84375,6.5,1.625,6.96875],"rotation":0,"texture":"#0","tintindex":0}}},{"from":[7.6,3.885714,8.171429],"to":[8.514286,4.342857,10.342857],"rotation":{"angle":0.0,"axis":"y","origin":[9.028571,4.342857,9.714286]},"faces":{"east":{"uv":[4.375,7.5,4.84375,7.59375],"rotation":0,"texture":"#0","tintindex":0},"south":{"uv":[3.0,7.75,3.1875,7.84375],"rotation":0,"texture":"#0","tintindex":0},"north":{"uv":[7.75,2.875,7.9375,2.96875],"rotation":0,"texture":"#0","tintindex":0},"west":{"uv":[7.5,4.5,7.96875,4.59375],"rotation":0,"texture":"#0","tintindex":0},"up":{"uv":[2.6875,7.09375,2.5,6.625],"rotation":0,"texture":"#0","tintindex":0},"down":{"uv":[4.3125,6.625,4.125,7.09375],"rotation":0,"texture":"#0","tintindex":0}}},{"from":[7.6285715,3.9428568,7.7714286],"to":[8.485714,4.285714,8.971429],"rotation":{"angle":0.0,"axis":"y","origin":[9.028571,4.342857,9.714286]},"faces":{"east":{"uv":[7.75,3.0,8.0,3.0625],"rotation":0,"texture":"#0","tintindex":0},"south":{"uv":[7.75,3.375,7.9375,3.4375],"rotation":0,"texture":"#0","tintindex":0},"north":{"uv":[7.75,3.25,7.9375,3.3125],"rotation":0,"texture":"#0","tintindex":0},"west":{"uv":[7.75,3.125,8.0,3.1875],"rotation":0,"texture":"#0","tintindex":0},"up":{"uv":[4.0625,7.75,3.875,7.5],"rotation":0,"texture":"#0","tintindex":0},"down":{"uv":[4.3125,7.5,4.125,7.75],"rotation":0,"texture":"#0","tintindex":0}}}],"display":{"head":{"translation":[0.0,-6.4,0.0],"scale":[4.0,4.0,4.0]}}}