{"textures":{"0":"modelengine:entity/demonchest"},"elements":[{"from":[2.2811422,7.3230033,2.939085],"to":[13.76,9.803003,12.150515],"rotation":{"angle":0.0,"axis":"y","origin":[8.020572,11.161773,8.058514]},"faces":{"east":{"uv":[8.375,3.375,10.0,3.8125],"rotation":0,"texture":"#0","tintindex":0},"south":{"uv":[6.2421875,4.9609375,8.267187,4.5234375],"rotation":0,"texture":"#0","tintindex":0},"north":{"uv":[3.25,8.125,5.28125,8.5625],"rotation":0,"texture":"#0","tintindex":0},"west":{"uv":[8.375,7.375,10.0,7.8125],"rotation":0,"texture":"#0","tintindex":0},"up":{"uv":[2.03125,5.875,0.0,4.25],"rotation":0,"texture":"#0","tintindex":0},"down":{"uv":[4.15625,4.25,2.125,5.875],"rotation":0,"texture":"#0","tintindex":0}}},{"from":[14.254836,6.3476486,4.356228],"to":[16.150265,10.935649,12.1328],"rotation":{"angle":-22.5,"axis":"z","origin":[8.020572,11.161773,8.058514]},"faces":{"east":{"uv":[2.0,6.5,3.375,7.3125],"rotation":0,"texture":"#0","tintindex":0},"south":{"uv":[6.625,10.0,6.96875,10.8125],"rotation":0,"texture":"#0","tintindex":0},"north":{"uv":[10.0,0.625,10.34375,1.4375],"rotation":0,"texture":"#0","tintindex":0},"west":{"uv":[0.0,6.625,1.375,7.4375],"rotation":0,"texture":"#0","tintindex":0},"up":{"uv":[5.84375,9.25,5.5,10.625],"rotation":0,"texture":"#0","tintindex":0},"down":{"uv":[3.21875,9.25,2.875,10.625],"rotation":0,"texture":"#0","tintindex":0}}},{"from":[10.956286,3.1917787,5.7910852],"to":[12.851715,5.299779,10.715657],"rotation":{"angle":22.5,"axis":"z","origin":[8.020572,11.161773,8.058514]},"faces":{"east":{"uv":[9.5,6.875,10.375,7.25],"rotation":0,"texture":"#0","tintindex":0},"south":{"uv":[10.21875,10.5,9.875,10.875],"rotation":0,"texture":"#0","tintindex":0},"north":{"uv":[9.875,10.5,10.21875,10.875],"rotation":0,"texture":"#0","tintindex":0},"west":{"uv":[9.5,8.875,10.375,9.25],"rotation":0,"texture":"#0","tintindex":0},"up":{"uv":[5.34375,10.375,5.0,9.5],"rotation":0,"texture":"#0","tintindex":0},"down":{"uv":[8.09375,9.625,7.75,10.5],"rotation":0,"texture":"#0","tintindex":0}}},{"from":[3.1894279,3.1917787,5.7910852],"to":[5.084857,5.299779,10.715657],"rotation":{"angle":-22.5,"axis":"z","origin":[8.020572,11.161773,8.058514]},"faces":{"east":{"uv":[9.625,3.875,10.5,4.25],"rotation":0,"texture":"#0","tintindex":0},"south":{"uv":[9.875,10.5,10.21875,10.875],"rotation":0,"texture":"#0","tintindex":0},"north":{"uv":[10.25,10.5,10.59375,10.875],"rotation":0,"texture":"#0","tintindex":0},"west":{"uv":[9.625,4.25,10.5,4.625],"rotation":0,"texture":"#0","tintindex":0},"up":{"uv":[8.46875,10.625,8.125,9.75],"rotation":0,"texture":"#0","tintindex":0},"down":{"uv":[8.84375,9.75,8.5,10.625],"rotation":0,"texture":"#0","tintindex":0}}},{"from":[13.307314,6.6250834,5.7910852],"to":[15.202743,8.733084,10.715657],"rotation":{"angle":-45.0,"axis":"z","origin":[14.255029,8.033369,8.253371]},"faces":{"east":{"uv":[9.5,7.25,10.375,6.875],"rotation":0,"texture":"#0","tintindex":0},"south":{"uv":[10.21875,10.875,9.875,10.5],"rotation":0,"texture":"#0","tintindex":0},"north":{"uv":[10.21875,10.875,9.875,10.5],"rotation":0,"texture":"#0","tintindex":0},"west":{"uv":[9.5,9.25,10.375,8.875],"rotation":0,"texture":"#0","tintindex":0},"up":{"uv":[7.75,10.5,8.09375,9.625],"rotation":0,"texture":"#0","tintindex":0},"down":{"uv":[5.34375,9.5,5.0,10.375],"rotation":0,"texture":"#0","tintindex":0}}},{"from":[0.83840036,6.6250834,5.7910852],"to":[2.7338285,8.733084,10.715657],"rotation":{"angle":45.0,"axis":"z","origin":[1.7861147,8.033369,8.253371]},"faces":{"east":{"uv":[10.375,9.25,9.5,8.875],"rotation":0,"texture":"#0","tintindex":0},"south":{"uv":[9.875,10.875,10.21875,10.5],"rotation":0,"texture":"#0","tintindex":0},"north":{"uv":[9.875,10.875,10.21875,10.5],"rotation":0,"texture":"#0","tintindex":0},"west":{"uv":[10.375,7.25,9.5,6.875],"rotation":0,"texture":"#0","tintindex":0},"up":{"uv":[8.09375,10.5,7.75,9.625],"rotation":0,"texture":"#0","tintindex":0},"down":{"uv":[5.0,9.5,5.34375,10.375],"rotation":0,"texture":"#0","tintindex":0}}},{"from":[-0.10912228,6.3476486,4.356228],"to":[1.7863069,10.935649,12.1328],"rotation":{"angle":22.5,"axis":"z","origin":[8.020572,11.161773,8.058514]},"faces":{"east":{"uv":[6.75,5.125,8.125,5.9375],"rotation":0,"texture":"#0","tintindex":0},"south":{"uv":[6.96875,10.0,6.625,10.8125],"rotation":0,"texture":"#0","tintindex":0},"north":{"uv":[6.625,10.0,6.96875,10.8125],"rotation":0,"texture":"#0","tintindex":0},"west":{"uv":[3.375,6.5,2.0,7.3125],"rotation":0,"texture":"#0","tintindex":0},"up":{"uv":[5.5,9.25,5.84375,10.625],"rotation":0,"texture":"#0","tintindex":0},"down":{"uv":[6.21875,9.375,5.875,10.75],"rotation":0,"texture":"#0","tintindex":0}}},{"from":[2.3519998,6.1666913,2.0705276],"to":[13.689143,9.709549,3.48767],"rotation":{"angle":-22.5,"axis":"x","origin":[8.020572,11.161773,8.058514]},"faces":{"east":{"uv":[4.0,5.875,4.25,6.5],"rotation":0,"texture":"#0","tintindex":0},"south":{"uv":[6.5,0.0,8.5,0.625],"rotation":0,"texture":"#0","tintindex":0},"north":{"uv":[3.34375,11.3125,5.34375,11.9375],"rotation":0,"texture":"#0","tintindex":0},"west":{"uv":[2.25,9.625,2.5,10.25],"rotation":0,"texture":"#0","tintindex":0},"up":{"uv":[10.625,3.125,8.625,2.875],"rotation":0,"texture":"#0","tintindex":0},"down":{"uv":[10.625,3.125,8.625,3.375],"rotation":0,"texture":"#0","tintindex":0}}},{"from":[2.3519998,6.3989553,13.043344],"to":[13.689143,9.233241,13.929058],"rotation":{"angle":22.5,"axis":"x","origin":[8.020572,11.161773,8.058514]},"faces":{"east":{"uv":[4.25,5.875,4.0,6.5],"rotation":0,"texture":"#0","tintindex":0},"south":{"uv":[3.359375,11.5703125,5.359375,11.8203125],"rotation":0,"texture":"#0","tintindex":0},"north":{"uv":[2.0,5.875,4.0,6.5],"rotation":0,"texture":"#0","tintindex":0},"west":{"uv":[4.0,5.875,4.25,6.5],"rotation":0,"texture":"#0","tintindex":0},"up":{"uv":[6.25,4.5078125,8.25,4.6640625],"rotation":0,"texture":"#0","tintindex":0},"down":{"uv":[11.625,4.875,9.625,5.03125],"rotation":0,"texture":"#0","tintindex":0}}},{"from":[2.3519998,4.3115745,4.391657],"to":[13.689143,5.728718,12.150515],"rotation":{"angle":0.0,"axis":"y","origin":[8.020572,11.161773,8.058514]},"faces":{"east":{"uv":[1.375,7.375,2.75,8.125],"rotation":0,"texture":"#0","tintindex":0},"south":{"uv":[3.375,11.71875,5.34375,11.96875],"rotation":0,"texture":"#0","tintindex":0},"north":{"uv":[4.5,3.125,6.5,3.875],"rotation":0,"texture":"#0","tintindex":0},"west":{"uv":[4.25,7.375,5.625,8.125],"rotation":0,"texture":"#0","tintindex":0},"up":{"uv":[6.25,5.625,4.25,4.25],"rotation":0,"texture":"#0","tintindex":0},"down":{"uv":[6.5,0.0,4.5,1.375],"rotation":0,"texture":"#0","tintindex":0}}},{"from":[12.371343,2.5654912,11.760799],"to":[24.5942,14.363206,11.760799],"rotation":{"angle":-22.5,"axis":"y","origin":[17.419914,8.818634,11.760799]},"faces":{"east":{"uv":[0.0,0.0,0.0,2.09375],"rotation":0,"texture":"#0","tintindex":0},"south":{"uv":[2.15625,0.0,0.0,2.09375],"rotation":0,"texture":"#0","tintindex":0},"north":{"uv":[0.0,0.0,2.15625,2.09375],"rotation":0,"texture":"#0","tintindex":0},"west":{"uv":[0.0,0.0,0.0,2.09375],"rotation":0,"texture":"#0","tintindex":0},"up":{"uv":[2.15625,0.0,0.0,0.0],"rotation":0,"texture":"#0","tintindex":0},"down":{"uv":[2.15625,0.0,0.0,0.0],"rotation":0,"texture":"#0","tintindex":0}}},{"from":[-8.765629,2.5654912,11.760799],"to":[3.4572287,14.363206,11.760799],"rotation":{"angle":22.5,"axis":"y","origin":[-1.5913429,8.818634,11.760799]},"faces":{"east":{"uv":[0.0,0.0,0.0,2.09375],"rotation":0,"texture":"#0","tintindex":0},"south":{"uv":[0.0,0.0,2.15625,2.09375],"rotation":0,"texture":"#0","tintindex":0},"north":{"uv":[2.15625,0.0,0.0,2.09375],"rotation":0,"texture":"#0","tintindex":0},"west":{"uv":[0.0,0.0,0.0,2.09375],"rotation":0,"texture":"#0","tintindex":0},"up":{"uv":[2.15625,0.0,0.0,0.0],"rotation":0,"texture":"#0","tintindex":0},"down":{"uv":[2.15625,0.0,0.0,0.0],"rotation":0,"texture":"#0","tintindex":0}}},{"from":[7.312,9.390344,7.65074],"to":[8.729143,10.098915,9.776454],"rotation":{"angle":-22.5,"axis":"y","origin":[8.020572,9.74463,9.245026]},"faces":{"east":{"uv":[0.0,11.25,0.125,11.625],"rotation":270,"texture":"#0","tintindex":0},"south":{"uv":[0.0,11.65625,0.25,11.78125],"rotation":0,"texture":"#0","tintindex":0},"north":{"uv":[0.0,11.65625,0.25,11.78125],"rotation":180,"texture":"#0","tintindex":0},"west":{"uv":[0.125,11.25,0.0,11.625],"rotation":90,"texture":"#0","tintindex":0},"up":{"uv":[0.1875,11.25,0.4375,11.625],"rotation":180,"texture":"#0","tintindex":0},"down":{"uv":[0.1875,11.25,0.4375,11.625],"rotation":0,"texture":"#0","tintindex":0}}},{"from":[7.161083,10.098915,7.6911926],"to":[8.578226,10.8074875,9.816907],"rotation":{"angle":45.0,"axis":"y","origin":[8.22394,11.161773,8.754049]},"faces":{"east":{"uv":[0.0,11.25,0.125,11.625],"rotation":270,"texture":"#0","tintindex":0},"south":{"uv":[0.0,11.65625,0.25,11.78125],"rotation":0,"texture":"#0","tintindex":0},"north":{"uv":[0.0,11.65625,0.25,11.78125],"rotation":180,"texture":"#0","tintindex":0},"west":{"uv":[0.125,11.25,0.0,11.625],"rotation":90,"texture":"#0","tintindex":0},"up":{"uv":[0.1875,11.25,0.4375,11.625],"rotation":180,"texture":"#0","tintindex":0},"down":{"uv":[0.1875,11.25,0.4375,11.625],"rotation":0,"texture":"#0","tintindex":0}}},{"from":[8.883431,9.567487,5.249797],"to":[10.300574,10.276058,7.375511],"rotation":{"angle":22.5,"axis":"y","origin":[9.308575,9.74463,6.135511]},"faces":{"east":{"uv":[0.0,11.25,0.125,11.625],"rotation":270,"texture":"#0","tintindex":0},"south":{"uv":[0.0,11.65625,0.25,11.78125],"rotation":0,"texture":"#0","tintindex":0},"north":{"uv":[0.0,11.65625,0.25,11.78125],"rotation":180,"texture":"#0","tintindex":0},"west":{"uv":[0.125,11.25,0.0,11.625],"rotation":90,"texture":"#0","tintindex":0},"up":{"uv":[0.1875,11.25,0.4375,11.625],"rotation":180,"texture":"#0","tintindex":0},"down":{"uv":[0.1875,11.25,0.4375,11.625],"rotation":0,"texture":"#0","tintindex":0}}},{"from":[7.033959,9.49663,3.8825002],"to":[9.159674,10.205201,5.299643],"rotation":{"angle":22.5,"axis":"y","origin":[9.655673,9.921773,10.791072]},"faces":{"east":{"uv":[0.0,11.65625,0.25,11.78125],"rotation":180,"texture":"#0","tintindex":0},"south":{"uv":[0.0,11.25,0.125,11.625],"rotation":270,"texture":"#0","tintindex":0},"north":{"uv":[0.125,11.25,0.0,11.625],"rotation":90,"texture":"#0","tintindex":0},"west":{"uv":[0.0,11.65625,0.25,11.78125],"rotation":0,"texture":"#0","tintindex":0},"up":{"uv":[0.1875,11.25,0.4375,11.625],"rotation":270,"texture":"#0","tintindex":0},"down":{"uv":[0.1875,11.25,0.4375,11.625],"rotation":270,"texture":"#0","tintindex":0}}},{"from":[3.7691426,9.74463,5.3478827],"to":[6.6034284,11.161773,6.7650256],"rotation":{"angle":45.0,"axis":"y","origin":[7.312,10.098915,8.182169]},"faces":{"east":{"uv":[0.53125,11.875,0.78125,12.125],"rotation":0,"texture":"#0","tintindex":0},"south":{"uv":[0.0,11.875,0.5,12.125],"rotation":0,"texture":"#0","tintindex":0},"north":{"uv":[0.0,11.875,0.5,12.125],"rotation":0,"texture":"#0","tintindex":0},"west":{"uv":[0.53125,11.875,0.78125,12.125],"rotation":0,"texture":"#0","tintindex":0},"up":{"uv":[0.0,12.15625,0.5,12.40625],"rotation":0,"texture":"#0","tintindex":0},"down":{"uv":[0.0,12.5,0.5,12.75],"rotation":0,"texture":"#0","tintindex":0}}},{"from":[11.199072,9.74463,5.929668],"to":[12.616215,11.161773,8.763954],"rotation":{"angle":22.5,"axis":"y","origin":[11.9785,10.453201,6.815382]},"faces":{"east":{"uv":[0.0,11.875,0.5,12.125],"rotation":0,"texture":"#0","tintindex":0},"south":{"uv":[0.53125,11.875,0.78125,12.125],"rotation":0,"texture":"#0","tintindex":0},"north":{"uv":[0.53125,11.875,0.78125,12.125],"rotation":0,"texture":"#0","tintindex":0},"west":{"uv":[0.0,11.875,0.5,12.125],"rotation":0,"texture":"#0","tintindex":0},"up":{"uv":[0.0,12.15625,0.5,12.40625],"rotation":90,"texture":"#0","tintindex":0},"down":{"uv":[0.0,12.5,0.5,12.75],"rotation":270,"texture":"#0","tintindex":0}}}],"display":{"head":{"translation":[0.0,-6.4,0.0],"scale":[4.0,4.0,4.0]}}}