{
  "credit": "Made with Blockbench",
  "texture_size": [
    64,
    64
  ],
  "textures": {
    "0": "cosmetics:custom/cosmetics/mage/frost_mage_helmet",
    "particle": "cosmetics:custom/cosmetics/mage/frost_mage_helmet"
  },
  "elements": [
    {
      "from": [
        3,
        0,
        3
      ],
      "to": [
        13,
        10,
        13
      ],
      "rotation": {
        "angle": 0,
        "axis": "y",
        "origin": [
          0,
          -7,
          0
        ]
      },
      "faces": {
        "north": {
          "uv": [
            0,
            2.5,
            2.5,
            5
          ],
          "texture": "#0"
        },
        "east": {
          "uv": [
            5.25,
            2.5,
            2.75,
            5
          ],
          "texture": "#0"
        },
        "south": {
          "uv": [
            5.5,
            2.5,
            8,
            5
          ],
          "texture": "#0"
        },
        "west": {
          "uv": [
            2.75,
            2.5,
            5.25,
            5
          ],
          "texture": "#0"
        },
        "up": {
          "uv": [
            0,
            0,
            2.5,
            2.5
          ],
          "texture": "#0"
        }
      }
    },
    {
      "from": [
        3,
        0,
        3
      ],
      "to": [
        13,
        10,
        13
      ],
      "rotation": {
        "angle": 0,
        "axis": "y",
        "origin": [
          0,
          -7,
          0
        ]
      },
      "faces": {
        "north": {
          "uv": [
            2.5,
            0,
            5,
            2.5
          ],
          "texture": "#0",
          "tintindex": 0
        }
      }
    },
    {
      "from": [
        6,
        6,
        2
      ],
      "to": [
        10,
        11,
        14
      ],
      "rotation": {
        "angle": 0,
        "axis": "y",
        "origin": [
          0,
          -7,
          0
        ]
      },
      "faces": {
        "north": {
          "uv": [
            0,
            5.25,
            1,
            6.5
          ],
          "texture": "#0"
        },
        "east": {
          "uv": [
            1.25,
            5.25,
            4.25,
            6.5
          ],
          "texture": "#0"
        },
        "south": {
          "uv": [
            0,
            5.25,
            1,
            6.5
          ],
          "texture": "#0"
        },
        "west": {
          "uv": [
            1.25,
            5.25,
            4.25,
            6.5
          ],
          "texture": "#0"
        },
        "up": {
          "uv": [
            4.5,
            5.25,
            7.5,
            6.25
          ],
          "rotation": 90,
          "texture": "#0"
        },
        "down": {
          "uv": [
            1.25,
            7,
            4.25,
            8
          ],
          "rotation": 90,
          "texture": "#0"
        }
      }
    },
    {
      "from": [
        6,
        5,
        2
      ],
      "to": [
        10,
        11,
        14
      ],
      "rotation": {
        "angle": 0,
        "axis": "y",
        "origin": [
          0,
          -7,
          0
        ]
      },
      "faces": {
        "north": {
          "uv": [
            0,
            6.75,
            1,
            8.25
          ],
          "texture": "#0",
          "tintindex": 0
        },
        "south": {
          "uv": [
            0,
            6.75,
            1,
            8.25
          ],
          "texture": "#0",
          "tintindex": 0
        }
      }
    },
    {
      "from": [
        -2.75,
        7,
        5.5
      ],
      "to": [
        4.25,
        20,
        5.5
      ],
      "rotation": {
        "angle": 22.5,
        "axis": "y",
        "origin": [
          1.5,
          13.5,
          5.5
        ]
      },
      "faces": {
        "north": {
          "uv": [
            0,
            8.25,
            1.75,
            11.5
          ],
          "texture": "#0"
        },
        "south": {
          "uv": [
            3.75,
            8.25,
            2,
            11.5
          ],
          "texture": "#0",
          "tintindex": 0
        }
      }
    },
    {
      "from": [
        -2.75,
        7,
        5.55
      ],
      "to": [
        4.25,
        20,
        5.55
      ],
      "rotation": {
        "angle": 22.5,
        "axis": "y",
        "origin": [
          1.5,
          13.5,
          5.5
        ]
      },
      "faces": {
        "north": {
          "uv": [
            2,
            8.25,
            3.75,
            11.5
          ],
          "texture": "#0",
          "tintindex": 0
        },
        "south": {
          "uv": [
            1.75,
            8.25,
            0,
            11.5
          ],
          "texture": "#0"
        }
      }
    },
    {
      "from": [
        11.75,
        7,
        5.5
      ],
      "to": [
        18.75,
        20,
        5.5
      ],
      "rotation": {
        "angle": -22.5,
        "axis": "y",
        "origin": [
          14.5,
          13.5,
          5.5
        ]
      },
      "faces": {
        "north": {
          "uv": [
            1.75,
            8.25,
            0,
            11.5
          ],
          "texture": "#0"
        },
        "south": {
          "uv": [
            2,
            8.25,
            3.75,
            11.5
          ],
          "texture": "#0",
          "tintindex": 0
        }
      }
    },
    {
      "from": [
        11.75,
        7,
        5.55
      ],
      "to": [
        18.75,
        20,
        5.55
      ],
      "rotation": {
        "angle": -22.5,
        "axis": "y",
        "origin": [
          14.5,
          13.5,
          5.5
        ]
      },
      "faces": {
        "north": {
          "uv": [
            3.75,
            8.25,
            2,
            11.5
          ],
          "texture": "#0",
          "tintindex": 0
        },
        "south": {
          "uv": [
            0,
            8.25,
            1.75,
            11.5
          ],
          "texture": "#0"
        }
      }
    },
    {
      "from": [
        0.5,
        2,
        7
      ],
      "to": [
        3.5,
        4,
        7
      ],
      "rotation": {
        "angle": -22.5,
        "axis": "z",
        "origin": [
          1.5,
          3,
          7
        ]
      },
      "faces": {
        "north": {
          "uv": [
            0,
            11.75,
            0.75,
            12.25
          ],
          "texture": "#0"
        },
        "south": {
          "uv": [
            0.75,
            11.75,
            0,
            12.25
          ],
          "texture": "#0"
        }
      }
    },
    {
      "from": [
        0.5,
        5,
        11
      ],
      "to": [
        3.5,
        7,
        11
      ],
      "rotation": {
        "angle": -22.5,
        "axis": "z",
        "origin": [
          1.5,
          6,
          7
        ]
      },
      "faces": {
        "north": {
          "uv": [
            0,
            11.75,
            0.75,
            12.25
          ],
          "texture": "#0"
        },
        "south": {
          "uv": [
            0.75,
            11.75,
            0,
            12.25
          ],
          "texture": "#0"
        }
      }
    },
    {
      "from": [
        -1.25,
        11.5,
        4
      ],
      "to": [
        1.75,
        14.5,
        4
      ],
      "rotation": {
        "angle": -45,
        "axis": "z",
        "origin": [
          1.5,
          6,
          0
        ]
      },
      "faces": {
        "north": {
          "uv": [
            1,
            11.5,
            1.75,
            12.25
          ],
          "texture": "#0"
        },
        "south": {
          "uv": [
            1.75,
            11.5,
            1,
            12.25
          ],
          "texture": "#0"
        }
      }
    },
    {
      "from": [
        14.25,
        11.5,
        4
      ],
      "to": [
        17.25,
        14.5,
        4
      ],
      "rotation": {
        "angle": 45,
        "axis": "z",
        "origin": [
          14.5,
          6,
          0
        ]
      },
      "faces": {
        "north": {
          "uv": [
            1.75,
            11.5,
            1,
            12.25
          ],
          "texture": "#0"
        },
        "south": {
          "uv": [
            1,
            11.5,
            1.75,
            12.25
          ],
          "texture": "#0"
        }
      }
    },
    {
      "from": [
        14.25,
        11.5,
        12
      ],
      "to": [
        17.25,
        13.5,
        12
      ],
      "rotation": {
        "angle": 45,
        "axis": "z",
        "origin": [
          14.5,
          6,
          8
        ]
      },
      "faces": {
        "north": {
          "uv": [
            0.75,
            11.75,
            0,
            12.25
          ],
          "texture": "#0"
        },
        "south": {
          "uv": [
            0,
            11.75,
            0.75,
            12.25
          ],
          "texture": "#0"
        }
      }
    },
    {
      "from": [
        -1.25,
        11.5,
        12
      ],
      "to": [
        1.75,
        13.5,
        12
      ],
      "rotation": {
        "angle": -45,
        "axis": "z",
        "origin": [
          1.5,
          6,
          8
        ]
      },
      "faces": {
        "north": {
          "uv": [
            0,
            11.75,
            0.75,
            12.25
          ],
          "texture": "#0"
        },
        "south": {
          "uv": [
            0.75,
            11.75,
            0,
            12.25
          ],
          "texture": "#0"
        }
      }
    },
    {
      "from": [
        12.5,
        2,
        7
      ],
      "to": [
        15.5,
        4,
        7
      ],
      "rotation": {
        "angle": 22.5,
        "axis": "z",
        "origin": [
          14.5,
          3,
          7
        ]
      },
      "faces": {
        "north": {
          "uv": [
            0.75,
            11.75,
            0,
            12.25
          ],
          "texture": "#0"
        },
        "south": {
          "uv": [
            0,
            11.75,
            0.75,
            12.25
          ],
          "texture": "#0"
        }
      }
    },
    {
      "from": [
        12.5,
        5,
        11
      ],
      "to": [
        15.5,
        7,
        11
      ],
      "rotation": {
        "angle": 22.5,
        "axis": "z",
        "origin": [
          14.5,
          6,
          7
        ]
      },
      "faces": {
        "north": {
          "uv": [
            0.75,
            11.75,
            0,
            12.25
          ],
          "texture": "#0"
        },
        "south": {
          "uv": [
            0,
            11.75,
            0.75,
            12.25
          ],
          "texture": "#0"
        }
      }
    },
    {
      "name": "cube inverted",
      "from": [
        13,
        10,
        13
      ],
      "to": [
        3,
        0,
        3
      ],
      "rotation": {
        "angle": 0,
        "axis": "y",
        "origin": [
          0,
          -7,
          0
        ]
      },
      "faces": {
        "north": {
          "uv": [
            5.5,
            5,
            8,
            2.5
          ],
          "texture": "#0"
        },
        "east": {
          "uv": [
            2.75,
            5,
            5.25,
            2.5
          ],
          "texture": "#0"
        },
        "south": {
          "uv": [
            0,
            5,
            2.5,
            2.5
          ],
          "texture": "#0"
        },
        "west": {
          "uv": [
            5.25,
            5,
            2.75,
            2.5
          ],
          "texture": "#0"
        },
        "down": {
          "uv": [
            2.5,
            0,
            0,
            2.5
          ],
          "texture": "#0"
        }
      }
    },
    {
      "from": [
        6.5,
        4,
        2.05
      ],
      "to": [
        9.5,
        8,
        2.05
      ],
      "rotation": {
        "angle": 22.5,
        "axis": "x",
        "origin": [
          8,
          8,
          2
        ]
      },
      "faces": {
        "north": {
          "uv": [
            5.25,
            8.25,
            6,
            9.25
          ],
          "texture": "#0",
          "tintindex": 0
        },
        "south": {
          "uv": [
            4.25,
            8.25,
            5,
            9.25
          ],
          "texture": "#0"
        }
      }
    },
    {
      "from": [
        6.5,
        4,
        2
      ],
      "to": [
        9.5,
        8,
        2
      ],
      "rotation": {
        "angle": 22.5,
        "axis": "x",
        "origin": [
          8,
          8,
          2
        ]
      },
      "faces": {
        "north": {
          "uv": [
            4.25,
            8.25,
            5,
            9.25
          ],
          "texture": "#0"
        },
        "east": {
          "uv": [
            0,
            0,
            0,
            1
          ],
          "texture": "#missing"
        },
        "south": {
          "uv": [
            5.25,
            8.25,
            6,
            9.25
          ],
          "texture": "#0",
          "tintindex": 0
        },
        "west": {
          "uv": [
            0,
            0,
            0,
            1
          ],
          "texture": "#missing"
        },
        "up": {
          "uv": [
            0,
            0,
            0.75,
            0
          ],
          "texture": "#missing"
        },
        "down": {
          "uv": [
            0,
            0,
            0.75,
            0
          ],
          "texture": "#missing"
        }
      }
    }
  ],
  "display": {
    "thirdperson_righthand": {
      "rotation": [
        93,
        0,
        0
      ],
      "translation": [
        -1,
        -2.15625,
        16.97266
      ],
      "scale": [
        0.89648,
        0.89648,
        0.89648
      ]
    },
    "gui": {
      "rotation": [
        30,
        152,
        0
      ],
      "translation": [
        0.25,
        -0.75,
        0
      ],
      "scale": [
        0.65,
        0.65,
        0.65
      ]
    },
    "head": {
      "rotation": [
        3,
        0,
        0
      ],
      "translation": [
        0,
        5.5,
        0.25
      ],
      "scale": [
        1.53,
        1.53,
        1.53
      ]
    }
  }
}