{"textures":{"0":"modelengine:entity/fallenwarden1"},"elements":[{"from":[5.0,12.5,9.792893],"to":[11.0,13.5,10.792893],"faces":{"east":{"uv":[11.629,12.879,11.746,12.996],"tintindex":0,"rotation":0,"texture":"#0"},"south":{"uv":[10.879,0.004,11.621,0.121],"tintindex":0,"rotation":0,"texture":"#0"},"north":{"uv":[10.754,4.504,11.496,4.621],"tintindex":0,"rotation":0,"texture":"#0"},"west":{"uv":[12.879,11.629,12.996,11.746],"tintindex":0,"rotation":0,"texture":"#0"},"up":{"uv":[11.621,5.121,10.879,5.004],"tintindex":0,"rotation":0,"texture":"#0"},"down":{"uv":[7.246,10.879,6.504,10.996],"tintindex":0,"rotation":0,"texture":"#0"}},"rotation":{"origin":[8.5,13.0,10.292893],"angle":45.0,"axis":"x"}},{"from":[4.5,8.0,6.0],"to":[7.5,12.0,10.0],"faces":{"east":{"uv":[3.129,7.129,3.621,7.621],"tintindex":0,"rotation":0,"texture":"#0"},"south":{"uv":[1.879,8.379,2.246,8.871],"tintindex":0,"rotation":0,"texture":"#0"},"north":{"uv":[8.379,1.254,8.746,1.746],"tintindex":0,"rotation":0,"texture":"#0"},"west":{"uv":[7.004,7.129,7.496,7.621],"tintindex":0,"rotation":0,"texture":"#0"},"up":{"uv":[8.746,2.371,8.379,1.879],"tintindex":0,"rotation":0,"texture":"#0"},"down":{"uv":[2.746,8.379,2.379,8.871],"tintindex":0,"rotation":0,"texture":"#0"}}},{"from":[6.0,10.0,10.0],"to":[10.0,13.0,11.0],"faces":{"east":{"uv":[4.129,12.129,4.246,12.496],"tintindex":0,"rotation":0,"texture":"#0"},"south":{"uv":[5.629,8.629,6.121,8.996],"tintindex":0,"rotation":0,"texture":"#0"},"north":{"uv":[5.004,8.629,5.496,8.996],"tintindex":0,"rotation":0,"texture":"#0"},"west":{"uv":[6.879,12.129,6.996,12.496],"tintindex":0,"rotation":0,"texture":"#0"},"up":{"uv":[12.246,8.496,11.754,8.379],"tintindex":0,"rotation":0,"texture":"#0"},"down":{"uv":[12.246,9.754,11.754,9.871],"tintindex":0,"rotation":0,"texture":"#0"}}},{"from":[8.225,11.375,6.24],"to":[11.225,11.875,6.24],"faces":{"east":{"uv":[14.367,2.742,14.25,2.25],"tintindex":0,"rotation":270,"texture":"#0"},"south":{"uv":[14.367,2.742,14.25,2.25],"tintindex":0,"rotation":270,"texture":"#0"},"north":{"uv":[9.121,7.621,8.754,7.254],"tintindex":0,"rotation":0,"texture":"#0"},"west":{"uv":[14.367,2.742,14.25,2.25],"tintindex":0,"rotation":270,"texture":"#0"},"up":{"uv":[14.367,2.742,14.25,2.25],"tintindex":0,"rotation":270,"texture":"#0"},"down":{"uv":[14.367,2.742,14.25,2.25],"tintindex":0,"rotation":270,"texture":"#0"}}},{"from":[10.5,13.0,9.792893],"to":[11.5,20.0,10.792893],"faces":{"east":{"uv":[3.879,9.879,3.996,10.746],"tintindex":0,"rotation":0,"texture":"#0"},"south":{"uv":[8.504,9.879,8.621,10.746],"tintindex":0,"rotation":0,"texture":"#0"},"north":{"uv":[3.254,9.879,3.371,10.746],"tintindex":0,"rotation":0,"texture":"#0"},"west":{"uv":[8.754,9.879,8.871,10.746],"tintindex":0,"rotation":0,"texture":"#0"},"up":{"uv":[12.996,11.246,12.879,11.129],"tintindex":0,"rotation":0,"texture":"#0"},"down":{"uv":[12.996,11.379,12.879,11.496],"tintindex":0,"rotation":0,"texture":"#0"}},"rotation":{"origin":[11.0,15.5,10.292893],"angle":45.0,"axis":"y"}},{"from":[8.5,8.0,6.0],"to":[11.5,12.0,10.0],"faces":{"east":{"uv":[7.129,2.129,7.621,2.621],"tintindex":0,"rotation":0,"texture":"#0"},"south":{"uv":[7.504,8.254,7.871,8.746],"tintindex":0,"rotation":0,"texture":"#0"},"north":{"uv":[8.254,7.254,8.621,7.746],"tintindex":0,"rotation":0,"texture":"#0"},"west":{"uv":[2.504,7.129,2.996,7.621],"tintindex":0,"rotation":0,"texture":"#0"},"up":{"uv":[8.621,8.371,8.254,7.879],"tintindex":0,"rotation":0,"texture":"#0"},"down":{"uv":[0.371,8.379,0.004,8.871],"tintindex":0,"rotation":0,"texture":"#0"}}},{"from":[5.0,15.0,5.0],"to":[11.0,20.0,6.0],"faces":{"east":{"uv":[4.504,11.004,4.621,11.621],"tintindex":0,"rotation":0,"texture":"#0"},"south":{"uv":[5.629,2.379,6.371,2.996],"tintindex":0,"rotation":0,"texture":"#0"},"north":{"uv":[0.004,5.629,0.746,6.246],"tintindex":0,"rotation":0,"texture":"#0"},"west":{"uv":[6.129,11.004,6.246,11.621],"tintindex":0,"rotation":0,"texture":"#0"},"up":{"uv":[10.871,9.121,10.129,9.004],"tintindex":0,"rotation":0,"texture":"#0"},"down":{"uv":[10.996,10.004,10.254,10.121],"tintindex":0,"rotation":0,"texture":"#0"}}},{"from":[6.1431456,20.86396,6.01],"to":[7.1431456,21.86396,9.99],"faces":{"east":{"uv":[11.754,6.504,12.246,6.621],"tintindex":0,"rotation":0,"texture":"#0"},"south":{"uv":[12.879,10.879,12.996,10.996],"tintindex":0,"rotation":0,"texture":"#0"},"north":{"uv":[12.879,10.629,12.996,10.746],"tintindex":0,"rotation":0,"texture":"#0"},"west":{"uv":[8.004,11.754,8.496,11.871],"tintindex":0,"rotation":0,"texture":"#0"},"up":{"uv":[8.746,12.246,8.629,11.754],"tintindex":0,"rotation":0,"texture":"#0"},"down":{"uv":[9.621,11.754,9.504,12.246],"tintindex":0,"rotation":0,"texture":"#0"}},"rotation":{"origin":[-2.3568544,21.36396,9.5],"angle":-45.0,"axis":"z"}},{"from":[5.0,13.0,10.0],"to":[11.0,20.0,11.0],"faces":{"east":{"uv":[0.504,10.004,0.621,10.871],"tintindex":0,"rotation":0,"texture":"#0"},"south":{"uv":[1.879,5.504,2.621,6.371],"tintindex":0,"rotation":0,"texture":"#0"},"north":{"uv":[1.004,5.504,1.746,6.371],"tintindex":0,"rotation":0,"texture":"#0"},"west":{"uv":[0.754,10.004,0.871,10.871],"tintindex":0,"rotation":0,"texture":"#0"},"up":{"uv":[11.621,6.746,10.879,6.629],"tintindex":0,"rotation":0,"texture":"#0"},"down":{"uv":[9.121,10.879,8.379,10.996],"tintindex":0,"rotation":0,"texture":"#0"}}},{"from":[6.843146,17.86396,6.01],"to":[7.843146,18.86396,9.99],"faces":{"east":{"uv":[11.129,9.879,11.621,9.996],"tintindex":0,"rotation":0,"texture":"#0"},"south":{"uv":[11.379,12.754,11.496,12.871],"tintindex":0,"rotation":0,"texture":"#0"},"north":{"uv":[11.129,12.754,11.246,12.871],"tintindex":0,"rotation":0,"texture":"#0"},"west":{"uv":[2.254,11.254,2.746,11.371],"tintindex":0,"rotation":0,"texture":"#0"},"up":{"uv":[11.371,2.871,11.254,2.379],"tintindex":0,"rotation":0,"texture":"#0"},"down":{"uv":[2.996,11.254,2.879,11.746],"tintindex":0,"rotation":0,"texture":"#0"}},"rotation":{"origin":[-1.6568546,18.36396,9.5],"angle":-45.0,"axis":"z"}},{"from":[4.775,10.65,6.24],"to":[7.775,11.15,6.24],"faces":{"east":{"uv":[14.367,2.742,14.25,2.25],"tintindex":0,"rotation":270,"texture":"#0"},"south":{"uv":[14.367,2.742,14.25,2.25],"tintindex":0,"rotation":270,"texture":"#0"},"north":{"uv":[9.121,7.621,8.754,7.254],"tintindex":0,"rotation":0,"texture":"#0"},"west":{"uv":[14.367,2.742,14.25,2.25],"tintindex":0,"rotation":270,"texture":"#0"},"up":{"uv":[14.367,2.742,14.25,2.25],"tintindex":0,"rotation":270,"texture":"#0"},"down":{"uv":[14.367,2.742,14.25,2.25],"tintindex":0,"rotation":270,"texture":"#0"}}},{"from":[8.225,10.65,6.24],"to":[11.225,11.15,6.24],"faces":{"east":{"uv":[14.367,2.742,14.25,2.25],"tintindex":0,"rotation":270,"texture":"#0"},"south":{"uv":[14.367,2.742,14.25,2.25],"tintindex":0,"rotation":270,"texture":"#0"},"north":{"uv":[9.121,7.621,8.754,7.254],"tintindex":0,"rotation":0,"texture":"#0"},"west":{"uv":[14.367,2.742,14.25,2.25],"tintindex":0,"rotation":270,"texture":"#0"},"up":{"uv":[14.367,2.742,14.25,2.25],"tintindex":0,"rotation":270,"texture":"#0"},"down":{"uv":[14.367,2.742,14.25,2.25],"tintindex":0,"rotation":270,"texture":"#0"}}},{"from":[8.156855,17.86396,6.01],"to":[9.156855,18.86396,9.99],"faces":{"east":{"uv":[11.254,3.004,11.746,3.121],"tintindex":0,"rotation":0,"texture":"#0"},"south":{"uv":[12.504,12.754,12.621,12.871],"tintindex":0,"rotation":0,"texture":"#0"},"north":{"uv":[12.254,12.754,12.371,12.871],"tintindex":0,"rotation":0,"texture":"#0"},"west":{"uv":[3.754,11.254,4.246,11.371],"tintindex":0,"rotation":0,"texture":"#0"},"up":{"uv":[3.246,11.746,3.129,11.254],"tintindex":0,"rotation":0,"texture":"#0"},"down":{"uv":[11.371,3.754,11.254,4.246],"tintindex":0,"rotation":0,"texture":"#0"}},"rotation":{"origin":[17.656855,18.36396,9.5],"angle":45.0,"axis":"z"}},{"from":[4.5,15.0,5.2071066],"to":[5.5,20.0,6.2071066],"faces":{"east":{"uv":[11.004,11.004,11.121,11.621],"tintindex":0,"rotation":0,"texture":"#0"},"south":{"uv":[1.754,11.129,1.871,11.746],"tintindex":0,"rotation":0,"texture":"#0"},"north":{"uv":[10.754,11.004,10.871,11.621],"tintindex":0,"rotation":0,"texture":"#0"},"west":{"uv":[4.754,11.129,4.871,11.746],"tintindex":0,"rotation":0,"texture":"#0"},"up":{"uv":[10.496,12.871,10.379,12.754],"tintindex":0,"rotation":0,"texture":"#0"},"down":{"uv":[12.871,10.379,12.754,10.496],"tintindex":0,"rotation":0,"texture":"#0"}},"rotation":{"origin":[5.0,17.5,5.7071066],"angle":45.0,"axis":"y"}},{"from":[3.0,15.0,6.0],"to":[13.0,20.0,10.0],"faces":{"east":{"uv":[5.129,6.129,5.621,6.746],"tintindex":0,"rotation":0,"texture":"#0"},"south":{"uv":[3.754,1.879,4.996,2.496],"tintindex":0,"rotation":0,"texture":"#0"},"north":{"uv":[3.754,1.129,4.996,1.746],"tintindex":0,"rotation":0,"texture":"#0"},"west":{"uv":[5.754,6.129,6.246,6.746],"tintindex":0,"rotation":0,"texture":"#0"},"up":{"uv":[6.371,2.246,5.129,1.754],"tintindex":0,"rotation":0,"texture":"#0"},"down":{"uv":[3.996,5.504,2.754,5.996],"tintindex":0,"rotation":0,"texture":"#0"}}},{"from":[5.0,14.5,5.2071066],"to":[11.0,15.5,6.2071066],"faces":{"east":{"uv":[10.629,12.754,10.746,12.871],"tintindex":0,"rotation":0,"texture":"#0"},"south":{"uv":[10.379,5.879,11.121,5.996],"tintindex":0,"rotation":0,"texture":"#0"},"north":{"uv":[10.379,5.629,11.121,5.746],"tintindex":0,"rotation":0,"texture":"#0"},"west":{"uv":[10.879,12.754,10.996,12.871],"tintindex":0,"rotation":0,"texture":"#0"},"up":{"uv":[11.121,6.246,10.379,6.129],"tintindex":0,"rotation":0,"texture":"#0"},"down":{"uv":[11.121,6.379,10.379,6.496],"tintindex":0,"rotation":0,"texture":"#0"}},"rotation":{"origin":[8.5,15.0,5.7071066],"angle":-45.0,"axis":"x"}},{"from":[8.856854,20.86396,6.01],"to":[9.856854,21.86396,9.99],"faces":{"east":{"uv":[11.754,4.754,12.246,4.871],"tintindex":0,"rotation":0,"texture":"#0"},"south":{"uv":[12.879,10.004,12.996,10.121],"tintindex":0,"rotation":0,"texture":"#0"},"north":{"uv":[12.879,9.754,12.996,9.871],"tintindex":0,"rotation":0,"texture":"#0"},"west":{"uv":[11.754,5.004,12.246,5.121],"tintindex":0,"rotation":0,"texture":"#0"},"up":{"uv":[6.246,12.246,6.129,11.754],"tintindex":0,"rotation":0,"texture":"#0"},"down":{"uv":[7.871,11.754,7.754,12.246],"tintindex":0,"rotation":0,"texture":"#0"}},"rotation":{"origin":[18.356853,21.36396,9.5],"angle":45.0,"axis":"z"}},{"from":[6.5,6.0,6.075],"to":[9.5,8.0,9.925],"faces":{"east":{"uv":[3.129,7.129,3.61025,7.379],"tintindex":0,"rotation":0,"texture":"#0"},"south":{"uv":[1.879,8.379,2.254,8.629],"tintindex":0,"rotation":0,"texture":"#0"},"north":{"uv":[8.379,1.254,8.754,1.504],"tintindex":0,"rotation":0,"texture":"#0"},"west":{"uv":[7.004,7.129,7.48525,7.379],"tintindex":0,"rotation":0,"texture":"#0"},"up":{"uv":[8.746,2.371,8.379,1.879],"tintindex":0,"rotation":0,"texture":"#0"},"down":{"uv":[2.746,8.379,2.379,8.871],"tintindex":0,"rotation":0,"texture":"#0"}}},{"from":[7.5,8.0,6.225],"to":[8.5,9.0,9.975],"faces":{"east":{"uv":[0.629,7.254,1.121,7.746],"tintindex":0,"rotation":0,"texture":"#0"},"south":{"uv":[1.254,11.254,1.371,11.746],"tintindex":0,"rotation":0,"texture":"#0"},"north":{"uv":[1.0,11.25,1.125,11.375],"tintindex":0,"rotation":0,"texture":"#0"},"west":{"uv":[7.254,0.629,7.746,1.121],"tintindex":0,"rotation":0,"texture":"#0"},"up":{"uv":[11.371,2.246,11.254,1.754],"tintindex":0,"rotation":0,"texture":"#0"},"down":{"uv":[2.121,11.254,2.004,11.746],"tintindex":0,"rotation":0,"texture":"#0"}}},{"from":[7.5,8.0,6.25],"to":[8.5,12.0,10.0],"faces":{"east":{"uv":[0.629,7.254,1.121,7.746],"tintindex":0,"rotation":0,"texture":"#0"},"south":{"uv":[1.254,11.254,1.371,11.746],"tintindex":0,"rotation":0,"texture":"#0"},"north":{"uv":[9.121,7.621,8.754,7.254],"tintindex":0,"rotation":0,"texture":"#0"},"west":{"uv":[7.254,0.629,7.746,1.121],"tintindex":0,"rotation":0,"texture":"#0"},"up":{"uv":[11.371,2.246,11.254,1.754],"tintindex":0,"rotation":0,"texture":"#0"},"down":{"uv":[2.121,11.254,2.004,11.746],"tintindex":0,"rotation":0,"texture":"#0"}}},{"from":[7.005,13.5,10.792893],"to":[8.995,15.5,11.792893],"faces":{"east":{"uv":[11.754,12.504,11.871,12.746],"tintindex":0,"rotation":0,"texture":"#0"},"south":{"uv":[0.004,11.879,0.246,12.121],"tintindex":0,"rotation":0,"texture":"#0"},"north":{"uv":[11.504,11.754,11.746,11.996],"tintindex":0,"rotation":0,"texture":"#0"},"west":{"uv":[12.004,12.504,12.121,12.746],"tintindex":0,"rotation":0,"texture":"#0"},"up":{"uv":[12.496,12.621,12.254,12.504],"tintindex":0,"rotation":0,"texture":"#0"},"down":{"uv":[0.246,12.629,0.004,12.746],"tintindex":0,"rotation":0,"texture":"#0"}},"rotation":{"origin":[8.5,15.0,11.292893],"angle":45.0,"axis":"x"}},{"from":[10.5,15.0,5.2071066],"to":[11.5,20.0,6.2071066],"faces":{"east":{"uv":[8.129,11.004,8.246,11.621],"tintindex":0,"rotation":0,"texture":"#0"},"south":{"uv":[10.254,11.004,10.371,11.621],"tintindex":0,"rotation":0,"texture":"#0"},"north":{"uv":[7.879,11.004,7.996,11.621],"tintindex":0,"rotation":0,"texture":"#0"},"west":{"uv":[10.504,11.004,10.621,11.621],"tintindex":0,"rotation":0,"texture":"#0"},"up":{"uv":[9.996,12.871,9.879,12.754],"tintindex":0,"rotation":0,"texture":"#0"},"down":{"uv":[10.246,12.754,10.129,12.871],"tintindex":0,"rotation":0,"texture":"#0"}},"rotation":{"origin":[11.0,17.5,5.7071066],"angle":-45.0,"axis":"y"}},{"from":[4.0,12.0,6.0],"to":[12.0,15.0,10.0],"faces":{"east":{"uv":[8.254,6.254,8.746,6.621],"tintindex":0,"rotation":0,"texture":"#0"},"south":{"uv":[6.129,1.004,7.121,1.371],"tintindex":0,"rotation":0,"texture":"#0"},"north":{"uv":[5.629,4.129,6.621,4.496],"tintindex":0,"rotation":0,"texture":"#0"},"west":{"uv":[8.254,6.754,8.746,7.121],"tintindex":0,"rotation":0,"texture":"#0"},"up":{"uv":[6.496,5.121,5.504,4.629],"tintindex":0,"rotation":0,"texture":"#0"},"down":{"uv":[6.121,5.504,5.129,5.996],"tintindex":0,"rotation":0,"texture":"#0"}}},{"from":[4.775,11.375,6.24],"to":[7.775,11.875,6.24],"faces":{"east":{"uv":[14.367,2.742,14.25,2.25],"tintindex":0,"rotation":270,"texture":"#0"},"south":{"uv":[14.367,2.742,14.25,2.25],"tintindex":0,"rotation":270,"texture":"#0"},"north":{"uv":[9.121,7.621,8.754,7.254],"tintindex":0,"rotation":0,"texture":"#0"},"west":{"uv":[14.367,2.742,14.25,2.25],"tintindex":0,"rotation":270,"texture":"#0"},"up":{"uv":[14.367,2.742,14.25,2.25],"tintindex":0,"rotation":270,"texture":"#0"},"down":{"uv":[14.367,2.742,14.25,2.25],"tintindex":0,"rotation":270,"texture":"#0"}}},{"from":[7.0,15.0,11.0],"to":[9.0,20.0,12.0],"faces":{"east":{"uv":[6.379,11.129,6.496,11.746],"tintindex":0,"rotation":0,"texture":"#0"},"south":{"uv":[3.629,8.754,3.871,9.371],"tintindex":0,"rotation":0,"texture":"#0"},"north":{"uv":[8.629,8.504,8.871,9.121],"tintindex":0,"rotation":0,"texture":"#0"},"west":{"uv":[6.629,11.129,6.746,11.746],"tintindex":0,"rotation":0,"texture":"#0"},"up":{"uv":[0.621,12.746,0.379,12.629],"tintindex":0,"rotation":0,"texture":"#0"},"down":{"uv":[0.996,12.629,0.754,12.746],"tintindex":0,"rotation":0,"texture":"#0"}}},{"from":[6.005,8.5,9.792893],"to":[9.995,10.5,10.792893],"faces":{"east":{"uv":[8.254,12.504,8.371,12.746],"tintindex":0,"rotation":0,"texture":"#0"},"south":{"uv":[9.379,1.504,9.871,1.746],"tintindex":0,"rotation":0,"texture":"#0"},"north":{"uv":[9.379,1.129,9.871,1.371],"tintindex":0,"rotation":0,"texture":"#0"},"west":{"uv":[9.129,12.504,9.246,12.746],"tintindex":0,"rotation":0,"texture":"#0"},"up":{"uv":[10.746,11.871,10.254,11.754],"tintindex":0,"rotation":0,"texture":"#0"},"down":{"uv":[11.371,11.754,10.879,11.871],"tintindex":0,"rotation":0,"texture":"#0"}},"rotation":{"origin":[8.5,10.0,10.292893],"angle":45.0,"axis":"x"}},{"from":[4.5,13.0,9.792893],"to":[5.5,20.0,10.792893],"faces":{"east":{"uv":[9.254,9.879,9.371,10.746],"tintindex":0,"rotation":0,"texture":"#0"},"south":{"uv":[0.004,10.004,0.121,10.871],"tintindex":0,"rotation":0,"texture":"#0"},"north":{"uv":[9.004,9.879,9.121,10.746],"tintindex":0,"rotation":0,"texture":"#0"},"west":{"uv":[0.254,10.004,0.371,10.871],"tintindex":0,"rotation":0,"texture":"#0"},"up":{"uv":[11.996,12.996,11.879,12.879],"tintindex":0,"rotation":0,"texture":"#0"},"down":{"uv":[12.996,11.879,12.879,11.996],"tintindex":0,"rotation":0,"texture":"#0"}},"rotation":{"origin":[5.0,15.5,10.292893],"angle":-45.0,"axis":"y"}}],"display":{"gui":{"rotation":[30,225,0]}}}