{"textures":{"0":"modelengine:entity/fallenwarden1","4":"modelengine:entity/reditexture"},"elements":[{"from":[7.65,25.0,4.0],"to":[8.4,26.0,8.0],"faces":{"east":{"uv":[0.0,1.0,4.0,0.0],"tintindex":0,"rotation":180,"texture":"#4"},"south":{"uv":[3.0,0.0,4.0,1.0],"tintindex":0,"rotation":0,"texture":"#4"},"north":{"uv":[0.0,0.0,1.0,1.0],"tintindex":0,"rotation":0,"texture":"#4"},"west":{"uv":[0.0,0.0,4.0,1.0],"tintindex":0,"rotation":0,"texture":"#4"},"up":{"uv":[4.0,0.0,0.0,1.0],"tintindex":0,"rotation":270,"texture":"#4"},"down":{"uv":[0.0,0.0,4.0,1.0],"tintindex":0,"rotation":270,"texture":"#4"}}},{"from":[5.107416,9.287064,11.088785],"to":[11.267416,10.407064,12.208784],"faces":{"east":{"uv":[12.629,1.879,12.746,1.996],"tintindex":0,"rotation":0,"texture":"#0"},"south":{"uv":[9.879,3.129,10.621,3.246],"tintindex":0,"rotation":0,"texture":"#0"},"west":{"uv":[2.629,12.629,2.746,12.746],"tintindex":0,"rotation":0,"texture":"#0"},"up":{"uv":[10.621,3.871,9.879,3.754],"tintindex":0,"rotation":0,"texture":"#0"},"down":{"uv":[10.621,5.379,9.879,5.496],"tintindex":0,"rotation":0,"texture":"#0"}}},{"from":[10.295581,11.527065,3.6489606],"to":[11.415581,12.647064,4.4352455],"faces":{"north":{"uv":[5.879,12.754,5.996,12.871],"tintindex":0,"rotation":0,"texture":"#0"},"west":{"uv":[6.129,12.754,6.246,12.871],"tintindex":0,"rotation":0,"texture":"#0"}}},{"from":[5.815581,17.127064,3.6489606],"to":[10.295581,18.247063,5.888961],"faces":{"east":{"uv":[7.754,2.504,7.996,2.621],"tintindex":0,"rotation":0,"texture":"#0"},"south":{"uv":[11.004,9.004,11.496,9.121],"tintindex":0,"rotation":0,"texture":"#0"},"north":{"uv":[11.004,8.754,11.496,8.871],"tintindex":0,"rotation":0,"texture":"#0"},"west":{"uv":[7.004,10.629,7.246,10.746],"tintindex":0,"rotation":0,"texture":"#0"},"up":{"uv":[9.371,2.371,8.879,2.129],"tintindex":0,"rotation":0,"texture":"#0"}}},{"from":[3.5755806,8.167065,4.2089496],"to":[4.8205805,10.407064,7.5689497],"faces":{"south":{"uv":[9.129,12.129,9.246,12.371],"tintindex":0,"rotation":0,"texture":"#0"},"north":{"uv":[8.879,12.129,8.996,12.371],"tintindex":0,"rotation":0,"texture":"#0"},"west":{"uv":[6.754,0.629,7.121,0.871],"tintindex":0,"rotation":0,"texture":"#0"},"up":{"uv":[1.371,12.246,1.254,11.879],"tintindex":0,"rotation":0,"texture":"#0"},"down":{"uv":[1.871,11.879,1.754,12.246],"tintindex":0,"rotation":0,"texture":"#0"}}},{"from":[9.175581,9.287064,3.6489606],"to":[9.73558,12.647064,4.4352455],"faces":{"east":{"uv":[6.379,11.879,6.496,12.246],"tintindex":0,"rotation":0,"texture":"#0"},"north":{"uv":[5.879,11.879,5.996,12.246],"tintindex":0,"rotation":0,"texture":"#0"},"west":{"uv":[6.629,11.879,6.746,12.246],"tintindex":0,"rotation":0,"texture":"#0"}}},{"from":[6.9355807,16.847065,10.928949],"to":[9.175581,17.127064,12.04895],"faces":{"east":{"uv":[12.629,1.379,12.746,1.496],"tintindex":0,"rotation":0,"texture":"#0"},"south":{"uv":[12.129,7.504,12.371,7.621],"tintindex":0,"rotation":0,"texture":"#0"},"north":{"uv":[12.129,7.254,12.371,7.371],"tintindex":0,"rotation":0,"texture":"#0"},"west":{"uv":[1.629,12.629,1.746,12.746],"tintindex":0,"rotation":0,"texture":"#0"},"up":{"uv":[12.371,7.871,12.129,7.754],"tintindex":0,"rotation":0,"texture":"#0"}}},{"from":[6.9355807,13.767065,3.3689609],"to":[9.175581,17.127064,4.4889607],"faces":{"east":{"uv":[11.879,5.254,11.996,5.621],"tintindex":0,"rotation":0,"texture":"#0"},"north":{"uv":[8.004,10.129,8.246,10.496],"tintindex":0,"rotation":0,"texture":"#0"},"west":{"uv":[11.879,5.754,11.996,6.121],"tintindex":0,"rotation":0,"texture":"#0"},"down":{"uv":[1.246,12.379,1.004,12.496],"tintindex":0,"rotation":0,"texture":"#0"}}},{"from":[11.415581,10.407064,4.2089496],"to":[12.535581,16.007065,12.04895],"faces":{"east":{"uv":[1.004,4.629,1.996,5.371],"tintindex":0,"rotation":0,"texture":"#0"},"south":{"uv":[1.25,10.0,1.367,10.742],"tintindex":0,"rotation":0,"texture":"#0"},"north":{"uv":[5.879,0.004,5.996,0.746],"tintindex":0,"rotation":0,"texture":"#0"},"up":{"uv":[4.121,9.746,4.004,8.754],"tintindex":0,"rotation":0,"texture":"#0"},"down":{"uv":[3.121,9.004,3.004,9.996],"tintindex":0,"rotation":0,"texture":"#0"}}},{"from":[4.107416,7.9870644,10.588785],"to":[12.107416,8.287064,11.708785],"faces":{"east":{"uv":[12.629,1.879,12.746,1.996],"tintindex":0,"rotation":0,"texture":"#0"},"south":{"uv":[9.0,4.75,10.0,4.875],"tintindex":0,"rotation":0,"texture":"#0"},"west":{"uv":[2.629,12.629,2.746,12.746],"tintindex":0,"rotation":0,"texture":"#0"},"up":{"uv":[10.621,3.871,9.879,3.754],"tintindex":0,"rotation":0,"texture":"#0"},"down":{"uv":[10.621,5.379,9.879,5.496],"tintindex":0,"rotation":0,"texture":"#0"}}},{"from":[4.6955805,11.527065,3.6489606],"to":[5.815581,12.647064,4.4352455],"faces":{"east":{"uv":[5.629,12.754,5.746,12.871],"tintindex":0,"rotation":0,"texture":"#0"},"north":{"uv":[5.379,12.754,5.496,12.871],"tintindex":0,"rotation":0,"texture":"#0"}}},{"from":[4.6955805,16.007065,12.04895],"to":[11.415581,16.567066,12.60895],"faces":{"east":{"uv":[12.629,1.629,12.746,1.746],"tintindex":0,"rotation":0,"texture":"#0"},"south":{"uv":[9.504,0.379,10.371,0.496],"tintindex":0,"rotation":0,"texture":"#0"},"north":{"uv":[0.004,9.504,0.871,9.621],"tintindex":0,"rotation":0,"texture":"#0"},"west":{"uv":[1.879,12.629,1.996,12.746],"tintindex":0,"rotation":0,"texture":"#0"},"up":{"uv":[10.371,0.746,9.504,0.629],"tintindex":0,"rotation":0,"texture":"#0"}}},{"from":[4.239416,10.407064,11.928785],"to":[12.079416,16.007065,13.048784],"faces":{"east":{"uv":[1.254,10.004,1.371,10.746],"tintindex":0,"rotation":0,"texture":"#0"},"south":{"uv":[3.254,4.629,4.246,5.371],"tintindex":0,"rotation":0,"texture":"#0"},"west":{"uv":[1.504,10.004,1.621,10.746],"tintindex":0,"rotation":0,"texture":"#0"},"up":{"uv":[9.996,8.871,9.004,8.754],"tintindex":0,"rotation":0,"texture":"#0"},"down":{"uv":[9.996,9.004,9.004,9.121],"tintindex":0,"rotation":0,"texture":"#0"}}},{"from":[7.65,13.0,13.0],"to":[8.4,25.0,14.0],"faces":{"east":{"uv":[9.0,13.0,10.0,1.0],"tintindex":0,"rotation":180,"texture":"#4"},"south":{"uv":[9.0,1.0,10.0,13.0],"tintindex":0,"rotation":0,"texture":"#4"},"north":{"uv":[9.0,1.0,10.0,13.0],"tintindex":0,"rotation":0,"texture":"#4"},"west":{"uv":[9.0,1.0,10.0,13.0],"tintindex":0,"rotation":0,"texture":"#4"},"up":{"uv":[10.0,1.0,9.0,2.0],"tintindex":0,"rotation":270,"texture":"#4"},"down":{"uv":[9.0,12.0,10.0,13.0],"tintindex":0,"rotation":270,"texture":"#4"}}},{"from":[9.175581,7.0750637,3.6489606],"to":[10.127581,8.167065,3.6489606],"faces":{"east":{"uv":[2.129,4.629,2.121,4.746],"tintindex":0,"rotation":0,"texture":"#0"},"south":{"uv":[3.629,12.754,3.746,12.871],"tintindex":0,"rotation":0,"texture":"#0"},"north":{"uv":[3.379,12.754,3.496,12.871],"tintindex":0,"rotation":0,"texture":"#0"},"west":{"uv":[2.129,4.879,2.121,4.996],"tintindex":0,"rotation":0,"texture":"#0"},"up":{"uv":[2.371,4.379,2.254,4.371],"tintindex":0,"rotation":0,"texture":"#0"},"down":{"uv":[3.371,4.504,3.254,4.496],"tintindex":0,"rotation":0,"texture":"#0"}}},{"from":[11.135581,7.9170647,5.0489497],"to":[12.255581,9.287064,11.20895],"faces":{"east":{"uv":[4.379,10.004,5.121,10.121],"tintindex":0,"rotation":0,"texture":"#0"},"south":{"uv":[12.629,8.004,12.746,8.121],"tintindex":0,"rotation":0,"texture":"#0"},"north":{"uv":[12.629,7.004,12.746,7.121],"tintindex":0,"rotation":0,"texture":"#0"},"up":{"uv":[9.621,10.746,9.504,10.004],"tintindex":0,"rotation":0,"texture":"#0"},"down":{"uv":[9.871,10.004,9.754,10.746],"tintindex":0,"rotation":0,"texture":"#0"}}},{"from":[4.107416,8.287064,11.088785],"to":[12.107416,9.287064,12.208784],"faces":{"east":{"uv":[12.629,1.879,12.746,1.996],"tintindex":0,"rotation":0,"texture":"#0"},"south":{"uv":[9.0,4.75,10.0,4.875],"tintindex":0,"rotation":0,"texture":"#0"},"west":{"uv":[2.629,12.629,2.746,12.746],"tintindex":0,"rotation":0,"texture":"#0"},"up":{"uv":[10.621,3.871,9.879,3.754],"tintindex":0,"rotation":0,"texture":"#0"},"down":{"uv":[10.621,5.379,9.879,5.496],"tintindex":0,"rotation":0,"texture":"#0"}}},{"from":[4.6955805,7.607065,4.768961],"to":[11.415581,8.167065,5.888961],"faces":{"east":{"uv":[12.629,10.129,12.746,10.246],"tintindex":0,"rotation":0,"texture":"#0"},"south":{"uv":[9.629,9.254,10.496,9.371],"tintindex":0,"rotation":0,"texture":"#0"},"north":{"uv":[9.629,8.004,10.496,8.121],"tintindex":0,"rotation":0,"texture":"#0"},"west":{"uv":[12.629,11.004,12.746,11.121],"tintindex":0,"rotation":0,"texture":"#0"},"up":{"uv":[10.496,9.621,9.629,9.504],"tintindex":0,"rotation":0,"texture":"#0"},"down":{"uv":[0.871,9.754,0.004,9.871],"tintindex":0,"rotation":0,"texture":"#0"}}},{"from":[11.415581,11.527065,3.6489606],"to":[12.647581,14.887066,4.2089605],"faces":{"east":{"uv":[4.379,7.629,4.496,7.996],"tintindex":0,"rotation":0,"texture":"#0"},"south":{"uv":[5.629,8.129,5.746,8.496],"tintindex":0,"rotation":0,"texture":"#0"},"north":{"uv":[3.754,7.129,3.871,7.496],"tintindex":0,"rotation":0,"texture":"#0"},"down":{"uv":[10.621,1.879,10.504,1.996],"tintindex":0,"rotation":0,"texture":"#0"}}},{"from":[6.375581,9.287064,3.6489606],"to":[6.9355807,12.647064,4.4352455],"faces":{"east":{"uv":[7.129,11.879,7.246,12.246],"tintindex":0,"rotation":0,"texture":"#0"},"north":{"uv":[11.879,6.754,11.996,7.121],"tintindex":0,"rotation":0,"texture":"#0"},"west":{"uv":[7.379,11.879,7.496,12.246],"tintindex":0,"rotation":0,"texture":"#0"}}},{"from":[3.5755806,9.287064,7.5689497],"to":[4.6955805,10.407064,9.808949],"faces":{"south":{"uv":[12.629,4.504,12.746,4.621],"tintindex":0,"rotation":0,"texture":"#0"},"north":{"uv":[12.629,4.254,12.746,4.371],"tintindex":0,"rotation":0,"texture":"#0"},"west":{"uv":[12.129,10.754,12.371,10.871],"tintindex":0,"rotation":0,"texture":"#0"},"up":{"uv":[12.246,11.246,12.129,11.004],"tintindex":0,"rotation":0,"texture":"#0"},"down":{"uv":[12.246,11.379,12.129,11.621],"tintindex":0,"rotation":0,"texture":"#0"}}},{"from":[9.175581,8.167065,3.6489606],"to":[11.415581,9.287064,4.2089605],"faces":{"east":{"uv":[12.754,0.504,12.871,0.621],"tintindex":0,"rotation":0,"texture":"#0"},"north":{"uv":[12.254,8.629,12.496,8.746],"tintindex":0,"rotation":0,"texture":"#0"},"west":{"uv":[12.754,2.129,12.871,2.246],"tintindex":0,"rotation":0,"texture":"#0"},"up":{"uv":[12.496,8.996,12.254,8.879],"tintindex":0,"rotation":0,"texture":"#0"},"down":{"uv":[9.996,12.254,9.754,12.371],"tintindex":0,"rotation":0,"texture":"#0"}}},{"from":[7.4955807,8.167065,3.522737],"to":[8.615581,19.367065,4.3076324],"faces":{"east":{"uv":[6.254,8.629,6.371,9.996],"tintindex":0,"rotation":0,"texture":"#0"},"south":{"uv":[7.004,8.629,7.121,9.996],"tintindex":0,"rotation":0,"texture":"#0"},"north":{"uv":[3.379,8.379,3.496,9.746],"tintindex":0,"rotation":0,"texture":"#0"},"west":{"uv":[7.254,8.629,7.371,9.996],"tintindex":0,"rotation":0,"texture":"#0"},"up":{"uv":[6.496,12.871,6.379,12.754],"tintindex":0,"rotation":0,"texture":"#0"},"down":{"uv":[7.121,12.754,7.004,12.871],"tintindex":0,"rotation":0,"texture":"#0"}}},{"from":[4.6395807,10.407064,5.2449493],"to":[5.7595806,11.527065,11.96495],"faces":{"south":{"uv":[12.629,6.504,12.746,6.621],"tintindex":0,"rotation":0,"texture":"#0"},"north":{"uv":[12.629,6.254,12.746,6.371],"tintindex":0,"rotation":0,"texture":"#0"},"west":{"uv":[9.629,7.504,10.496,7.621],"tintindex":0,"rotation":0,"texture":"#0"},"up":{"uv":[5.871,10.371,5.754,9.504],"tintindex":0,"rotation":0,"texture":"#0"},"down":{"uv":[6.121,9.504,6.004,10.371],"tintindex":0,"rotation":0,"texture":"#0"}}},{"from":[4.6955805,12.647064,3.6489606],"to":[6.9355807,14.887066,4.4352455],"faces":{"east":{"uv":[12.379,1.879,12.496,2.121],"tintindex":0,"rotation":0,"texture":"#0"},"north":{"uv":[8.379,11.129,8.621,11.371],"tintindex":0,"rotation":0,"texture":"#0"},"down":{"uv":[12.621,2.254,12.379,2.371],"tintindex":0,"rotation":0,"texture":"#0"}}},{"from":[7.65,19.0,9.0],"to":[8.4,26.0,12.0],"faces":{"east":{"uv":[5.0,7.0,8.0,0.0],"tintindex":0,"rotation":180,"texture":"#4"},"south":{"uv":[7.0,0.0,8.0,7.0],"tintindex":0,"rotation":0,"texture":"#4"},"north":{"uv":[5.0,0.0,6.0,7.0],"tintindex":0,"rotation":0,"texture":"#4"},"west":{"uv":[5.0,0.0,8.0,7.0],"tintindex":0,"rotation":0,"texture":"#4"},"up":{"uv":[8.0,0.0,5.0,1.0],"tintindex":0,"rotation":270,"texture":"#4"},"down":{"uv":[5.0,6.0,8.0,7.0],"tintindex":0,"rotation":270,"texture":"#4"}}},{"from":[7.4955807,16.007065,11.922737],"to":[8.615581,18.247063,14.162737],"faces":{"east":{"uv":[8.754,11.129,8.996,11.371],"tintindex":0,"rotation":0,"texture":"#0"},"south":{"uv":[3.129,12.379,3.246,12.621],"tintindex":0,"rotation":0,"texture":"#0"},"north":{"uv":[12.379,2.754,12.496,2.996],"tintindex":0,"rotation":0,"texture":"#0"},"west":{"uv":[9.129,11.129,9.371,11.371],"tintindex":0,"rotation":0,"texture":"#0"},"up":{"uv":[12.496,3.871,12.379,3.629],"tintindex":0,"rotation":0,"texture":"#0"},"down":{"uv":[4.496,12.379,4.379,12.621],"tintindex":0,"rotation":0,"texture":"#0"}}},{"from":[11.415581,8.167065,4.2089496],"to":[12.535581,10.407064,7.5689497],"faces":{"east":{"uv":[6.879,3.504,7.246,3.746],"tintindex":0,"rotation":0,"texture":"#0"},"south":{"uv":[12.129,10.379,12.246,10.621],"tintindex":0,"rotation":0,"texture":"#0"},"north":{"uv":[12.129,10.004,12.246,10.246],"tintindex":0,"rotation":0,"texture":"#0"},"up":{"uv":[2.121,12.246,2.004,11.879],"tintindex":0,"rotation":0,"texture":"#0"},"down":{"uv":[2.996,11.879,2.879,12.246],"tintindex":0,"rotation":0,"texture":"#0"}}},{"from":[5.107416,7.047064,9.408785],"to":[11.267416,8.167065,10.8087845],"faces":{"east":{"uv":[12.629,3.629,12.746,3.746],"tintindex":0,"rotation":0,"texture":"#0"},"south":{"uv":[10.004,1.379,10.746,1.496],"tintindex":0,"rotation":0,"texture":"#0"},"west":{"uv":[4.129,12.629,4.246,12.746],"tintindex":0,"rotation":0,"texture":"#0"},"up":{"uv":[10.746,1.746,10.004,1.629],"tintindex":0,"rotation":0,"texture":"#0"},"down":{"uv":[2.496,10.004,1.754,10.121],"tintindex":0,"rotation":0,"texture":"#0"}}},{"from":[7.4955807,12.647064,13.042737],"to":[8.615581,16.007065,14.162737],"faces":{"east":{"uv":[11.879,11.129,11.996,11.496],"tintindex":0,"rotation":0,"texture":"#0"},"south":{"uv":[11.879,11.629,11.996,11.996],"tintindex":0,"rotation":0,"texture":"#0"},"north":{"uv":[11.879,10.629,11.996,10.996],"tintindex":0,"rotation":0,"texture":"#0"},"west":{"uv":[2.254,12.004,2.371,12.371],"tintindex":0,"rotation":0,"texture":"#0"},"up":{"uv":[7.371,12.871,7.254,12.754],"tintindex":0,"rotation":0,"texture":"#0"},"down":{"uv":[12.871,7.254,12.754,7.371],"tintindex":0,"rotation":0,"texture":"#0"}}},{"from":[7.65,21.0,5.0],"to":[8.4,25.0,9.0],"faces":{"east":{"uv":[1.0,5.0,5.0,1.0],"tintindex":0,"rotation":180,"texture":"#4"},"south":{"uv":[4.0,1.0,5.0,5.0],"tintindex":0,"rotation":0,"texture":"#4"},"north":{"uv":[1.0,1.0,2.0,5.0],"tintindex":0,"rotation":0,"texture":"#4"},"west":{"uv":[1.0,1.0,5.0,5.0],"tintindex":0,"rotation":0,"texture":"#4"},"up":{"uv":[5.0,1.0,1.0,2.0],"tintindex":0,"rotation":270,"texture":"#4"},"down":{"uv":[1.0,4.0,5.0,5.0],"tintindex":0,"rotation":270,"texture":"#4"}}},{"from":[3.9955807,9.287064,4.7989497],"to":[5.1155806,10.407064,12.0189495],"faces":{"south":{"uv":[12.629,6.004,12.746,6.121],"tintindex":0,"rotation":0,"texture":"#0"},"north":{"uv":[12.629,5.754,12.746,5.871],"tintindex":0,"rotation":0,"texture":"#0"},"west":{"uv":[4.254,9.504,5.121,9.621],"tintindex":0,"rotation":0,"texture":"#0"},"up":{"uv":[5.371,10.371,5.254,9.504],"tintindex":0,"rotation":0,"texture":"#0"},"down":{"uv":[5.621,9.504,5.504,10.371],"tintindex":0,"rotation":0,"texture":"#0"}}},{"from":[3.5755806,10.407064,4.2089496],"to":[4.6955805,16.007065,12.04895],"faces":{"south":{"uv":[4.129,10.004,4.246,10.746],"tintindex":0,"rotation":0,"texture":"#0"},"north":{"uv":[2.629,10.004,2.746,10.746],"tintindex":0,"rotation":0,"texture":"#0"},"west":{"uv":[4.379,4.629,5.371,5.371],"tintindex":0,"rotation":0,"texture":"#0"},"up":{"uv":[8.121,9.996,8.004,9.004],"tintindex":0,"rotation":0,"texture":"#0"},"down":{"uv":[8.371,9.004,8.254,9.996],"tintindex":0,"rotation":0,"texture":"#0"}}},{"from":[4.6955805,8.167065,3.6489606],"to":[6.9355807,9.287064,4.2089605],"faces":{"east":{"uv":[12.754,2.379,12.871,2.496],"tintindex":0,"rotation":0,"texture":"#0"},"north":{"uv":[12.379,0.254,12.621,0.371],"tintindex":0,"rotation":0,"texture":"#0"},"west":{"uv":[3.129,12.754,3.246,12.871],"tintindex":0,"rotation":0,"texture":"#0"},"up":{"uv":[12.621,0.621,12.379,0.504],"tintindex":0,"rotation":0,"texture":"#0"},"down":{"uv":[0.871,12.379,0.629,12.496],"tintindex":0,"rotation":0,"texture":"#0"}}},{"from":[4.135581,16.007065,4.2089496],"to":[11.97558,16.847065,12.04895],"faces":{"east":{"uv":[8.879,6.879,9.871,6.996],"tintindex":0,"rotation":0,"texture":"#0"},"south":{"uv":[9.004,4.754,9.996,4.871],"tintindex":0,"rotation":0,"texture":"#0"},"north":{"uv":[8.754,8.254,9.746,8.371],"tintindex":0,"rotation":0,"texture":"#0"},"west":{"uv":[9.004,8.504,9.996,8.621],"tintindex":0,"rotation":0,"texture":"#0"},"up":{"uv":[4.746,0.996,3.754,0.004],"tintindex":0,"rotation":0,"texture":"#0"}}},{"from":[4.6955805,16.007065,3.6489606],"to":[11.415581,17.127064,5.888961],"faces":{"east":{"uv":[6.129,1.504,6.371,1.621],"tintindex":0,"rotation":0,"texture":"#0"},"south":{"uv":[9.379,6.004,10.246,6.121],"tintindex":0,"rotation":0,"texture":"#0"},"north":{"uv":[9.379,5.754,10.246,5.871],"tintindex":0,"rotation":0,"texture":"#0"},"west":{"uv":[6.504,2.879,6.746,2.996],"tintindex":0,"rotation":0,"texture":"#0"},"up":{"uv":[8.996,2.746,8.129,2.504],"tintindex":0,"rotation":0,"texture":"#0"}}},{"from":[10.855581,7.047064,5.32895],"to":[11.97558,8.167065,10.088949],"faces":{"east":{"uv":[0.004,11.004,0.621,11.121],"tintindex":0,"rotation":0,"texture":"#0"},"south":{"uv":[12.629,9.879,12.746,9.996],"tintindex":0,"rotation":0,"texture":"#0"},"north":{"uv":[12.629,9.629,12.746,9.746],"tintindex":0,"rotation":0,"texture":"#0"},"up":{"uv":[5.996,11.121,5.879,10.504],"tintindex":0,"rotation":0,"texture":"#0"},"down":{"uv":[1.621,10.879,1.504,11.496],"tintindex":0,"rotation":0,"texture":"#0"}}},{"from":[7.65,19.0,6.0],"to":[8.4,21.0,9.0],"faces":{"east":{"uv":[2.0,7.0,5.0,5.0],"tintindex":0,"rotation":180,"texture":"#4"},"south":{"uv":[4.0,5.0,5.0,7.0],"tintindex":0,"rotation":0,"texture":"#4"},"north":{"uv":[2.0,5.0,3.0,7.0],"tintindex":0,"rotation":0,"texture":"#4"},"west":{"uv":[2.0,5.0,5.0,7.0],"tintindex":0,"rotation":0,"texture":"#4"},"up":{"uv":[5.0,5.0,2.0,6.0],"tintindex":0,"rotation":270,"texture":"#4"},"down":{"uv":[2.0,6.0,5.0,7.0],"tintindex":0,"rotation":270,"texture":"#4"}}},{"from":[4.499581,9.035065,5.2169495],"to":[11.583581,16.007065,10.956949],"faces":{"east":{"uv":[4.754,2.629,5.496,3.496],"tintindex":0,"rotation":0,"texture":"#0"},"south":{"uv":[0.004,4.629,0.871,5.496],"tintindex":0,"rotation":0,"texture":"#0"},"north":{"uv":[2.254,4.504,3.121,5.371],"tintindex":0,"rotation":0,"texture":"#0"},"west":{"uv":[4.754,3.629,5.496,4.496],"tintindex":0,"rotation":0,"texture":"#0"},"up":{"uv":[5.746,0.746,4.879,0.004],"tintindex":0,"rotation":0,"texture":"#0"},"down":{"uv":[5.996,0.879,5.129,1.621],"tintindex":0,"rotation":0,"texture":"#0"}}},{"from":[11.415581,9.287064,7.5689497],"to":[12.535581,10.407064,9.808949],"faces":{"east":{"uv":[11.504,12.129,11.746,12.246],"tintindex":0,"rotation":0,"texture":"#0"},"south":{"uv":[12.629,5.004,12.746,5.121],"tintindex":0,"rotation":0,"texture":"#0"},"north":{"uv":[12.629,4.754,12.746,4.871],"tintindex":0,"rotation":0,"texture":"#0"},"up":{"uv":[12.246,11.996,12.129,11.754],"tintindex":0,"rotation":0,"texture":"#0"},"down":{"uv":[11.996,12.129,11.879,12.371],"tintindex":0,"rotation":0,"texture":"#0"}}},{"from":[4.6955805,8.167065,4.2089605],"to":[11.415581,8.559065,5.328961],"faces":{"east":{"uv":[12.629,12.254,12.746,12.371],"tintindex":0,"rotation":0,"texture":"#0"},"south":{"uv":[9.754,2.879,10.621,2.996],"tintindex":0,"rotation":0,"texture":"#0"},"north":{"uv":[9.754,2.629,10.621,2.746],"tintindex":0,"rotation":0,"texture":"#0"},"west":{"uv":[12.629,12.504,12.746,12.621],"tintindex":0,"rotation":0,"texture":"#0"},"up":{"uv":[10.621,4.121,9.754,4.004],"tintindex":0,"rotation":0,"texture":"#0"},"down":{"uv":[5.121,9.754,4.254,9.871],"tintindex":0,"rotation":0,"texture":"#0"}}},{"from":[10.295581,9.287064,3.6489606],"to":[12.535581,11.527065,4.2089605],"faces":{"east":{"uv":[12.129,12.129,12.246,12.371],"tintindex":0,"rotation":0,"texture":"#0"},"north":{"uv":[6.879,11.129,7.121,11.371],"tintindex":0,"rotation":0,"texture":"#0"},"west":{"uv":[0.004,12.254,0.121,12.496],"tintindex":0,"rotation":0,"texture":"#0"},"up":{"uv":[12.496,1.121,12.254,1.004],"tintindex":0,"rotation":0,"texture":"#0"},"down":{"uv":[12.496,1.254,12.254,1.371],"tintindex":0,"rotation":0,"texture":"#0"}}},{"from":[4.6955805,6.4870644,5.888961],"to":[11.415581,7.047064,7.0089607],"faces":{"east":{"uv":[12.629,11.754,12.746,11.871],"tintindex":0,"rotation":0,"texture":"#0"},"south":{"uv":[2.004,9.754,2.871,9.871],"tintindex":0,"rotation":0,"texture":"#0"},"north":{"uv":[1.004,9.754,1.871,9.871],"tintindex":0,"rotation":0,"texture":"#0"},"west":{"uv":[12.629,12.004,12.746,12.121],"tintindex":0,"rotation":0,"texture":"#0"},"up":{"uv":[10.621,2.246,9.754,2.129],"tintindex":0,"rotation":0,"texture":"#0"},"down":{"uv":[10.621,2.379,9.754,2.496],"tintindex":0,"rotation":0,"texture":"#0"}}},{"from":[7.65,13.0,15.0],"to":[8.4,24.0,16.0],"faces":{"east":{"uv":[11.0,13.0,12.0,2.0],"tintindex":0,"rotation":180,"texture":"#4"},"south":{"uv":[11.0,2.0,12.0,13.0],"tintindex":0,"rotation":0,"texture":"#4"},"north":{"uv":[11.0,2.0,12.0,13.0],"tintindex":0,"rotation":0,"texture":"#4"},"west":{"uv":[11.0,2.0,12.0,13.0],"tintindex":0,"rotation":0,"texture":"#4"},"up":{"uv":[12.0,2.0,11.0,3.0],"tintindex":0,"rotation":270,"texture":"#4"},"down":{"uv":[11.0,12.0,12.0,13.0],"tintindex":0,"rotation":270,"texture":"#4"}}},{"from":[7.4955807,18.247063,5.762737],"to":[8.615581,19.367065,11.867633],"faces":{"east":{"uv":[10.129,8.504,10.871,8.621],"tintindex":0,"rotation":0,"texture":"#0"},"south":{"uv":[12.754,7.504,12.871,7.621],"tintindex":0,"rotation":0,"texture":"#0"},"north":{"uv":[7.504,12.754,7.621,12.871],"tintindex":0,"rotation":0,"texture":"#0"},"west":{"uv":[10.129,8.754,10.871,8.871],"tintindex":0,"rotation":0,"texture":"#0"},"up":{"uv":[6.371,10.871,6.254,10.129],"tintindex":0,"rotation":0,"texture":"#0"},"down":{"uv":[1.871,10.254,1.754,10.996],"tintindex":0,"rotation":0,"texture":"#0"}}},{"from":[3.5755806,9.287064,3.6489606],"to":[5.815581,11.527065,4.2089605],"faces":{"east":{"uv":[1.504,12.254,1.621,12.496],"tintindex":0,"rotation":0,"texture":"#0"},"north":{"uv":[11.129,7.379,11.371,7.621],"tintindex":0,"rotation":0,"texture":"#0"},"west":{"uv":[12.254,3.254,12.371,3.496],"tintindex":0,"rotation":0,"texture":"#0"},"up":{"uv":[12.496,4.621,12.254,4.504],"tintindex":0,"rotation":0,"texture":"#0"},"down":{"uv":[5.246,12.254,5.004,12.371],"tintindex":0,"rotation":0,"texture":"#0"}}},{"from":[3.4635806,11.527065,3.6489606],"to":[4.6955805,14.887066,4.2089605],"faces":{"south":{"uv":[0.379,11.879,0.496,12.246],"tintindex":0,"rotation":0,"texture":"#0"},"north":{"uv":[9.754,11.754,9.871,12.121],"tintindex":0,"rotation":0,"texture":"#0"},"west":{"uv":[1.004,11.879,1.121,12.246],"tintindex":0,"rotation":0,"texture":"#0"},"down":{"uv":[1.496,12.629,1.379,12.746],"tintindex":0,"rotation":0,"texture":"#0"}}},{"from":[4.6955805,16.007065,5.8889494],"to":[11.415581,17.127064,10.928949],"faces":{"east":{"uv":[5.504,5.254,6.121,5.371],"tintindex":0,"rotation":0,"texture":"#0"},"south":{"uv":[9.379,6.504,10.246,6.621],"tintindex":0,"rotation":0,"texture":"#0"},"north":{"uv":[9.379,6.254,10.246,6.371],"tintindex":0,"rotation":0,"texture":"#0"},"west":{"uv":[9.254,10.879,9.871,10.996],"tintindex":0,"rotation":0,"texture":"#0"},"up":{"uv":[4.996,6.121,4.129,5.504],"tintindex":0,"rotation":0,"texture":"#0"}}},{"from":[7.215581,17.127064,5.762737],"to":[8.895581,18.247063,11.867633],"faces":{"east":{"uv":[10.004,6.754,10.746,6.871],"tintindex":0,"rotation":0,"texture":"#0"},"south":{"uv":[2.754,12.379,2.996,12.496],"tintindex":0,"rotation":0,"texture":"#0"},"north":{"uv":[12.379,2.504,12.621,2.621],"tintindex":0,"rotation":0,"texture":"#0"},"west":{"uv":[10.129,4.754,10.871,4.871],"tintindex":0,"rotation":0,"texture":"#0"},"up":{"uv":[2.496,4.246,2.254,3.504],"tintindex":0,"rotation":0,"texture":"#0"},"down":{"uv":[7.371,7.754,7.129,8.496],"tintindex":0,"rotation":0,"texture":"#0"}}},{"from":[7.65,18.0,12.0],"to":[8.4,24.0,13.0],"faces":{"east":{"uv":[8.0,8.0,9.0,2.0],"tintindex":0,"rotation":180,"texture":"#4"},"south":{"uv":[8.0,2.0,9.0,8.0],"tintindex":0,"rotation":0,"texture":"#4"},"north":{"uv":[8.0,2.0,9.0,8.0],"tintindex":0,"rotation":0,"texture":"#4"},"west":{"uv":[8.0,2.0,9.0,8.0],"tintindex":0,"rotation":0,"texture":"#4"},"up":{"uv":[9.0,2.0,8.0,3.0],"tintindex":0,"rotation":270,"texture":"#4"},"down":{"uv":[8.0,7.0,9.0,8.0],"tintindex":0,"rotation":270,"texture":"#4"}}},{"from":[11.135581,9.287064,5.0489497],"to":[12.255581,10.407064,12.0189495],"faces":{"east":{"uv":[2.004,9.504,2.871,9.621],"tintindex":0,"rotation":0,"texture":"#0"},"south":{"uv":[12.629,5.504,12.746,5.621],"tintindex":0,"rotation":0,"texture":"#0"},"north":{"uv":[12.629,5.254,12.746,5.371],"tintindex":0,"rotation":0,"texture":"#0"},"up":{"uv":[9.621,2.996,9.504,2.129],"tintindex":0,"rotation":0,"texture":"#0"},"down":{"uv":[3.746,9.504,3.629,10.371],"tintindex":0,"rotation":0,"texture":"#0"}}},{"from":[4.6955805,13.767065,4.2089496],"to":[11.415581,16.007065,5.5552454],"faces":{"north":{"uv":[8.129,2.879,8.996,3.121],"tintindex":0,"rotation":0,"texture":"#0"}}},{"from":[5.367581,7.047064,5.328961],"to":[10.855581,7.607065,6.448961],"faces":{"east":{"uv":[12.629,11.254,12.746,11.371],"tintindex":0,"rotation":0,"texture":"#0"},"south":{"uv":[2.754,11.004,3.371,11.121],"tintindex":0,"rotation":0,"texture":"#0"},"north":{"uv":[2.004,11.004,2.621,11.121],"tintindex":0,"rotation":0,"texture":"#0"},"west":{"uv":[12.629,11.504,12.746,11.621],"tintindex":0,"rotation":0,"texture":"#0"},"up":{"uv":[4.371,11.121,3.754,11.004],"tintindex":0,"rotation":0,"texture":"#0"},"down":{"uv":[11.621,4.754,11.004,4.871],"tintindex":0,"rotation":0,"texture":"#0"}}},{"from":[9.175581,12.647064,3.6489606],"to":[11.415581,14.887066,4.4352455],"faces":{"north":{"uv":[11.129,7.754,11.371,7.996],"tintindex":0,"rotation":0,"texture":"#0"},"west":{"uv":[12.379,1.504,12.496,1.746],"tintindex":0,"rotation":0,"texture":"#0"},"down":{"uv":[1.996,12.379,1.754,12.496],"tintindex":0,"rotation":0,"texture":"#0"}}},{"from":[10.295581,10.407064,5.2169495],"to":[11.415581,11.527065,11.93695],"faces":{"south":{"uv":[12.629,6.754,12.746,6.871],"tintindex":0,"rotation":0,"texture":"#0"},"north":{"uv":[6.754,12.629,6.871,12.746],"tintindex":0,"rotation":0,"texture":"#0"},"west":{"uv":[9.629,7.754,10.496,7.871],"tintindex":0,"rotation":0,"texture":"#0"},"up":{"uv":[6.621,10.371,6.504,9.504],"tintindex":0,"rotation":0,"texture":"#0"},"down":{"uv":[6.871,9.504,6.754,10.371],"tintindex":0,"rotation":0,"texture":"#0"}}},{"from":[4.075,8.0,4.0],"to":[12.0,16.0,11.675],"faces":{"east":{"uv":[2.629,1.129,3.621,2.121],"tintindex":0,"rotation":0,"texture":"#0"},"south":{"uv":[2.629,2.254,3.621,3.246],"tintindex":0,"rotation":0,"texture":"#0"},"north":{"uv":[9.121,7.621,8.754,7.254],"tintindex":0,"rotation":0,"texture":"#0"},"west":{"uv":[2.629,3.379,3.621,4.371],"tintindex":0,"rotation":0,"texture":"#0"},"up":{"uv":[0.996,4.496,0.004,3.504],"tintindex":0,"rotation":0,"texture":"#0"},"down":{"uv":[2.121,3.504,1.129,4.496],"tintindex":0,"rotation":0,"texture":"#0"}}},{"from":[6.9355807,5.927065,3.6489606],"to":[9.175581,9.007065,4.2089605],"faces":{"east":{"uv":[3.129,11.879,3.246,12.246],"tintindex":0,"rotation":0,"texture":"#0"},"north":{"uv":[7.004,10.129,7.246,10.496],"tintindex":0,"rotation":0,"texture":"#0"},"west":{"uv":[4.754,11.879,4.871,12.246],"tintindex":0,"rotation":0,"texture":"#0"},"up":{"uv":[12.621,0.121,12.379,0.004],"tintindex":0,"rotation":0,"texture":"#0"},"down":{"uv":[0.496,12.379,0.254,12.496],"tintindex":0,"rotation":0,"texture":"#0"}}},{"from":[3.9955807,7.9170647,5.0489497],"to":[5.1155806,9.287064,11.70895],"faces":{"south":{"uv":[12.629,8.879,12.746,8.996],"tintindex":0,"rotation":0,"texture":"#0"},"north":{"uv":[12.629,8.629,12.746,8.746],"tintindex":0,"rotation":0,"texture":"#0"},"west":{"uv":[10.004,5.004,10.746,5.121],"tintindex":0,"rotation":0,"texture":"#0"},"up":{"uv":[10.121,10.746,10.004,10.004],"tintindex":0,"rotation":0,"texture":"#0"},"down":{"uv":[2.996,10.129,2.879,10.871],"tintindex":0,"rotation":0,"texture":"#0"}}},{"from":[7.65,15.0,17.0],"to":[8.4,21.0,18.0],"faces":{"east":{"uv":[13.0,11.0,14.0,5.0],"tintindex":0,"rotation":180,"texture":"#4"},"south":{"uv":[13.0,5.0,14.0,11.0],"tintindex":0,"rotation":0,"texture":"#4"},"north":{"uv":[13.0,5.0,14.0,11.0],"tintindex":0,"rotation":0,"texture":"#4"},"west":{"uv":[13.0,5.0,14.0,11.0],"tintindex":0,"rotation":0,"texture":"#4"},"up":{"uv":[14.0,5.0,13.0,6.0],"tintindex":0,"rotation":270,"texture":"#4"},"down":{"uv":[13.0,10.0,14.0,11.0],"tintindex":0,"rotation":270,"texture":"#4"}}},{"from":[7.65,18.0,11.0],"to":[8.4,19.0,12.0],"faces":{"east":{"uv":[7.0,8.0,8.0,7.0],"tintindex":0,"rotation":180,"texture":"#4"},"south":{"uv":[7.0,7.0,8.0,8.0],"tintindex":0,"rotation":0,"texture":"#4"},"north":{"uv":[7.0,7.0,8.0,8.0],"tintindex":0,"rotation":0,"texture":"#4"},"west":{"uv":[7.0,7.0,8.0,8.0],"tintindex":0,"rotation":0,"texture":"#4"},"up":{"uv":[8.0,7.0,7.0,8.0],"tintindex":0,"rotation":270,"texture":"#4"},"down":{"uv":[7.0,7.0,8.0,8.0],"tintindex":0,"rotation":270,"texture":"#4"}}},{"from":[7.65,13.0,14.0],"to":[8.4,23.0,15.0],"faces":{"east":{"uv":[10.0,13.0,11.0,3.0],"tintindex":0,"rotation":180,"texture":"#4"},"south":{"uv":[10.0,3.0,11.0,13.0],"tintindex":0,"rotation":0,"texture":"#4"},"north":{"uv":[10.0,3.0,11.0,13.0],"tintindex":0,"rotation":0,"texture":"#4"},"west":{"uv":[10.0,3.0,11.0,13.0],"tintindex":0,"rotation":0,"texture":"#4"},"up":{"uv":[11.0,3.0,10.0,4.0],"tintindex":0,"rotation":270,"texture":"#4"},"down":{"uv":[10.0,12.0,11.0,13.0],"tintindex":0,"rotation":270,"texture":"#4"}}},{"from":[4.499581,9.035065,4.48895],"to":[11.583581,16.007065,5.35695],"faces":{"east":{"uv":[7.504,9.379,7.621,10.246],"tintindex":0,"rotation":0,"texture":"#0"},"south":{"uv":[3.754,3.629,4.621,4.496],"tintindex":0,"rotation":0,"texture":"#0"},"north":{"uv":[3.754,2.629,4.621,3.496],"tintindex":0,"rotation":0,"texture":"#0"},"west":{"uv":[7.754,9.379,7.871,10.246],"tintindex":0,"rotation":0,"texture":"#0"},"up":{"uv":[10.371,0.996,9.504,0.879],"tintindex":0,"rotation":0,"texture":"#0"},"down":{"uv":[1.871,9.504,1.004,9.621],"tintindex":0,"rotation":0,"texture":"#0"}}},{"from":[3.4635806,14.887066,3.6489606],"to":[12.647581,16.007065,4.2089605],"faces":{"east":{"uv":[4.879,0.879,4.996,0.996],"tintindex":0,"rotation":0,"texture":"#0"},"south":{"uv":[8.629,3.754,9.746,3.871],"tintindex":0,"rotation":0,"texture":"#0"},"north":{"uv":[8.5,4.5,9.5,4.625],"tintindex":0,"rotation":0,"texture":"#0"},"west":{"uv":[8.004,8.254,8.121,8.371],"tintindex":0,"rotation":0,"texture":"#0"},"up":{"uv":[9.871,5.246,8.754,5.129],"tintindex":0,"rotation":0,"texture":"#0"}}},{"from":[5.815581,7.047064,3.6489606],"to":[6.9355807,8.167065,4.2089605],"faces":{"east":{"uv":[12.754,3.879,12.871,3.996],"tintindex":0,"rotation":0,"texture":"#0"},"south":{"uv":[4.379,12.754,4.496,12.871],"tintindex":0,"rotation":0,"texture":"#0"},"north":{"uv":[3.879,12.754,3.996,12.871],"tintindex":0,"rotation":0,"texture":"#0"},"west":{"uv":[4.629,12.754,4.746,12.871],"tintindex":0,"rotation":0,"texture":"#0"},"up":{"uv":[4.996,12.871,4.879,12.754],"tintindex":0,"rotation":0,"texture":"#0"},"down":{"uv":[5.246,12.754,5.129,12.871],"tintindex":0,"rotation":0,"texture":"#0"}}},{"from":[7.65,13.0,16.0],"to":[8.4,23.0,17.0],"faces":{"east":{"uv":[12.0,13.0,13.0,3.0],"tintindex":0,"rotation":180,"texture":"#4"},"south":{"uv":[12.0,3.0,13.0,13.0],"tintindex":0,"rotation":0,"texture":"#4"},"north":{"uv":[12.0,3.0,13.0,13.0],"tintindex":0,"rotation":0,"texture":"#4"},"west":{"uv":[12.0,3.0,13.0,13.0],"tintindex":0,"rotation":0,"texture":"#4"},"up":{"uv":[13.0,3.0,12.0,4.0],"tintindex":0,"rotation":270,"texture":"#4"},"down":{"uv":[12.0,12.0,13.0,13.0],"tintindex":0,"rotation":270,"texture":"#4"}}},{"from":[4.275581,7.047064,5.32895],"to":[5.395581,8.167065,10.088949],"faces":{"south":{"uv":[12.754,0.254,12.871,0.371],"tintindex":0,"rotation":0,"texture":"#0"},"north":{"uv":[12.754,0.004,12.871,0.121],"tintindex":0,"rotation":0,"texture":"#0"},"west":{"uv":[11.004,8.504,11.621,8.621],"tintindex":0,"rotation":0,"texture":"#0"},"up":{"uv":[10.121,11.496,10.004,10.879],"tintindex":0,"rotation":0,"texture":"#0"},"down":{"uv":[0.871,11.004,0.754,11.621],"tintindex":0,"rotation":0,"texture":"#0"}}},{"from":[4.0705805,7.0370636,3.998961],"to":[12.035581,9.277065,4.558961],"faces":{"east":{"uv":[12.629,1.004,12.746,1.246],"tintindex":0,"rotation":0,"texture":"#0"},"north":{"uv":[7.879,4.754,8.871,4.996],"tintindex":0,"rotation":0,"texture":"#0"},"west":{"uv":[1.129,12.629,1.246,12.871],"tintindex":0,"rotation":0,"texture":"#0"},"up":{"uv":[10.246,3.621,9.254,3.504],"tintindex":0,"rotation":0,"texture":"#0"},"down":{"uv":[10.371,1.879,9.379,1.996],"tintindex":0,"rotation":0,"texture":"#0"}}}],"display":{"gui":{"rotation":[30,225,0]}}}