{"textures":{"0":"modelengine:entity/fallenwarden1","1":"modelengine:entity/boneshadin1"},"elements":[{"from":[6.857143,5.714286,6.857143],"to":[9.142858,8.571428,9.142858],"rotation":{"angle":0.0,"axis":"y","origin":[9.085714,0.5714283,8.0]},"faces":{"east":{"uv":[4.004,6.254,4.496,6.871],"rotation":0,"texture":"#0","tintindex":0},"south":{"uv":[6.254,5.254,6.746,5.871],"rotation":0,"texture":"#0","tintindex":0},"north":{"uv":[6.254,3.129,6.746,3.746],"rotation":0,"texture":"#0","tintindex":0},"west":{"uv":[0.004,6.379,0.496,6.996],"rotation":0,"texture":"#0","tintindex":0},"up":{"uv":[7.371,3.371,6.879,2.879],"rotation":0,"texture":"#0","tintindex":0},"down":{"uv":[5.121,6.879,4.629,7.371],"rotation":0,"texture":"#0","tintindex":0}}},{"from":[7.285714,4.5714283,7.142857],"to":[9.0,5.714286,8.857143],"rotation":{"angle":0.0,"axis":"y","origin":[9.085714,0.5714283,8.0]},"faces":{"east":{"uv":[9.121,7.621,8.754,7.254],"rotation":0,"texture":"#0","tintindex":0},"south":{"uv":[9.121,7.621,8.754,7.254],"rotation":0,"texture":"#0","tintindex":0},"north":{"uv":[9.121,7.621,8.754,7.254],"rotation":0,"texture":"#0","tintindex":0},"west":{"uv":[9.121,7.621,8.754,7.254],"rotation":0,"texture":"#0","tintindex":0},"up":{"uv":[7.871,9.246,7.504,8.879],"rotation":0,"texture":"#0","tintindex":0},"down":{"uv":[0.0,4.0,6.0,8.0],"rotation":0,"texture":"#1","tintindex":0}}}],"display":{"head":{"translation":[0.0,-6.4,0.0],"scale":[4.0,4.0,4.0]}}}