{"textures":{"0":"modelengine:entity/fallenwarden1","1":"modelengine:entity/boneshadin1"},"elements":[{"from":[6.75,2.0,6.5],"to":[9.75,4.0,9.5],"faces":{"east":{"uv":[9.121,7.621,8.754,7.254],"tintindex":0,"rotation":0,"texture":"#0"},"south":{"uv":[9.121,7.621,8.754,7.254],"tintindex":0,"rotation":0,"texture":"#0"},"north":{"uv":[9.121,7.621,8.754,7.254],"tintindex":0,"rotation":0,"texture":"#0"},"west":{"uv":[9.121,7.621,8.754,7.254],"tintindex":0,"rotation":0,"texture":"#0"},"up":{"uv":[7.871,9.246,7.504,8.879],"tintindex":0,"rotation":0,"texture":"#0"},"down":{"uv":[0.0,4.0,6.0,8.0],"tintindex":0,"rotation":0,"texture":"#1"}}},{"from":[6.0,4.0,6.0],"to":[10.0,9.0,10.0],"faces":{"east":{"uv":[4.004,6.254,4.496,6.871],"tintindex":0,"rotation":0,"texture":"#0"},"south":{"uv":[6.254,5.254,6.746,5.871],"tintindex":0,"rotation":0,"texture":"#0"},"north":{"uv":[6.254,3.129,6.746,3.746],"tintindex":0,"rotation":0,"texture":"#0"},"west":{"uv":[0.004,6.379,0.496,6.996],"tintindex":0,"rotation":0,"texture":"#0"},"up":{"uv":[7.371,3.371,6.879,2.879],"tintindex":0,"rotation":0,"texture":"#0"},"down":{"uv":[5.121,6.879,4.629,7.371],"tintindex":0,"rotation":0,"texture":"#0"}}}],"display":{"gui":{"rotation":[30,225,0]}}}