{"textures":{"0":"modelengine:entity/fallenwarden1","1":"modelengine:entity/boneshadin1"},"elements":[{"from":[6.25,7.0,7.0],"to":[9.75,8.0,10.25],"faces":{"east":{"uv":[12.129,5.254,12.496,5.371],"tintindex":0,"rotation":0,"texture":"#0"},"south":{"uv":[11.504,4.254,11.996,4.371],"tintindex":0,"rotation":0,"texture":"#0"},"north":{"uv":[11.504,4.004,11.996,4.121],"tintindex":0,"rotation":0,"texture":"#0"},"west":{"uv":[12.129,5.504,12.496,5.621],"tintindex":0,"rotation":0,"texture":"#0"},"up":{"uv":[8.496,8.871,8.004,8.504],"tintindex":0,"rotation":0,"texture":"#0"},"down":{"uv":[9.121,0.004,8.629,0.371],"tintindex":0,"rotation":0,"texture":"#0"}}},{"from":[6.5,7.0,6.0],"to":[9.5,9.0,7.0],"faces":{"east":{"uv":[2.129,12.504,2.246,12.746],"tintindex":0,"rotation":0,"texture":"#0"},"south":{"uv":[10.754,3.754,11.121,3.996],"tintindex":0,"rotation":0,"texture":"#0"},"north":{"uv":[10.754,3.004,11.121,3.246],"tintindex":0,"rotation":0,"texture":"#0"},"west":{"uv":[2.379,12.504,2.496,12.746],"tintindex":0,"rotation":0,"texture":"#0"},"up":{"uv":[12.371,9.621,12.004,9.504],"tintindex":0,"rotation":0,"texture":"#0"},"down":{"uv":[12.496,4.254,12.129,4.371],"tintindex":0,"rotation":0,"texture":"#0"}}},{"from":[6.5,6.0,7.0],"to":[9.5,8.25,10.0],"faces":{"east":{"uv":[9.121,7.621,8.754,7.254],"tintindex":0,"rotation":0,"texture":"#0"},"south":{"uv":[9.121,7.621,8.754,7.254],"tintindex":0,"rotation":0,"texture":"#0"},"north":{"uv":[9.121,7.621,8.754,7.254],"tintindex":0,"rotation":0,"texture":"#0"},"west":{"uv":[9.121,7.621,8.754,7.254],"tintindex":0,"rotation":0,"texture":"#0"},"up":{"uv":[0.0,4.0,6.0,8.0],"tintindex":0,"rotation":0,"texture":"#1"},"down":{"uv":[1.371,9.004,1.004,9.371],"tintindex":0,"rotation":0,"texture":"#0"}}},{"from":[5.75,2.0,6.5],"to":[9.75,6.0,10.5],"faces":{"east":{"uv":[7.754,1.254,8.246,1.746],"tintindex":0,"rotation":0,"texture":"#0"},"south":{"uv":[1.879,7.754,2.371,8.246],"tintindex":0,"rotation":0,"texture":"#0"},"north":{"uv":[0.004,7.754,0.496,8.246],"tintindex":0,"rotation":0,"texture":"#0"},"west":{"uv":[7.754,1.879,8.246,2.371],"tintindex":0,"rotation":0,"texture":"#0"},"up":{"uv":[2.996,8.246,2.504,7.754],"tintindex":0,"rotation":0,"texture":"#0"},"down":{"uv":[3.621,7.754,3.129,8.246],"tintindex":0,"rotation":0,"texture":"#0"}}},{"from":[5.725,1.0,6.5],"to":[9.825,2.0,10.525],"faces":{"east":{"uv":[7.754,1.254,8.246,1.371],"tintindex":0,"rotation":0,"texture":"#0"},"south":{"uv":[1.879,7.754,2.3875,7.871],"tintindex":0,"rotation":0,"texture":"#0"},"north":{"uv":[0.004,7.754,0.496,8.246],"tintindex":0,"rotation":0,"texture":"#0"},"west":{"uv":[7.754,1.879,8.246,1.996],"tintindex":0,"rotation":0,"texture":"#0"},"up":{"uv":[2.996,8.246,2.504,7.754],"tintindex":0,"rotation":0,"texture":"#0"},"down":{"uv":[3.621,7.754,3.129,8.246],"tintindex":0,"rotation":0,"texture":"#0"}}}],"display":{"gui":{"rotation":[30,225,0]}}}