{"textures":{"0":"modelengine:entity/fallenwarden1"},"elements":[{"from":[7.0,7.1636686,2.4047132],"to":[9.0,8.163669,3.4047132],"faces":{"east":{"uv":[12.879,5.879,12.996,5.996],"tintindex":0,"rotation":0,"texture":"#0"},"south":{"uv":[12.504,0.754,12.746,0.871],"tintindex":0,"rotation":0,"texture":"#0"},"north":{"uv":[12.379,10.504,12.621,10.621],"tintindex":0,"rotation":0,"texture":"#0"},"west":{"uv":[12.879,6.129,12.996,6.246],"tintindex":0,"rotation":0,"texture":"#0"},"up":{"uv":[12.746,3.246,12.504,3.129],"tintindex":0,"rotation":0,"texture":"#0"},"down":{"uv":[3.621,12.504,3.379,12.621],"tintindex":0,"rotation":0,"texture":"#0"}}},{"from":[8.392893,7.6636686,3.4147134],"to":[9.792893,8.663669,7.4147134],"faces":{"east":{"uv":[11.504,10.129,11.996,10.246],"tintindex":0,"rotation":0,"texture":"#0"},"south":{"uv":[12.879,5.629,12.996,5.746],"tintindex":0,"rotation":0,"texture":"#0"},"north":{"uv":[12.879,5.379,12.996,5.496],"tintindex":0,"rotation":0,"texture":"#0"},"west":{"uv":[11.504,10.379,11.996,10.496],"tintindex":0,"rotation":0,"texture":"#0"},"up":{"uv":[9.121,11.996,9.004,11.504],"tintindex":0,"rotation":0,"texture":"#0"},"down":{"uv":[9.371,11.504,9.254,11.996],"tintindex":0,"rotation":0,"texture":"#0"}},"rotation":{"origin":[9.292893,8.163669,4.904713],"angle":-45.0,"axis":"z"}},{"from":[7.005,7.632825,2.611147],"to":[8.995,9.057825,3.611147],"faces":{"east":{"uv":[12.879,6.629,12.996,6.746],"tintindex":0,"rotation":0,"texture":"#0"},"south":{"uv":[3.754,12.504,3.996,12.621],"tintindex":0,"rotation":0,"texture":"#0"},"north":{"uv":[12.504,3.379,12.746,3.496],"tintindex":0,"rotation":0,"texture":"#0"},"west":{"uv":[12.879,6.879,12.996,6.996],"tintindex":0,"rotation":0,"texture":"#0"},"up":{"uv":[5.121,12.621,4.879,12.504],"tintindex":0,"rotation":0,"texture":"#0"},"down":{"uv":[5.496,12.504,5.254,12.621],"tintindex":0,"rotation":0,"texture":"#0"}},"rotation":{"origin":[8.0,8.132825,3.111147],"angle":45.0,"axis":"x"}},{"from":[7.0,8.163669,3.4047132],"to":[9.0,9.163669,7.404713],"faces":{"east":{"uv":[11.504,7.879,11.996,7.996],"tintindex":0,"rotation":0,"texture":"#0"},"south":{"uv":[12.379,8.379,12.621,8.496],"tintindex":0,"rotation":0,"texture":"#0"},"north":{"uv":[12.379,4.004,12.621,4.121],"tintindex":0,"rotation":0,"texture":"#0"},"west":{"uv":[8.379,11.504,8.871,11.621],"tintindex":0,"rotation":0,"texture":"#0"},"up":{"uv":[9.496,7.996,9.254,7.504],"tintindex":0,"rotation":0,"texture":"#0"},"down":{"uv":[8.746,9.254,8.504,9.746],"tintindex":0,"rotation":0,"texture":"#0"}}},{"from":[6.1,8.163669,7.404713],"to":[9.9,10.163669,10.304713],"faces":{"east":{"uv":[9.754,4.254,10.621,4.371],"tintindex":0,"rotation":0,"texture":"#0"},"south":{"uv":[11.504,7.629,11.996,7.746],"tintindex":0,"rotation":0,"texture":"#0"},"north":{"uv":[11.504,7.379,11.996,7.496],"tintindex":0,"rotation":0,"texture":"#0"},"west":{"uv":[9.754,4.504,10.1165,4.754],"tintindex":0,"rotation":0,"texture":"#0"},"up":{"uv":[6.121,3.996,5.629,3.129],"tintindex":0,"rotation":0,"texture":"#0"},"down":{"uv":[6.621,0.004,6.129,0.871],"tintindex":0,"rotation":0,"texture":"#0"}}},{"from":[6.0,7.1636686,3.4047132],"to":[10.0,8.163669,10.404713],"faces":{"east":{"uv":[9.754,4.254,10.621,4.371],"tintindex":0,"rotation":0,"texture":"#0"},"south":{"uv":[11.504,7.629,11.996,7.746],"tintindex":0,"rotation":0,"texture":"#0"},"north":{"uv":[11.504,7.379,11.996,7.496],"tintindex":0,"rotation":0,"texture":"#0"},"west":{"uv":[9.754,4.504,10.621,4.621],"tintindex":0,"rotation":0,"texture":"#0"},"up":{"uv":[6.121,3.996,5.629,3.129],"tintindex":0,"rotation":0,"texture":"#0"},"down":{"uv":[6.621,0.004,6.129,0.871],"tintindex":0,"rotation":0,"texture":"#0"}}},{"from":[6.2071066,7.6636686,3.4147134],"to":[7.607107,8.663669,7.4147134],"faces":{"east":{"uv":[11.254,11.504,11.746,11.621],"tintindex":0,"rotation":0,"texture":"#0"},"south":{"uv":[6.629,12.879,6.746,12.996],"tintindex":0,"rotation":0,"texture":"#0"},"north":{"uv":[12.879,6.379,12.996,6.496],"tintindex":0,"rotation":0,"texture":"#0"},"west":{"uv":[11.629,1.129,12.121,1.246],"tintindex":0,"rotation":0,"texture":"#0"},"up":{"uv":[1.621,12.121,1.504,11.629],"tintindex":0,"rotation":0,"texture":"#0"},"down":{"uv":[5.121,11.629,5.004,12.121],"tintindex":0,"rotation":0,"texture":"#0"}},"rotation":{"origin":[6.7071066,8.163669,4.8947134],"angle":45.0,"axis":"z"}}],"display":{"gui":{"rotation":[30,225,0]}}}