{"textures":{"0":"modelengine:entity/fallenwarden1"},"elements":[{"from":[6.1,8.1637,7.4047003],"to":[9.9,10.1637,10.3047],"faces":{"east":{"uv":[10.1165,4.504,9.754,4.754],"tintindex":0,"rotation":0,"texture":"#0"},"south":{"uv":[11.996,7.629,11.504,7.746],"tintindex":0,"rotation":0,"texture":"#0"},"north":{"uv":[11.996,7.379,11.504,7.496],"tintindex":0,"rotation":0,"texture":"#0"},"west":{"uv":[10.621,4.254,9.754,4.371],"tintindex":0,"rotation":0,"texture":"#0"},"up":{"uv":[5.629,3.996,6.121,3.129],"tintindex":0,"rotation":0,"texture":"#0"},"down":{"uv":[6.129,0.004,6.621,0.871],"tintindex":0,"rotation":0,"texture":"#0"}}},{"from":[6.0,7.1637,3.4046998],"to":[10.0,8.1637,10.4047],"faces":{"east":{"uv":[9.629,9.754,10.496,9.871],"tintindex":0,"rotation":0,"texture":"#0"},"south":{"uv":[11.629,9.004,12.121,9.121],"tintindex":0,"rotation":0,"texture":"#0"},"north":{"uv":[11.629,8.754,12.121,8.871],"tintindex":0,"rotation":0,"texture":"#0"},"west":{"uv":[9.879,0.004,10.746,0.121],"tintindex":0,"rotation":0,"texture":"#0"},"up":{"uv":[3.246,6.996,2.754,6.129],"tintindex":0,"rotation":0,"texture":"#0"},"down":{"uv":[3.871,6.129,3.379,6.996],"tintindex":0,"rotation":0,"texture":"#0"}}},{"from":[7.0,8.1637,3.4046998],"to":[9.0,9.1637,7.4047003],"faces":{"east":{"uv":[11.754,0.004,12.246,0.121],"tintindex":0,"rotation":0,"texture":"#0"},"south":{"uv":[11.129,12.504,11.371,12.621],"tintindex":0,"rotation":0,"texture":"#0"},"north":{"uv":[12.746,10.754,12.504,10.871],"tintindex":0,"rotation":0,"texture":"#0"},"west":{"uv":[2.254,11.754,2.746,11.871],"tintindex":0,"rotation":0,"texture":"#0"},"up":{"uv":[8.879,9.746,9.121,9.254],"tintindex":0,"rotation":0,"texture":"#0"},"down":{"uv":[9.496,9.254,9.254,9.746],"tintindex":0,"rotation":0,"texture":"#0"}}},{"from":[7.005,7.6328564,2.6111336],"to":[8.995,9.057857,3.6111336],"faces":{"east":{"uv":[12.879,8.504,12.996,8.621],"tintindex":0,"rotation":0,"texture":"#0"},"south":{"uv":[10.004,12.504,10.246,12.621],"tintindex":0,"rotation":0,"texture":"#0"},"north":{"uv":[9.871,12.504,9.629,12.621],"tintindex":0,"rotation":0,"texture":"#0"},"west":{"uv":[12.879,8.754,12.996,8.871],"tintindex":0,"rotation":0,"texture":"#0"},"up":{"uv":[10.621,12.621,10.379,12.504],"tintindex":0,"rotation":0,"texture":"#0"},"down":{"uv":[10.996,12.504,10.754,12.621],"tintindex":0,"rotation":0,"texture":"#0"}},"rotation":{"origin":[8.0,8.132856,3.1111336],"angle":45.0,"axis":"x"}},{"from":[6.2071066,7.6637,3.4147],"to":[7.6071067,8.6637,7.4147],"faces":{"east":{"uv":[11.754,2.254,12.246,2.371],"tintindex":0,"rotation":0,"texture":"#0"},"south":{"uv":[12.879,9.004,12.996,9.121],"tintindex":0,"rotation":0,"texture":"#0"},"north":{"uv":[9.004,12.879,9.121,12.996],"tintindex":0,"rotation":0,"texture":"#0"},"west":{"uv":[11.754,2.504,12.246,2.621],"tintindex":0,"rotation":0,"texture":"#0"},"up":{"uv":[5.371,12.121,5.254,11.629],"tintindex":0,"rotation":0,"texture":"#0"},"down":{"uv":[10.121,11.629,10.004,12.121],"tintindex":0,"rotation":0,"texture":"#0"}},"rotation":{"origin":[6.7071066,8.1637,4.9047003],"angle":45.0,"axis":"z"}},{"from":[8.392893,7.6637,3.4147],"to":[9.792893,8.6637,7.4147],"faces":{"east":{"uv":[11.754,2.754,12.246,2.871],"tintindex":0,"rotation":0,"texture":"#0"},"south":{"uv":[12.879,9.504,12.996,9.621],"tintindex":0,"rotation":0,"texture":"#0"},"north":{"uv":[12.879,9.254,12.996,9.371],"tintindex":0,"rotation":0,"texture":"#0"},"west":{"uv":[3.629,11.754,4.121,11.871],"tintindex":0,"rotation":0,"texture":"#0"},"up":{"uv":[0.871,12.246,0.754,11.754],"tintindex":0,"rotation":0,"texture":"#0"},"down":{"uv":[4.621,11.754,4.504,12.246],"tintindex":0,"rotation":0,"texture":"#0"}},"rotation":{"origin":[9.292893,8.1637,4.8947],"angle":-45.0,"axis":"z"}},{"from":[7.0,7.1637,2.4046998],"to":[9.0,8.1637,3.4046998],"faces":{"east":{"uv":[12.879,8.004,12.996,8.121],"tintindex":0,"rotation":0,"texture":"#0"},"south":{"uv":[8.754,12.504,8.996,12.621],"tintindex":0,"rotation":0,"texture":"#0"},"north":{"uv":[8.121,12.504,7.879,12.621],"tintindex":0,"rotation":0,"texture":"#0"},"west":{"uv":[8.254,12.879,8.371,12.996],"tintindex":0,"rotation":0,"texture":"#0"},"up":{"uv":[12.746,9.246,12.504,9.129],"tintindex":0,"rotation":0,"texture":"#0"},"down":{"uv":[12.746,9.379,12.504,9.496],"tintindex":0,"rotation":0,"texture":"#0"}}}],"display":{"gui":{"rotation":[30,225,0]}}}