{"textures":{"0":"modelengine:entity/fallenwarden1","1":"modelengine:entity/boneshadin1"},"elements":[{"from":[6.25,2.0,6.5],"to":[10.25,6.0,10.5],"faces":{"east":{"uv":[1.254,7.879,1.746,8.371],"tintindex":0,"rotation":0,"texture":"#0"},"south":{"uv":[7.879,4.129,8.371,4.621],"tintindex":0,"rotation":0,"texture":"#0"},"north":{"uv":[8.371,0.629,7.879,1.121],"tintindex":0,"rotation":0,"texture":"#0"},"west":{"uv":[8.004,0.004,8.496,0.496],"tintindex":0,"rotation":0,"texture":"#0"},"up":{"uv":[8.496,3.871,8.004,3.379],"tintindex":0,"rotation":0,"texture":"#0"},"down":{"uv":[6.371,8.004,5.879,8.496],"tintindex":0,"rotation":0,"texture":"#0"}}},{"from":[6.5,7.0,6.0],"to":[9.5,9.0,7.0],"faces":{"east":{"uv":[12.504,7.254,12.621,7.496],"tintindex":0,"rotation":0,"texture":"#0"},"south":{"uv":[10.879,3.379,11.246,3.621],"tintindex":0,"rotation":0,"texture":"#0"},"north":{"uv":[10.879,1.379,11.246,1.621],"tintindex":0,"rotation":0,"texture":"#0"},"west":{"uv":[12.504,7.629,12.621,7.871],"tintindex":0,"rotation":0,"texture":"#0"},"up":{"uv":[12.496,5.871,12.129,5.754],"tintindex":0,"rotation":0,"texture":"#0"},"down":{"uv":[12.496,6.004,12.129,6.121],"tintindex":0,"rotation":0,"texture":"#0"}}},{"from":[6.5,6.0,7.0],"to":[9.5,8.25,10.0],"faces":{"east":{"uv":[9.121,7.621,8.754,7.254],"tintindex":0,"rotation":0,"texture":"#0"},"south":{"uv":[9.121,7.621,8.754,7.254],"tintindex":0,"rotation":0,"texture":"#0"},"north":{"uv":[9.121,7.621,8.754,7.254],"tintindex":0,"rotation":0,"texture":"#0"},"west":{"uv":[9.121,7.621,8.754,7.254],"tintindex":0,"rotation":0,"texture":"#0"},"up":{"uv":[0.0,4.0,6.0,8.0],"tintindex":0,"rotation":0,"texture":"#1"},"down":{"uv":[6.871,9.004,6.504,9.371],"tintindex":0,"rotation":0,"texture":"#0"}}},{"from":[6.25,7.0,7.0],"to":[9.75,8.0,10.25],"faces":{"east":{"uv":[12.129,6.754,12.496,6.871],"tintindex":0,"rotation":0,"texture":"#0"},"south":{"uv":[11.629,4.504,12.121,4.621],"tintindex":0,"rotation":0,"texture":"#0"},"north":{"uv":[11.629,1.379,12.121,1.496],"tintindex":0,"rotation":0,"texture":"#0"},"west":{"uv":[12.129,7.004,12.496,7.121],"tintindex":0,"rotation":0,"texture":"#0"},"up":{"uv":[9.121,3.621,8.629,3.254],"tintindex":0,"rotation":0,"texture":"#0"},"down":{"uv":[4.871,8.629,4.379,8.996],"tintindex":0,"rotation":0,"texture":"#0"}}},{"from":[6.175,1.0,6.5],"to":[10.275,2.0,10.525],"faces":{"east":{"uv":[8.246,1.879,7.754,1.996],"tintindex":0,"rotation":0,"texture":"#0"},"south":{"uv":[2.3875,7.754,1.879,7.871],"tintindex":0,"rotation":0,"texture":"#0"},"north":{"uv":[0.496,7.754,0.004,8.246],"tintindex":0,"rotation":0,"texture":"#0"},"west":{"uv":[8.246,1.254,7.754,1.371],"tintindex":0,"rotation":0,"texture":"#0"},"up":{"uv":[2.504,8.246,2.996,7.754],"tintindex":0,"rotation":0,"texture":"#0"},"down":{"uv":[3.129,7.754,3.621,8.246],"tintindex":0,"rotation":0,"texture":"#0"}}}],"display":{"gui":{"rotation":[30,225,0]}}}