{"textures":{"0":"modelengine:entity/bossdemon"},"elements":[{"from":[6.537183,2.6142855,-2.3571434],"to":[7.6971827,7.8342857,4.9342856],"rotation":{"angle":0.0,"axis":"y","origin":[-3.2685719,-2.0257149,12.971429]},"faces":{"east":{"uv":[6.0625,5.25,6.609375,5.640625],"rotation":0,"texture":"#0","tintindex":0},"south":{"uv":[1.25,8.1875,1.34375,8.578125],"rotation":0,"texture":"#0","tintindex":0},"north":{"uv":[6.4375,7.0,6.53125,7.390625],"rotation":0,"texture":"#0","tintindex":0},"west":{"uv":[0.0,6.125,0.546875,6.515625],"rotation":0,"texture":"#0","tintindex":0},"up":{"uv":[1.78125,8.671875,1.6875,8.125],"rotation":0,"texture":"#0","tintindex":0},"down":{"uv":[2.78125,8.125,2.6875,8.671875],"rotation":0,"texture":"#0","tintindex":0}}},{"from":[7.1171827,-0.70000076,-1.5285711],"to":[7.1171827,7.254286,14.794287],"rotation":{"angle":0.0,"axis":"y","origin":[-3.2685719,-2.0257149,12.971429]},"faces":{"east":{"uv":[2.625,3.5,3.859375,4.09375],"rotation":0,"texture":"#0","tintindex":0},"south":{"uv":[0.0,0.0,0.0,0.59375],"rotation":0,"texture":"#0","tintindex":0},"north":{"uv":[0.0,0.0,0.0,0.59375],"rotation":0,"texture":"#0","tintindex":0},"west":{"uv":[3.75,0.0,4.984375,0.59375],"rotation":0,"texture":"#0","tintindex":0},"up":{"uv":[0.0,1.234375,0.0,0.0],"rotation":0,"texture":"#0","tintindex":0},"down":{"uv":[0.0,0.0,0.0,1.234375],"rotation":0,"texture":"#0","tintindex":0}}},{"from":[7.1171827,4.271428,1.0399995],"to":[7.1171827,11.148572,4.9342856],"rotation":{"angle":0.0,"axis":"y","origin":[-3.2685719,-2.0257149,12.971429]},"faces":{"east":{"uv":[6.75,1.4375,7.046875,1.953125],"rotation":0,"texture":"#0","tintindex":0},"south":{"uv":[0.0,0.0,0.0,0.515625],"rotation":0,"texture":"#0","tintindex":0},"north":{"uv":[0.0,0.0,0.0,0.515625],"rotation":0,"texture":"#0","tintindex":0},"west":{"uv":[6.8125,3.6875,7.109375,4.203125],"rotation":0,"texture":"#0","tintindex":0},"up":{"uv":[0.0,0.296875,0.0,0.0],"rotation":0,"texture":"#0","tintindex":0},"down":{"uv":[0.0,0.0,0.0,0.296875],"rotation":0,"texture":"#0","tintindex":0}}},{"from":[6.62004,4.768571,2.365714],"to":[7.6143255,5.845714,12.142858],"rotation":{"angle":0.0,"axis":"y","origin":[-3.2685719,-2.0257149,12.971429]},"faces":{"east":{"uv":[8.0625,3.25,8.796875,3.328125],"rotation":0,"texture":"#0","tintindex":0},"south":{"uv":[8.5625,3.625,8.640625,3.703125],"rotation":0,"texture":"#0","tintindex":0},"north":{"uv":[8.5625,3.5,8.640625,3.578125],"rotation":0,"texture":"#0","tintindex":0},"west":{"uv":[8.0625,5.5,8.796875,5.578125],"rotation":0,"texture":"#0","tintindex":0},"up":{"uv":[7.390625,8.671875,7.3125,7.9375],"rotation":0,"texture":"#0","tintindex":0},"down":{"uv":[0.078125,8.125,0.0,8.859375],"rotation":0,"texture":"#0","tintindex":0}}},{"from":[6.62004,3.1114283,-11.554287],"to":[7.6143255,7.502857,4.851428],"rotation":{"angle":0.0,"axis":"y","origin":[-3.2685719,-2.0257149,12.971429]},"faces":{"east":{"uv":[2.625,4.875,3.859375,5.203125],"rotation":0,"texture":"#0","tintindex":0},"south":{"uv":[7.875,8.3125,7.953125,8.640625],"rotation":0,"texture":"#0","tintindex":0},"north":{"uv":[7.75,8.3125,7.828125,8.640625],"rotation":0,"texture":"#0","tintindex":0},"west":{"uv":[3.875,4.875,5.109375,5.203125],"rotation":0,"texture":"#0","tintindex":0},"up":{"uv":[3.265625,8.734375,3.1875,7.5],"rotation":0,"texture":"#0","tintindex":0},"down":{"uv":[7.515625,7.5625,7.4375,8.796875],"rotation":0,"texture":"#0","tintindex":0}}},{"from":[6.537183,-15.780003,-11.139999],"to":[7.6971827,-11.388573,-6.7485714],"rotation":{"angle":45.0,"axis":"x","origin":[-3.2685719,-2.0257149,12.971429]},"faces":{"east":{"uv":[0.875,7.4375,1.203125,7.765625],"rotation":0,"texture":"#0","tintindex":0},"south":{"uv":[6.0,8.1875,6.09375,8.515625],"rotation":0,"texture":"#0","tintindex":0},"north":{"uv":[4.5625,2.875,4.65625,3.203125],"rotation":0,"texture":"#0","tintindex":0},"west":{"uv":[4.25,7.4375,4.578125,7.765625],"rotation":0,"texture":"#0","tintindex":0},"up":{"uv":[5.40625,8.578125,5.3125,8.25],"rotation":0,"texture":"#0","tintindex":0},"down":{"uv":[5.53125,8.25,5.4375,8.578125],"rotation":0,"texture":"#0","tintindex":0}}},{"from":[5.5142856,3.608571,5.68],"to":[9.822857,8.0,10.485714],"rotation":{"angle":0.0,"axis":"y","origin":[-9.482857,0.12857151,12.971429]},"faces":{"east":{"uv":[2.5625,7.125,2.921875,7.453125],"rotation":0,"texture":"#0","tintindex":0},"south":{"uv":[5.0,7.4375,5.328125,7.765625],"rotation":0,"texture":"#0","tintindex":0},"north":{"uv":[4.625,7.4375,4.953125,7.765625],"rotation":0,"texture":"#0","tintindex":0},"west":{"uv":[2.9375,7.125,3.296875,7.453125],"rotation":0,"texture":"#0","tintindex":0},"up":{"uv":[7.453125,4.046875,7.125,3.6875],"rotation":0,"texture":"#0","tintindex":0},"down":{"uv":[7.515625,0.5,7.1875,0.859375],"rotation":0,"texture":"#0","tintindex":0}}}],"display":{"head":{"translation":[0.0,-6.4,0.0],"scale":[4.0,4.0,4.0]}}}