{"textures":{"0":"modelengine:entity/dragonskrill"},"elements":[{"from":[-0.57904816,8.0428,15.759022],"to":[0.49015236,8.5972,25.817423],"rotation":{"angle":-45.0,"axis":"y","origin":[5.1219034,8.32,12.78592]},"faces":{"east":{"uv":[9.609375,7.09375,8.8125,7.140625],"rotation":0,"texture":"#0","tintindex":0},"south":{"uv":[3.046875,9.125,2.96875,9.171875],"rotation":0,"texture":"#0","tintindex":0},"north":{"uv":[2.953125,9.125,2.875,9.171875],"rotation":0,"texture":"#0","tintindex":0},"west":{"uv":[9.609375,7.03125,8.8125,7.078125],"rotation":0,"texture":"#0","tintindex":0},"up":{"uv":[4.15625,9.140625,4.234375,8.34375],"rotation":0,"texture":"#0","tintindex":0},"down":{"uv":[4.25,8.34375,4.328125,9.140625],"rotation":0,"texture":"#0","tintindex":0}}},{"from":[-16.0,8.2804,7.2312946],"to":[19.164799,8.3596,28.813295],"rotation":{"angle":0.0,"axis":"y","origin":[5.1219034,8.32,12.78592]},"faces":{"east":{"uv":[10.640625,7.84375,8.9375,7.859375],"rotation":0,"texture":"#0","tintindex":0},"south":{"uv":[11.5,2.34375,8.71875,2.359375],"rotation":0,"texture":"#0","tintindex":0},"north":{"uv":[11.4375,8.5625,8.65625,8.578125],"rotation":0,"texture":"#0","tintindex":0},"west":{"uv":[10.640625,7.8125,8.9375,7.828125],"rotation":0,"texture":"#0","tintindex":0},"up":{"uv":[6.21875,1.703125,9.0,0.0],"rotation":0,"texture":"#0","tintindex":0},"down":{"uv":[6.21875,3.4375,9.0,5.140625],"rotation":0,"texture":"#0","tintindex":0}}},{"from":[-0.203331,7.9438,8.659083],"to":[10.647069,8.6962,10.005484],"rotation":{"angle":22.5,"axis":"y","origin":[5.1219034,8.32,12.78592]},"faces":{"east":{"uv":[5.484375,9.09375,5.375,9.15625],"rotation":0,"texture":"#0","tintindex":0},"south":{"uv":[9.515625,6.15625,8.65625,6.21875],"rotation":0,"texture":"#0","tintindex":0},"north":{"uv":[9.515625,6.09375,8.65625,6.15625],"rotation":0,"texture":"#0","tintindex":0},"west":{"uv":[5.359375,9.09375,5.25,9.15625],"rotation":0,"texture":"#0","tintindex":0},"up":{"uv":[7.71875,8.046875,8.578125,7.9375],"rotation":0,"texture":"#0","tintindex":0},"down":{"uv":[7.96875,5.15625,8.828125,5.265625],"rotation":0,"texture":"#0","tintindex":0}}},{"from":[8.612348,7.8646,6.797145],"to":[20.254747,8.7754,8.301945],"rotation":{"angle":0.0,"axis":"y","origin":[5.1219034,8.32,12.78592]},"faces":{"east":{"uv":[9.1875,9.0625,9.0625,9.140625],"rotation":0,"texture":"#0","tintindex":0},"south":{"uv":[9.265625,1.90625,8.34375,1.984375],"rotation":0,"texture":"#0","tintindex":0},"north":{"uv":[9.265625,1.8125,8.34375,1.890625],"rotation":0,"texture":"#0","tintindex":0},"west":{"uv":[9.0625,9.0625,8.9375,9.140625],"rotation":0,"texture":"#0","tintindex":0},"up":{"uv":[6.15625,7.84375,7.078125,7.71875],"rotation":0,"texture":"#0","tintindex":0},"down":{"uv":[7.71875,6.21875,8.640625,6.34375],"rotation":0,"texture":"#0","tintindex":0}}}],"display":{"head":{"translation":[-42.598816,-6.4,0.0],"scale":[4.0,4.0,4.0]}}}