{"textures":{"0":"modelengine:entity/bossdemon"},"elements":[{"from":[6.250057,-1.376605,5.369422],"to":[10.147657,7.9033957,11.494223],"rotation":{"angle":0.0,"axis":"y","origin":[9.126857,11.611454,-2.1108751]},"faces":{"east":{"uv":[0.4375,5.5,0.84375,6.125],"rotation":0,"texture":"#0","tintindex":0},"south":{"uv":[6.4375,1.4375,6.703125,2.0625],"rotation":0,"texture":"#0","tintindex":0},"north":{"uv":[6.25,6.375,6.515625,7.0],"rotation":0,"texture":"#0","tintindex":0},"west":{"uv":[5.5625,2.625,5.96875,3.25],"rotation":0,"texture":"#0","tintindex":0},"up":{"uv":[4.203125,7.78125,3.9375,7.375],"rotation":0,"texture":"#0","tintindex":0},"down":{"uv":[0.265625,7.4375,0.0,7.84375],"rotation":0,"texture":"#0","tintindex":0}}}],"display":{"head":{"translation":[0.0,-6.4,0.0],"scale":[4.0,4.0,4.0]}}}