{"textures":{"0":"modelengine:entity/bossdemon"},"elements":[{"from":[2.1427774,15.042857,5.265714],"to":[6.451349,21.091429,11.728572],"rotation":{"angle":-22.5,"axis":"z","origin":[-0.34293747,-8.57143,13.8]},"faces":{"east":{"uv":[5.8125,0.5,6.296875,0.953125],"rotation":0,"texture":"#0","tintindex":0},"south":{"uv":[3.375,6.875,3.703125,7.328125],"rotation":0,"texture":"#0","tintindex":0},"north":{"uv":[6.875,2.875,7.203125,3.328125],"rotation":0,"texture":"#0","tintindex":0},"west":{"uv":[5.875,0.0,6.359375,0.453125],"rotation":0,"texture":"#0","tintindex":0},"up":{"uv":[0.703125,7.109375,0.375,6.625],"rotation":0,"texture":"#0","tintindex":0},"down":{"uv":[1.078125,6.625,0.75,7.109375],"rotation":0,"texture":"#0","tintindex":0}}},{"from":[2.5028172,7.965142,5.1000004],"to":[13.4399605,17.907999,11.728572],"rotation":{"angle":0.0,"axis":"y","origin":[7.971389,-15.234859,9.325715]},"faces":{"east":{"uv":[0.875,5.0,1.375,5.75],"rotation":0,"texture":"#0","tintindex":0},"south":{"uv":[3.5,4.125,4.328125,4.875],"rotation":0,"texture":"#0","tintindex":0},"north":{"uv":[2.625,4.125,3.453125,4.875],"rotation":0,"texture":"#0","tintindex":0},"west":{"uv":[1.375,5.0,1.875,5.75],"rotation":0,"texture":"#0","tintindex":0},"up":{"uv":[5.515625,3.375,4.6875,2.875],"rotation":0,"texture":"#0","tintindex":0},"down":{"uv":[5.515625,3.375,4.6875,3.875],"rotation":0,"texture":"#0","tintindex":0}}},{"from":[2.5028172,15.239004,11.117364],"to":[13.4399605,17.77565,17.241367],"rotation":{"angle":-22.5,"axis":"x","origin":[6.4385314,2.9244337,7.817426]},"faces":{"east":{"uv":[7.6875,4.625,8.15625,4.8125],"rotation":0,"texture":"#0","tintindex":0},"south":{"uv":[6.75,0.0,7.578125,0.1875],"rotation":0,"texture":"#0","tintindex":0},"north":{"uv":[6.6875,4.875,7.515625,5.0625],"rotation":0,"texture":"#0","tintindex":0},"west":{"uv":[2.25,7.8125,2.71875,8.0],"rotation":0,"texture":"#0","tintindex":0},"up":{"uv":[0.828125,5.46875,0.0,5.0],"rotation":0,"texture":"#0","tintindex":0},"down":{"uv":[5.828125,0.0,5.0,0.46875],"rotation":0,"texture":"#0","tintindex":0}}},{"from":[9.491428,15.042857,5.265714],"to":[13.8,21.091429,11.728572],"rotation":{"angle":22.5,"axis":"z","origin":[16.285715,-8.57143,13.8]},"faces":{"east":{"uv":[4.9375,5.875,5.421875,6.328125],"rotation":0,"texture":"#0","tintindex":0},"south":{"uv":[4.125,6.875,4.453125,7.328125],"rotation":0,"texture":"#0","tintindex":0},"north":{"uv":[3.75,6.875,4.078125,7.328125],"rotation":0,"texture":"#0","tintindex":0},"west":{"uv":[5.4375,5.9375,5.921875,6.390625],"rotation":0,"texture":"#0","tintindex":0},"up":{"uv":[2.640625,7.109375,2.3125,6.625],"rotation":0,"texture":"#0","tintindex":0},"down":{"uv":[6.953125,5.125,6.625,5.609375],"rotation":0,"texture":"#0","tintindex":0}}}],"display":{"head":{"translation":[0.0,-6.4,0.0],"scale":[4.0,4.0,4.0]}}}