{"textures":{"0":"modelengine:entity/bossdemon"},"elements":[{"from":[7.931849,-1.648015,7.3785715],"to":[9.423278,7.549128,8.6214285],"rotation":{"angle":22.5,"axis":"z","origin":[7.254286,7.0885715,-6.417143]},"faces":{"east":{"uv":[6.25,7.875,6.34375,8.5625],"rotation":0,"texture":"#0","tintindex":0},"south":{"uv":[4.1875,7.8125,4.296875,8.5],"rotation":0,"texture":"#0","tintindex":0},"north":{"uv":[4.0625,7.8125,4.171875,8.5],"rotation":0,"texture":"#0","tintindex":0},"west":{"uv":[7.9375,5.5,8.03125,6.1875],"rotation":0,"texture":"#0","tintindex":0},"up":{"uv":[7.171875,8.59375,7.0625,8.5],"rotation":0,"texture":"#0","tintindex":0},"down":{"uv":[7.296875,8.5,7.1875,8.59375],"rotation":0,"texture":"#0","tintindex":0}}},{"from":[17.100231,12.521894,7.7514286],"to":[27.043089,13.51618,8.248571],"rotation":{"angle":-22.5,"axis":"z","origin":[5.265714,10.071428,-6.417143]},"faces":{"east":{"uv":[4.75,8.5625,4.78125,8.640625],"rotation":0,"texture":"#0","tintindex":0},"south":{"uv":[7.9375,6.9375,8.6875,7.015625],"rotation":0,"texture":"#0","tintindex":0},"north":{"uv":[7.9375,6.8125,8.6875,6.890625],"rotation":0,"texture":"#0","tintindex":0},"west":{"uv":[4.8125,8.5625,4.84375,8.640625],"rotation":0,"texture":"#0","tintindex":0},"up":{"uv":[8.9375,4.78125,8.1875,4.75],"rotation":0,"texture":"#0","tintindex":0},"down":{"uv":[9.0625,3.875,8.3125,3.90625],"rotation":0,"texture":"#0","tintindex":0}}},{"from":[8.817632,7.4822326,7.502857],"to":[17.517632,8.72509,8.497143],"rotation":{"angle":0.0,"axis":"y","origin":[5.265714,10.071428,-6.417143]},"faces":{"east":{"uv":[1.8125,8.5625,1.890625,8.65625],"rotation":0,"texture":"#0","tintindex":0},"south":{"uv":[7.9375,0.0,8.59375,0.09375],"rotation":0,"texture":"#0","tintindex":0},"north":{"uv":[7.875,4.3125,8.53125,4.40625],"rotation":0,"texture":"#0","tintindex":0},"west":{"uv":[2.0625,8.5625,2.140625,8.65625],"rotation":0,"texture":"#0","tintindex":0},"up":{"uv":[8.78125,2.078125,8.125,2.0],"rotation":0,"texture":"#0","tintindex":0},"down":{"uv":[8.78125,2.125,8.125,2.203125],"rotation":0,"texture":"#0","tintindex":0}}},{"from":[16.851662,10.533322,7.7514286],"to":[26.794518,11.527608,8.248571],"rotation":{"angle":22.5,"axis":"z","origin":[5.017143,8.082857,-6.417143]},"faces":{"east":{"uv":[8.5625,4.9375,8.59375,5.015625],"rotation":0,"texture":"#0","tintindex":0},"south":{"uv":[8.0,4.8125,8.75,4.890625],"rotation":0,"texture":"#0","tintindex":0},"north":{"uv":[7.9375,7.0625,8.6875,7.140625],"rotation":0,"texture":"#0","tintindex":0},"west":{"uv":[8.5625,5.0625,8.59375,5.140625],"rotation":0,"texture":"#0","tintindex":0},"up":{"uv":[9.0625,8.28125,8.3125,8.25],"rotation":0,"texture":"#0","tintindex":0},"down":{"uv":[9.125,2.8125,8.375,2.84375],"rotation":0,"texture":"#0","tintindex":0}}},{"from":[8.071918,5.493661,7.627143],"to":[17.269062,6.7365184,8.372857],"rotation":{"angle":45.0,"axis":"z","origin":[5.017143,8.082857,-6.417143]},"faces":{"east":{"uv":[6.75,3.9375,6.8125,4.03125],"rotation":0,"texture":"#0","tintindex":0},"south":{"uv":[7.875,3.9375,8.5625,4.03125],"rotation":0,"texture":"#0","tintindex":0},"north":{"uv":[7.875,2.9375,8.5625,3.03125],"rotation":0,"texture":"#0","tintindex":0},"west":{"uv":[4.8125,6.875,4.875,6.96875],"rotation":0,"texture":"#0","tintindex":0},"up":{"uv":[8.5625,4.5,7.875,4.4375],"rotation":0,"texture":"#0","tintindex":0},"down":{"uv":[8.625,7.1875,7.9375,7.25],"rotation":0,"texture":"#0","tintindex":0}}},{"from":[8.80566,-11.776987,8.0],"to":[26.205662,21.283014,8.0],"rotation":{"angle":0.0,"axis":"y","origin":[9.219946,8.067299,8.0]},"faces":{"east":{"uv":[0.0,0.0,0.0,2.5],"rotation":0,"texture":"#0","tintindex":0},"south":{"uv":[1.3125,2.5,2.625,5.0],"rotation":0,"texture":"#0","tintindex":0},"north":{"uv":[2.625,2.5,1.3125,5.0],"rotation":0,"texture":"#0","tintindex":0},"west":{"uv":[0.0,0.0,0.0,2.5],"rotation":0,"texture":"#0","tintindex":0},"up":{"uv":[1.3125,0.0,0.0,0.0],"rotation":0,"texture":"#0","tintindex":0},"down":{"uv":[1.3125,0.0,0.0,0.0],"rotation":0,"texture":"#0","tintindex":0}}},{"from":[11.607234,-12.581518,7.502857],"to":[12.601521,-0.15294456,8.497143],"rotation":{"angle":0.0,"axis":"y","origin":[7.254286,7.0885715,-6.417143]},"faces":{"east":{"uv":[6.6875,7.8125,6.765625,8.75],"rotation":0,"texture":"#0","tintindex":0},"south":{"uv":[6.8125,7.8125,6.890625,8.75],"rotation":0,"texture":"#0","tintindex":0},"north":{"uv":[6.5625,7.8125,6.640625,8.75],"rotation":0,"texture":"#0","tintindex":0},"west":{"uv":[6.9375,7.8125,7.015625,8.75],"rotation":0,"texture":"#0","tintindex":0},"up":{"uv":[8.640625,2.765625,8.5625,2.6875],"rotation":0,"texture":"#0","tintindex":0},"down":{"uv":[8.640625,2.9375,8.5625,3.015625],"rotation":0,"texture":"#0","tintindex":0}}}],"display":{"head":{"translation":[0.0,-6.4,0.0],"scale":[4.0,4.0,4.0]}}}