{"textures":{"0":"modelengine:entity/bossdemon"},"elements":[{"from":[6.576722,-1.648015,7.3785715],"to":[8.0681505,7.549128,8.6214285],"rotation":{"angle":-22.5,"axis":"z","origin":[8.745714,7.0885715,-6.417143]},"faces":{"east":{"uv":[7.875,4.8125,7.96875,5.5],"rotation":0,"texture":"#0","tintindex":0},"south":{"uv":[3.9375,7.8125,4.046875,8.5],"rotation":0,"texture":"#0","tintindex":0},"north":{"uv":[1.8125,7.625,1.921875,8.3125],"rotation":0,"texture":"#0","tintindex":0},"west":{"uv":[6.125,7.875,6.21875,8.5625],"rotation":0,"texture":"#0","tintindex":0},"up":{"uv":[5.796875,8.59375,5.6875,8.5],"rotation":0,"texture":"#0","tintindex":0},"down":{"uv":[5.921875,8.5,5.8125,8.59375],"rotation":0,"texture":"#0","tintindex":0}}},{"from":[-11.043089,12.521894,7.7514286],"to":[-1.1002312,13.51618,8.248571],"rotation":{"angle":22.5,"axis":"z","origin":[10.734285,10.071428,-6.417143]},"faces":{"east":{"uv":[2.6875,8.0,2.71875,8.078125],"rotation":0,"texture":"#0","tintindex":0},"south":{"uv":[7.9375,6.1875,8.6875,6.265625],"rotation":0,"texture":"#0","tintindex":0},"north":{"uv":[7.9375,0.375,8.6875,0.453125],"rotation":0,"texture":"#0","tintindex":0},"west":{"uv":[1.375,8.1875,1.40625,8.265625],"rotation":0,"texture":"#0","tintindex":0},"up":{"uv":[8.8125,6.15625,8.0625,6.125],"rotation":0,"texture":"#0","tintindex":0},"down":{"uv":[8.875,1.5,8.125,1.53125],"rotation":0,"texture":"#0","tintindex":0}}},{"from":[-1.5176315,7.4822326,7.502857],"to":[7.1823683,8.72509,8.497143],"rotation":{"angle":0.0,"axis":"y","origin":[10.734285,10.071428,-6.417143]},"faces":{"east":{"uv":[0.875,8.5625,0.953125,8.65625],"rotation":0,"texture":"#0","tintindex":0},"south":{"uv":[7.875,4.1875,8.53125,4.28125],"rotation":0,"texture":"#0","tintindex":0},"north":{"uv":[7.875,4.0625,8.53125,4.15625],"rotation":0,"texture":"#0","tintindex":0},"west":{"uv":[1.0,8.5625,1.078125,8.65625],"rotation":0,"texture":"#0","tintindex":0},"up":{"uv":[8.78125,1.328125,8.125,1.25],"rotation":0,"texture":"#0","tintindex":0},"down":{"uv":[8.78125,1.375,8.125,1.453125],"rotation":0,"texture":"#0","tintindex":0}}},{"from":[-10.7945175,10.533322,7.7514286],"to":[-0.8516607,11.527608,8.248571],"rotation":{"angle":-22.5,"axis":"z","origin":[10.982857,8.082857,-6.417143]},"faces":{"east":{"uv":[4.625,8.5625,4.65625,8.640625],"rotation":0,"texture":"#0","tintindex":0},"south":{"uv":[7.9375,6.4375,8.6875,6.515625],"rotation":0,"texture":"#0","tintindex":0},"north":{"uv":[7.9375,6.3125,8.6875,6.390625],"rotation":0,"texture":"#0","tintindex":0},"west":{"uv":[4.6875,8.5625,4.71875,8.640625],"rotation":0,"texture":"#0","tintindex":0},"up":{"uv":[8.875,2.28125,8.125,2.25],"rotation":0,"texture":"#0","tintindex":0},"down":{"uv":[8.875,2.875,8.125,2.90625],"rotation":0,"texture":"#0","tintindex":0}}},{"from":[-1.2690611,5.493661,7.627143],"to":[7.928083,6.7365184,8.372857],"rotation":{"angle":-45.0,"axis":"z","origin":[10.982857,8.082857,-6.417143]},"faces":{"east":{"uv":[6.75,3.6875,6.8125,3.78125],"rotation":0,"texture":"#0","tintindex":0},"south":{"uv":[7.875,2.3125,8.5625,2.40625],"rotation":0,"texture":"#0","tintindex":0},"north":{"uv":[7.875,1.5625,8.5625,1.65625],"rotation":0,"texture":"#0","tintindex":0},"west":{"uv":[6.75,3.8125,6.8125,3.90625],"rotation":0,"texture":"#0","tintindex":0},"up":{"uv":[8.5625,1.75,7.875,1.6875],"rotation":0,"texture":"#0","tintindex":0},"down":{"uv":[8.5625,3.0625,7.875,3.125],"rotation":0,"texture":"#0","tintindex":0}}},{"from":[-10.205662,-11.776987,8.0],"to":[7.1943398,21.283014,8.0],"rotation":{"angle":0.0,"axis":"y","origin":[6.780054,8.067299,8.0]},"faces":{"east":{"uv":[0.0,0.0,0.0,2.5],"rotation":0,"texture":"#0","tintindex":0},"south":{"uv":[1.3125,0.0,2.625,2.5],"rotation":0,"texture":"#0","tintindex":0},"north":{"uv":[2.625,0.0,1.3125,2.5],"rotation":0,"texture":"#0","tintindex":0},"west":{"uv":[0.0,0.0,0.0,2.5],"rotation":0,"texture":"#0","tintindex":0},"up":{"uv":[1.3125,0.0,0.0,0.0],"rotation":0,"texture":"#0","tintindex":0},"down":{"uv":[1.3125,0.0,0.0,0.0],"rotation":0,"texture":"#0","tintindex":0}}},{"from":[3.39848,-12.581518,7.502857],"to":[4.392766,-0.15294456,8.497143],"rotation":{"angle":0.0,"axis":"y","origin":[8.745714,7.0885715,-6.417143]},"faces":{"east":{"uv":[5.1875,7.8125,5.265625,8.75],"rotation":0,"texture":"#0","tintindex":0},"south":{"uv":[7.8125,5.8125,7.890625,6.75],"rotation":0,"texture":"#0","tintindex":0},"north":{"uv":[5.0625,7.8125,5.140625,8.75],"rotation":0,"texture":"#0","tintindex":0},"west":{"uv":[6.4375,7.8125,6.515625,8.75],"rotation":0,"texture":"#0","tintindex":0},"up":{"uv":[2.265625,8.640625,2.1875,8.5625],"rotation":0,"texture":"#0","tintindex":0},"down":{"uv":[8.640625,2.5625,8.5625,2.640625],"rotation":0,"texture":"#0","tintindex":0}}}],"display":{"head":{"translation":[0.0,-6.4,0.0],"scale":[4.0,4.0,4.0]}}}