{"textures":{"0":"modelengine:entity/bossdemon"},"elements":[{"from":[-11.308046,7.42,7.594],"to":[-3.7680464,8.6380005,8.6380005],"rotation":{"angle":0.0,"axis":"y","origin":[-17.688047,-32.600002,-1.9760008]},"faces":{"east":{"uv":[8.5,1.75,8.609375,1.875],"rotation":0,"texture":"#0","tintindex":0},"south":{"uv":[7.5,3.5,8.3125,3.625],"rotation":0,"texture":"#0","tintindex":0},"north":{"uv":[7.5,3.375,8.3125,3.5],"rotation":0,"texture":"#0","tintindex":0},"west":{"uv":[8.5,1.875,8.609375,2.0],"rotation":0,"texture":"#0","tintindex":0},"up":{"uv":[8.5,1.984375,7.6875,1.875],"rotation":0,"texture":"#0","tintindex":0},"down":{"uv":[8.5,4.5,7.6875,4.609375],"rotation":0,"texture":"#0","tintindex":0}}},{"from":[-11.308046,-0.7580004,8.116],"to":[-3.7680464,7.42,8.116],"rotation":{"angle":0.0,"axis":"y","origin":[-17.688047,-32.600002,-1.9760008]},"faces":{"east":{"uv":[0.0,0.0,0.0,0.875],"rotation":0,"texture":"#0","tintindex":0},"south":{"uv":[3.875,3.25,4.6875,4.125],"rotation":0,"texture":"#0","tintindex":0},"north":{"uv":[4.6875,3.25,3.875,4.125],"rotation":0,"texture":"#0","tintindex":0},"west":{"uv":[0.0,0.0,0.0,0.875],"rotation":0,"texture":"#0","tintindex":0},"up":{"uv":[0.8125,0.0,0.0,0.0],"rotation":0,"texture":"#0","tintindex":0},"down":{"uv":[0.8125,0.0,0.0,0.0],"rotation":0,"texture":"#0","tintindex":0}}},{"from":[-3.7680464,-0.7580004,8.116],"to":[1.2779531,15.076,8.116],"rotation":{"angle":0.0,"axis":"y","origin":[-17.688047,-32.600002,-1.9760008]},"faces":{"east":{"uv":[0.0,0.0,0.0,1.703125],"rotation":0,"texture":"#0","tintindex":0},"south":{"uv":[3.1875,1.75,3.734375,3.453125],"rotation":0,"texture":"#0","tintindex":0},"north":{"uv":[3.734375,1.75,3.1875,3.453125],"rotation":0,"texture":"#0","tintindex":0},"west":{"uv":[0.0,0.0,0.0,1.703125],"rotation":0,"texture":"#0","tintindex":0},"up":{"uv":[0.546875,0.0,0.0,0.0],"rotation":0,"texture":"#0","tintindex":0},"down":{"uv":[0.546875,0.0,0.0,0.0],"rotation":0,"texture":"#0","tintindex":0}}},{"from":[25.04,17.91122,7.768],"to":[32.0,18.781221,8.464],"rotation":{"angle":45.0,"axis":"z","origin":[23.3,-22.10878,-1.9760008]},"faces":{"east":{"uv":[1.125,8.5625,1.203125,8.65625],"rotation":0,"texture":"#0","tintindex":0},"south":{"uv":[7.875,1.125,8.625,1.21875],"rotation":0,"texture":"#0","tintindex":0},"north":{"uv":[7.875,1.0,8.625,1.09375],"rotation":0,"texture":"#0","tintindex":0},"west":{"uv":[8.5625,1.5625,8.640625,1.65625],"rotation":0,"texture":"#0","tintindex":0},"up":{"uv":[8.6875,6.640625,7.9375,6.5625],"rotation":0,"texture":"#0","tintindex":0},"down":{"uv":[8.6875,6.6875,7.9375,6.765625],"rotation":0,"texture":"#0","tintindex":0}}}],"display":{"head":{"translation":[77.46419,-6.4,0.0],"scale":[4.0,4.0,4.0]}}}