{"textures":{"0":"modelengine:entity/demonchest"},"elements":[{"from":[-6.6862526,7.1596317,6.19],"to":[-3.7102528,10.879631,9.476],"faces":{"east":{"uv":[7.0,10.625,7.34375,11.0],"tintindex":0,"rotation":0,"texture":"#0"},"south":{"uv":[8.0,10.625,8.3125,11.0],"tintindex":0,"rotation":0,"texture":"#0"},"north":{"uv":[10.625,10.25,10.9375,10.625],"tintindex":0,"rotation":0,"texture":"#0"},"west":{"uv":[10.625,7.625,10.96875,8.0],"tintindex":0,"rotation":0,"texture":"#0"},"up":{"uv":[1.4375,11.09375,1.125,10.75],"tintindex":0,"rotation":0,"texture":"#0"},"down":{"uv":[1.8125,10.75,1.5,11.09375],"tintindex":0,"rotation":0,"texture":"#0"}},"rotation":{"origin":[8.036,5.548691,8.267],"angle":-22.5,"axis":"z"}},{"from":[21.247456,5.1189833,6.9609303],"to":[22.983456,8.218983,9.00693],"faces":{"east":{"uv":[6.0,3.875,6.21875,4.1875],"tintindex":0,"rotation":0,"texture":"#0"},"south":{"uv":[10.875,3.6875,11.0625,3.375],"tintindex":0,"rotation":0,"texture":"#0"},"north":{"uv":[10.875,3.375,11.0625,3.6875],"tintindex":0,"rotation":0,"texture":"#0"},"west":{"uv":[5.375,8.125,5.59375,8.4375],"tintindex":0,"rotation":0,"texture":"#0"},"up":{"uv":[6.6875,1.34375,6.5,1.125],"tintindex":0,"rotation":0,"texture":"#0"},"down":{"uv":[6.6875,3.125,6.5,3.34375],"tintindex":0,"rotation":0,"texture":"#0"}},"rotation":{"origin":[8.036,5.548691,8.267],"angle":45.0,"axis":"z"}},{"from":[14.515707,11.922375,5.57],"to":[18.731709,15.642374,10.096],"faces":{"east":{"uv":[5.0,10.375,5.46875,10.75],"tintindex":0,"rotation":0,"texture":"#0"},"south":{"uv":[10.9375,4.125,10.5,4.5],"tintindex":0,"rotation":0,"texture":"#0"},"north":{"uv":[10.5,4.125,10.9375,4.5],"tintindex":0,"rotation":0,"texture":"#0"},"west":{"uv":[10.375,5.875,10.84375,6.25],"tintindex":0,"rotation":0,"texture":"#0"},"up":{"uv":[0.8125,10.71875,0.375,10.25],"tintindex":0,"rotation":0,"texture":"#0"},"down":{"uv":[1.3125,10.25,0.875,10.71875],"tintindex":0,"rotation":0,"texture":"#0"}},"rotation":{"origin":[8.036,5.548691,8.267],"angle":-22.5,"axis":"z"}},{"from":[-6.911457,5.1189833,6.9609303],"to":[-5.175457,8.218983,9.00693],"faces":{"east":{"uv":[7.5,10.125,7.71875,10.4375],"tintindex":0,"rotation":0,"texture":"#0"},"south":{"uv":[11.0625,3.6875,10.875,3.375],"tintindex":0,"rotation":0,"texture":"#0"},"north":{"uv":[10.875,5.875,11.0625,6.1875],"tintindex":0,"rotation":0,"texture":"#0"},"west":{"uv":[10.875,0.0,11.09375,0.3125],"tintindex":0,"rotation":0,"texture":"#0"},"up":{"uv":[6.9375,1.34375,6.75,1.125],"tintindex":0,"rotation":0,"texture":"#0"},"down":{"uv":[6.9375,3.125,6.75,3.34375],"tintindex":0,"rotation":0,"texture":"#0"}},"rotation":{"origin":[8.036,5.548691,8.267],"angle":-45.0,"axis":"z"}},{"from":[0.11863327,12.408995,5.2599998],"to":[5.264634,16.128996,10.406],"faces":{"east":{"uv":[10.375,1.0,10.90625,1.375],"tintindex":0,"rotation":0,"texture":"#0"},"south":{"uv":[6.125,7.875,6.65625,8.25],"tintindex":0,"rotation":0,"texture":"#0"},"north":{"uv":[10.375,0.625,10.90625,1.0],"tintindex":0,"rotation":0,"texture":"#0"},"west":{"uv":[10.375,2.25,10.90625,2.625],"tintindex":0,"rotation":0,"texture":"#0"},"up":{"uv":[10.40625,0.53125,9.875,0.0],"tintindex":0,"rotation":0,"texture":"#0"},"down":{"uv":[10.03125,9.875,9.5,10.40625],"tintindex":0,"rotation":0,"texture":"#0"}},"rotation":{"origin":[8.036,5.548691,8.267],"angle":45.0,"axis":"z"}},{"from":[10.807366,12.408995,5.2599998],"to":[15.953366,16.128996,10.406],"faces":{"east":{"uv":[10.0,1.5,10.53125,1.875],"tintindex":0,"rotation":0,"texture":"#0"},"south":{"uv":[6.65625,7.875,6.125,8.25],"tintindex":0,"rotation":0,"texture":"#0"},"north":{"uv":[6.125,7.875,6.65625,8.25],"tintindex":0,"rotation":0,"texture":"#0"},"west":{"uv":[10.25,6.25,10.78125,6.625],"tintindex":0,"rotation":0,"texture":"#0"},"up":{"uv":[9.40625,10.28125,8.875,9.75],"tintindex":0,"rotation":0,"texture":"#0"},"down":{"uv":[10.28125,9.25,9.75,9.78125],"tintindex":0,"rotation":0,"texture":"#0"}},"rotation":{"origin":[8.036,5.548691,8.267],"angle":-45.0,"axis":"z"}},{"from":[-5.1894283,10.690693,5.942],"to":[-1.6554289,13.356693,9.724],"faces":{"east":{"uv":[4.75,10.75,5.125,11.03125],"tintindex":0,"rotation":0,"texture":"#0"},"south":{"uv":[10.75,8.875,11.09375,9.15625],"tintindex":0,"rotation":0,"texture":"#0"},"north":{"uv":[10.75,9.25,11.09375,9.53125],"tintindex":0,"rotation":0,"texture":"#0"},"west":{"uv":[5.125,10.75,5.5,11.03125],"tintindex":0,"rotation":0,"texture":"#0"},"up":{"uv":[4.34375,11.0,4.0,10.625],"tintindex":0,"rotation":0,"texture":"#0"},"down":{"uv":[5.84375,10.625,5.5,11.0],"tintindex":0,"rotation":0,"texture":"#0"}}},{"from":[-2.659708,11.922375,5.57],"to":[1.556292,15.642374,10.096],"faces":{"east":{"uv":[10.375,6.875,10.84375,7.25],"tintindex":0,"rotation":0,"texture":"#0"},"south":{"uv":[10.5,4.125,10.9375,4.5],"tintindex":0,"rotation":0,"texture":"#0"},"north":{"uv":[7.5,10.5,7.9375,10.875],"tintindex":0,"rotation":0,"texture":"#0"},"west":{"uv":[8.875,10.375,9.34375,10.75],"tintindex":0,"rotation":0,"texture":"#0"},"up":{"uv":[1.8125,10.71875,1.375,10.25],"tintindex":0,"rotation":0,"texture":"#0"},"down":{"uv":[2.3125,10.25,1.875,10.71875],"tintindex":0,"rotation":0,"texture":"#0"}},"rotation":{"origin":[8.036,5.548691,8.267],"angle":22.5,"axis":"z"}},{"from":[17.727428,10.690693,5.942],"to":[21.261429,13.356693,9.724],"faces":{"east":{"uv":[1.875,10.75,2.25,11.03125],"tintindex":0,"rotation":0,"texture":"#0"},"south":{"uv":[11.09375,8.875,10.75,9.15625],"tintindex":0,"rotation":0,"texture":"#0"},"north":{"uv":[10.75,8.875,11.09375,9.15625],"tintindex":0,"rotation":0,"texture":"#0"},"west":{"uv":[4.375,10.75,4.75,11.03125],"tintindex":0,"rotation":0,"texture":"#0"},"up":{"uv":[10.96875,3.25,10.625,2.875],"tintindex":0,"rotation":0,"texture":"#0"},"down":{"uv":[3.96875,10.625,3.625,11.0],"tintindex":0,"rotation":0,"texture":"#0"}}},{"from":[19.782253,7.1596317,6.19],"to":[22.758251,10.879631,9.476],"faces":{"east":{"uv":[2.375,10.625,2.71875,11.0],"tintindex":0,"rotation":0,"texture":"#0"},"south":{"uv":[8.3125,10.625,8.0,11.0],"tintindex":0,"rotation":0,"texture":"#0"},"north":{"uv":[8.0,10.625,8.3125,11.0],"tintindex":0,"rotation":0,"texture":"#0"},"west":{"uv":[2.75,10.625,3.09375,11.0],"tintindex":0,"rotation":0,"texture":"#0"},"up":{"uv":[0.6875,11.09375,0.375,10.75],"tintindex":0,"rotation":0,"texture":"#0"},"down":{"uv":[1.0625,10.75,0.75,11.09375],"tintindex":0,"rotation":0,"texture":"#0"}},"rotation":{"origin":[8.036,5.548691,8.267],"angle":22.5,"axis":"z"}}],"display":{"gui":{"rotation":[30,225,0]}}}