{"textures":{"0":"modelengine:entity/demonchest"},"elements":[{"from":[3.06526,5.268749,-6.6746817],"to":[8.02526,10.228749,-5.3726826],"faces":{"east":{"uv":[10.0,7.25,10.5,7.75],"tintindex":0,"rotation":0,"texture":"#0"},"south":{"uv":[3.625,10.125,4.125,10.625],"tintindex":0,"rotation":0,"texture":"#0"},"north":{"uv":[10.0,3.375,10.5,3.875],"tintindex":0,"rotation":0,"texture":"#0"},"west":{"uv":[4.125,10.125,4.625,10.625],"tintindex":0,"rotation":0,"texture":"#0"},"up":{"uv":[7.5,10.625,7.0,10.125],"tintindex":0,"rotation":0,"texture":"#0"},"down":{"uv":[10.625,7.75,10.125,8.25],"tintindex":0,"rotation":0,"texture":"#0"}},"rotation":{"origin":[8.019414,10.386975,2.594318],"angle":45.0,"axis":"z"}},{"from":[2.3958678,6.1960382,-6.922682],"to":[14.795868,11.156038,-6.922682],"faces":{"east":{"uv":[6.5,3.375,8.375,3.875],"tintindex":0,"rotation":0,"texture":"#0"},"south":{"uv":[13.59375,5.125,12.34375,5.625],"tintindex":0,"rotation":0,"texture":"#0"},"north":{"uv":[12.34375,5.125,13.59375,5.625],"tintindex":0,"rotation":0,"texture":"#0"},"west":{"uv":[8.375,3.375,6.5,3.875],"tintindex":0,"rotation":0,"texture":"#0"},"up":{"uv":[8.375,3.375,6.5,3.875],"tintindex":0,"rotation":90,"texture":"#0"},"down":{"uv":[6.5,3.375,8.375,3.875],"tintindex":0,"rotation":90,"texture":"#0"}},"rotation":{"origin":[8.285868,8.676038,-6.922682],"angle":-45.0,"axis":"z"}},{"from":[12.743887,13.44116,-1.6526814],"to":[19.129887,15.92116,5.973318],"faces":{"east":{"uv":[3.25,7.875,4.03125,8.125],"tintindex":0,"rotation":0,"texture":"#0"},"south":{"uv":[0.65625,8.875,0.0,9.125],"tintindex":0,"rotation":0,"texture":"#0"},"north":{"uv":[0.0,8.875,0.65625,9.125],"tintindex":0,"rotation":0,"texture":"#0"},"west":{"uv":[10.25,6.625,11.03125,6.875],"tintindex":0,"rotation":0,"texture":"#0"},"up":{"uv":[3.90625,9.40625,3.25,8.625],"tintindex":0,"rotation":0,"texture":"#0"},"down":{"uv":[4.65625,8.625,4.0,9.40625],"tintindex":0,"rotation":0,"texture":"#0"}},"rotation":{"origin":[8.019414,10.386975,2.594318],"angle":-22.5,"axis":"z"}},{"from":[-2.4359684,12.553947,-4.132682],"to":[5.8100314,17.513947,8.453318],"faces":{"east":{"uv":[6.125,8.25,7.40625,8.78125],"tintindex":0,"rotation":0,"texture":"#0"},"south":{"uv":[7.09375,9.375,6.25,9.90625],"tintindex":0,"rotation":0,"texture":"#0"},"north":{"uv":[6.25,9.375,7.09375,9.90625],"tintindex":0,"rotation":0,"texture":"#0"},"west":{"uv":[9.90625,0.625,8.625,1.15625],"tintindex":0,"rotation":0,"texture":"#0"},"up":{"uv":[4.21875,7.78125,3.375,6.5],"tintindex":0,"rotation":0,"texture":"#0"},"down":{"uv":[7.59375,6.875,6.75,8.15625],"tintindex":0,"rotation":0,"texture":"#0"}},"rotation":{"origin":[8.019414,10.386975,2.594318],"angle":45.0,"axis":"z"}},{"from":[-3.0910578,13.44116,-1.6526814],"to":[3.2949424,15.92116,5.973318],"faces":{"east":{"uv":[10.375,2.625,11.15625,2.875],"tintindex":0,"rotation":0,"texture":"#0"},"south":{"uv":[0.0,8.875,0.65625,9.125],"tintindex":0,"rotation":0,"texture":"#0"},"north":{"uv":[10.5,8.25,11.15625,8.5],"tintindex":0,"rotation":0,"texture":"#0"},"west":{"uv":[10.375,5.5,11.15625,5.75],"tintindex":0,"rotation":0,"texture":"#0"},"up":{"uv":[5.40625,9.40625,4.75,8.625],"tintindex":0,"rotation":0,"texture":"#0"},"down":{"uv":[8.15625,8.75,7.5,9.53125],"tintindex":0,"rotation":0,"texture":"#0"}},"rotation":{"origin":[8.019414,10.386975,2.594318],"angle":22.5,"axis":"z"}},{"from":[0.58945656,5.1831455,-4.163682],"to":[7.5954566,11.073145,8.484318],"faces":{"east":{"uv":[8.25,3.875,9.53125,4.46875],"tintindex":0,"rotation":0,"texture":"#0"},"south":{"uv":[1.46875,9.625,0.75,10.21875],"tintindex":0,"rotation":0,"texture":"#0"},"north":{"uv":[0.75,9.625,1.46875,10.21875],"tintindex":0,"rotation":0,"texture":"#0"},"west":{"uv":[8.25,4.5,9.53125,5.09375],"tintindex":0,"rotation":0,"texture":"#0"},"up":{"uv":[8.59375,1.90625,7.875,0.625],"tintindex":0,"rotation":0,"texture":"#0"},"down":{"uv":[8.59375,2.0,7.875,3.28125],"tintindex":0,"rotation":0,"texture":"#0"}},"rotation":{"origin":[8.019414,10.386975,2.594318],"angle":-22.5,"axis":"z"}},{"from":[7.24963,8.242754,-6.6436825],"to":[19.21563,12.272754,10.034318],"faces":{"east":{"uv":[8.375,7.875,10.0625,8.28125],"tintindex":0,"rotation":0,"texture":"#0"},"south":{"uv":[7.34375,8.875,6.125,9.28125],"tintindex":0,"rotation":0,"texture":"#0"},"north":{"uv":[6.125,8.875,7.34375,9.28125],"tintindex":0,"rotation":0,"texture":"#0"},"west":{"uv":[8.375,8.375,10.0625,8.78125],"tintindex":0,"rotation":0,"texture":"#0"},"up":{"uv":[5.5,7.28125,6.71875,5.625],"tintindex":0,"rotation":0,"texture":"#0"},"down":{"uv":[5.46875,5.625,4.25,7.3125],"tintindex":0,"rotation":0,"texture":"#0"}},"rotation":{"origin":[8.019414,10.386975,2.594318],"angle":-22.5,"axis":"z"}},{"from":[0.76778984,5.286854,8.732318],"to":[15.21379,8.386853,9.972319],"faces":{"east":{"uv":[3.25,7.375,3.375,7.6875],"tintindex":0,"rotation":0,"texture":"#0"},"south":{"uv":[8.25,9.375,9.71875,9.6875],"tintindex":0,"rotation":0,"texture":"#0"},"north":{"uv":[4.5,3.875,5.96875,4.1875],"tintindex":0,"rotation":0,"texture":"#0"},"west":{"uv":[7.5,8.25,7.625,8.5625],"tintindex":0,"rotation":0,"texture":"#0"},"up":{"uv":[11.84375,1.5,10.375,1.375],"tintindex":0,"rotation":0,"texture":"#0"},"down":{"uv":[11.84375,5.75,10.375,5.875],"tintindex":0,"rotation":0,"texture":"#0"}}},{"from":[4.3052597,6.508749,-7.852682],"to":[9.26526,11.468749,10.747318],"faces":{"east":{"uv":[6.5,3.375,8.375,3.875],"tintindex":0,"rotation":0,"texture":"#0"},"south":{"uv":[6.5,0.625,7.0,1.125],"tintindex":0,"rotation":0,"texture":"#0"},"north":{"uv":[6.25,5.125,6.75,5.625],"tintindex":0,"rotation":0,"texture":"#0"},"west":{"uv":[8.375,3.375,6.5,3.875],"tintindex":0,"rotation":0,"texture":"#0"},"up":{"uv":[8.375,3.375,6.5,3.875],"tintindex":0,"rotation":90,"texture":"#0"},"down":{"uv":[6.5,3.375,8.375,3.875],"tintindex":0,"rotation":90,"texture":"#0"}},"rotation":{"origin":[8.019414,10.386975,2.594318],"angle":45.0,"axis":"z"}},{"from":[8.443373,5.1831455,-4.163682],"to":[15.449372,11.073145,8.484318],"faces":{"east":{"uv":[8.125,5.625,9.40625,6.21875],"tintindex":0,"rotation":0,"texture":"#0"},"south":{"uv":[0.75,9.625,1.46875,10.21875],"tintindex":0,"rotation":0,"texture":"#0"},"north":{"uv":[9.5,6.25,10.21875,6.84375],"tintindex":0,"rotation":0,"texture":"#0"},"west":{"uv":[8.125,6.25,9.40625,6.84375],"tintindex":0,"rotation":0,"texture":"#0"},"up":{"uv":[0.71875,8.78125,0.0,7.5],"tintindex":0,"rotation":0,"texture":"#0"},"down":{"uv":[8.34375,7.375,7.625,8.65625],"tintindex":0,"rotation":0,"texture":"#0"}},"rotation":{"origin":[8.019414,10.386975,2.594318],"angle":22.5,"axis":"z"}},{"from":[2.085868,6.1960382,-6.922682],"to":[14.485868,11.156038,-6.922682],"faces":{"east":{"uv":[6.5,3.375,8.375,3.875],"tintindex":0,"rotation":0,"texture":"#0"},"south":{"uv":[13.59375,5.125,12.34375,5.625],"tintindex":0,"rotation":0,"texture":"#0"},"north":{"uv":[12.34375,5.125,13.59375,5.625],"tintindex":0,"rotation":0,"texture":"#0"},"west":{"uv":[8.375,3.375,6.5,3.875],"tintindex":0,"rotation":0,"texture":"#0"},"up":{"uv":[8.375,3.375,6.5,3.875],"tintindex":0,"rotation":90,"texture":"#0"},"down":{"uv":[6.5,3.375,8.375,3.875],"tintindex":0,"rotation":90,"texture":"#0"}},"rotation":{"origin":[8.285868,8.676038,-6.922682],"angle":45.0,"axis":"z"}},{"from":[5.514352,2.4384284,-6.922682],"to":[10.474352,14.8384285,-6.922682],"faces":{"east":{"uv":[6.5,3.375,8.375,3.875],"tintindex":0,"rotation":0,"texture":"#0"},"south":{"uv":[13.59375,5.125,12.34375,5.625],"tintindex":0,"rotation":270,"texture":"#0"},"north":{"uv":[12.34375,5.125,13.59375,5.625],"tintindex":0,"rotation":90,"texture":"#0"},"west":{"uv":[8.375,3.375,6.5,3.875],"tintindex":0,"rotation":0,"texture":"#0"},"up":{"uv":[6.5,3.375,8.375,3.875],"tintindex":0,"rotation":270,"texture":"#0"},"down":{"uv":[8.375,3.375,6.5,3.875],"tintindex":0,"rotation":270,"texture":"#0"}}},{"from":[10.228798,12.553947,-4.132682],"to":[18.474796,17.513947,8.453318],"faces":{"east":{"uv":[8.625,0.625,9.90625,1.15625],"tintindex":0,"rotation":0,"texture":"#0"},"south":{"uv":[6.25,9.375,7.09375,9.90625],"tintindex":0,"rotation":0,"texture":"#0"},"north":{"uv":[4.125,9.5,4.96875,10.03125],"tintindex":0,"rotation":0,"texture":"#0"},"west":{"uv":[8.625,1.25,9.90625,1.78125],"tintindex":0,"rotation":0,"texture":"#0"},"up":{"uv":[7.84375,1.90625,7.0,0.625],"tintindex":0,"rotation":0,"texture":"#0"},"down":{"uv":[7.84375,2.0,7.0,3.28125],"tintindex":0,"rotation":0,"texture":"#0"}},"rotation":{"origin":[8.019414,10.386975,2.594318],"angle":-45.0,"axis":"z"}},{"from":[2.085868,6.1960382,-6.922682],"to":[14.485868,11.156038,-6.922682],"faces":{"east":{"uv":[6.5,3.375,8.375,3.875],"tintindex":0,"rotation":0,"texture":"#0"},"south":{"uv":[13.59375,5.125,12.34375,5.625],"tintindex":0,"rotation":0,"texture":"#0"},"north":{"uv":[12.34375,5.125,13.59375,5.625],"tintindex":0,"rotation":0,"texture":"#0"},"west":{"uv":[8.375,3.375,6.5,3.875],"tintindex":0,"rotation":0,"texture":"#0"},"up":{"uv":[8.375,3.375,6.5,3.875],"tintindex":0,"rotation":90,"texture":"#0"},"down":{"uv":[6.5,3.375,8.375,3.875],"tintindex":0,"rotation":90,"texture":"#0"}}},{"from":[-3.1768007,8.242754,-6.581682],"to":[8.789199,12.272754,10.003318],"faces":{"east":{"uv":[8.625,1.875,10.28125,2.28125],"tintindex":0,"rotation":0,"texture":"#0"},"south":{"uv":[6.125,8.875,7.34375,9.28125],"tintindex":0,"rotation":0,"texture":"#0"},"north":{"uv":[7.34375,8.875,6.125,9.28125],"tintindex":0,"rotation":0,"texture":"#0"},"west":{"uv":[10.0625,7.875,8.375,8.28125],"tintindex":0,"rotation":0,"texture":"#0"},"up":{"uv":[6.71875,7.28125,5.5,5.625],"tintindex":0,"rotation":0,"texture":"#0"},"down":{"uv":[4.25,5.625,5.46875,7.3125],"tintindex":0,"rotation":0,"texture":"#0"}},"rotation":{"origin":[8.019414,10.386975,2.594318],"angle":22.5,"axis":"z"}},{"from":[2.8046503,11.279737,-2.6142511],"to":[12.1046505,12.519738,6.685749],"faces":{"east":{"uv":[10.5,8.75,11.40625,8.875],"tintindex":0,"rotation":0,"texture":"#0"},"south":{"uv":[10.5,4.5,11.46875,4.625],"tintindex":0,"rotation":0,"texture":"#0"},"north":{"uv":[10.5,0.5,11.46875,0.625],"tintindex":0,"rotation":0,"texture":"#0"},"west":{"uv":[10.625,3.25,11.53125,3.375],"tintindex":0,"rotation":0,"texture":"#0"},"up":{"uv":[1.6875,9.03125,0.78125,8.125],"tintindex":0,"rotation":0,"texture":"#0"},"down":{"uv":[2.71875,8.125,1.75,9.03125],"tintindex":0,"rotation":0,"texture":"#0"}},"rotation":{"origin":[8.019414,10.386975,2.594318],"angle":-45.0,"axis":"y"}},{"from":[0.3646469,4.9019156,-6.581682],"to":[15.616647,4.9019156,10.003318],"faces":{"east":{"uv":[8.625,1.875,10.28125,2.28125],"tintindex":0,"rotation":0,"texture":"#0"},"south":{"uv":[6.125,8.875,7.34375,9.28125],"tintindex":0,"rotation":0,"texture":"#0"},"north":{"uv":[7.34375,8.875,6.125,9.28125],"tintindex":0,"rotation":0,"texture":"#0"},"west":{"uv":[10.0625,7.875,8.375,8.28125],"tintindex":0,"rotation":0,"texture":"#0"},"up":{"uv":[14.1375,4.890625,16.0,3.21875],"tintindex":0,"rotation":0,"texture":"#0"},"down":{"uv":[14.1375,1.671875,16.0,0.0],"tintindex":0,"rotation":0,"texture":"#0"}}}],"display":{"gui":{"rotation":[30,225,0]}}}