{
  "textures": {
    "0": "modelengine:entity/darkblood_resources"
  },
  "elements": [
    {
      "from": [
        8,
        -8,
        -8
      ],
      "to": [
        8,
        24,
        24
      ],
      "faces": {
        "east": {
          "uv": [
            6.9995,
            0.9995,
            6.0005,
            0.0005
          ],
          "tintindex": 0,
          "rotation": 180,
          "texture": "#0"
        },
        "south": {
          "uv": [
            -0.0005,
            0.001,
            -0.016625,
            7.999
          ],
          "tintindex": 0,
          "rotation": 180,
          "texture": "#0"
        },
        "north": {
          "uv": [
            -0.0005,
            0.001,
            -0.016625,
            7.999
          ],
          "tintindex": 0,
          "rotation": 180,
          "texture": "#0"
        },
        "west": {
          "uv": [
            6.0005,
            0.9995,
            6.9995,
            0.0005
          ],
          "tintindex": 0,
          "rotation": 180,
          "texture": "#0"
        },
        "up": {
          "uv": [
            0.001,
            -0.0005,
            7.999,
            -0.016625
          ],
          "tintindex": 0,
          "rotation": 90,
          "texture": "#0"
        },
        "down": {
          "uv": [
            0.001,
            -0.0005,
            7.999,
            -0.016625
          ],
          "tintindex": 0,
          "rotation": 270,
          "texture": "#0"
        }
      }
    },
    {
      "from": [
        -8,
        -8,
        8
      ],
      "to": [
        24,
        24,
        8
      ],
      "faces": {
        "east": {
          "uv": [
            -0.0005,
            0.001,
            -0.016625,
            7.999
          ],
          "tintindex": 0,
          "rotation": 180,
          "texture": "#0"
        },
        "south": {
          "uv": [
            6.9995,
            0.9995,
            6.0005,
            0.0005
          ],
          "tintindex": 0,
          "rotation": 180,
          "texture": "#0"
        },
        "north": {
          "uv": [
            6.0005,
            0.9995,
            6.9995,
            0.0005
          ],
          "tintindex": 0,
          "rotation": 180,
          "texture": "#0"
        },
        "west": {
          "uv": [
            -0.0005,
            0.001,
            -0.016625,
            7.999
          ],
          "tintindex": 0,
          "rotation": 180,
          "texture": "#0"
        },
        "up": {
          "uv": [
            0.001,
            -0.0005,
            7.999,
            -0.016625
          ],
          "tintindex": 0,
          "rotation": 180,
          "texture": "#0"
        },
        "down": {
          "uv": [
            0.001,
            -0.0005,
            7.999,
            -0.016625
          ],
          "tintindex": 0,
          "rotation": 180,
          "texture": "#0"
        }
      }
    }
  ],
  "display": {
    "gui": {
      "rotation": [
        30,
        225,
        0
      ]
    }
  }
}