{"textures":{"2":"modelengine:entity/dustplosion_resources"},"elements":[{"from":[-10.285715,-4.57143,8.0],"to":[26.285715,32.0,8.0],"rotation":{"angle":0.0,"axis":"y","origin":[8.0,13.714285,8.0]},"faces":{"east":{"uv":[-0.016125,0.001,-0.03225,7.999],"rotation":0,"texture":"#2","tintindex":0},"south":{"uv":[1.999,15.001,1.0,16.0],"rotation":0,"texture":"#2","tintindex":0},"north":{"uv":[1.0,15.001,1.999,16.0],"rotation":0,"texture":"#2","tintindex":0},"west":{"uv":[-0.016125,0.001,-0.03225,7.999],"rotation":0,"texture":"#2","tintindex":0},"up":{"uv":[0.001,-0.016125,7.999,-0.03225],"rotation":0,"texture":"#2","tintindex":0},"down":{"uv":[0.001,-0.016125,7.999,-0.03225],"rotation":0,"texture":"#2","tintindex":0}}}],"display":{"head":{"translation":[0.0,43.88572,0.0],"scale":[4.0,4.0,4.0]}}}