{
  "textures": {
    "2": "modelengine:entity/dustplosion_resources"
  },
  "elements": [
    {
      "from": [
        -2.666667,
        8,
        8
      ],
      "to": [
        18.666668,
        29.333334,
        8
      ],
      "faces": {
        "east": {
          "uv": [
            -0.016125,
            0.001,
            -0.03225,
            7.999
          ],
          "tintindex": 0,
          "rotation": 0,
          "texture": "#2"
        },
        "south": {
          "uv": [
            3.999,
            15.001,
            3,
            16
          ],
          "tintindex": 0,
          "rotation": 0,
          "texture": "#2"
        },
        "north": {
          "uv": [
            3,
            15.001,
            3.999,
            16
          ],
          "tintindex": 0,
          "rotation": 0,
          "texture": "#2"
        },
        "west": {
          "uv": [
            -0.016125,
            0.001,
            -0.03225,
            7.999
          ],
          "tintindex": 0,
          "rotation": 0,
          "texture": "#2"
        },
        "up": {
          "uv": [
            0.001,
            -0.016125,
            7.999,
            -0.03225
          ],
          "tintindex": 0,
          "rotation": 0,
          "texture": "#2"
        },
        "down": {
          "uv": [
            0.001,
            -0.016125,
            7.999,
            -0.03225
          ],
          "tintindex": 0,
          "rotation": 0,
          "texture": "#2"
        }
      }
    }
  ],
  "display": {
    "gui": {
      "rotation": [
        30,
        225,
        0
      ]
    }
  }
}