{
  "textures": {
    "3": "modelengine:entity/corruptedblood_fx"
  },
  "elements": [
    {
      "from": [
        -8,
        -8,
        7.5
      ],
      "to": [
        24,
        24,
        7.5
      ],
      "faces": {
        "south": {
          "uv": [
            2,
            12,
            0,
            14
          ],
          "tintindex": 0,
          "rotation": 0,
          "texture": "#3"
        },
        "north": {
          "uv": [
            0,
            12,
            2,
            14
          ],
          "tintindex": 0,
          "rotation": 0,
          "texture": "#3"
        }
      }
    },
    {
      "from": [
        8,
        -8,
        -7.5
      ],
      "to": [
        8,
        24,
        24.5
      ],
      "faces": {
        "east": {
          "uv": [
            0,
            12,
            2,
            14
          ],
          "tintindex": 0,
          "rotation": 0,
          "texture": "#3"
        },
        "west": {
          "uv": [
            2,
            12,
            0,
            14
          ],
          "tintindex": 0,
          "rotation": 0,
          "texture": "#3"
        }
      }
    }
  ],
  "display": {
    "gui": {
      "rotation": [
        30,
        225,
        0
      ]
    }
  }
}