{"textures":{"3":"modelengine:entity/corruptedblood_fx"},"elements":[{"from":[-1.1428576,-1.1428576,7.714286],"to":[17.142857,17.142857,7.714286],"rotation":{"angle":0.0,"axis":"y","origin":[9.142858,6.285714,3.142857]},"faces":{"east":{"uv":[0.0,0.0,0.0,16.0],"rotation":0,"texture":"#3","tintindex":0},"south":{"uv":[2.0,6.0,0.0,8.0],"rotation":0,"texture":"#3","tintindex":0},"north":{"uv":[0.0,6.0,2.0,8.0],"rotation":0,"texture":"#3","tintindex":0},"west":{"uv":[0.0,0.0,0.0,16.0],"rotation":0,"texture":"#3","tintindex":0},"up":{"uv":[0.0,0.0,16.0,0.0],"rotation":0,"texture":"#3","tintindex":0},"down":{"uv":[0.0,0.0,16.0,0.0],"rotation":0,"texture":"#3","tintindex":0}}},{"from":[8.0,-1.1428576,-0.8571434],"to":[8.0,17.142857,17.428572],"rotation":{"angle":0.0,"axis":"y","origin":[12.571428,6.285714,9.428572]},"faces":{"east":{"uv":[0.0,6.0,2.0,8.0],"rotation":0,"texture":"#3","tintindex":0},"south":{"uv":[0.0,0.0,0.0,16.0],"rotation":0,"texture":"#3","tintindex":0},"north":{"uv":[0.0,0.0,0.0,16.0],"rotation":0,"texture":"#3","tintindex":0},"west":{"uv":[2.0,6.0,0.0,8.0],"rotation":0,"texture":"#3","tintindex":0},"up":{"uv":[0.0,0.0,16.0,0.0],"rotation":90,"texture":"#3","tintindex":0},"down":{"uv":[0.0,0.0,16.0,0.0],"rotation":270,"texture":"#3","tintindex":0}}}],"display":{"head":{"translation":[0.0,-6.4,0.0],"scale":[4.0,4.0,4.0]}}}