{"textures":{"2":"modelengine:entity/dustplosion_resources"},"elements":[{"from":[-6.0,0.0,8.0],"to":[22.0,28.0,8.0],"faces":{"south":{"uv":[8.0,0.0,6.0,2.0],"tintindex":0,"rotation":0,"texture":"#2"},"north":{"uv":[6.0,0.0,8.0,2.0],"tintindex":0,"rotation":0,"texture":"#2"}}},{"from":[8.0,0.0,-6.0],"to":[8.0,28.0,22.0],"faces":{"east":{"uv":[6.0,0.0,8.0,2.0],"tintindex":0,"rotation":0,"texture":"#2"},"west":{"uv":[8.0,0.0,6.0,2.0],"tintindex":0,"rotation":0,"texture":"#2"}}}],"display":{"gui":{"rotation":[30,225,0]}}}