{
  "textures": {
    "2": "modelengine:entity/dustplosion_resources"
  },
  "elements": [
    {
      "from": [
        -6,
        0,
        8
      ],
      "to": [
        22,
        28,
        8
      ],
      "faces": {
        "south": {
          "uv": [
            12,
            2,
            10,
            4
          ],
          "tintindex": 0,
          "rotation": 0,
          "texture": "#2"
        },
        "north": {
          "uv": [
            12,
            2,
            10,
            4
          ],
          "tintindex": 0,
          "rotation": 0,
          "texture": "#2"
        }
      }
    },
    {
      "from": [
        8,
        0,
        -6
      ],
      "to": [
        8,
        28,
        22
      ],
      "faces": {
        "east": {
          "uv": [
            12,
            2,
            10,
            4
          ],
          "tintindex": 0,
          "rotation": 0,
          "texture": "#2"
        },
        "west": {
          "uv": [
            12,
            2,
            10,
            4
          ],
          "tintindex": 0,
          "rotation": 0,
          "texture": "#2"
        }
      }
    }
  ],
  "display": {
    "gui": {
      "rotation": [
        30,
        225,
        0
      ]
    }
  }
}