{
  "textures": {
    "2": "modelengine:entity/dustplosion_resources"
  },
  "elements": [
    {
      "from": [
        -10.666668,
        -10.666668,
        8
      ],
      "to": [
        26.666668,
        26.666668,
        8
      ],
      "faces": {
        "south": {
          "uv": [
            4,
            2,
            2,
            4
          ],
          "tintindex": 0,
          "rotation": 0,
          "texture": "#2"
        },
        "north": {
          "uv": [
            2,
            2,
            4,
            4
          ],
          "tintindex": 0,
          "rotation": 0,
          "texture": "#2"
        }
      }
    }
  ],
  "display": {
    "gui": {
      "rotation": [
        30,
        225,
        0
      ]
    }
  }
}