{
	"credit": "Made with Blockbench",
	"texture_size": [32, 32],
	"textures": {
		"1": "must_have_props:bone"
	},
	"elements": [
		{
			"from": [3.5, 0.5, 6.5],
			"to": [12.5, 2.5, 8.5],
			"rotation": {"angle": 45, "axis": "y", "origin": [8, 1.5, 7.5]},
			"faces": {
				"north": {"uv": [0, 1, 4.5, 2], "texture": "#1"},
				"east": {"uv": [0, 6.5, 1, 7.5], "texture": "#1"},
				"south": {"uv": [0, 0, 4.5, 1], "texture": "#1"},
				"west": {"uv": [1, 6.5, 2, 7.5], "texture": "#1"},
				"up": {"uv": [1, 6.5, 0, 2], "rotation": 90, "texture": "#1"},
				"down": {"uv": [2, 2, 1, 6.5], "rotation": 270, "texture": "#1"}
			}
		},
		{
			"from": [12.5, 0.5, 5],
			"to": [14.5, 2.5, 7],
			"rotation": {"angle": 45, "axis": "y", "origin": [8, 1.5, 7.5]},
			"faces": {
				"north": {"uv": [3, 6.5, 4, 7.5], "texture": "#1"},
				"east": {"uv": [6.5, 1.5, 7.5, 2.5], "texture": "#1"},
				"south": {"uv": [2, 6.5, 3, 7.5], "texture": "#1"},
				"west": {"uv": [6.5, 2.5, 7.5, 3.5], "texture": "#1"},
				"up": {"uv": [7.5, 4.5, 6.5, 3.5], "rotation": 90, "texture": "#1"},
				"down": {"uv": [5, 6.5, 4, 7.5], "rotation": 270, "texture": "#1"}
			}
		},
		{
			"from": [12, 0, 7],
			"to": [15, 3, 10],
			"rotation": {"angle": 45, "axis": "y", "origin": [8, 1.5, 7.5]},
			"faces": {
				"north": {"uv": [3.5, 3.5, 5, 5], "texture": "#1"},
				"east": {"uv": [2, 2, 3.5, 3.5], "texture": "#1"},
				"south": {"uv": [2, 3.5, 3.5, 5], "texture": "#1"},
				"west": {"uv": [3.5, 2, 5, 3.5], "texture": "#1"},
				"up": {"uv": [6, 1.5, 4.5, 0], "rotation": 90, "texture": "#1"},
				"down": {"uv": [6.5, 1.5, 5, 3], "rotation": 270, "texture": "#1"}
			}
		},
		{
			"from": [1.5, 0.5, 8],
			"to": [3.5, 2.5, 10],
			"rotation": {"angle": 45, "axis": "y", "origin": [8, 1.5, 7.5]},
			"faces": {
				"north": {"uv": [0, 7.5, 1, 8.5], "texture": "#1"},
				"east": {"uv": [6.5, 4.5, 7.5, 5.5], "texture": "#1"},
				"south": {"uv": [6.5, 5.5, 7.5, 6.5], "texture": "#1"},
				"west": {"uv": [6.5, 6.5, 7.5, 7.5], "texture": "#1"},
				"up": {"uv": [8.5, 1, 7.5, 0], "rotation": 90, "texture": "#1"},
				"down": {"uv": [2, 7.5, 1, 8.5], "rotation": 270, "texture": "#1"}
			}
		},
		{
			"from": [1, 0, 5],
			"to": [4, 3, 8],
			"rotation": {"angle": 45, "axis": "y", "origin": [8, 1.5, 7.5]},
			"faces": {
				"north": {"uv": [5, 4.5, 6.5, 6], "texture": "#1"},
				"east": {"uv": [2, 5, 3.5, 6.5], "texture": "#1"},
				"south": {"uv": [5, 3, 6.5, 4.5], "texture": "#1"},
				"west": {"uv": [3.5, 5, 5, 6.5], "texture": "#1"},
				"up": {"uv": [7.5, 1.5, 6, 0], "rotation": 90, "texture": "#1"},
				"down": {"uv": [6.5, 6, 5, 7.5], "rotation": 270, "texture": "#1"}
			}
		},
		{
			"from": [4, 2.5, 3],
			"to": [6, 4.5, 12],
			"rotation": {"angle": -22.5, "axis": "x", "origin": [8, 1.5, 7.5]},
			"faces": {
				"north": {"uv": [0, 6.5, 1, 7.5], "texture": "#1"},
				"east": {"uv": [0, 0, 4.5, 1], "texture": "#1"},
				"south": {"uv": [1, 6.5, 2, 7.5], "texture": "#1"},
				"west": {"uv": [0, 1, 4.5, 2], "texture": "#1"},
				"up": {"uv": [1, 6.5, 0, 2], "texture": "#1"},
				"down": {"uv": [2, 2, 1, 6.5], "texture": "#1"}
			}
		},
		{
			"from": [2.5, 2.5, 1],
			"to": [4.5, 4.5, 3],
			"rotation": {"angle": -22.5, "axis": "x", "origin": [8, 1.5, 7.5]},
			"faces": {
				"north": {"uv": [6.5, 1.5, 7.5, 2.5], "texture": "#1"},
				"east": {"uv": [2, 6.5, 3, 7.5], "texture": "#1"},
				"south": {"uv": [6.5, 2.5, 7.5, 3.5], "texture": "#1"},
				"west": {"uv": [3, 6.5, 4, 7.5], "texture": "#1"},
				"up": {"uv": [7.5, 4.5, 6.5, 3.5], "texture": "#1"},
				"down": {"uv": [5, 6.5, 4, 7.5], "texture": "#1"}
			}
		},
		{
			"from": [4.5, 2, 0.5],
			"to": [7.5, 5, 3.5],
			"rotation": {"angle": -22.5, "axis": "x", "origin": [8, 1.5, 7.5]},
			"faces": {
				"north": {"uv": [2, 2, 3.5, 3.5], "texture": "#1"},
				"east": {"uv": [2, 3.5, 3.5, 5], "texture": "#1"},
				"south": {"uv": [3.5, 2, 5, 3.5], "texture": "#1"},
				"west": {"uv": [3.5, 3.5, 5, 5], "texture": "#1"},
				"up": {"uv": [6, 1.5, 4.5, 0], "texture": "#1"},
				"down": {"uv": [6.5, 1.5, 5, 3], "texture": "#1"}
			}
		},
		{
			"from": [5.5, 2.5, 12],
			"to": [7.5, 4.5, 14],
			"rotation": {"angle": -22.5, "axis": "x", "origin": [8, 1.5, 7.5]},
			"faces": {
				"north": {"uv": [6.5, 4.5, 7.5, 5.5], "texture": "#1"},
				"east": {"uv": [6.5, 5.5, 7.5, 6.5], "texture": "#1"},
				"south": {"uv": [6.5, 6.5, 7.5, 7.5], "texture": "#1"},
				"west": {"uv": [0, 7.5, 1, 8.5], "texture": "#1"},
				"up": {"uv": [8.5, 1, 7.5, 0], "texture": "#1"},
				"down": {"uv": [2, 7.5, 1, 8.5], "texture": "#1"}
			}
		},
		{
			"from": [2.5, 2, 11.5],
			"to": [5.5, 5, 14.5],
			"rotation": {"angle": -22.5, "axis": "x", "origin": [8, 1.5, 7.5]},
			"faces": {
				"north": {"uv": [2, 5, 3.5, 6.5], "texture": "#1"},
				"east": {"uv": [5, 3, 6.5, 4.5], "texture": "#1"},
				"south": {"uv": [3.5, 5, 5, 6.5], "texture": "#1"},
				"west": {"uv": [5, 4.5, 6.5, 6], "texture": "#1"},
				"up": {"uv": [7.5, 1.5, 6, 0], "texture": "#1"},
				"down": {"uv": [6.5, 6, 5, 7.5], "texture": "#1"}
			}
		},
		{
			"from": [2.56271, 0.6, 11.89956],
			"to": [11.56271, 2.6, 13.89956],
			"rotation": {"angle": 22.5, "axis": "y", "origin": [8.06271, 1.5, 12.89956]},
			"faces": {
				"north": {"uv": [0, 0, 4.5, 1], "texture": "#1"},
				"east": {"uv": [1, 6.5, 2, 7.5], "texture": "#1"},
				"south": {"uv": [0, 1, 4.5, 2], "texture": "#1"},
				"west": {"uv": [0, 6.5, 1, 7.5], "texture": "#1"},
				"up": {"uv": [1, 6.5, 0, 2], "rotation": 270, "texture": "#1"},
				"down": {"uv": [2, 2, 1, 6.5], "rotation": 90, "texture": "#1"}
			}
		},
		{
			"from": [0.56271, 0.6, 13.39956],
			"to": [2.56271, 2.6, 15.39956],
			"rotation": {"angle": 22.5, "axis": "y", "origin": [8.06271, 1.5, 12.89956]},
			"faces": {
				"north": {"uv": [2, 6.5, 3, 7.5], "texture": "#1"},
				"east": {"uv": [6.5, 2.5, 7.5, 3.5], "texture": "#1"},
				"south": {"uv": [3, 6.5, 4, 7.5], "texture": "#1"},
				"west": {"uv": [6.5, 1.5, 7.5, 2.5], "texture": "#1"},
				"up": {"uv": [7.5, 4.5, 6.5, 3.5], "rotation": 270, "texture": "#1"},
				"down": {"uv": [5, 6.5, 4, 7.5], "rotation": 90, "texture": "#1"}
			}
		},
		{
			"from": [0.06271, 0.1, 10.39956],
			"to": [3.06271, 3.1, 13.39956],
			"rotation": {"angle": 22.5, "axis": "y", "origin": [8.06271, 1.5, 12.89956]},
			"faces": {
				"north": {"uv": [2, 3.5, 3.5, 5], "texture": "#1"},
				"east": {"uv": [3.5, 2, 5, 3.5], "texture": "#1"},
				"south": {"uv": [3.5, 3.5, 5, 5], "texture": "#1"},
				"west": {"uv": [2, 2, 3.5, 3.5], "texture": "#1"},
				"up": {"uv": [6, 1.5, 4.5, 0], "rotation": 270, "texture": "#1"},
				"down": {"uv": [6.5, 1.5, 5, 3], "rotation": 90, "texture": "#1"}
			}
		},
		{
			"from": [11.56271, 0.6, 10.39956],
			"to": [13.56271, 2.6, 12.39956],
			"rotation": {"angle": 22.5, "axis": "y", "origin": [8.06271, 1.5, 12.89956]},
			"faces": {
				"north": {"uv": [6.5, 5.5, 7.5, 6.5], "texture": "#1"},
				"east": {"uv": [6.5, 6.5, 7.5, 7.5], "texture": "#1"},
				"south": {"uv": [0, 7.5, 1, 8.5], "texture": "#1"},
				"west": {"uv": [6.5, 4.5, 7.5, 5.5], "texture": "#1"},
				"up": {"uv": [8.5, 1, 7.5, 0], "rotation": 270, "texture": "#1"},
				"down": {"uv": [2, 7.5, 1, 8.5], "rotation": 90, "texture": "#1"}
			}
		},
		{
			"from": [11.06271, 0.1, 12.39956],
			"to": [14.06271, 3.1, 15.39956],
			"rotation": {"angle": 22.5, "axis": "y", "origin": [8.06271, 1.5, 12.89956]},
			"faces": {
				"north": {"uv": [5, 3, 6.5, 4.5], "texture": "#1"},
				"east": {"uv": [3.5, 5, 5, 6.5], "texture": "#1"},
				"south": {"uv": [5, 4.5, 6.5, 6], "texture": "#1"},
				"west": {"uv": [2, 5, 3.5, 6.5], "texture": "#1"},
				"up": {"uv": [7.5, 1.5, 6, 0], "rotation": 270, "texture": "#1"},
				"down": {"uv": [6.5, 6, 5, 7.5], "rotation": 90, "texture": "#1"}
			}
		}
	],
	"display": {
		"thirdperson_righthand": {
			"rotation": [75, 45, 0],
			"translation": [0, 2.5, 0],
			"scale": [0.375, 0.375, 0.375]
		},
		"thirdperson_lefthand": {
			"rotation": [75, 45, 0],
			"translation": [0, 2.5, 0],
			"scale": [0.375, 0.375, 0.375]
		},
		"firstperson_righthand": {
			"rotation": [0, 45, 0],
			"scale": [0.4, 0.4, 0.4]
		},
		"firstperson_lefthand": {
			"rotation": [0, 225, 0],
			"scale": [0.4, 0.4, 0.4]
		},
		"ground": {
			"translation": [0, 3, 0],
			"scale": [0.25, 0.25, 0.25]
		},
		"gui": {
			"rotation": [30, 225, 0],
			"scale": [0.625, 0.625, 0.625]
		},
		"fixed": {
			"rotation": [-90, 0, 0],
			"translation": [0, 0, -16],
			"scale": [2, 2, 2]
		}
	},
	"groups": [
		{
			"name": "group",
			"origin": [8, 1.5, 7.5],
			"color": 0,
			"nbt": "{}",
			"armAnimationEnabled": false,
			"children": [0, 1, 2, 3, 4]
		},
		{
			"name": "group",
			"origin": [8, 1.5, 7.5],
			"color": 0,
			"nbt": "{}",
			"armAnimationEnabled": false,
			"children": [5, 6, 7, 8, 9]
		},
		{
			"name": "group",
			"origin": [8, 1.5, 7.5],
			"color": 0,
			"nbt": "{}",
			"armAnimationEnabled": false,
			"children": [10, 11, 12, 13, 14]
		}
	]
}