{
	"credit": "Made with Blockbench",
	"texture_size": [32, 32],
	"textures": {
		"1": "must_have_props:coins",
		"particle": "must_have_props:coins"
	},
	"elements": [
		{
			"from": [6, 0, 11],
			"to": [9, 10, 14],
			"faces": {
				"north": {"uv": [0, 0, 1.5, 5], "texture": "#1"},
				"east": {"uv": [1.5, 0, 3, 5], "texture": "#1"},
				"south": {"uv": [3, 0, 4.5, 5], "texture": "#1"},
				"west": {"uv": [4.5, 0, 6, 5], "texture": "#1"},
				"up": {"uv": [9, 1.5, 7.5, 0], "texture": "#1"},
				"down": {"uv": [9, 1.5, 7.5, 3], "texture": "#1"}
			}
		},
		{
			"from": [10, 0, 8],
			"to": [13, 6, 11],
			"faces": {
				"north": {"uv": [0, 5, 1.5, 8], "texture": "#1"},
				"east": {"uv": [1.5, 5, 3, 8], "texture": "#1"},
				"south": {"uv": [3, 5, 4.5, 8], "texture": "#1"},
				"west": {"uv": [4.5, 5, 6, 8], "texture": "#1"},
				"up": {"uv": [9, 4.5, 7.5, 3], "texture": "#1"},
				"down": {"uv": [9, 4.5, 7.5, 6], "texture": "#1"}
			}
		},
		{
			"from": [7, 0, 4],
			"to": [10, 2, 7],
			"faces": {
				"north": {"uv": [6, 8, 7.5, 9], "texture": "#1"},
				"east": {"uv": [9, 0, 10.5, 1], "texture": "#1"},
				"south": {"uv": [9, 1, 10.5, 2], "texture": "#1"},
				"west": {"uv": [9, 2, 10.5, 3], "texture": "#1"},
				"up": {"uv": [9, 7.5, 7.5, 6], "texture": "#1"},
				"down": {"uv": [9, 7.5, 7.5, 9], "texture": "#1"}
			}
		},
		{
			"from": [2, 0, 10],
			"to": [5, 1, 13],
			"faces": {
				"north": {"uv": [9, 3, 10.5, 3.5], "texture": "#1"},
				"east": {"uv": [9, 3.5, 10.5, 4], "texture": "#1"},
				"south": {"uv": [9, 4, 10.5, 4.5], "texture": "#1"},
				"west": {"uv": [9, 4.5, 10.5, 5], "texture": "#1"},
				"up": {"uv": [4.5, 9.5, 3, 8], "texture": "#1"},
				"down": {"uv": [6, 8, 4.5, 9.5], "texture": "#1"}
			}
		},
		{
			"from": [11, 0, 3],
			"to": [14, 1, 6],
			"faces": {
				"north": {"uv": [9, 3, 10.5, 3.5], "texture": "#1"},
				"east": {"uv": [9, 3.5, 10.5, 4], "texture": "#1"},
				"south": {"uv": [9, 4, 10.5, 4.5], "texture": "#1"},
				"west": {"uv": [9, 4.5, 10.5, 5], "texture": "#1"},
				"up": {"uv": [4.5, 9.5, 3, 8], "texture": "#1"},
				"down": {"uv": [6, 8, 4.5, 9.5], "texture": "#1"}
			}
		},
		{
			"from": [4, 0, 2],
			"to": [7, 1, 5],
			"faces": {
				"north": {"uv": [9, 3, 10.5, 3.5], "texture": "#1"},
				"east": {"uv": [9, 3.5, 10.5, 4], "texture": "#1"},
				"south": {"uv": [9, 4, 10.5, 4.5], "texture": "#1"},
				"west": {"uv": [9, 4.5, 10.5, 5], "texture": "#1"},
				"up": {"uv": [4.5, 9.5, 3, 8], "texture": "#1"},
				"down": {"uv": [6, 8, 4.5, 9.5], "texture": "#1"}
			}
		},
		{
			"from": [3, 0, 7],
			"to": [6, 4, 10],
			"faces": {
				"north": {"uv": [6, 0, 7.5, 2], "texture": "#1"},
				"east": {"uv": [6, 2, 7.5, 4], "texture": "#1"},
				"south": {"uv": [6, 4, 7.5, 6], "texture": "#1"},
				"west": {"uv": [6, 6, 7.5, 8], "texture": "#1"},
				"up": {"uv": [1.5, 9.5, 0, 8], "texture": "#1"},
				"down": {"uv": [3, 8, 1.5, 9.5], "texture": "#1"}
			}
		}
	],
	"display": {
		"thirdperson_righthand": {
			"rotation": [75, 45, 0],
			"translation": [0, 2.5, 0],
			"scale": [0.375, 0.375, 0.375]
		},
		"thirdperson_lefthand": {
			"rotation": [75, 45, 0],
			"translation": [0, 2.5, 0],
			"scale": [0.375, 0.375, 0.375]
		},
		"firstperson_righthand": {
			"rotation": [0, 45, 0],
			"scale": [0.4, 0.4, 0.4]
		},
		"firstperson_lefthand": {
			"rotation": [0, 225, 0],
			"scale": [0.4, 0.4, 0.4]
		},
		"ground": {
			"translation": [0, 3, 0],
			"scale": [0.25, 0.25, 0.25]
		},
		"gui": {
			"rotation": [30, 225, 0],
			"scale": [0.625, 0.625, 0.625]
		},
		"fixed": {
			"rotation": [-90, 0, 0],
			"translation": [0, 0, -16],
			"scale": [2, 2, 2]
		}
	}
}