{
	"credit": "Made with Blockbench",
	"texture_size": [32, 32],
	"textures": {
		"2": "must_have_props:open_book",
		"particle": "must_have_props:open_book"
	},
	"elements": [
		{
			"from": [1.5, 0.1, 2],
			"to": [14.5, 0.1, 10],
			"rotation": {"angle": 0, "axis": "y", "origin": [0, 0.1, 0]},
			"faces": {
				"north": {"uv": [0, 0, 6.5, 0], "texture": "#2"},
				"east": {"uv": [0, 0, 4, 0], "texture": "#2"},
				"south": {"uv": [0, 0, 6.5, 0], "texture": "#2"},
				"west": {"uv": [0, 0, 4, 0], "texture": "#2"},
				"up": {"uv": [6.5, 4, 0, 0], "texture": "#2", "tintindex": 0},
				"down": {"uv": [6.5, 4, 0, 8], "texture": "#2", "tintindex": 0}
			}
		},
		{
			"from": [2, 0.2, 2.5],
			"to": [14, 1.2, 9.5],
			"rotation": {"angle": 0, "axis": "y", "origin": [0, 0.1, 0]},
			"faces": {
				"north": {"uv": [6, 10.5, 12, 11], "texture": "#2"},
				"east": {"uv": [0, 11.5, 3.5, 12], "texture": "#2"},
				"south": {"uv": [6, 11, 12, 11.5], "texture": "#2"},
				"west": {"uv": [3.5, 11.5, 7, 12], "texture": "#2"},
				"up": {"uv": [12.5, 3.5, 6.5, 0], "texture": "#2"},
				"down": {"uv": [12.5, 3.5, 6.5, 7], "texture": "#2"}
			}
		},
		{
			"from": [2, 1.2, 2.5],
			"to": [8, 1.2, 9.5],
			"rotation": {"angle": -22.5, "axis": "z", "origin": [8, 1.2, 6]},
			"faces": {
				"north": {"uv": [0, 0, 3, 0], "texture": "#2"},
				"east": {"uv": [0, 0, 3.5, 0], "texture": "#2"},
				"south": {"uv": [0, 0, 3, 0], "texture": "#2"},
				"west": {"uv": [0, 0, 3.5, 0], "texture": "#2"},
				"up": {"uv": [9.5, 10.5, 6.5, 7], "texture": "#2"},
				"down": {"uv": [3, 8, 0, 11.5], "texture": "#2"}
			}
		},
		{
			"from": [8, 1.2, 2.5],
			"to": [14, 1.2, 9.5],
			"rotation": {"angle": 22.5, "axis": "z", "origin": [8, 1.2, 6]},
			"faces": {
				"north": {"uv": [0, 0, 3, 0], "texture": "#2"},
				"east": {"uv": [0, 0, 3.5, 0], "texture": "#2"},
				"south": {"uv": [0, 0, 3, 0], "texture": "#2"},
				"west": {"uv": [0, 0, 3.5, 0], "texture": "#2"},
				"up": {"uv": [6, 11.5, 3, 8], "texture": "#2"},
				"down": {"uv": [12.5, 7, 9.5, 10.5], "texture": "#2"}
			}
		}
	],
	"display": {
		"thirdperson_righthand": {
			"rotation": [75, 45, 0],
			"translation": [0, 2.5, 0],
			"scale": [0.375, 0.375, 0.375]
		},
		"thirdperson_lefthand": {
			"rotation": [75, 45, 0],
			"translation": [0, 2.5, 0],
			"scale": [0.375, 0.375, 0.375]
		},
		"firstperson_righthand": {
			"rotation": [0, 45, 0],
			"scale": [0.4, 0.4, 0.4]
		},
		"firstperson_lefthand": {
			"rotation": [0, 225, 0],
			"scale": [0.4, 0.4, 0.4]
		},
		"ground": {
			"translation": [0, 3, 0],
			"scale": [0.25, 0.25, 0.25]
		},
		"gui": {
			"rotation": [30, 225, 0],
			"scale": [0.625, 0.625, 0.625]
		},
		"fixed": {
			"rotation": [-90, 0, 0],
			"translation": [0, 0, -16],
			"scale": [2, 2, 2]
		}
	}
}