{
	"credit": "Made with Blockbench",
	"texture_size": [32, 32],
	"textures": {
		"2": "must_have_props:piggy_bank",
		"particle": "must_have_props:piggy_bank"
	},
	"elements": [
		{
			"from": [5.5, 2, 6],
			"to": [10.5, 6, 12],
			"rotation": {"angle": 0, "axis": "y", "origin": [0, 0, 1]},
			"faces": {
				"north": {"uv": [0, 5, 2.5, 7], "texture": "#2"},
				"east": {"uv": [0, 3, 3, 5], "texture": "#2"},
				"south": {"uv": [5, 0, 7.5, 2], "texture": "#2"},
				"west": {"uv": [3, 3, 6, 5], "texture": "#2"},
				"up": {"uv": [2.5, 3, 0, 0], "texture": "#2"},
				"down": {"uv": [5, 0, 2.5, 3], "texture": "#2"}
			}
		},
		{
			"from": [4.5, 2, 6.5],
			"to": [6.5, 5, 8.5],
			"rotation": {"angle": -22.5, "axis": "z", "origin": [1, 1.5, 2]},
			"faces": {
				"north": {"uv": [5, 7, 6, 8.5], "texture": "#2"},
				"east": {"uv": [7.5, 0, 8.5, 1.5], "texture": "#2"},
				"south": {"uv": [8, 1.5, 9, 3], "texture": "#2"},
				"west": {"uv": [2, 8, 3, 9.5], "texture": "#2"},
				"up": {"uv": [6, 3, 5, 2], "texture": "#2"},
				"down": {"uv": [10, 1.5, 9, 2.5], "texture": "#2"}
			}
		},
		{
			"from": [4.5, 2, 9.5],
			"to": [6.5, 5, 11.5],
			"rotation": {"angle": -22.5, "axis": "z", "origin": [1, 1.5, 2]},
			"faces": {
				"north": {"uv": [3, 8, 4, 9.5], "texture": "#2"},
				"east": {"uv": [4, 8, 5, 9.5], "texture": "#2"},
				"south": {"uv": [6, 8, 7, 9.5], "texture": "#2"},
				"west": {"uv": [7, 8, 8, 9.5], "texture": "#2"},
				"up": {"uv": [10, 8.5, 9, 7.5], "texture": "#2"},
				"down": {"uv": [10, 8.5, 9, 9.5], "texture": "#2"}
			}
		},
		{
			"from": [9.5, 2, 9.5],
			"to": [11.5, 5, 11.5],
			"rotation": {"angle": 22.5, "axis": "z", "origin": [15, 1.5, 2]},
			"faces": {
				"north": {"uv": [5, 8.5, 6, 10], "texture": "#2"},
				"east": {"uv": [8.5, 6, 9.5, 7.5], "texture": "#2"},
				"south": {"uv": [0, 9, 1, 10.5], "texture": "#2"},
				"west": {"uv": [1, 9, 2, 10.5], "texture": "#2"},
				"up": {"uv": [10.5, 3.5, 9.5, 2.5], "texture": "#2"},
				"down": {"uv": [4, 9.5, 3, 10.5], "texture": "#2"}
			}
		},
		{
			"from": [9.5, 2, 6.5],
			"to": [11.5, 5, 8.5],
			"rotation": {"angle": 22.5, "axis": "z", "origin": [15, 1.5, 2]},
			"faces": {
				"north": {"uv": [8, 8, 9, 9.5], "texture": "#2"},
				"east": {"uv": [8.5, 0, 9.5, 1.5], "texture": "#2"},
				"south": {"uv": [8.5, 3, 9.5, 4.5], "texture": "#2"},
				"west": {"uv": [8.5, 4.5, 9.5, 6], "texture": "#2"},
				"up": {"uv": [10.5, 1, 9.5, 0], "texture": "#2"},
				"down": {"uv": [3, 9.5, 2, 10.5], "texture": "#2"}
			}
		},
		{
			"from": [6, 3, 3],
			"to": [10, 7, 7],
			"rotation": {"angle": 0, "axis": "y", "origin": [0, 0, 1]},
			"faces": {
				"north": {"uv": [2.5, 5, 4.5, 7], "texture": "#2"},
				"east": {"uv": [4.5, 5, 6.5, 7], "texture": "#2"},
				"south": {"uv": [6, 2, 8, 4], "texture": "#2"},
				"west": {"uv": [6.5, 4, 8.5, 6], "texture": "#2"},
				"up": {"uv": [8.5, 8, 6.5, 6], "texture": "#2"},
				"down": {"uv": [2, 7, 0, 9], "texture": "#2"}
			}
		},
		{
			"from": [6.5, 3, 2],
			"to": [9.5, 5, 3],
			"rotation": {"angle": 0, "axis": "y", "origin": [0, 0, 1]},
			"faces": {
				"north": {"uv": [2, 7, 3.5, 8], "texture": "#2"},
				"east": {"uv": [6, 4, 6.5, 5], "texture": "#2"},
				"south": {"uv": [3.5, 7, 5, 8], "texture": "#2"},
				"west": {"uv": [6, 7, 6.5, 8], "texture": "#2"},
				"up": {"uv": [11, 1.5, 9.5, 1], "texture": "#2"},
				"down": {"uv": [7.5, 9.5, 6, 10], "texture": "#2"}
			}
		},
		{
			"from": [5.14645, 4.93934, 5],
			"to": [6.14645, 6.93934, 6.9],
			"rotation": {"angle": -45, "axis": "z", "origin": [5.64645, 5.93934, 6]},
			"faces": {
				"north": {"uv": [8, 3, 8.5, 4], "texture": "#2"},
				"east": {"uv": [9.5, 3.5, 10.5, 4.5], "texture": "#2"},
				"south": {"uv": [9.5, 6.5, 10, 7.5], "texture": "#2"},
				"west": {"uv": [4, 9.5, 5, 10.5], "texture": "#2"},
				"up": {"uv": [8, 10.5, 7.5, 9.5], "texture": "#2"},
				"down": {"uv": [8.5, 9.5, 8, 10.5], "texture": "#2"}
			}
		},
		{
			"from": [9.85355, 4.93934, 5],
			"to": [10.85355, 6.93934, 6.9],
			"rotation": {"angle": 45, "axis": "z", "origin": [10.35355, 5.93934, 6]},
			"faces": {
				"north": {"uv": [8.5, 9.5, 9, 10.5], "texture": "#2"},
				"east": {"uv": [9.5, 4.5, 10.5, 5.5], "texture": "#2"},
				"south": {"uv": [9, 9.5, 9.5, 10.5], "texture": "#2"},
				"west": {"uv": [9.5, 5.5, 10.5, 6.5], "texture": "#2"},
				"up": {"uv": [10, 10.5, 9.5, 9.5], "texture": "#2"},
				"down": {"uv": [10.5, 1.5, 10, 2.5], "texture": "#2"}
			}
		}
	],
	"display": {
		"thirdperson_righthand": {
			"rotation": [75, 45, 0],
			"translation": [0, 2.5, 0],
			"scale": [0.375, 0.375, 0.375]
		},
		"thirdperson_lefthand": {
			"rotation": [75, 45, 0],
			"translation": [0, 2.5, 0],
			"scale": [0.375, 0.375, 0.375]
		},
		"firstperson_righthand": {
			"rotation": [0, 45, 0],
			"scale": [0.4, 0.4, 0.4]
		},
		"firstperson_lefthand": {
			"rotation": [0, 225, 0],
			"scale": [0.4, 0.4, 0.4]
		},
		"ground": {
			"translation": [0, 3, 0],
			"scale": [0.25, 0.25, 0.25]
		},
		"gui": {
			"rotation": [30, 225, 0],
			"scale": [0.625, 0.625, 0.625]
		},
		"fixed": {
			"rotation": [-90, 0, 0],
			"translation": [0, 0, -16],
			"scale": [2, 2, 2]
		}
	}
}