{
	"credit": "Made with Blockbench",
	"texture_size": [32, 32],
	"textures": {
		"2": "must_have_props:wooden_bucket_water",
		"particle": "must_have_props:wooden_bucket_water"
	},
	"elements": [
		{
			"from": [4.2, 5, 4.8],
			"to": [11.6, 6, 4.8],
			"faces": {
				"north": {"uv": [9.5, 1, 13, 1.5], "texture": "#2"},
				"east": {"uv": [0, 0, 0, 0.5], "texture": "#2"},
				"south": {"uv": [9.5, 1.5, 13, 2], "texture": "#2"},
				"west": {"uv": [0, 0, 0, 0.5], "texture": "#2"},
				"up": {"uv": [3.5, 0, 0, 0], "texture": "#2"},
				"down": {"uv": [3.5, 0, 0, 0], "texture": "#2"}
			}
		},
		{
			"from": [4.2, 5, 12.2],
			"to": [11.6, 6, 12.2],
			"rotation": {"angle": 0, "axis": "y", "origin": [0, 0, 7.4]},
			"faces": {
				"north": {"uv": [9.5, 7, 13, 7.5], "texture": "#2"},
				"east": {"uv": [0, 0, 0, 0.5], "texture": "#2"},
				"south": {"uv": [9.5, 7.5, 13, 8], "texture": "#2"},
				"west": {"uv": [0, 0, 0, 0.5], "texture": "#2"},
				"up": {"uv": [3.5, 0, 0, 0], "texture": "#2"},
				"down": {"uv": [3.5, 0, 0, 0], "texture": "#2"}
			}
		},
		{
			"from": [4.2, 5, 4.8],
			"to": [4.2, 6, 12.2],
			"rotation": {"angle": 0, "axis": "y", "origin": [4.3, 5.5, 8.4]},
			"faces": {
				"north": {"uv": [0, 0, 0, 0.5], "texture": "#2"},
				"east": {"uv": [9.5, 6, 13, 6.5], "texture": "#2"},
				"south": {"uv": [0, 0, 0, 0.5], "texture": "#2"},
				"west": {"uv": [9.5, 6.5, 13, 7], "texture": "#2"},
				"up": {"uv": [0, 3.5, 0, 0], "texture": "#2"},
				"down": {"uv": [0, 0, 0, 3.5], "texture": "#2"}
			}
		},
		{
			"from": [11.599, 5, 4.801],
			"to": [11.599, 6, 12.201],
			"rotation": {"angle": 0, "axis": "y", "origin": [11.699, 5.5, 8.401]},
			"faces": {
				"north": {"uv": [0, 0, 0, 0.5], "texture": "#2"},
				"east": {"uv": [9.5, 8, 13, 8.5], "texture": "#2"},
				"south": {"uv": [0, 0, 0, 0.5], "texture": "#2"},
				"west": {"uv": [9.5, 8.5, 13, 9], "texture": "#2"},
				"up": {"uv": [0, 3.5, 0, 0], "texture": "#2"},
				"down": {"uv": [0, 0, 0, 3.5], "texture": "#2"}
			}
		},
		{
			"from": [4.4, 1, 5],
			"to": [11.4, 7, 6],
			"faces": {
				"north": {"uv": [3.5, 6, 7, 9], "texture": "#2"},
				"east": {"uv": [3, 10, 3.5, 13], "texture": "#2"},
				"south": {"uv": [0, 7, 3.5, 10], "texture": "#2"},
				"west": {"uv": [11, 9, 11.5, 12], "texture": "#2"},
				"up": {"uv": [13, 5.5, 9.5, 5], "texture": "#2"},
				"down": {"uv": [13, 5.5, 9.5, 6], "texture": "#2"}
			}
		},
		{
			"from": [4.4, 1, 11],
			"to": [11.4, 7, 12],
			"faces": {
				"north": {"uv": [3.5, 0, 7, 3], "texture": "#2"},
				"east": {"uv": [1, 10, 1.5, 13], "texture": "#2"},
				"south": {"uv": [3.5, 3, 7, 6], "texture": "#2"},
				"west": {"uv": [1.5, 10, 2, 13], "texture": "#2"},
				"up": {"uv": [13, 2.5, 9.5, 2], "texture": "#2"},
				"down": {"uv": [13, 2.5, 9.5, 3], "texture": "#2"}
			}
		},
		{
			"from": [4.4, 1, 6],
			"to": [5.4, 7, 11],
			"faces": {
				"north": {"uv": [0, 10, 0.5, 13], "texture": "#2"},
				"east": {"uv": [7, 0, 9.5, 3], "texture": "#2"},
				"south": {"uv": [0.5, 10, 1, 13], "texture": "#2"},
				"west": {"uv": [7, 3, 9.5, 6], "texture": "#2"},
				"up": {"uv": [6.5, 14, 6, 11.5], "texture": "#2"},
				"down": {"uv": [7, 11.5, 6.5, 14], "texture": "#2"}
			}
		},
		{
			"from": [4.4, 0, 5],
			"to": [11.4, 1, 12],
			"faces": {
				"north": {"uv": [9.5, 3, 13, 3.5], "texture": "#2"},
				"east": {"uv": [9.5, 3.5, 13, 4], "texture": "#2"},
				"south": {"uv": [9.5, 4, 13, 4.5], "texture": "#2"},
				"west": {"uv": [9.5, 4.5, 13, 5], "texture": "#2"},
				"up": {"uv": [3.5, 3.5, 0, 0], "texture": "#2"},
				"down": {"uv": [3.5, 3.5, 0, 7], "texture": "#2"}
			}
		},
		{
			"from": [10.4, 1, 6],
			"to": [11.4, 7, 11],
			"faces": {
				"north": {"uv": [2, 10, 2.5, 13], "texture": "#2"},
				"east": {"uv": [7, 6, 9.5, 9], "texture": "#2"},
				"south": {"uv": [2.5, 10, 3, 13], "texture": "#2"},
				"west": {"uv": [3.5, 9, 6, 12], "texture": "#2"},
				"up": {"uv": [7.5, 14, 7, 11.5], "texture": "#2"},
				"down": {"uv": [8, 11.5, 7.5, 14], "texture": "#2"}
			}
		},
		{
			"from": [4, 5.4, 13.3],
			"to": [12, 6.4, 13.3],
			"rotation": {"angle": 22.5, "axis": "x", "origin": [8, 5.5, 7.5]},
			"faces": {
				"north": {"uv": [9.5, 0, 13.5, 0.5], "texture": "#2"},
				"east": {"uv": [0, 0, 0, 0.5], "texture": "#2"},
				"south": {"uv": [9.5, 0.5, 13.5, 1], "texture": "#2"},
				"west": {"uv": [0, 0, 0, 0.5], "texture": "#2"},
				"up": {"uv": [4, 0, 0, 0], "texture": "#2"},
				"down": {"uv": [4, 0, 0, 0], "texture": "#2"}
			}
		},
		{
			"from": [4, 5.4, 8.3],
			"to": [4, 6.4, 13.3],
			"rotation": {"angle": 22.5, "axis": "x", "origin": [8, 5.5, 7.5]},
			"faces": {
				"north": {"uv": [0, 0, 0, 0.5], "texture": "#2"},
				"east": {"uv": [11.5, 9.5, 14, 10], "texture": "#2"},
				"south": {"uv": [0, 0, 0, 0.5], "texture": "#2"},
				"west": {"uv": [11.5, 10, 14, 10.5], "texture": "#2"},
				"up": {"uv": [0, 2.5, 0, 0], "texture": "#2"},
				"down": {"uv": [0, 0, 0, 2.5], "texture": "#2"}
			}
		},
		{
			"from": [12, 5.4, 8.3],
			"to": [12, 6.4, 13.3],
			"rotation": {"angle": 22.5, "axis": "x", "origin": [8, 5.5, 7.5]},
			"faces": {
				"north": {"uv": [0, 0, 0, 0.5], "texture": "#2"},
				"east": {"uv": [8, 11.5, 10.5, 12], "texture": "#2"},
				"south": {"uv": [0, 0, 0, 0.5], "texture": "#2"},
				"west": {"uv": [11.5, 9, 14, 9.5], "texture": "#2"},
				"up": {"uv": [0, 2.5, 0, 0], "texture": "#2"},
				"down": {"uv": [0, 0, 0, 2.5], "texture": "#2"}
			}
		},
		{
			"from": [5.4, 6, 6],
			"to": [10.4, 6, 11],
			"rotation": {"angle": 0, "axis": "y", "origin": [-0.6, 0, -1]},
			"faces": {
				"north": {"uv": [0, 0, 2.5, 0], "texture": "#2"},
				"east": {"uv": [0, 0, 2.5, 0], "texture": "#2"},
				"south": {"uv": [0, 0, 2.5, 0], "texture": "#2"},
				"west": {"uv": [0, 0, 2.5, 0], "texture": "#2"},
				"up": {"uv": [8.5, 11.5, 6, 9], "texture": "#2"},
				"down": {"uv": [11, 9, 8.5, 11.5], "texture": "#2"}
			}
		}
	],
	"display": {
		"thirdperson_righthand": {
			"rotation": [75, 45, 0],
			"translation": [0, 2.5, 0],
			"scale": [0.375, 0.375, 0.375]
		},
		"thirdperson_lefthand": {
			"rotation": [75, 45, 0],
			"translation": [0, 2.5, 0],
			"scale": [0.375, 0.375, 0.375]
		},
		"firstperson_righthand": {
			"rotation": [0, 45, 0],
			"translation": [0, 3, 0],
			"scale": [0.4, 0.4, 0.4]
		},
		"firstperson_lefthand": {
			"rotation": [0, 225, 0],
			"translation": [0, 2.75, 0],
			"scale": [0.4, 0.4, 0.4]
		},
		"ground": {
			"translation": [0, 3, 0],
			"scale": [0.25, 0.25, 0.25]
		},
		"gui": {
			"rotation": [30, 225, 0],
			"scale": [0.625, 0.625, 0.625]
		},
		"fixed": {
			"rotation": [-90, 0, 0],
			"translation": [0, 0, -16],
			"scale": [2, 2, 2]
		}
	}
}