{
	"credit": "Made with Blockbench",
	"texture_size": [32, 32],
	"textures": {
		"1": "must_have_props:fruit_basket"
	},
	"elements": [
		{
			"from": [4, 0, 3],
			"to": [11, 5, 13],
			"faces": {
				"north": {"uv": [7, 0, 10.5, 2.5], "texture": "#1"},
				"east": {"uv": [0, 5, 5, 7.5], "texture": "#1"},
				"south": {"uv": [7, 2.5, 10.5, 5], "texture": "#1"},
				"west": {"uv": [5, 5, 10, 7.5], "texture": "#1"},
				"up": {"uv": [3.5, 5, 0, 0], "texture": "#1"},
				"down": {"uv": [7, 0, 3.5, 5], "texture": "#1"}
			}
		},
		{
			"from": [4, 5, 7],
			"to": [4, 9, 9],
			"faces": {
				"north": {"uv": [0, 0, 0, 2], "texture": "#1"},
				"east": {"uv": [6, 12, 7, 14], "texture": "#1"},
				"south": {"uv": [0, 0, 0, 2], "texture": "#1"},
				"west": {"uv": [7, 12, 8, 14], "texture": "#1"},
				"up": {"uv": [0, 1, 0, 0], "texture": "#1"},
				"down": {"uv": [0, 0, 0, 1], "texture": "#1"}
			}
		},
		{
			"from": [11, 5, 7],
			"to": [11, 9, 9],
			"faces": {
				"north": {"uv": [0, 0, 0, 2], "texture": "#1"},
				"east": {"uv": [12, 7.5, 13, 9.5], "texture": "#1"},
				"south": {"uv": [0, 0, 0, 2], "texture": "#1"},
				"west": {"uv": [8, 12, 9, 14], "texture": "#1"},
				"up": {"uv": [0, 1, 0, 0], "texture": "#1"},
				"down": {"uv": [0, 0, 0, 1], "texture": "#1"}
			}
		},
		{
			"from": [4, 9, 7],
			"to": [11, 9, 9],
			"faces": {
				"north": {"uv": [0, 0, 3.5, 0], "texture": "#1"},
				"east": {"uv": [0, 0, 1, 0], "texture": "#1"},
				"south": {"uv": [0, 0, 3.5, 0], "texture": "#1"},
				"west": {"uv": [0, 0, 1, 0], "texture": "#1"},
				"up": {"uv": [3.5, 8.5, 0, 7.5], "texture": "#1"},
				"down": {"uv": [7, 7.5, 3.5, 8.5], "texture": "#1"}
			}
		},
		{
			"from": [3.8, 4, 13.2],
			"to": [11.2, 5, 13.2],
			"rotation": {"angle": 0, "axis": "y", "origin": [0.001, 0, -0.001]},
			"faces": {
				"north": {"uv": [12, 9.5, 15.5, 10], "texture": "#1"},
				"east": {"uv": [0, 0, 0, 0.5], "texture": "#1"},
				"south": {"uv": [12, 10, 15.5, 10.5], "texture": "#1"},
				"west": {"uv": [0, 0, 0, 0.5], "texture": "#1"},
				"up": {"uv": [3.5, 0, 0, 0], "texture": "#1"},
				"down": {"uv": [3.5, 0, 0, 0], "texture": "#1"}
			}
		},
		{
			"from": [3.801, 4, 2.8],
			"to": [11.201, 5, 2.8],
			"rotation": {"angle": 0, "axis": "y", "origin": [0.002, 0, -10.401]},
			"faces": {
				"north": {"uv": [12, 10.5, 15.5, 11], "texture": "#1"},
				"east": {"uv": [0, 0, 0, 0.5], "texture": "#1"},
				"south": {"uv": [12, 11, 15.5, 11.5], "texture": "#1"},
				"west": {"uv": [0, 0, 0, 0.5], "texture": "#1"},
				"up": {"uv": [3.5, 0, 0, 0], "texture": "#1"},
				"down": {"uv": [3.5, 0, 0, 0], "texture": "#1"}
			}
		},
		{
			"from": [11.2, 4, 2.8],
			"to": [11.2, 5, 13.2],
			"faces": {
				"north": {"uv": [0, 0, 0, 0.5], "texture": "#1"},
				"east": {"uv": [7, 7.5, 12, 8], "texture": "#1"},
				"south": {"uv": [0, 0, 0, 0.5], "texture": "#1"},
				"west": {"uv": [7, 8, 12, 8.5], "texture": "#1"},
				"up": {"uv": [0, 5, 0, 0], "texture": "#1"},
				"down": {"uv": [0, 0, 0, 5], "texture": "#1"}
			}
		},
		{
			"from": [3.801, 4, 2.8],
			"to": [3.801, 5, 13.2],
			"rotation": {"angle": 0, "axis": "y", "origin": [-7.399, 0, 0]},
			"faces": {
				"north": {"uv": [0, 0, 0, 0.5], "texture": "#1"},
				"east": {"uv": [0, 8.5, 5, 9], "texture": "#1"},
				"south": {"uv": [0, 0, 0, 0.5], "texture": "#1"},
				"west": {"uv": [5, 8.5, 10, 9], "texture": "#1"},
				"up": {"uv": [0, 5, 0, 0], "texture": "#1"},
				"down": {"uv": [0, 0, 0, 5], "texture": "#1"}
			}
		},
		{
			"from": [5, 4, 9],
			"to": [8, 7, 12],
			"rotation": {"angle": 22.5, "axis": "x", "origin": [6.5, 5.5, 9.5]},
			"faces": {
				"north": {"uv": [0, 9, 1.5, 10.5], "texture": "#1"},
				"east": {"uv": [1.5, 9, 3, 10.5], "texture": "#1"},
				"south": {"uv": [3, 9, 4.5, 10.5], "texture": "#1"},
				"west": {"uv": [4.5, 9, 6, 10.5], "texture": "#1"},
				"up": {"uv": [7.5, 10.5, 6, 9], "texture": "#1"},
				"down": {"uv": [9, 9, 7.5, 10.5], "texture": "#1"}
			}
		},
		{
			"from": [6, 4, 3.9],
			"to": [9, 7, 6.9],
			"rotation": {"angle": -22.5, "axis": "x", "origin": [6.5, 5.5, 5.5]},
			"faces": {
				"north": {"uv": [3, 10.5, 4.5, 12], "texture": "#1"},
				"east": {"uv": [10.5, 3, 12, 4.5], "texture": "#1"},
				"south": {"uv": [4.5, 10.5, 6, 12], "texture": "#1"},
				"west": {"uv": [6, 10.5, 7.5, 12], "texture": "#1"},
				"up": {"uv": [9, 12, 7.5, 10.5], "texture": "#1"},
				"down": {"uv": [12, 8.5, 10.5, 10], "texture": "#1"}
			}
		},
		{
			"from": [7, 3, 5],
			"to": [10, 6, 8],
			"faces": {
				"north": {"uv": [9, 9, 10.5, 10.5], "texture": "#1"},
				"east": {"uv": [10, 5, 11.5, 6.5], "texture": "#1"},
				"south": {"uv": [0, 10.5, 1.5, 12], "texture": "#1"},
				"west": {"uv": [10.5, 0, 12, 1.5], "texture": "#1"},
				"up": {"uv": [3, 12, 1.5, 10.5], "texture": "#1"},
				"down": {"uv": [12, 1.5, 10.5, 3], "texture": "#1"}
			}
		},
		{
			"from": [7, 3, 9],
			"to": [10, 6, 12],
			"faces": {
				"north": {"uv": [12, 0, 13.5, 1.5], "texture": "#1"},
				"east": {"uv": [1.5, 12, 3, 13.5], "texture": "#1"},
				"south": {"uv": [12, 1.5, 13.5, 3], "texture": "#1"},
				"west": {"uv": [3, 12, 4.5, 13.5], "texture": "#1"},
				"up": {"uv": [13.5, 4.5, 12, 3], "texture": "#1"},
				"down": {"uv": [6, 12, 4.5, 13.5], "texture": "#1"}
			}
		},
		{
			"from": [5.5, 3.5, 7],
			"to": [8.5, 6.5, 10],
			"faces": {
				"north": {"uv": [9, 10.5, 10.5, 12], "texture": "#1"},
				"east": {"uv": [10.5, 10, 12, 11.5], "texture": "#1"},
				"south": {"uv": [11.5, 4.5, 13, 6], "texture": "#1"},
				"west": {"uv": [11.5, 6, 13, 7.5], "texture": "#1"},
				"up": {"uv": [12, 13, 10.5, 11.5], "texture": "#1"},
				"down": {"uv": [1.5, 12, 0, 13.5], "texture": "#1"}
			}
		}
	],
	"display": {
		"thirdperson_righthand": {
			"rotation": [75, 45, 0],
			"translation": [0, 2.5, 0],
			"scale": [0.375, 0.375, 0.375]
		},
		"thirdperson_lefthand": {
			"rotation": [75, 45, 0],
			"translation": [0, 2.5, 0],
			"scale": [0.375, 0.375, 0.375]
		},
		"firstperson_righthand": {
			"rotation": [0, 45, 0],
			"scale": [0.4, 0.4, 0.4]
		},
		"firstperson_lefthand": {
			"rotation": [0, 225, 0],
			"scale": [0.4, 0.4, 0.4]
		},
		"ground": {
			"translation": [0, 3, 0],
			"scale": [0.25, 0.25, 0.25]
		},
		"gui": {
			"rotation": [30, 225, 0],
			"scale": [0.625, 0.625, 0.625]
		},
		"fixed": {
			"rotation": [-90, 0, 0],
			"translation": [0, 0, -16],
			"scale": [2, 2, 2]
		}
	}
}