{
	"credit": "Made with Blockbench",
	"texture_size": [32, 32],
	"textures": {
		"1": "must_have_props:picture_frame"
	},
	"elements": [
		{
			"from": [4.5, 0, 4],
			"to": [11.5, 1, 5],
			"rotation": {"angle": 22.5, "axis": "x", "origin": [8, 0, 5]},
			"faces": {
				"north": {"uv": [5.5, 0, 9, 0.5], "texture": "#1"},
				"east": {"uv": [6.5, 5, 7, 5.5], "texture": "#1"},
				"south": {"uv": [5.5, 0.5, 9, 1], "texture": "#1"},
				"west": {"uv": [6.5, 5.5, 7, 6], "texture": "#1"},
				"up": {"uv": [9, 1.5, 5.5, 1], "texture": "#1"},
				"down": {"uv": [9, 1.5, 5.5, 2], "texture": "#1"}
			}
		},
		{
			"from": [4.5, 9, 4],
			"to": [11.5, 10, 5],
			"rotation": {"angle": 22.5, "axis": "x", "origin": [8, 0, 5]},
			"faces": {
				"north": {"uv": [5.5, 2, 9, 2.5], "texture": "#1"},
				"east": {"uv": [7, 6, 7.5, 6.5], "texture": "#1"},
				"south": {"uv": [5.5, 2.5, 9, 3], "texture": "#1"},
				"west": {"uv": [6.5, 7, 7, 7.5], "texture": "#1"},
				"up": {"uv": [9, 3.5, 5.5, 3], "texture": "#1"},
				"down": {"uv": [9, 3.5, 5.5, 4], "texture": "#1"}
			}
		},
		{
			"from": [10.5, 1, 4],
			"to": [11.5, 9, 5],
			"rotation": {"angle": 22.5, "axis": "x", "origin": [8, 0, 5]},
			"faces": {
				"north": {"uv": [2, 4, 2.5, 8], "texture": "#1"},
				"east": {"uv": [2.5, 4, 3, 8], "texture": "#1"},
				"south": {"uv": [3, 4, 3.5, 8], "texture": "#1"},
				"west": {"uv": [3.5, 4, 4, 8], "texture": "#1"},
				"up": {"uv": [7, 6.5, 6.5, 6], "texture": "#1"},
				"down": {"uv": [7, 6.5, 6.5, 7], "texture": "#1"}
			}
		},
		{
			"from": [5.5, 1, 4.5],
			"to": [10.5, 9, 4.5],
			"rotation": {"angle": 22.5, "axis": "x", "origin": [8, 0, 5]},
			"faces": {
				"north": {"uv": [0, 0, 2.5, 4], "texture": "#1"},
				"east": {"uv": [0, 0, 0, 4], "texture": "#1"},
				"south": {"uv": [2.5, 0, 5, 4], "texture": "#1"},
				"west": {"uv": [0, 0, 0, 4], "texture": "#1"},
				"up": {"uv": [2.5, 0, 0, 0], "texture": "#1"},
				"down": {"uv": [2.5, 0, 0, 0], "texture": "#1"}
			}
		},
		{
			"from": [4.5, 1, 4],
			"to": [5.5, 9, 5],
			"rotation": {"angle": 22.5, "axis": "x", "origin": [8, 0, 5]},
			"faces": {
				"north": {"uv": [4, 4, 4.5, 8], "texture": "#1"},
				"east": {"uv": [4.5, 4, 5, 8], "texture": "#1"},
				"south": {"uv": [5, 0, 5.5, 4], "texture": "#1"},
				"west": {"uv": [5, 4, 5.5, 8], "texture": "#1"},
				"up": {"uv": [7.5, 5.5, 7, 5], "texture": "#1"},
				"down": {"uv": [7.5, 5.5, 7, 6], "texture": "#1"}
			}
		},
		{
			"from": [7, -2.04672, 8.27332],
			"to": [9, 4.95328, 9.27332],
			"rotation": {"angle": -45, "axis": "x", "origin": [8, 2.45328, 7.77332]},
			"faces": {
				"north": {"uv": [0, 4, 1, 7.5], "texture": "#1"},
				"east": {"uv": [5.5, 4, 6, 7.5], "texture": "#1"},
				"south": {"uv": [1, 4, 2, 7.5], "texture": "#1"},
				"west": {"uv": [6, 4, 6.5, 7.5], "texture": "#1"},
				"up": {"uv": [7.5, 4.5, 6.5, 4], "texture": "#1"},
				"down": {"uv": [7.5, 4.5, 6.5, 5], "texture": "#1"}
			}
		}
	],
	"display": {
		"thirdperson_righthand": {
			"rotation": [75, 45, 0],
			"translation": [0, 2.5, 0],
			"scale": [0.375, 0.375, 0.375]
		},
		"thirdperson_lefthand": {
			"rotation": [75, 45, 0],
			"translation": [0, 2.5, 0],
			"scale": [0.375, 0.375, 0.375]
		},
		"firstperson_righthand": {
			"rotation": [0, 45, 0],
			"scale": [0.4, 0.4, 0.4]
		},
		"firstperson_lefthand": {
			"rotation": [0, 225, 0],
			"scale": [0.4, 0.4, 0.4]
		},
		"ground": {
			"translation": [0, 3, 0],
			"scale": [0.25, 0.25, 0.25]
		},
		"gui": {
			"rotation": [30, 225, 0],
			"scale": [0.625, 0.625, 0.625]
		},
		"fixed": {
			"rotation": [-90, 0, 0],
			"translation": [0, 0, -16],
			"scale": [2, 2, 2]
		}
	}
}