{
	"credit": "Made with Blockbench",
	"texture_size": [32, 32],
	"textures": {
		"1": "must_have_props:vase_1"
	},
	"elements": [
		{
			"from": [5, 0, 5],
			"to": [11, 2, 11],
			"faces": {
				"north": {"uv": [11, 0, 14, 1], "texture": "#1", "tintindex": 0},
				"east": {"uv": [11, 1, 14, 2], "texture": "#1", "tintindex": 0},
				"south": {"uv": [11, 2, 14, 3], "texture": "#1", "tintindex": 0},
				"west": {"uv": [11, 3, 14, 4], "texture": "#1", "tintindex": 0},
				"up": {"uv": [11, 3, 8, 0], "texture": "#1", "tintindex": 0},
				"down": {"uv": [11, 3, 8, 6], "texture": "#1", "tintindex": 0}
			}
		},
		{
			"from": [6, 9, 6],
			"to": [10, 12, 10],
			"faces": {
				"north": {"uv": [11, 4, 13, 5.5], "texture": "#1", "tintindex": 0},
				"east": {"uv": [0, 11.5, 2, 13], "texture": "#1", "tintindex": 0},
				"south": {"uv": [2, 11.5, 4, 13], "texture": "#1", "tintindex": 0},
				"west": {"uv": [12, 5.5, 14, 7], "texture": "#1", "tintindex": 0},
				"up": {"uv": [10, 12.5, 8, 10.5], "texture": "#1", "tintindex": 0},
				"down": {"uv": [12, 10.5, 10, 12.5], "texture": "#1", "tintindex": 0}
			}
		},
		{
			"from": [7, 9, 7],
			"to": [9, 15, 9],
			"faces": {
				"north": {"uv": [12, 7, 13, 10], "texture": "#1", "tintindex": 0},
				"east": {"uv": [12, 10, 13, 13], "texture": "#1", "tintindex": 0},
				"south": {"uv": [8, 12.5, 9, 15.5], "texture": "#1", "tintindex": 0},
				"west": {"uv": [9, 12.5, 10, 15.5], "texture": "#1", "tintindex": 0},
				"up": {"uv": [2.5, 14, 1.5, 13], "texture": "#1", "tintindex": 0},
				"down": {"uv": [3.5, 13, 2.5, 14], "texture": "#1", "tintindex": 0}
			}
		},
		{
			"from": [6.5, 15, 6.5],
			"to": [9.5, 16, 9.5],
			"faces": {
				"north": {"uv": [13, 4, 14.5, 4.5], "texture": "#1", "tintindex": 0},
				"east": {"uv": [13, 4.5, 14.5, 5], "texture": "#1", "tintindex": 0},
				"south": {"uv": [13, 5, 14.5, 5.5], "texture": "#1", "tintindex": 0},
				"west": {"uv": [13, 7, 14.5, 7.5], "texture": "#1", "tintindex": 0},
				"up": {"uv": [11.5, 14, 10, 12.5], "texture": "#1", "tintindex": 0},
				"down": {"uv": [1.5, 13, 0, 14.5], "texture": "#1", "tintindex": 0}
			}
		},
		{
			"from": [4, 2, 4],
			"to": [12, 9, 12],
			"faces": {
				"north": {"uv": [4, 0, 8, 3.5], "texture": "#1", "tintindex": 0},
				"east": {"uv": [4, 3.5, 8, 7], "texture": "#1", "tintindex": 0},
				"south": {"uv": [4, 7, 8, 10.5], "texture": "#1", "tintindex": 0},
				"west": {"uv": [0, 8, 4, 11.5], "texture": "#1", "tintindex": 0},
				"up": {"uv": [4, 4, 0, 0], "texture": "#1", "tintindex": 0},
				"down": {"uv": [4, 4, 0, 8], "texture": "#1", "tintindex": 0}
			}
		},
		{
			"from": [3, 6, 8],
			"to": [7, 15, 8],
			"faces": {
				"north": {"uv": [8, 6, 10, 10.5], "texture": "#1", "tintindex": 0},
				"east": {"uv": [0, 0, 0, 4.5], "texture": "#1", "tintindex": 0},
				"south": {"uv": [10, 6, 12, 10.5], "texture": "#1", "tintindex": 0},
				"west": {"uv": [0, 0, 0, 4.5], "texture": "#1", "tintindex": 0},
				"up": {"uv": [2, 0, 0, 0], "texture": "#1", "tintindex": 0},
				"down": {"uv": [2, 0, 0, 0], "texture": "#1", "tintindex": 0}
			}
		},
		{
			"from": [9, 6, 8],
			"to": [13, 15, 8],
			"rotation": {"angle": 0, "axis": "y", "origin": [16, 0, 0]},
			"faces": {
				"north": {"uv": [4, 10.5, 6, 15], "texture": "#1", "tintindex": 0},
				"east": {"uv": [0, 0, 0, 4.5], "texture": "#1", "tintindex": 0},
				"south": {"uv": [6, 10.5, 8, 15], "texture": "#1", "tintindex": 0},
				"west": {"uv": [0, 0, 0, 4.5], "texture": "#1", "tintindex": 0},
				"up": {"uv": [2, 0, 0, 0], "texture": "#1", "tintindex": 0},
				"down": {"uv": [2, 0, 0, 0], "texture": "#1", "tintindex": 0}
			}
		}
	],
	"display": {
		"thirdperson_righthand": {
			"rotation": [75, 45, 0],
			"translation": [0, 2.5, 0],
			"scale": [0.375, 0.375, 0.375]
		},
		"thirdperson_lefthand": {
			"rotation": [75, 45, 0],
			"translation": [0, 2.5, 0],
			"scale": [0.375, 0.375, 0.375]
		},
		"firstperson_righthand": {
			"rotation": [0, 45, 0],
			"scale": [0.4, 0.4, 0.4]
		},
		"firstperson_lefthand": {
			"rotation": [0, 225, 0],
			"scale": [0.4, 0.4, 0.4]
		},
		"ground": {
			"translation": [0, 3, 0],
			"scale": [0.25, 0.25, 0.25]
		},
		"gui": {
			"rotation": [30, 225, 0],
			"scale": [0.625, 0.625, 0.625]
		},
		"fixed": {
			"rotation": [-90, 0, 0],
			"translation": [0, 0, -16],
			"scale": [2, 2, 2]
		}
	}
}