{"textures":{"4":"modelengine:entity/em_heraldsword"},"elements":[{"from":[7.8095236,8.145743,7.6115217],"to":[8.380953,8.717172,9.897236],"rotation":{"angle":0.0,"axis":"y","origin":[8.095238,8.4314575,3.5339103]},"faces":{"east":{"uv":[5.5,8.0,7.5,8.5],"rotation":0,"texture":"#4","tintindex":0},"south":{"uv":[5.5,11.5,6.0,12.0],"rotation":0,"texture":"#4","tintindex":0},"north":{"uv":[11.5,5.0,12.0,5.5],"rotation":0,"texture":"#4","tintindex":0},"west":{"uv":[8.0,6.0,10.0,6.5],"rotation":0,"texture":"#4","tintindex":0},"up":{"uv":[8.5,8.5,8.0,6.5],"rotation":0,"texture":"#4","tintindex":0},"down":{"uv":[8.0,8.0,7.5,10.0],"rotation":0,"texture":"#4","tintindex":0}}},{"from":[7.7238097,8.060029,6.9543786],"to":[8.466667,8.802886,7.697236],"rotation":{"angle":0.0,"axis":"y","origin":[8.095238,8.4314575,3.5339103]},"faces":{"east":{"uv":[4.0,11.5,4.5,12.0],"rotation":0,"texture":"#4","tintindex":0},"south":{"uv":[11.5,4.0,12.0,4.5],"rotation":0,"texture":"#4","tintindex":0},"north":{"uv":[11.5,3.5,12.0,4.0],"rotation":0,"texture":"#4","tintindex":0},"west":{"uv":[4.5,11.5,5.0,12.0],"rotation":0,"texture":"#4","tintindex":0},"up":{"uv":[12.0,5.0,11.5,4.5],"rotation":0,"texture":"#4","tintindex":0},"down":{"uv":[5.5,11.5,5.0,12.0],"rotation":0,"texture":"#4","tintindex":0}}},{"from":[7.8095236,6.7855883,5.823687],"to":[8.380953,9.071302,6.395116],"rotation":{"angle":22.5,"axis":"x","origin":[8.095238,8.4314575,3.5339103]},"faces":{"east":{"uv":[3.5,8.0,4.0,10.0],"rotation":0,"texture":"#4","tintindex":0},"south":{"uv":[8.0,4.0,8.5,6.0],"rotation":0,"texture":"#4","tintindex":0},"north":{"uv":[3.0,8.0,3.5,10.0],"rotation":0,"texture":"#4","tintindex":0},"west":{"uv":[5.0,8.0,5.5,10.0],"rotation":0,"texture":"#4","tintindex":0},"up":{"uv":[12.0,3.5,11.5,3.0],"rotation":0,"texture":"#4","tintindex":0},"down":{"uv":[4.0,11.5,3.5,12.0],"rotation":0,"texture":"#4","tintindex":0}}},{"from":[7.8095236,7.9284453,6.395116],"to":[8.380953,9.071302,6.966544],"rotation":{"angle":22.5,"axis":"x","origin":[8.095238,8.4314575,3.5339103]},"faces":{"east":{"uv":[10.5,10.0,11.0,11.0],"rotation":0,"texture":"#4","tintindex":0},"south":{"uv":[11.0,0.0,11.5,1.0],"rotation":0,"texture":"#4","tintindex":0},"north":{"uv":[10.5,9.0,11.0,10.0],"rotation":0,"texture":"#4","tintindex":0},"west":{"uv":[1.0,11.0,1.5,12.0],"rotation":0,"texture":"#4","tintindex":0},"up":{"uv":[12.0,3.0,11.5,2.5],"rotation":0,"texture":"#4","tintindex":0},"down":{"uv":[3.5,11.5,3.0,12.0],"rotation":0,"texture":"#4","tintindex":0}}},{"from":[7.8095236,7.791612,6.395116],"to":[8.380953,8.934469,6.966544],"rotation":{"angle":-22.5,"axis":"x","origin":[8.095238,8.4314575,3.5339103]},"faces":{"east":{"uv":[10.5,7.0,11.0,8.0],"rotation":0,"texture":"#4","tintindex":0},"south":{"uv":[10.5,8.0,11.0,9.0],"rotation":0,"texture":"#4","tintindex":0},"north":{"uv":[10.5,5.0,11.0,6.0],"rotation":0,"texture":"#4","tintindex":0},"west":{"uv":[9.0,10.5,9.5,11.5],"rotation":0,"texture":"#4","tintindex":0},"up":{"uv":[12.0,2.5,11.5,2.0],"rotation":0,"texture":"#4","tintindex":0},"down":{"uv":[3.0,11.5,2.5,12.0],"rotation":0,"texture":"#4","tintindex":0}}},{"from":[7.8095236,7.791612,5.823687],"to":[8.380953,10.077327,6.395116],"rotation":{"angle":-22.5,"axis":"x","origin":[8.095238,8.4314575,3.5339103]},"faces":{"east":{"uv":[4.5,7.5,5.0,9.5],"rotation":0,"texture":"#4","tintindex":0},"south":{"uv":[2.0,8.0,2.5,10.0],"rotation":0,"texture":"#4","tintindex":0},"north":{"uv":[4.0,7.5,4.5,9.5],"rotation":0,"texture":"#4","tintindex":0},"west":{"uv":[2.5,8.0,3.0,10.0],"rotation":0,"texture":"#4","tintindex":0},"up":{"uv":[12.0,2.0,11.5,1.5],"rotation":0,"texture":"#4","tintindex":0},"down":{"uv":[2.5,11.5,2.0,12.0],"rotation":0,"texture":"#4","tintindex":0}}},{"from":[7.805524,7.5703144,5.8932357],"to":[8.384953,9.292601,7.044093],"rotation":{"angle":0.0,"axis":"y","origin":[8.095238,8.4314575,3.5339103]},"faces":{"east":{"uv":[4.0,4.0,5.0,5.5],"rotation":0,"texture":"#4","tintindex":0},"south":{"uv":[8.5,9.5,9.0,11.0],"rotation":0,"texture":"#4","tintindex":0},"north":{"uv":[8.0,9.5,8.5,11.0],"rotation":0,"texture":"#4","tintindex":0},"west":{"uv":[1.0,5.0,2.0,6.5],"rotation":0,"texture":"#4","tintindex":0},"up":{"uv":[11.0,4.0,10.5,3.0],"rotation":0,"texture":"#4","tintindex":0},"down":{"uv":[11.0,4.0,10.5,5.0],"rotation":0,"texture":"#4","tintindex":0}}},{"from":[7.695238,6.2766504,4.317289],"to":[8.495238,7.648079,5.6887174],"rotation":{"angle":-45.0,"axis":"x","origin":[8.095238,8.4314575,3.5339103]},"faces":{"east":{"uv":[7.0,7.0,8.0,8.0],"rotation":0,"texture":"#4","tintindex":0},"south":{"uv":[1.5,10.5,2.0,11.5],"rotation":0,"texture":"#4","tintindex":0},"north":{"uv":[10.5,0.5,11.0,1.5],"rotation":0,"texture":"#4","tintindex":0},"west":{"uv":[1.0,7.5,2.0,8.5],"rotation":0,"texture":"#4","tintindex":0},"up":{"uv":[2.5,11.5,2.0,10.5],"rotation":0,"texture":"#4","tintindex":0},"down":{"uv":[11.0,2.0,10.5,3.0],"rotation":0,"texture":"#4","tintindex":0}}},{"from":[7.609524,6.47665,4.517289],"to":[8.580953,7.448079,5.488717],"rotation":{"angle":-45.0,"axis":"x","origin":[8.095238,8.4314575,3.5339103]},"faces":{"east":{"uv":[7.0,4.0,8.0,5.0],"rotation":0,"texture":"#4","tintindex":0},"south":{"uv":[5.0,7.0,6.0,8.0],"rotation":0,"texture":"#4","tintindex":0},"north":{"uv":[2.0,7.0,3.0,8.0],"rotation":0,"texture":"#4","tintindex":0},"west":{"uv":[7.0,5.0,8.0,6.0],"rotation":0,"texture":"#4","tintindex":0},"up":{"uv":[7.0,8.0,6.0,7.0],"rotation":0,"texture":"#4","tintindex":0},"down":{"uv":[8.0,6.0,7.0,7.0],"rotation":0,"texture":"#4","tintindex":0}}},{"from":[7.8118095,5.8563805,3.6539617],"to":[8.378667,6.994666,4.792247],"rotation":{"angle":-45.0,"axis":"x","origin":[8.095238,8.4314575,3.5339103]},"faces":{"east":{"uv":[1.0,6.5,2.0,7.5],"rotation":0,"texture":"#4","tintindex":0},"south":{"uv":[10.0,8.0,10.5,9.0],"rotation":0,"texture":"#4","tintindex":0},"north":{"uv":[7.5,10.0,8.0,11.0],"rotation":0,"texture":"#4","tintindex":0},"west":{"uv":[4.0,6.5,5.0,7.5],"rotation":0,"texture":"#4","tintindex":0},"up":{"uv":[10.0,11.0,9.5,10.0],"rotation":0,"texture":"#4","tintindex":0},"down":{"uv":[10.5,10.0,10.0,11.0],"rotation":0,"texture":"#4","tintindex":0}}},{"from":[7.8118095,7.1731205,4.9707017],"to":[8.378667,8.311406,6.1089873],"rotation":{"angle":-45.0,"axis":"x","origin":[8.095238,8.4314575,3.5339103]},"faces":{"east":{"uv":[6.0,5.0,7.0,6.0],"rotation":0,"texture":"#4","tintindex":0},"south":{"uv":[6.0,10.0,6.5,11.0],"rotation":0,"texture":"#4","tintindex":0},"north":{"uv":[5.5,10.0,6.0,11.0],"rotation":0,"texture":"#4","tintindex":0},"west":{"uv":[6.0,6.0,7.0,7.0],"rotation":0,"texture":"#4","tintindex":0},"up":{"uv":[7.0,11.0,6.5,10.0],"rotation":0,"texture":"#4","tintindex":0},"down":{"uv":[7.5,10.0,7.0,11.0],"rotation":0,"texture":"#4","tintindex":0}}},{"from":[7.895238,8.145743,3.2115216],"to":[8.2952385,8.717172,4.925807],"rotation":{"angle":0.0,"axis":"y","origin":[8.095238,8.4314575,3.5339103]},"faces":{"east":{"uv":[8.0,9.0,9.5,9.5],"rotation":0,"texture":"#4","tintindex":0},"south":{"uv":[1.5,11.5,2.0,12.0],"rotation":0,"texture":"#4","tintindex":0},"north":{"uv":[11.5,1.0,12.0,1.5],"rotation":0,"texture":"#4","tintindex":0},"west":{"uv":[9.5,6.5,11.0,7.0],"rotation":0,"texture":"#4","tintindex":0},"up":{"uv":[4.5,11.0,4.0,9.5],"rotation":0,"texture":"#4","tintindex":0},"down":{"uv":[5.0,9.5,4.5,11.0],"rotation":0,"texture":"#4","tintindex":0}}},{"from":[7.896952,8.055043,2.9382634],"to":[8.293524,8.455676,3.3388953],"rotation":{"angle":-45.0,"axis":"x","origin":[8.095238,8.4314575,2.9624815]},"faces":{"east":{"uv":[10.5,11.0,11.0,11.5],"rotation":0,"texture":"#4","tintindex":0},"south":{"uv":[11.0,10.5,11.5,11.0],"rotation":0,"texture":"#4","tintindex":0},"north":{"uv":[11.0,10.0,11.5,10.5],"rotation":0,"texture":"#4","tintindex":0},"west":{"uv":[11.0,11.0,11.5,11.5],"rotation":0,"texture":"#4","tintindex":0},"up":{"uv":[12.0,0.5,11.5,0.0],"rotation":0,"texture":"#4","tintindex":0},"down":{"uv":[12.0,0.5,11.5,1.0],"rotation":0,"texture":"#4","tintindex":0}}},{"from":[7.895238,6.8600287,3.6972356],"to":[8.2952385,7.4314575,5.4115214],"rotation":{"angle":0.0,"axis":"y","origin":[8.095238,7.8600287,3.5339103]},"faces":{"east":{"uv":[8.0,8.5,9.5,9.0],"rotation":0,"texture":"#4","tintindex":0},"south":{"uv":[10.0,11.0,10.5,11.5],"rotation":0,"texture":"#4","tintindex":0},"north":{"uv":[11.0,9.5,11.5,10.0],"rotation":0,"texture":"#4","tintindex":0},"west":{"uv":[8.5,8.0,10.0,8.5],"rotation":0,"texture":"#4","tintindex":0},"up":{"uv":[7.5,10.0,7.0,8.5],"rotation":0,"texture":"#4","tintindex":0},"down":{"uv":[9.5,6.5,9.0,8.0],"rotation":0,"texture":"#4","tintindex":0}}},{"from":[7.896952,6.635087,2.776639],"to":[8.293524,7.0357194,3.177271],"rotation":{"angle":-45.0,"axis":"x","origin":[8.095238,7.8600287,2.9624815]},"faces":{"east":{"uv":[11.0,8.0,11.5,8.5],"rotation":0,"texture":"#4","tintindex":0},"south":{"uv":[8.5,11.0,9.0,11.5],"rotation":0,"texture":"#4","tintindex":0},"north":{"uv":[8.0,11.0,8.5,11.5],"rotation":0,"texture":"#4","tintindex":0},"west":{"uv":[11.0,8.5,11.5,9.0],"rotation":0,"texture":"#4","tintindex":0},"up":{"uv":[11.5,9.5,11.0,9.0],"rotation":0,"texture":"#4","tintindex":0},"down":{"uv":[10.0,11.0,9.5,11.5],"rotation":0,"texture":"#4","tintindex":0}}},{"from":[7.895238,9.4314575,3.6972356],"to":[8.2952385,10.002886,5.4115214],"rotation":{"angle":0.0,"axis":"y","origin":[8.095238,9.002886,3.5339103]},"faces":{"east":{"uv":[8.5,5.0,10.0,5.5],"rotation":0,"texture":"#4","tintindex":0},"south":{"uv":[11.0,7.5,11.5,8.0],"rotation":0,"texture":"#4","tintindex":0},"north":{"uv":[7.5,11.0,8.0,11.5],"rotation":0,"texture":"#4","tintindex":0},"west":{"uv":[8.5,5.5,10.0,6.0],"rotation":0,"texture":"#4","tintindex":0},"up":{"uv":[7.0,10.0,6.5,8.5],"rotation":0,"texture":"#4","tintindex":0},"down":{"uv":[9.0,6.5,8.5,8.0],"rotation":0,"texture":"#4","tintindex":0}}},{"from":[7.896952,8.788096,3.7867913],"to":[8.293524,9.188729,4.1874237],"rotation":{"angle":-45.0,"axis":"x","origin":[8.095238,9.002886,2.9624815]},"faces":{"east":{"uv":[11.0,6.0,11.5,6.5],"rotation":0,"texture":"#4","tintindex":0},"south":{"uv":[6.5,11.0,7.0,11.5],"rotation":0,"texture":"#4","tintindex":0},"north":{"uv":[6.0,11.0,6.5,11.5],"rotation":0,"texture":"#4","tintindex":0},"west":{"uv":[11.0,6.5,11.5,7.0],"rotation":0,"texture":"#4","tintindex":0},"up":{"uv":[7.5,11.5,7.0,11.0],"rotation":0,"texture":"#4","tintindex":0},"down":{"uv":[11.5,7.0,11.0,7.5],"rotation":0,"texture":"#4","tintindex":0}}},{"from":[7.9880953,13.680605,-5.950635],"to":[8.202381,14.369084,-5.2621555],"rotation":{"angle":-45.0,"axis":"x","origin":[8.095238,8.717172,0.10533857]},"faces":{"east":{"uv":[11.0,4.5,11.5,5.0],"rotation":0,"texture":"#4","tintindex":0},"south":{"uv":[5.0,11.0,5.5,11.5],"rotation":0,"texture":"#4","tintindex":0},"north":{"uv":[4.5,11.0,5.0,11.5],"rotation":0,"texture":"#4","tintindex":0},"west":{"uv":[11.0,5.0,11.5,5.5],"rotation":0,"texture":"#4","tintindex":0},"up":{"uv":[6.0,11.5,5.5,11.0],"rotation":0,"texture":"#4","tintindex":0},"down":{"uv":[11.5,5.5,11.0,6.0],"rotation":0,"texture":"#4","tintindex":0}}},{"from":[7.990381,4.9803934,-7.014187],"to":[8.200095,6.061537,-5.304472],"rotation":{"angle":22.5,"axis":"x","origin":[8.095238,8.145743,0.10533857]},"faces":{"east":{"uv":[1.0,4.0,2.5,5.0],"rotation":0,"texture":"#4","tintindex":0},"south":{"uv":[10.0,5.0,10.5,6.0],"rotation":0,"texture":"#4","tintindex":0},"north":{"uv":[5.0,10.0,5.5,11.0],"rotation":0,"texture":"#4","tintindex":0},"west":{"uv":[2.5,4.0,4.0,5.0],"rotation":0,"texture":"#4","tintindex":0},"up":{"uv":[6.0,10.0,5.5,8.5],"rotation":0,"texture":"#4","tintindex":0},"down":{"uv":[6.5,8.5,6.0,10.0],"rotation":0,"texture":"#4","tintindex":0}}},{"from":[7.9915237,11.37395,-7.0130434],"to":[8.198953,11.881378,-5.3056154],"rotation":{"angle":-22.5,"axis":"x","origin":[8.095238,8.717172,0.10533857]},"faces":{"east":{"uv":[8.5,4.0,10.0,4.5],"rotation":0,"texture":"#4","tintindex":0},"south":{"uv":[11.0,4.0,11.5,4.5],"rotation":0,"texture":"#4","tintindex":0},"north":{"uv":[4.0,11.0,4.5,11.5],"rotation":0,"texture":"#4","tintindex":0},"west":{"uv":[8.5,4.5,10.0,5.0],"rotation":0,"texture":"#4","tintindex":0},"up":{"uv":[1.5,10.0,1.0,8.5],"rotation":0,"texture":"#4","tintindex":0},"down":{"uv":[2.0,8.5,1.5,10.0],"rotation":0,"texture":"#4","tintindex":0}}},{"from":[7.985238,7.8571715,-7.248479],"to":[8.205238,9.005743,-6.099909],"rotation":{"angle":0.0,"axis":"y","origin":[8.095238,8.4314575,0.10533857]},"faces":{"east":{"uv":[6.0,4.0,7.0,5.0],"rotation":0,"texture":"#4","tintindex":0},"south":{"uv":[10.0,3.0,10.5,4.0],"rotation":0,"texture":"#4","tintindex":0},"north":{"uv":[3.0,10.0,3.5,11.0],"rotation":0,"texture":"#4","tintindex":0},"west":{"uv":[5.0,6.0,6.0,7.0],"rotation":0,"texture":"#4","tintindex":0},"up":{"uv":[4.0,11.0,3.5,10.0],"rotation":0,"texture":"#4","tintindex":0},"down":{"uv":[10.5,4.0,10.0,5.0],"rotation":0,"texture":"#4","tintindex":0}}},{"from":[7.9880953,7.2886004,-6.102765],"to":[8.202381,9.574314,5.325807],"rotation":{"angle":0.0,"axis":"y","origin":[8.095238,8.4314575,3.5339103]},"faces":{"east":{"uv":[0.0,0.0,10.0,2.0],"rotation":0,"texture":"#4","tintindex":0},"south":{"uv":[3.5,6.0,4.0,8.0],"rotation":0,"texture":"#4","tintindex":0},"north":{"uv":[3.0,6.0,3.5,8.0],"rotation":0,"texture":"#4","tintindex":0},"west":{"uv":[0.0,2.0,10.0,4.0],"rotation":0,"texture":"#4","tintindex":0},"up":{"uv":[0.5,14.0,0.0,4.0],"rotation":0,"texture":"#4","tintindex":0},"down":{"uv":[1.0,4.0,0.5,14.0],"rotation":0,"texture":"#4","tintindex":0}}},{"from":[7.775238,8.111458,9.577236],"to":[8.415238,8.751457,10.074379],"rotation":{"angle":0.0,"axis":"y","origin":[8.095238,8.4314575,3.5339103]},"faces":{"east":{"uv":[11.0,2.5,11.5,3.0],"rotation":0,"texture":"#4","tintindex":0},"south":{"uv":[3.0,11.0,3.5,11.5],"rotation":0,"texture":"#4","tintindex":0},"north":{"uv":[2.5,11.0,3.0,11.5],"rotation":0,"texture":"#4","tintindex":0},"west":{"uv":[11.0,3.0,11.5,3.5],"rotation":0,"texture":"#4","tintindex":0},"up":{"uv":[4.0,11.5,3.5,11.0],"rotation":0,"texture":"#4","tintindex":0},"down":{"uv":[11.5,3.5,11.0,4.0],"rotation":0,"texture":"#4","tintindex":0}}},{"from":[7.7238097,3.167955,7.7688417],"to":[8.466667,4.196526,8.797413],"rotation":{"angle":-45.0,"axis":"x","origin":[8.095238,8.4314575,3.5339103]},"faces":{"east":{"uv":[3.0,5.0,4.0,6.0],"rotation":0,"texture":"#4","tintindex":0},"south":{"uv":[5.0,4.0,6.0,5.0],"rotation":0,"texture":"#4","tintindex":0},"north":{"uv":[2.0,5.0,3.0,6.0],"rotation":0,"texture":"#4","tintindex":0},"west":{"uv":[5.0,5.0,6.0,6.0],"rotation":0,"texture":"#4","tintindex":0},"up":{"uv":[5.0,6.5,4.0,5.5],"rotation":0,"texture":"#4","tintindex":0},"down":{"uv":[3.0,6.0,2.0,7.0],"rotation":0,"texture":"#4","tintindex":0}}},{"from":[7.8940954,8.230314,10.83895],"to":[8.296381,8.632601,11.812665],"rotation":{"angle":0.0,"axis":"y","origin":[8.095238,8.4314575,3.5339103]},"faces":{"east":{"uv":[1.5,10.0,2.5,10.5],"rotation":0,"texture":"#4","tintindex":0},"south":{"uv":[11.0,2.0,11.5,2.5],"rotation":0,"texture":"#4","tintindex":0},"north":{"uv":[11.0,1.5,11.5,2.0],"rotation":0,"texture":"#4","tintindex":0},"west":{"uv":[10.0,1.5,11.0,2.0],"rotation":0,"texture":"#4","tintindex":0},"up":{"uv":[10.5,3.0,10.0,2.0],"rotation":0,"texture":"#4","tintindex":0},"down":{"uv":[3.0,10.0,2.5,11.0],"rotation":0,"texture":"#4","tintindex":0}}},{"from":[7.895238,11.254825,9.587714],"to":[8.2952385,11.654825,10.559143],"rotation":{"angle":22.5,"axis":"x","origin":[8.095238,8.4314575,3.5339103]},"faces":{"east":{"uv":[9.5,9.5,10.5,10.0],"rotation":0,"texture":"#4","tintindex":0},"south":{"uv":[11.0,1.0,11.5,1.5],"rotation":0,"texture":"#4","tintindex":0},"north":{"uv":[10.5,6.0,11.0,6.5],"rotation":0,"texture":"#4","tintindex":0},"west":{"uv":[10.0,0.0,11.0,0.5],"rotation":0,"texture":"#4","tintindex":0},"up":{"uv":[10.5,1.5,10.0,0.5],"rotation":0,"texture":"#4","tintindex":0},"down":{"uv":[1.5,10.0,1.0,11.0],"rotation":0,"texture":"#4","tintindex":0}}},{"from":[7.895238,5.2608833,9.609582],"to":[8.2952385,5.660883,10.581011],"rotation":{"angle":-22.5,"axis":"x","origin":[8.095238,8.4314575,3.5339103]},"faces":{"east":{"uv":[9.5,7.0,10.5,7.5],"rotation":0,"texture":"#4","tintindex":0},"south":{"uv":[10.0,9.0,10.5,9.5],"rotation":0,"texture":"#4","tintindex":0},"north":{"uv":[10.0,6.0,10.5,6.5],"rotation":0,"texture":"#4","tintindex":0},"west":{"uv":[9.5,7.5,10.5,8.0],"rotation":0,"texture":"#4","tintindex":0},"up":{"uv":[10.0,9.5,9.5,8.5],"rotation":0,"texture":"#4","tintindex":0},"down":{"uv":[9.5,9.5,9.0,10.5],"rotation":0,"texture":"#4","tintindex":0}}}],"display":{"head":{"translation":[0.0,-6.4,0.0],"scale":[4.0,4.0,4.0]}}}