{"textures":{"0":"must_have_props:/study_mess"},"elements":[{"from":[10.228572,7.6,13.142858],"to":[14.228571,7.6,17.714287],"rotation":{"angle":0.0,"axis":"y","origin":[13.228571,7.7714286,15.428572]},"faces":{"east":{"uv":[0.0,0.0,2.0,0.0],"rotation":0,"texture":"#0","tintindex":0},"south":{"uv":[0.0,0.0,1.75,0.0],"rotation":0,"texture":"#0","tintindex":0},"north":{"uv":[0.0,0.0,1.75,0.0],"rotation":0,"texture":"#0","tintindex":0},"west":{"uv":[0.0,0.0,2.0,0.0],"rotation":0,"texture":"#0","tintindex":0},"up":{"uv":[5.75,7.25,4.0,5.25],"rotation":0,"texture":"#0","tintindex":0},"down":{"uv":[1.75,5.75,0.0,7.75],"rotation":0,"texture":"#0","tintindex":0}}},{"from":[10.514286,7.6577144,13.428572],"to":[14.171429,8.229143,17.428572],"rotation":{"angle":0.0,"axis":"y","origin":[13.228571,7.7714286,15.428572]},"faces":{"east":{"uv":[9.5,5.25,11.25,5.5],"rotation":0,"texture":"#0","tintindex":0},"south":{"uv":[9.5,8.25,11.0,8.5],"rotation":0,"texture":"#0","tintindex":0},"north":{"uv":[9.5,8.0,11.0,8.25],"rotation":0,"texture":"#0","tintindex":0},"west":{"uv":[9.5,5.5,11.25,5.75],"rotation":0,"texture":"#0","tintindex":0},"up":{"uv":[9.75,3.25,8.25,1.5],"rotation":0,"texture":"#0","tintindex":0},"down":{"uv":[3.25,8.5,1.75,10.25],"rotation":0,"texture":"#0","tintindex":0}}},{"from":[14.228571,7.6005716,13.142858],"to":[14.228571,8.286285,17.714287],"rotation":{"angle":0.0,"axis":"y","origin":[13.228571,7.7714286,15.428572]},"faces":{"east":{"uv":[9.25,4.25,11.25,4.5],"rotation":0,"texture":"#0","tintindex":0},"south":{"uv":[0.0,0.0,0.0,0.25],"rotation":0,"texture":"#0","tintindex":0},"north":{"uv":[0.0,0.0,0.0,0.25],"rotation":0,"texture":"#0","tintindex":0},"west":{"uv":[9.25,4.5,11.25,4.75],"rotation":0,"texture":"#0","tintindex":0},"up":{"uv":[0.0,2.0,0.0,0.0],"rotation":0,"texture":"#0","tintindex":0},"down":{"uv":[0.0,0.0,0.0,2.0],"rotation":0,"texture":"#0","tintindex":0}}},{"from":[10.228572,8.285714,13.142858],"to":[14.228571,8.285714,17.714287],"rotation":{"angle":0.0,"axis":"y","origin":[13.228571,7.7714286,15.428572]},"faces":{"east":{"uv":[0.0,0.0,2.0,0.0],"rotation":0,"texture":"#0","tintindex":0},"south":{"uv":[0.0,0.0,1.75,0.0],"rotation":0,"texture":"#0","tintindex":0},"north":{"uv":[0.0,0.0,1.75,0.0],"rotation":0,"texture":"#0","tintindex":0},"west":{"uv":[0.0,0.0,2.0,0.0],"rotation":0,"texture":"#0","tintindex":0},"up":{"uv":[7.5,7.25,5.75,5.25],"rotation":0,"texture":"#0","tintindex":0},"down":{"uv":[8.0,0.0,6.25,2.0],"rotation":0,"texture":"#0","tintindex":0}}},{"from":[10.942858,8.285714,14.428572],"to":[15.514286,8.285714,18.428572],"rotation":{"angle":-22.5,"axis":"z","origin":[13.228571,7.7714286,15.428572]},"faces":{"east":{"uv":[0.0,0.0,1.75,0.0],"rotation":0,"texture":"#0","tintindex":0},"south":{"uv":[0.0,0.0,2.0,0.0],"rotation":0,"texture":"#0","tintindex":0},"north":{"uv":[0.0,0.0,2.0,0.0],"rotation":0,"texture":"#0","tintindex":0},"west":{"uv":[0.0,0.0,1.75,0.0],"rotation":0,"texture":"#0","tintindex":0},"up":{"uv":[5.25,5.25,3.25,3.5],"rotation":0,"texture":"#0","tintindex":0},"down":{"uv":[2.0,4.0,0.0,5.75],"rotation":0,"texture":"#0","tintindex":0}}},{"from":[11.228572,8.343429,14.485715],"to":[15.228571,8.914857,18.142857],"rotation":{"angle":-22.5,"axis":"z","origin":[13.228571,7.7714286,15.428572]},"faces":{"east":{"uv":[9.5,6.25,11.0,6.5],"rotation":0,"texture":"#0","tintindex":0},"south":{"uv":[9.5,5.0,11.25,5.25],"rotation":0,"texture":"#0","tintindex":0},"north":{"uv":[9.25,4.75,11.0,5.0],"rotation":0,"texture":"#0","tintindex":0},"west":{"uv":[7.75,9.5,9.25,9.75],"rotation":0,"texture":"#0","tintindex":0},"up":{"uv":[1.75,9.25,0.0,7.75],"rotation":0,"texture":"#0","tintindex":0},"down":{"uv":[9.5,8.0,7.75,9.5],"rotation":0,"texture":"#0","tintindex":0}}},{"from":[10.942858,8.286285,14.428572],"to":[15.514286,8.972,14.428572],"rotation":{"angle":-22.5,"axis":"z","origin":[13.228571,7.7714286,15.428572]},"faces":{"east":{"uv":[0.0,0.0,0.0,0.25],"rotation":0,"texture":"#0","tintindex":0},"south":{"uv":[9.25,4.0,11.25,4.25],"rotation":0,"texture":"#0","tintindex":0},"north":{"uv":[9.25,3.75,11.25,4.0],"rotation":0,"texture":"#0","tintindex":0},"west":{"uv":[0.0,0.0,0.0,0.25],"rotation":0,"texture":"#0","tintindex":0},"up":{"uv":[2.0,0.0,0.0,0.0],"rotation":0,"texture":"#0","tintindex":0},"down":{"uv":[2.0,0.0,0.0,0.0],"rotation":0,"texture":"#0","tintindex":0}}},{"from":[10.942858,8.971429,14.428572],"to":[15.514286,8.971429,18.428572],"rotation":{"angle":-22.5,"axis":"z","origin":[13.228571,7.7714286,15.428572]},"faces":{"east":{"uv":[0.0,0.0,1.75,0.0],"rotation":0,"texture":"#0","tintindex":0},"south":{"uv":[0.0,0.0,2.0,0.0],"rotation":0,"texture":"#0","tintindex":0},"north":{"uv":[0.0,0.0,2.0,0.0],"rotation":0,"texture":"#0","tintindex":0},"west":{"uv":[0.0,0.0,1.75,0.0],"rotation":0,"texture":"#0","tintindex":0},"up":{"uv":[4.0,7.0,2.0,5.25],"rotation":0,"texture":"#0","tintindex":0},"down":{"uv":[7.25,3.5,5.25,5.25],"rotation":0,"texture":"#0","tintindex":0}}}],"display":{"head":{"translation":[0.0,-6.4,0.0],"scale":[4.0,4.0,4.0]}}}