{"textures":{"0":"modelengine:entity/boneshadingdefender","8":"modelengine:entity/fallen_defendress"},"elements":[{"from":[8.406785,8.868705,6.9183464],"to":[11.263928,9.440133,9.2040615],"rotation":{"angle":0.0,"axis":"y","origin":[7.263928,6.1544185,7.204061]},"faces":{"east":{"uv":[7.1875,4.125,6.9375,4.1875],"rotation":0,"texture":"#8","tintindex":0},"south":{"uv":[7.0,6.0,6.6875,6.0625],"rotation":0,"texture":"#8","tintindex":0},"north":{"uv":[7.0,5.75,6.6875,5.8125],"rotation":0,"texture":"#8","tintindex":0},"west":{"uv":[7.1875,2.625,6.9375,2.6875],"rotation":0,"texture":"#8","tintindex":0},"up":{"uv":[0.5625,1.625,0.875,1.375],"rotation":0,"texture":"#8","tintindex":0},"down":{"uv":[0.6875,3.3125,1.0,3.5625],"rotation":0,"texture":"#8","tintindex":0}}},{"from":[9.805357,6.50299,6.8383465],"to":[11.108213,8.948705,9.284061],"rotation":{"angle":0.0,"axis":"y","origin":[7.5996423,5.0115614,7.204061]},"faces":{"east":{"uv":[4.0625,0.3125,3.8125,0.5625],"rotation":0,"texture":"#8","tintindex":0},"south":{"uv":[5.75,3.4375,5.625,3.6875],"rotation":0,"texture":"#8","tintindex":0},"north":{"uv":[3.0625,5.5625,2.9375,5.8125],"rotation":0,"texture":"#8","tintindex":0},"west":{"uv":[4.0625,0.0,3.8125,0.25],"rotation":0,"texture":"#8","tintindex":0},"up":{"uv":[4.125,5.875,4.25,5.625],"rotation":0,"texture":"#8","tintindex":0},"down":{"uv":[4.75,5.625,4.875,5.875],"rotation":0,"texture":"#8","tintindex":0}}},{"from":[8.978214,6.7134824,6.2623177],"to":[11.263928,7.8563395,6.8337464],"rotation":{"angle":0.0,"axis":"y","origin":[7.263928,4.5706253,6.5480323]},"faces":{"east":{"uv":[8.6875,3.9375,8.625,4.0625],"rotation":0,"texture":"#8","tintindex":0},"south":{"uv":[5.0625,2.4375,4.75,2.5625],"rotation":0,"texture":"#8","tintindex":0},"north":{"uv":[4.9375,2.8125,4.6875,2.9375],"rotation":0,"texture":"#8","tintindex":0},"west":{"uv":[8.6875,3.0,8.625,3.125],"rotation":0,"texture":"#8","tintindex":0},"up":{"uv":[2.875,6.8125,3.1875,6.75],"rotation":0,"texture":"#8","tintindex":0},"down":{"uv":[6.75,3.5,7.0625,3.5625],"rotation":0,"texture":"#8","tintindex":0}}},{"from":[8.409642,7.7613273,6.7571964],"to":[11.261071,9.469899,7.322911],"rotation":{"angle":22.5,"axis":"x","origin":[9.263928,9.044185,6.754339]},"faces":{"east":{"uv":[5.9375,8.0625,5.875,8.25],"rotation":0,"texture":"#8","tintindex":0},"south":{"uv":[0.625,4.1875,0.3125,4.375],"rotation":0,"texture":"#8","tintindex":0},"north":{"uv":[3.4375,4.125,3.125,4.3125],"rotation":0,"texture":"#8","tintindex":0},"west":{"uv":[8.125,5.8125,8.0625,6.0],"rotation":0,"texture":"#8","tintindex":0},"up":{"uv":[6.75,1.9375,7.0625,1.875],"rotation":0,"texture":"#8","tintindex":0},"down":{"uv":[2.375,6.75,2.6875,6.8125],"rotation":0,"texture":"#8","tintindex":0}}},{"from":[8.409642,7.7613273,8.799497],"to":[11.261071,9.469899,9.3652115],"rotation":{"angle":-22.5,"axis":"x","origin":[9.263928,9.044185,9.368069]},"faces":{"east":{"uv":[8.125,6.875,8.0625,7.0625],"rotation":0,"texture":"#8","tintindex":0},"south":{"uv":[4.5,3.5625,4.1875,3.75],"rotation":0,"texture":"#8","tintindex":0},"north":{"uv":[4.5,3.3125,4.1875,3.5],"rotation":0,"texture":"#8","tintindex":0},"west":{"uv":[8.125,6.625,8.0625,6.8125],"rotation":0,"texture":"#8","tintindex":0},"up":{"uv":[6.25,6.8125,6.5625,6.75],"rotation":0,"texture":"#8","tintindex":0},"down":{"uv":[6.625,6.75,6.9375,6.8125],"rotation":0,"texture":"#8","tintindex":0}}},{"from":[8.978214,6.7134824,9.288661],"to":[11.263928,7.8563395,9.86009],"rotation":{"angle":0.0,"axis":"y","origin":[7.263928,4.5706253,9.574375]},"faces":{"east":{"uv":[4.25,8.625,4.1875,8.75],"rotation":0,"texture":"#8","tintindex":0},"south":{"uv":[5.0,4.0625,4.75,4.1875],"rotation":0,"texture":"#8","tintindex":0},"north":{"uv":[5.0625,3.875,4.75,4.0],"rotation":0,"texture":"#8","tintindex":0},"west":{"uv":[8.6875,4.125,8.625,4.25],"rotation":0,"texture":"#8","tintindex":0},"up":{"uv":[4.25,6.8125,4.5625,6.75],"rotation":0,"texture":"#8","tintindex":0},"down":{"uv":[6.75,5.0,7.0625,5.0625],"rotation":0,"texture":"#8","tintindex":0}}},{"from":[8.778297,6.3969274,6.2285714],"to":[9.349726,7.5397844,6.8],"rotation":{"angle":22.5,"axis":"z","origin":[8.206868,6.682642,6.5142856]},"faces":{"east":{"uv":[8.4375,1.5,8.375,1.625],"rotation":0,"texture":"#8","tintindex":0},"south":{"uv":[8.4375,1.125,8.375,1.25],"rotation":0,"texture":"#8","tintindex":0},"north":{"uv":[8.4375,0.75,8.375,0.875],"rotation":0,"texture":"#8","tintindex":0},"west":{"uv":[8.4375,0.9375,8.375,1.0625],"rotation":0,"texture":"#8","tintindex":0},"up":{"uv":[7.9375,9.125,8.0,9.0625],"rotation":0,"texture":"#8","tintindex":0},"down":{"uv":[8.0625,9.0625,8.125,9.125],"rotation":0,"texture":"#8","tintindex":0}}},{"from":[8.95119,6.613318,6.226286],"to":[10.0986185,7.189318,6.8022857],"rotation":{"angle":-22.5,"axis":"z","origin":[8.953476,6.901318,6.5142856]},"faces":{"east":{"uv":[8.375,9.0625,8.3125,9.125],"rotation":0,"texture":"#8","tintindex":0},"south":{"uv":[8.5,2.25,8.375,2.3125],"rotation":0,"texture":"#8","tintindex":0},"north":{"uv":[8.5,0.125,8.375,0.1875],"rotation":0,"texture":"#8","tintindex":0},"west":{"uv":[9.125,8.125,9.0625,8.1875],"rotation":0,"texture":"#8","tintindex":0},"up":{"uv":[8.375,2.4375,8.5,2.375],"rotation":0,"texture":"#8","tintindex":0},"down":{"uv":[8.375,2.5,8.5,2.5625],"rotation":0,"texture":"#8","tintindex":0}}},{"from":[8.404499,7.690929,6.226286],"to":[8.980499,9.409786,6.8022857],"rotation":{"angle":0.0,"axis":"y","origin":[7.8353567,7.4075003,6.5142856]},"faces":{"east":{"uv":[8.0625,0.6875,8.0,0.875],"rotation":0,"texture":"#8","tintindex":0},"south":{"uv":[8.0625,0.4375,8.0,0.625],"rotation":0,"texture":"#8","tintindex":0},"north":{"uv":[2.3125,5.75,2.25,5.9375],"rotation":0,"texture":"#8","tintindex":0},"west":{"uv":[1.125,6.0,1.0625,6.1875],"rotation":0,"texture":"#8","tintindex":0},"up":{"uv":[8.4375,9.125,8.5,9.0625],"rotation":0,"texture":"#8","tintindex":0},"down":{"uv":[8.5625,9.0625,8.625,9.125],"rotation":0,"texture":"#8","tintindex":0}}},{"from":[8.412499,7.692072,9.318032],"to":[8.981643,9.404072,9.887176],"rotation":{"angle":0.0,"axis":"y","origin":[7.839928,7.405215,9.602604]},"faces":{"east":{"uv":[1.625,8.0,1.5625,8.1875],"rotation":0,"texture":"#8","tintindex":0},"south":{"uv":[1.125,8.0,1.0625,8.1875],"rotation":0,"texture":"#8","tintindex":0},"north":{"uv":[0.8125,8.0,0.75,8.1875],"rotation":0,"texture":"#8","tintindex":0},"west":{"uv":[8.0625,0.9375,8.0,1.125],"rotation":0,"texture":"#8","tintindex":0},"up":{"uv":[8.6875,9.125,8.75,9.0625],"rotation":0,"texture":"#8","tintindex":0},"down":{"uv":[9.0625,8.75,9.125,8.8125],"rotation":0,"texture":"#8","tintindex":0}}},{"from":[8.955762,6.6110325,9.314604],"to":[10.10319,7.187032,9.890604],"rotation":{"angle":-22.5,"axis":"z","origin":[8.958047,6.8990326,9.602604]},"faces":{"east":{"uv":[9.125,9.0625,9.0625,9.125],"rotation":0,"texture":"#8","tintindex":0},"south":{"uv":[8.5,2.75,8.375,2.8125],"rotation":0,"texture":"#8","tintindex":0},"north":{"uv":[8.5,2.625,8.375,2.6875],"rotation":0,"texture":"#8","tintindex":0},"west":{"uv":[9.0,9.0625,8.9375,9.125],"rotation":0,"texture":"#8","tintindex":0},"up":{"uv":[2.8125,8.4375,2.9375,8.375],"rotation":0,"texture":"#8","tintindex":0},"down":{"uv":[8.375,2.875,8.5,2.9375],"rotation":0,"texture":"#8","tintindex":0}}},{"from":[8.785154,6.3969274,9.319176],"to":[9.352012,7.5352135,9.886032],"rotation":{"angle":22.5,"axis":"z","origin":[8.21144,6.680356,9.602604]},"faces":{"east":{"uv":[3.3125,8.375,3.25,8.5],"rotation":0,"texture":"#8","tintindex":0},"south":{"uv":[3.1875,8.375,3.125,8.5],"rotation":0,"texture":"#8","tintindex":0},"north":{"uv":[3.0625,8.375,3.0,8.5],"rotation":0,"texture":"#8","tintindex":0},"west":{"uv":[8.4375,3.0,8.375,3.125],"rotation":0,"texture":"#8","tintindex":0},"up":{"uv":[0.0,9.1875,0.0625,9.125],"rotation":0,"texture":"#8","tintindex":0},"down":{"uv":[9.125,0.125,9.1875,0.1875],"rotation":0,"texture":"#8","tintindex":0}}},{"from":[8.409071,9.124072,6.3492036],"to":[8.975928,9.690929,6.916061],"rotation":{"angle":45.0,"axis":"x","origin":[8.692499,9.4075,6.6326323]},"faces":{"east":{"uv":[0.875,9.125,0.8125,9.1875],"rotation":0,"texture":"#8","tintindex":0},"south":{"uv":[9.1875,0.75,9.125,0.8125],"rotation":0,"texture":"#8","tintindex":0},"north":{"uv":[9.1875,0.625,9.125,0.6875],"rotation":0,"texture":"#8","tintindex":0},"west":{"uv":[0.75,9.125,0.6875,9.1875],"rotation":0,"texture":"#8","tintindex":0},"up":{"uv":[9.125,0.9375,9.1875,0.875],"rotation":0,"texture":"#8","tintindex":0},"down":{"uv":[9.125,1.0,9.1875,1.0625],"rotation":0,"texture":"#8","tintindex":0}}},{"from":[8.406785,9.240133,6.6326323],"to":[8.978214,9.811562,9.489776],"rotation":{"angle":0.0,"axis":"y","origin":[7.8353567,6.6687045,6.9183464]},"faces":{"east":{"uv":[7.0625,0.5625,6.75,0.625],"rotation":0,"texture":"#8","tintindex":0},"south":{"uv":[9.1875,1.25,9.125,1.3125],"rotation":0,"texture":"#8","tintindex":0},"north":{"uv":[9.1875,1.125,9.125,1.1875],"rotation":0,"texture":"#8","tintindex":0},"west":{"uv":[7.0,6.125,6.6875,6.1875],"rotation":0,"texture":"#8","tintindex":0},"up":{"uv":[0.5,7.0,0.5625,6.6875],"rotation":0,"texture":"#8","tintindex":0},"down":{"uv":[2.75,6.6875,2.8125,7.0],"rotation":0,"texture":"#8","tintindex":0}}},{"from":[8.409071,9.124072,9.2063465],"to":[8.975928,9.690929,9.773204],"rotation":{"angle":-45.0,"axis":"x","origin":[8.692499,9.4075,9.489776]},"faces":{"east":{"uv":[9.1875,2.25,9.125,2.3125],"rotation":0,"texture":"#8","tintindex":0},"south":{"uv":[9.1875,1.875,9.125,1.9375],"rotation":0,"texture":"#8","tintindex":0},"north":{"uv":[9.1875,1.625,9.125,1.6875],"rotation":0,"texture":"#8","tintindex":0},"west":{"uv":[9.1875,1.75,9.125,1.8125],"rotation":0,"texture":"#8","tintindex":0},"up":{"uv":[9.125,2.875,9.1875,2.8125],"rotation":0,"texture":"#8","tintindex":0},"down":{"uv":[9.125,2.9375,9.1875,3.0],"rotation":0,"texture":"#8","tintindex":0}}},{"from":[9.9,6.2,6.2285714],"to":[11.042857,6.7714286,6.8],"rotation":{"angle":0.0,"axis":"y","origin":[7.6142855,-9.800001,9.085714]},"faces":{"east":{"uv":[9.1875,3.1875,9.125,3.25],"rotation":0,"texture":"#8","tintindex":0},"south":{"uv":[8.1875,0.0,8.0,0.0625],"rotation":0,"texture":"#8","tintindex":0},"north":{"uv":[8.0625,6.5,7.9375,6.5625],"rotation":0,"texture":"#8","tintindex":0},"west":{"uv":[9.1875,3.0625,9.125,3.125],"rotation":0,"texture":"#8","tintindex":0},"up":{"uv":[8.0,1.8125,8.1875,1.75],"rotation":0,"texture":"#8","tintindex":0},"down":{"uv":[2.875,8.0,3.0625,8.0625],"rotation":0,"texture":"#8","tintindex":0}}},{"from":[10.864286,6.428571,6.2714286],"to":[12.121429,7.6857142,9.814285],"rotation":{"angle":45.0,"axis":"z","origin":[11.328571,6.485714,8.042857]},"faces":{"east":{"uv":[4.9375,3.3125,4.5625,3.4375],"rotation":0,"texture":"#8","tintindex":0},"south":{"uv":[7.4375,0.125,7.3125,0.25],"rotation":0,"texture":"#8","tintindex":0},"north":{"uv":[7.375,6.5625,7.25,6.6875],"rotation":0,"texture":"#8","tintindex":0},"west":{"uv":[4.8125,3.125,4.4375,3.25],"rotation":0,"texture":"#8","tintindex":0},"up":{"uv":[4.5625,3.875,4.6875,3.5],"rotation":0,"texture":"#8","tintindex":0},"down":{"uv":[4.5625,3.9375,4.6875,4.3125],"rotation":0,"texture":"#8","tintindex":0}}},{"from":[9.9,6.2,9.322408],"to":[11.038286,6.766857,9.889265],"rotation":{"angle":0.0,"axis":"y","origin":[7.612,-9.802286,7.0344076]},"faces":{"east":{"uv":[9.1875,3.3125,9.125,3.375],"rotation":0,"texture":"#8","tintindex":0},"south":{"uv":[8.125,3.4375,8.0,3.5],"rotation":0,"texture":"#8","tintindex":0},"north":{"uv":[3.3125,8.0,3.125,8.0625],"rotation":0,"texture":"#8","tintindex":0},"west":{"uv":[3.3125,9.125,3.25,9.1875],"rotation":0,"texture":"#8","tintindex":0},"up":{"uv":[8.0,3.8125,8.1875,3.75],"rotation":0,"texture":"#8","tintindex":0},"down":{"uv":[8.0,3.875,8.1875,3.9375],"rotation":0,"texture":"#8","tintindex":0}}},{"from":[11.0,7.5142856,7.428571],"to":[11.571428,8.657143,8.571428],"rotation":{"angle":45.0,"axis":"x","origin":[11.285714,8.085714,8.0]},"faces":{"east":{"uv":[7.6875,2.9375,7.5625,3.0625],"rotation":0,"texture":"#8","tintindex":0},"south":{"uv":[8.9375,4.6875,8.875,4.8125],"rotation":0,"texture":"#8","tintindex":0},"north":{"uv":[4.75,8.875,4.6875,9.0],"rotation":0,"texture":"#8","tintindex":0},"west":{"uv":[7.6875,2.75,7.5625,2.875],"rotation":0,"texture":"#8","tintindex":0},"up":{"uv":[4.8125,9.0,4.875,8.875],"rotation":0,"texture":"#8","tintindex":0},"down":{"uv":[8.875,4.875,8.9375,5.0],"rotation":0,"texture":"#8","tintindex":0}}},{"from":[9.228743,7.2440543,6.8599997],"to":[10.143028,8.529769,9.14],"rotation":{"angle":22.5,"axis":"z","origin":[9.457314,8.529769,8.0]},"faces":{"east":{"uv":[5.5,1.75,5.75,1.875],"rotation":0,"texture":"#8","tintindex":0},"south":{"uv":[7.125,0.5,7.25,0.625],"rotation":0,"texture":"#8","tintindex":0},"north":{"uv":[7.125,0.125,7.25,0.265625],"rotation":0,"texture":"#8","tintindex":0},"west":{"uv":[5.1875,5.5,5.4375,5.625],"rotation":0,"texture":"#8","tintindex":0},"up":{"uv":[1.625,5.75,1.5,5.5],"rotation":0,"texture":"#8","tintindex":0},"down":{"uv":[5.625,5.5,5.5,5.75],"rotation":0,"texture":"#8","tintindex":0}}},{"from":[8.544461,7.6714287,6.857143],"to":[9.91589,8.814285,9.142858],"rotation":{"angle":0.0,"axis":"y","origin":[6.71589,-4.9000006,8.0]},"faces":{"east":{"uv":[5.4375,4.25,5.6875,4.375],"rotation":0,"texture":"#8","tintindex":0},"south":{"uv":[6.5625,0.6875,6.75,0.8125],"rotation":0,"texture":"#8","tintindex":0},"north":{"uv":[6.0,6.5,6.1875,6.625],"rotation":0,"texture":"#8","tintindex":0},"west":{"uv":[5.4375,4.4375,5.6875,4.5625],"rotation":0,"texture":"#8","tintindex":0},"up":{"uv":[4.625,2.875,4.4375,2.625],"rotation":0,"texture":"#8","tintindex":0},"down":{"uv":[1.625,4.5,1.4375,4.75],"rotation":0,"texture":"#8","tintindex":0}}},{"from":[8.487318,5.435714,6.857143],"to":[9.401605,6.464286,9.142858],"rotation":{"angle":0.0,"axis":"y","origin":[6.6587467,-5.478572,8.0]},"faces":{"east":{"uv":[1.1875,5.75,1.4375,5.875],"rotation":0,"texture":"#8","tintindex":0},"south":{"uv":[3.875,7.5625,4.0,7.6875],"rotation":0,"texture":"#8","tintindex":0},"north":{"uv":[7.5625,3.125,7.6875,3.2375],"rotation":0,"texture":"#8","tintindex":0},"west":{"uv":[5.75,2.25,6.0,2.375],"rotation":0,"texture":"#8","tintindex":0},"up":{"uv":[0.6875,6.0,0.5625,5.75],"rotation":0,"texture":"#8","tintindex":0},"down":{"uv":[2.6875,5.75,2.5625,6.0],"rotation":0,"texture":"#8","tintindex":0}}},{"from":[8.487318,4.8642855,6.857143],"to":[9.401605,5.3214283,9.142858],"rotation":{"angle":0.0,"axis":"y","origin":[6.6587467,-6.05,8.0]},"faces":{"east":{"uv":[7.5,6.375,7.75,6.4375],"rotation":0,"texture":"#8","tintindex":0},"south":{"uv":[5.125,8.875,5.25,8.9375],"rotation":0,"texture":"#8","tintindex":0},"north":{"uv":[4.9375,8.875,5.0625,8.925],"rotation":0,"texture":"#8","tintindex":0},"west":{"uv":[7.5625,3.3125,7.8125,3.375],"rotation":0,"texture":"#8","tintindex":0},"up":{"uv":[6.0,1.25,5.875,1.0],"rotation":0,"texture":"#8","tintindex":0},"down":{"uv":[3.0625,5.875,2.9375,6.125],"rotation":0,"texture":"#8","tintindex":0}}},{"from":[9.493032,4.864286,6.857143],"to":[10.407318,5.3214293,9.142858],"rotation":{"angle":0.0,"axis":"y","origin":[7.664461,-6.05,8.0]},"faces":{"east":{"uv":[7.5625,5.5625,7.8125,5.625],"rotation":0,"texture":"#8","tintindex":0},"south":{"uv":[5.3125,8.875,5.4375,8.9375],"rotation":0,"texture":"#8","tintindex":0},"north":{"uv":[8.875,5.1875,9.0,5.2375],"rotation":0,"texture":"#8","tintindex":0},"west":{"uv":[7.5625,5.6875,7.8125,5.75],"rotation":0,"texture":"#8","tintindex":0},"up":{"uv":[3.25,6.125,3.125,5.875],"rotation":0,"texture":"#8","tintindex":0},"down":{"uv":[6.0,3.75,5.875,4.0],"rotation":0,"texture":"#8","tintindex":0}}},{"from":[9.493032,5.435714,6.857143],"to":[10.407318,6.464286,9.142858],"rotation":{"angle":0.0,"axis":"y","origin":[7.664461,-5.478572,8.0]},"faces":{"east":{"uv":[3.4375,5.75,3.6875,5.875],"rotation":0,"texture":"#8","tintindex":0},"south":{"uv":[7.5625,4.5,7.6875,4.625],"rotation":0,"texture":"#8","tintindex":0},"north":{"uv":[7.5625,4.0625,7.6875,4.175],"rotation":0,"texture":"#8","tintindex":0},"west":{"uv":[5.75,4.25,6.0,4.375],"rotation":0,"texture":"#8","tintindex":0},"up":{"uv":[2.875,6.0,2.75,5.75],"rotation":0,"texture":"#8","tintindex":0},"down":{"uv":[4.0,5.75,3.875,6.0],"rotation":0,"texture":"#8","tintindex":0}}},{"from":[8.487318,6.542857,6.857143],"to":[9.401605,7.6285715,9.142858],"rotation":{"angle":0.0,"axis":"y","origin":[6.6587467,-4.3714285,8.0]},"faces":{"east":{"uv":[5.8125,1.75,6.0625,1.875],"rotation":0,"texture":"#8","tintindex":0},"south":{"uv":[5.5625,7.5625,5.6875,7.6875],"rotation":0,"texture":"#8","tintindex":0},"north":{"uv":[7.5625,5.0625,7.6875,5.18125],"rotation":0,"texture":"#8","tintindex":0},"west":{"uv":[5.875,0.0,6.125,0.125],"rotation":0,"texture":"#8","tintindex":0},"up":{"uv":[5.5625,6.0625,5.4375,5.8125],"rotation":0,"texture":"#8","tintindex":0},"down":{"uv":[6.0,0.1875,5.875,0.4375],"rotation":0,"texture":"#8","tintindex":0}}},{"from":[9.493032,6.542857,6.857143],"to":[10.407318,7.5714283,9.142858],"rotation":{"angle":0.0,"axis":"y","origin":[7.664461,-4.3714285,8.0]},"faces":{"east":{"uv":[5.75,4.4375,6.0,4.5625],"rotation":0,"texture":"#8","tintindex":0},"south":{"uv":[7.5625,4.875,7.6875,5.0],"rotation":0,"texture":"#8","tintindex":0},"north":{"uv":[7.5625,4.6875,7.6875,4.8],"rotation":0,"texture":"#8","tintindex":0},"west":{"uv":[0.0,5.8125,0.25,5.9375],"rotation":0,"texture":"#8","tintindex":0},"up":{"uv":[1.625,6.0625,1.5,5.8125],"rotation":0,"texture":"#8","tintindex":0},"down":{"uv":[5.9375,3.4375,5.8125,3.6875],"rotation":0,"texture":"#8","tintindex":0}}},{"from":[9.913147,4.868,8.796572],"to":[10.375776,7.1605716,9.374857],"rotation":{"angle":22.5,"axis":"y","origin":[10.144462,7.1571426,8.857143]},"faces":{"east":{"uv":[3.75,7.625,3.8125,7.875],"rotation":0,"texture":"#8","tintindex":0},"south":{"uv":[2.125,7.6875,2.1875,7.9375],"rotation":0,"texture":"#8","tintindex":0},"north":{"uv":[2.625,7.5625,2.6875,7.8125],"rotation":0,"texture":"#8","tintindex":0},"west":{"uv":[2.875,7.6875,2.9375,7.9375],"rotation":0,"texture":"#8","tintindex":0},"up":{"uv":[9.4375,5.375,9.375,5.3125],"rotation":0,"texture":"#8","tintindex":0},"down":{"uv":[9.4375,5.4375,9.375,5.5],"rotation":0,"texture":"#8","tintindex":0}}},{"from":[9.913147,4.868,6.753714],"to":[10.375776,7.1605716,7.332],"rotation":{"angle":-22.5,"axis":"y","origin":[10.144462,7.1571426,7.2714286]},"faces":{"east":{"uv":[3.125,7.6875,3.1875,7.9375],"rotation":0,"texture":"#8","tintindex":0},"south":{"uv":[3.25,7.6875,3.3125,7.9375],"rotation":0,"texture":"#8","tintindex":0},"north":{"uv":[3.0,7.6875,3.0625,7.9375],"rotation":0,"texture":"#8","tintindex":0},"west":{"uv":[4.0625,7.6875,4.125,7.9375],"rotation":0,"texture":"#8","tintindex":0},"up":{"uv":[5.5625,9.4375,5.5,9.375],"rotation":0,"texture":"#8","tintindex":0},"down":{"uv":[9.4375,5.5625,9.375,5.625],"rotation":0,"texture":"#8","tintindex":0}}},{"from":[8.771204,4.5691423,7.1405716],"to":[10.14629,8.002286,8.859428],"rotation":{"angle":0.0,"axis":"y","origin":[6.71589,-5.1428576,8.0]},"faces":{"east":{"uv":[8.5625,7.0,15.5,7.875],"rotation":0,"texture":"#0","tintindex":0},"south":{"uv":[8.5625,7.0,15.5,7.875],"rotation":0,"texture":"#0","tintindex":0},"north":{"uv":[8.5625,7.0,15.5,7.875],"rotation":0,"texture":"#0","tintindex":0},"west":{"uv":[8.5625,7.0,15.5,7.875],"rotation":0,"texture":"#0","tintindex":0},"up":{"uv":[8.5625,7.0,15.5,7.875],"rotation":0,"texture":"#0","tintindex":0},"down":{"uv":[8.5625,7.0,15.5,7.875],"rotation":0,"texture":"#0","tintindex":0}}}],"display":{"head":{"translation":[0.0,-6.4,0.0],"scale":[4.0,4.0,4.0]}}}