{
   "providers":[
      {
         "file":"minecraft:crate/gui_crates/magic_crate.png",
         "chars":[
            ""
         ],
         "height":256,
         "ascent":45,
         "type":"bitmap"
	  },
	  {
         "file":"minecraft:crate/gui_crates/config_menu.png",
         "chars":[
            ""
         ],
         "height":255,
         "ascent":44,
         "type":"bitmap"
	  },
	  {
         "file":"minecraft:crate/gui_crates/magic_crate_ico2.png",
         "chars":[
            ""
         ],
         "height":9,
         "ascent":8,
         "type":"bitmap"
	  },
      {
	    "file":"minecraft:crate/gui_crates/magic_crate_ico.png",
         "chars":[
            ""
         ],
         "height":9,
         "ascent":8,
         "type":"bitmap"
	   },
      {
         "file":"minecraft:crate/gui_crates/screen.png",
         "chars":[
            ""
         ],
         "height":1500,
         "ascent":70,
         "type":"bitmap"
      },
      {
         "file":"minecraft:crate/gui_crates/pixel_split.png",
         "chars":[
            ""
         ],
         "height":-4,
         "ascent":-32678,
         "type":"bitmap"
      },
      {
         "file":"minecraft:crate/gui_crates/pixel_split.png",
         "chars":[
            ""
         ],
         "height":-5,
         "ascent":-32768,
         "type":"bitmap"
      },
      {
         "file":"minecraft:crate/gui_crates/pixel_split.png",
         "chars":[
            ""
         ],
         "height":-6,
         "ascent":-32768,
         "type":"bitmap"
      },
      {
         "file":"minecraft:crate/gui_crates/pixel_split.png",
         "chars":[
            ""
         ],
         "height":-7,
         "ascent":-32768,
         "type":"bitmap"
      },
      {
         "file":"minecraft:crate/gui_crates/pixel_split.png",
         "chars":[
            ""
         ],
         "height":-8,
         "ascent":-32768,
         "type":"bitmap"
      },
      {
         "file":"minecraft:crate/gui_crates/pixel_split.png",
         "chars":[
            ""
         ],
         "height":-9,
         "ascent":-32768,
         "type":"bitmap"
      },
      {
         "file":"minecraft:crate/gui_crates/pixel_split.png",
         "chars":[
            ""
         ],
         "height":-10,
         "ascent":-32768,
         "type":"bitmap"
      },
      {
         "file":"minecraft:crate/gui_crates/pixel_split.png",
         "chars":[
            ""
         ],
         "height":-18,
         "ascent":-32768,
         "type":"bitmap"
      },
      {
         "file":"minecraft:crate/gui_crates/pixel_split.png",
         "chars":[
            ""
         ],
         "height":-34,
         "ascent":-32768,
         "type":"bitmap"
      },
      {
         "file":"minecraft:crate/gui_crates/pixel_split.png",
         "chars":[
            ""
         ],
         "height":-66,
         "ascent":-32768,
         "type":"bitmap"
      },
	  {
         "file":"minecraft:item/yellow_dye.png",
         "chars":[
            ""
         ],
         "height":9,
         "ascent":8,
         "type":"bitmap"
      }
   ]
}