{"textures":{"2":"modelengine:entity/electric2"},"elements":[{"from":[-9.200001,2.6,-7.999999],"to":[18.8,11.4,32.0],"rotation":{"angle":0.0,"axis":"y","origin":[8.0,8.0,-22.8]},"faces":{"east":{"uv":[2.359375,15.015625,1.3125,16.0],"rotation":0,"texture":"#2","tintindex":0},"south":{"uv":[2.359375,15.015625,1.3125,16.0],"rotation":0,"texture":"#2","tintindex":0},"north":{"uv":[2.359375,15.015625,1.3125,16.0],"rotation":0,"texture":"#2","tintindex":0},"west":{"uv":[2.359375,15.015625,1.3125,16.0],"rotation":0,"texture":"#2","tintindex":0},"up":{"uv":[3.8333333,13.416667,12.270833,2.1666667],"rotation":180,"texture":"#2","tintindex":0},"down":{"uv":[3.8333333,13.416667,12.270833,2.1666667],"rotation":0,"texture":"#2","tintindex":0}}}],"display":{"head":{"translation":[0.0,-6.4,123.2],"scale":[4.0,4.0,4.0]}}}