{
  "textures": {
    "2": "modelengine:entity/electric2"
  },
  "elements": [
    {
      "from": [
        0.833333,
        5.75,
        14.166667
      ],
      "to": [
        12.5,
        9.416667,
        30.833334
      ],
      "faces": {
        "east": {
          "uv": [
            2.359375,
            15.015625,
            1.3125,
            16
          ],
          "tintindex": 0,
          "rotation": 0,
          "texture": "#2"
        },
        "south": {
          "uv": [
            2.359375,
            15.015625,
            1.3125,
            16
          ],
          "tintindex": 0,
          "rotation": 0,
          "texture": "#2"
        },
        "north": {
          "uv": [
            2.359375,
            15.015625,
            1.3125,
            16
          ],
          "tintindex": 0,
          "rotation": 0,
          "texture": "#2"
        },
        "west": {
          "uv": [
            2.359375,
            15.015625,
            1.3125,
            16
          ],
          "tintindex": 0,
          "rotation": 0,
          "texture": "#2"
        },
        "up": {
          "uv": [
            3.8333333,
            13.416667,
            12.270833,
            2.1666667
          ],
          "tintindex": 0,
          "rotation": 180,
          "texture": "#2"
        },
        "down": {
          "uv": [
            3.8333333,
            13.416667,
            12.270833,
            2.1666667
          ],
          "tintindex": 0,
          "rotation": 0,
          "texture": "#2"
        }
      }
    }
  ],
  "display": {
    "gui": {
      "rotation": [
        30,
        225,
        0
      ]
    }
  }
}