{"textures":{"0":"modelengine:entity/dragonskrill","1":"modelengine:entity/electric"},"elements":[{"from":[-16.0,5.8,-10.0],"to":[32.0,10.200001,26.0],"faces":{"east":{"uv":[2.359375,15.015625,1.3125,16.0],"tintindex":0,"rotation":0,"texture":"#0"},"south":{"uv":[2.359375,15.015625,1.3125,16.0],"tintindex":0,"rotation":0,"texture":"#0"},"north":{"uv":[2.359375,15.015625,1.3125,16.0],"tintindex":0,"rotation":0,"texture":"#0"},"west":{"uv":[2.359375,15.015625,1.3125,16.0],"tintindex":0,"rotation":0,"texture":"#0"},"up":{"uv":[3.8333333,13.416667,12.270833,2.1666667],"tintindex":0,"rotation":90,"texture":"#1"},"down":{"uv":[3.8333333,2.1666667,12.270833,13.416667],"tintindex":0,"rotation":90,"texture":"#1"}}}],"display":{"gui":{"rotation":[30,225,0]}}}