{
  "textures": {
    "0": "modelengine:entity/dragonskrill",
    "1": "modelengine:entity/electric"
  },
  "elements": [
    {
      "from": [
        2.8977509,
        9.84,
        -2.7027502
      ],
      "to": [
        26.89775,
        12.039999,
        15.29725
      ],
      "faces": {
        "east": {
          "uv": [
            1.3125,
            15.015625,
            2.359375,
            16
          ],
          "tintindex": 0,
          "rotation": 0,
          "texture": "#0"
        },
        "south": {
          "uv": [
            1.3125,
            15.015625,
            2.359375,
            16
          ],
          "tintindex": 0,
          "rotation": 0,
          "texture": "#0"
        },
        "north": {
          "uv": [
            1.3125,
            15.015625,
            2.359375,
            16
          ],
          "tintindex": 0,
          "rotation": 0,
          "texture": "#0"
        },
        "west": {
          "uv": [
            1.3125,
            15.015625,
            2.359375,
            16
          ],
          "tintindex": 0,
          "rotation": 0,
          "texture": "#0"
        },
        "up": {
          "uv": [
            3.8333333,
            2.1666667,
            12.270833,
            13.416667
          ],
          "tintindex": 0,
          "rotation": 90,
          "texture": "#1"
        },
        "down": {
          "uv": [
            3.8333333,
            13.416667,
            12.270833,
            2.1666667
          ],
          "tintindex": 0,
          "rotation": 90,
          "texture": "#1"
        }
      }
    }
  ],
  "display": {
    "gui": {
      "rotation": [
        30,
        225,
        0
      ]
    }
  }
}