{"textures":{"0":"modelengine:entity/dragonskrill"},"elements":[{"from":[5.3962593,9.691891,-2.5555782],"to":[10.565709,11.975672,1.2507229],"faces":{"east":{"uv":[9.0,6.625,9.140625,6.71875],"tintindex":0,"rotation":0,"texture":"#0"},"south":{"uv":[9.0,1.625,9.203125,1.71875],"tintindex":0,"rotation":0,"texture":"#0"},"north":{"uv":[9.0,1.53125,9.203125,1.625],"tintindex":0,"rotation":0,"texture":"#0"},"west":{"uv":[0.65625,9.03125,0.796875,9.125],"tintindex":0,"rotation":0,"texture":"#0"},"up":{"uv":[1.203125,9.109375,1.0,8.96875],"tintindex":0,"rotation":0,"texture":"#0"},"down":{"uv":[1.421875,8.96875,1.21875,9.109375],"tintindex":0,"rotation":0,"texture":"#0"}},"rotation":{"origin":[11.549807,5.8469563,4.460146],"angle":-22.5,"axis":"x"}},{"from":[5.4069843,5.33064,-4.4359264],"to":[10.554984,8.030878,3.8786335],"faces":{"east":{"uv":[8.8125,7.15625,9.125,7.265625],"tintindex":0,"rotation":0,"texture":"#0"},"south":{"uv":[9.0,0.71875,9.1875,0.828125],"tintindex":0,"rotation":0,"texture":"#0"},"north":{"uv":[0.46875,9.0,0.65625,9.109375],"tintindex":0,"rotation":0,"texture":"#0"},"west":{"uv":[8.8125,7.65625,9.125,7.765625],"tintindex":0,"rotation":0,"texture":"#0"},"up":{"uv":[3.15625,8.9375,2.96875,8.625],"tintindex":0,"rotation":0,"texture":"#0"},"down":{"uv":[8.8125,3.0,8.625,3.3125],"tintindex":0,"rotation":0,"texture":"#0"}}},{"from":[4.9254313,-0.0448637,9.041458],"to":[11.036536,3.6136646,13.319971],"faces":{"east":{"uv":[0.3125,9.0,0.46875,9.140625],"tintindex":0,"rotation":0,"texture":"#0"},"south":{"uv":[0.0,8.84375,0.234375,8.984375],"tintindex":0,"rotation":0,"texture":"#0"},"north":{"uv":[8.28125,8.8125,8.515625,8.953125],"tintindex":0,"rotation":0,"texture":"#0"},"west":{"uv":[9.0,0.3125,9.15625,0.453125],"tintindex":0,"rotation":0,"texture":"#0"},"up":{"uv":[5.578125,8.96875,5.34375,8.8125],"tintindex":0,"rotation":0,"texture":"#0"},"down":{"uv":[5.828125,8.8125,5.59375,8.96875],"tintindex":0,"rotation":0,"texture":"#0"}},"rotation":{"origin":[10.494359,7.073143,15.330885],"angle":22.5,"axis":"x"}},{"from":[5.6407084,4.461385,-4.47365],"to":[10.3212595,6.242914,6.0233345],"faces":{"east":{"uv":[8.96875,6.5,9.359375,6.5625],"tintindex":0,"rotation":0,"texture":"#0"},"south":{"uv":[7.03125,9.03125,7.203125,9.09375],"tintindex":0,"rotation":0,"texture":"#0"},"north":{"uv":[6.84375,9.03125,7.015625,9.09375],"tintindex":0,"rotation":0,"texture":"#0"},"west":{"uv":[8.96875,6.5625,9.359375,6.625],"tintindex":0,"rotation":0,"texture":"#0"},"up":{"uv":[1.296875,8.578125,1.125,8.1875],"tintindex":0,"rotation":0,"texture":"#0"},"down":{"uv":[1.484375,8.1875,1.3125,8.578125],"tintindex":0,"rotation":0,"texture":"#0"}}},{"from":[13.331549,6.469139,2.0122166],"to":[15.4250145,8.562607,4.1056824],"faces":{"east":{"uv":[7.0625,9.09375,7.140625,9.171875],"tintindex":0,"rotation":0,"texture":"#0"},"south":{"uv":[9.09375,7.40625,9.171875,7.484375],"tintindex":0,"rotation":0,"texture":"#0"},"north":{"uv":[6.96875,9.09375,7.046875,9.171875],"tintindex":0,"rotation":0,"texture":"#0"},"west":{"uv":[9.09375,7.5,9.171875,7.578125],"tintindex":0,"rotation":0,"texture":"#0"},"up":{"uv":[9.171875,7.953125,9.09375,7.875],"tintindex":0,"rotation":0,"texture":"#0"},"down":{"uv":[9.171875,8.15625,9.09375,8.234375],"tintindex":0,"rotation":0,"texture":"#0"}},"rotation":{"origin":[6.631241,4.335883,5.3027077],"angle":45.0,"axis":"y"}},{"from":[4.454899,2.9941273,2.2163792],"to":[11.507069,6.2074604,5.202854],"faces":{"east":{"uv":[9.0,4.96875,9.109375,5.09375],"tintindex":0,"rotation":0,"texture":"#0"},"south":{"uv":[8.0,8.8125,8.265625,8.9375],"tintindex":0,"rotation":0,"texture":"#0"},"north":{"uv":[7.71875,8.8125,7.984375,8.9375],"tintindex":0,"rotation":0,"texture":"#0"},"west":{"uv":[5.84375,9.0,5.953125,9.125],"tintindex":0,"rotation":0,"texture":"#0"},"up":{"uv":[9.203125,8.703125,8.9375,8.59375],"tintindex":0,"rotation":0,"texture":"#0"},"down":{"uv":[9.140625,8.9375,8.875,9.046875],"tintindex":0,"rotation":0,"texture":"#0"}},"rotation":{"origin":[10.774576,11.063707,9.031334],"angle":-22.5,"axis":"x"}},{"from":[5.528096,2.4754906,1.0818996],"to":[10.433872,5.3831453,5.723036],"faces":{"east":{"uv":[9.0,4.0625,9.171875,4.171875],"tintindex":0,"rotation":0,"texture":"#0"},"south":{"uv":[9.0,0.96875,9.1875,1.078125],"tintindex":0,"rotation":0,"texture":"#0"},"north":{"uv":[9.0,0.84375,9.1875,0.953125],"tintindex":0,"rotation":0,"texture":"#0"},"west":{"uv":[9.0,4.1875,9.171875,4.296875],"tintindex":0,"rotation":0,"texture":"#0"},"up":{"uv":[5.65625,8.578125,5.46875,8.40625],"tintindex":0,"rotation":0,"texture":"#0"},"down":{"uv":[6.03125,8.8125,5.84375,8.984375],"tintindex":0,"rotation":0,"texture":"#0"}}},{"from":[4.555311,12.19746,7.889477],"to":[11.406656,12.716049,15.315813],"faces":{"east":{"uv":[9.09375,8.875,9.375,8.890625],"tintindex":0,"rotation":0,"texture":"#0"},"south":{"uv":[0.9375,9.125,1.203125,9.140625],"tintindex":0,"rotation":0,"texture":"#0"},"north":{"uv":[0.46875,9.125,0.734375,9.140625],"tintindex":0,"rotation":0,"texture":"#0"},"west":{"uv":[9.09375,8.90625,9.375,8.921875],"tintindex":0,"rotation":0,"texture":"#0"},"up":{"uv":[3.390625,8.40625,3.125,8.125],"tintindex":0,"rotation":0,"texture":"#0"},"down":{"uv":[6.859375,8.125,6.59375,8.40625],"tintindex":0,"rotation":0,"texture":"#0"}},"rotation":{"origin":[10.636626,10.596506,10.051338],"angle":-22.5,"axis":"x"}},{"from":[6.4903326,7.3804836,-4.347418],"to":[9.471636,11.377102,-1.6070614],"faces":{"east":{"uv":[5.34375,8.625,5.453125,8.78125],"tintindex":0,"rotation":0,"texture":"#0"},"south":{"uv":[5.71875,8.96875,5.828125,9.125],"tintindex":0,"rotation":0,"texture":"#0"},"north":{"uv":[7.46875,7.96875,7.578125,8.125],"tintindex":0,"rotation":0,"texture":"#0"},"west":{"uv":[9.0,4.6875,9.109375,4.84375],"tintindex":0,"rotation":0,"texture":"#0"},"up":{"uv":[2.859375,9.140625,2.75,9.03125],"tintindex":0,"rotation":0,"texture":"#0"},"down":{"uv":[9.140625,3.0,9.03125,3.109375],"tintindex":0,"rotation":0,"texture":"#0"}}},{"from":[0.6332574,4.077627,7.1666183],"to":[6.3171296,11.727402,8.065491],"faces":{"east":{"uv":[5.625,7.96875,5.65625,8.265625],"tintindex":0,"rotation":0,"texture":"#0"},"south":{"uv":[2.90625,8.3125,3.125,8.609375],"tintindex":0,"rotation":0,"texture":"#0"},"north":{"uv":[2.6875,8.3125,2.90625,8.609375],"tintindex":0,"rotation":0,"texture":"#0"},"west":{"uv":[6.875,8.125,6.90625,8.421875],"tintindex":0,"rotation":0,"texture":"#0"},"up":{"uv":[9.3125,5.5625,9.09375,5.53125],"tintindex":0,"rotation":0,"texture":"#0"},"down":{"uv":[9.3125,5.5625,9.09375,5.59375],"tintindex":0,"rotation":0,"texture":"#0"}},"rotation":{"origin":[5.5470996,9.617863,9.286163],"angle":45.0,"axis":"y"}},{"from":[4.5928493,8.011364,6.335058],"to":[11.369119,12.146507,10.4702015],"faces":{"east":{"uv":[8.34375,8.96875,8.5,9.125],"tintindex":0,"rotation":0,"texture":"#0"},"south":{"uv":[1.25,8.8125,1.5,8.96875],"tintindex":0,"rotation":0,"texture":"#0"},"north":{"uv":[1.0,8.8125,1.25,8.96875],"tintindex":0,"rotation":0,"texture":"#0"},"west":{"uv":[0.0,9.0,0.15625,9.15625],"tintindex":0,"rotation":0,"texture":"#0"},"up":{"uv":[1.84375,8.96875,1.59375,8.8125],"tintindex":0,"rotation":0,"texture":"#0"},"down":{"uv":[9.0625,2.0,8.8125,2.15625],"tintindex":0,"rotation":0,"texture":"#0"}},"rotation":{"origin":[10.636626,8.041286,9.362469],"angle":-45.0,"axis":"x"}},{"from":[0.5369525,6.469139,2.0122166],"to":[2.6304188,8.562607,4.1056824],"faces":{"east":{"uv":[4.46875,9.09375,4.546875,9.171875],"tintindex":0,"rotation":0,"texture":"#0"},"south":{"uv":[9.09375,6.25,9.171875,6.328125],"tintindex":0,"rotation":0,"texture":"#0"},"north":{"uv":[2.15625,9.09375,2.234375,9.171875],"tintindex":0,"rotation":0,"texture":"#0"},"west":{"uv":[6.6875,9.09375,6.765625,9.171875],"tintindex":0,"rotation":0,"texture":"#0"},"up":{"uv":[6.859375,9.171875,6.78125,9.09375],"tintindex":0,"rotation":0,"texture":"#0"},"down":{"uv":[6.953125,9.09375,6.875,9.171875],"tintindex":0,"rotation":0,"texture":"#0"}},"rotation":{"origin":[9.330727,4.335883,5.3027077],"angle":-45.0,"axis":"y"}},{"from":[9.644838,4.077627,7.1666183],"to":[15.328711,11.727402,8.065491],"faces":{"east":{"uv":[6.15625,7.28125,6.1875,7.578125],"tintindex":0,"rotation":0,"texture":"#0"},"south":{"uv":[2.1875,8.3125,2.40625,8.609375],"tintindex":0,"rotation":0,"texture":"#0"},"north":{"uv":[1.96875,8.3125,2.1875,8.609375],"tintindex":0,"rotation":0,"texture":"#0"},"west":{"uv":[6.1875,7.28125,6.21875,7.578125],"tintindex":0,"rotation":0,"texture":"#0"},"up":{"uv":[0.9375,8.21875,0.71875,8.1875],"tintindex":0,"rotation":0,"texture":"#0"},"down":{"uv":[9.3125,2.90625,9.09375,2.9375],"tintindex":0,"rotation":0,"texture":"#0"}},"rotation":{"origin":[10.414868,9.617863,9.286163],"angle":-45.0,"axis":"y"}},{"from":[4.9988174,6.7283,2.9214268],"to":[10.963151,11.320263,6.8065567],"faces":{"east":{"uv":[9.0,0.0,9.140625,0.171875],"tintindex":0,"rotation":0,"texture":"#0"},"south":{"uv":[8.8125,3.0,9.03125,3.171875],"tintindex":0,"rotation":0,"texture":"#0"},"north":{"uv":[2.375,8.8125,2.59375,8.984375],"tintindex":0,"rotation":0,"texture":"#0"},"west":{"uv":[0.15625,9.0,0.296875,9.171875],"tintindex":0,"rotation":0,"texture":"#0"},"up":{"uv":[9.09375,8.921875,8.875,8.78125],"tintindex":0,"rotation":0,"texture":"#0"},"down":{"uv":[6.6875,8.90625,6.46875,9.046875],"tintindex":0,"rotation":0,"texture":"#0"}},"rotation":{"origin":[11.388314,8.384657,10.916597],"angle":-22.5,"axis":"x"}},{"from":[7.0612783,10.324879,-4.7484035],"to":[8.90069,12.228029,-2.7946224],"faces":{"east":{"uv":[5.1875,7.875,5.265625,7.953125],"tintindex":0,"rotation":0,"texture":"#0"},"south":{"uv":[5.5,2.625,5.5625,2.703125],"tintindex":0,"rotation":0,"texture":"#0"},"north":{"uv":[5.5,2.53125,5.5625,2.609375],"tintindex":0,"rotation":0,"texture":"#0"},"west":{"uv":[2.875,9.03125,2.953125,9.109375],"tintindex":0,"rotation":0,"texture":"#0"},"up":{"uv":[6.21875,7.671875,6.15625,7.59375],"tintindex":0,"rotation":0,"texture":"#0"},"down":{"uv":[7.59375,7.71875,7.53125,7.796875],"tintindex":0,"rotation":0,"texture":"#0"}},"rotation":{"origin":[10.335914,9.03001,-2.312189],"angle":22.5,"axis":"x"}},{"from":[7.251593,10.849985,-5.728609],"to":[8.710375,12.753136,-4.237959],"faces":{"east":{"uv":[7.03125,7.84375,7.09375,7.921875],"tintindex":0,"rotation":0,"texture":"#0"},"south":{"uv":[3.40625,8.0,3.46875,8.078125],"tintindex":0,"rotation":0,"texture":"#0"},"north":{"uv":[7.53125,7.8125,7.59375,7.890625],"tintindex":0,"rotation":0,"texture":"#0"},"west":{"uv":[7.53125,8.125,7.59375,8.203125],"tintindex":0,"rotation":0,"texture":"#0"},"up":{"uv":[5.5625,2.78125,5.5,2.71875],"tintindex":0,"rotation":0,"texture":"#0"},"down":{"uv":[7.59375,7.90625,7.53125,7.96875],"tintindex":0,"rotation":0,"texture":"#0"}},"rotation":{"origin":[10.335914,8.865009,-2.47719],"angle":45.0,"axis":"x"}},{"from":[5.401622,1.373086,-6.035078],"to":[10.560347,5.3697033,-4.405306],"faces":{"east":{"uv":[5.5,2.21875,5.5625,2.375],"tintindex":0,"rotation":0,"texture":"#0"},"south":{"uv":[8.875,7.875,9.078125,8.03125],"tintindex":0,"rotation":0,"texture":"#0"},"north":{"uv":[7.34375,8.875,7.546875,9.03125],"tintindex":0,"rotation":0,"texture":"#0"},"west":{"uv":[5.5,2.375,5.5625,2.53125],"tintindex":0,"rotation":0,"texture":"#0"},"up":{"uv":[9.203125,5.15625,9.0,5.09375],"tintindex":0,"rotation":0,"texture":"#0"},"down":{"uv":[2.234375,9.03125,2.03125,9.09375],"tintindex":0,"rotation":0,"texture":"#0"}},"rotation":{"origin":[11.5430765,2.8751411,3.4960728],"angle":22.5,"axis":"x"}}],"display":{"gui":{"rotation":[30,225,0]}}}