{"textures":{"0":"modelengine:entity/dragonskrill"},"elements":[{"from":[0.6861763,7.855367,7.1175375],"to":[14.174927,7.904867,29.095537],"faces":{"east":{"uv":[11.4375,8.46875,8.65625,8.484375],"tintindex":0,"rotation":0,"texture":"#0"},"south":{"uv":[10.640625,2.9375,8.9375,2.953125],"tintindex":0,"rotation":0,"texture":"#0"},"north":{"uv":[10.578125,8.0625,8.875,8.078125],"tintindex":0,"rotation":0,"texture":"#0"},"west":{"uv":[11.4375,8.4375,8.65625,8.453125],"tintindex":0,"rotation":0,"texture":"#0"},"up":{"uv":[2.78125,7.28125,4.484375,4.5],"tintindex":0,"rotation":0,"texture":"#0"},"down":{"uv":[4.5,4.5,6.203125,7.28125],"tintindex":0,"rotation":0,"texture":"#0"}},"rotation":{"origin":[3.1481133,8.039961,15.894347],"angle":-45.0,"axis":"y"}},{"from":[1.5016861,7.804836,12.827516],"to":[2.3431854,8.275085,19.609016],"faces":{"east":{"uv":[9.515625,5.96875,8.65625,6.03125],"tintindex":0,"rotation":0,"texture":"#0"},"south":{"uv":[4.453125,9.09375,4.34375,9.15625],"tintindex":0,"rotation":0,"texture":"#0"},"north":{"uv":[9.203125,2.84375,9.09375,2.90625],"tintindex":0,"rotation":0,"texture":"#0"},"west":{"uv":[9.484375,3.3125,8.625,3.375],"tintindex":0,"rotation":0,"texture":"#0"},"up":{"uv":[5.0625,8.734375,5.171875,7.875],"tintindex":0,"rotation":0,"texture":"#0"},"down":{"uv":[1.59375,7.9375,1.703125,8.796875],"tintindex":0,"rotation":0,"texture":"#0"}},"rotation":{"origin":[3.1481133,8.039961,15.894347],"angle":-22.5,"axis":"y"}},{"from":[0.41483307,7.755336,6.4363194],"to":[1.3553333,8.324587,13.71282],"faces":{"east":{"uv":[8.640625,8.28125,7.71875,8.359375],"tintindex":0,"rotation":0,"texture":"#0"},"south":{"uv":[7.71875,9.0625,7.59375,9.140625],"tintindex":0,"rotation":0,"texture":"#0"},"north":{"uv":[7.59375,9.0625,7.46875,9.140625],"tintindex":0,"rotation":0,"texture":"#0"},"west":{"uv":[4.328125,8.25,3.40625,8.328125],"tintindex":0,"rotation":0,"texture":"#0"},"up":{"uv":[7.59375,8.328125,7.71875,7.40625],"tintindex":0,"rotation":0,"texture":"#0"},"down":{"uv":[5.65625,7.65625,5.78125,8.578125],"tintindex":0,"rotation":0,"texture":"#0"}},"rotation":{"origin":[3.1481133,8.039961,15.894347],"angle":-45.0,"axis":"y"}},{"from":[0.29898834,7.866711,18.466505],"to":[0.9672375,8.213211,24.753006],"faces":{"east":{"uv":[7.703125,8.8125,6.90625,8.859375],"tintindex":0,"rotation":0,"texture":"#0"},"south":{"uv":[2.546875,9.125,2.46875,9.171875],"tintindex":0,"rotation":0,"texture":"#0"},"north":{"uv":[2.453125,9.125,2.375,9.171875],"tintindex":0,"rotation":0,"texture":"#0"},"west":{"uv":[9.609375,5.46875,8.8125,5.515625],"tintindex":0,"rotation":0,"texture":"#0"},"up":{"uv":[3.78125,9.140625,3.859375,8.34375],"tintindex":0,"rotation":0,"texture":"#0"},"down":{"uv":[3.875,8.34375,3.953125,9.140625],"tintindex":0,"rotation":0,"texture":"#0"}}}],"display":{"gui":{"rotation":[30,225,0]}}}