{
  "textures": {
    "0": "modelengine:entity/dragonskrill"
  },
  "elements": [
    {
      "from": [
        2.2249994,
        -8.480206,
        3.3445783
      ],
      "to": [
        10.475,
        9.669794,
        13.244578
      ],
      "faces": {
        "east": {
          "uv": [
            6.40625,
            8.3125,
            6.59375,
            8.65625
          ],
          "tintindex": 0,
          "rotation": 0,
          "texture": "#0"
        },
        "south": {
          "uv": [
            5.1875,
            8.625,
            5.34375,
            8.96875
          ],
          "tintindex": 0,
          "rotation": 0,
          "texture": "#0"
        },
        "north": {
          "uv": [
            4.65625,
            8.625,
            4.8125,
            8.96875
          ],
          "tintindex": 0,
          "rotation": 0,
          "texture": "#0"
        },
        "west": {
          "uv": [
            8.34375,
            2,
            8.53125,
            2.34375
          ],
          "tintindex": 0,
          "rotation": 0,
          "texture": "#0"
        },
        "up": {
          "uv": [
            2.21875,
            9.03125,
            2.0625,
            8.84375
          ],
          "tintindex": 0,
          "rotation": 0,
          "texture": "#0"
        },
        "down": {
          "uv": [
            2.96875,
            8.84375,
            2.8125,
            9.03125
          ],
          "tintindex": 0,
          "rotation": 0,
          "texture": "#0"
        }
      }
    }
  ],
  "display": {
    "gui": {
      "rotation": [
        30,
        225,
        0
      ]
    }
  }
}