{
  "textures": {
    "0": "modelengine:entity/dragonskrill"
  },
  "elements": [
    {
      "from": [
        -1.642767,
        7.764875,
        10.362867
      ],
      "to": [
        -0.8012676,
        8.235125,
        17.144367
      ],
      "faces": {
        "east": {
          "uv": [
            9.515625,
            6.03125,
            8.65625,
            6.09375
          ],
          "tintindex": 0,
          "rotation": 0,
          "texture": "#0"
        },
        "south": {
          "uv": [
            5.234375,
            9.09375,
            5.125,
            9.15625
          ],
          "tintindex": 0,
          "rotation": 0,
          "texture": "#0"
        },
        "north": {
          "uv": [
            4.921875,
            9.09375,
            4.8125,
            9.15625
          ],
          "tintindex": 0,
          "rotation": 0,
          "texture": "#0"
        },
        "west": {
          "uv": [
            6.890625,
            8.65625,
            6.03125,
            8.71875
          ],
          "tintindex": 0,
          "rotation": 0,
          "texture": "#0"
        },
        "up": {
          "uv": [
            1.71875,
            8.796875,
            1.828125,
            7.9375
          ],
          "tintindex": 0,
          "rotation": 0,
          "texture": "#0"
        },
        "down": {
          "uv": [
            1.84375,
            7.9375,
            1.953125,
            8.796875
          ],
          "tintindex": 0,
          "rotation": 0,
          "texture": "#0"
        }
      },
      "rotation": {
        "origin": [
          0.17517853,
          8,
          13.601217
        ],
        "angle": -45,
        "axis": "y"
      }
    },
    {
      "from": [
        2.4495296,
        7.715375,
        10.643838
      ],
      "to": [
        9.72603,
        8.284625,
        11.584338
      ],
      "faces": {
        "east": {
          "uv": [
            8.9375,
            9.0625,
            8.8125,
            9.140625
          ],
          "tintindex": 0,
          "rotation": 0,
          "texture": "#0"
        },
        "south": {
          "uv": [
            9.265625,
            1.71875,
            8.34375,
            1.796875
          ],
          "tintindex": 0,
          "rotation": 0,
          "texture": "#0"
        },
        "north": {
          "uv": [
            0.921875,
            8.3125,
            0,
            8.390625
          ],
          "tintindex": 0,
          "rotation": 0,
          "texture": "#0"
        },
        "west": {
          "uv": [
            8.8125,
            9.0625,
            8.6875,
            9.140625
          ],
          "tintindex": 0,
          "rotation": 0,
          "texture": "#0"
        },
        "up": {
          "uv": [
            7.71875,
            6.09375,
            8.640625,
            5.96875
          ],
          "tintindex": 0,
          "rotation": 0,
          "texture": "#0"
        },
        "down": {
          "uv": [
            7.71875,
            6.09375,
            8.640625,
            6.21875
          ],
          "tintindex": 0,
          "rotation": 0,
          "texture": "#0"
        }
      },
      "rotation": {
        "origin": [
          0.17517853,
          8,
          13.601217
        ],
        "angle": 22.5,
        "axis": "y"
      }
    },
    {
      "from": [
        -12.9331875,
        7.9752502,
        10.915182
      ],
      "to": [
        9.044813,
        8.02475,
        24.40393
      ],
      "faces": {
        "east": {
          "uv": [
            10.640625,
            7.78125,
            8.9375,
            7.796875
          ],
          "tintindex": 0,
          "rotation": 0,
          "texture": "#0"
        },
        "south": {
          "uv": [
            11.4375,
            8.53125,
            8.65625,
            8.546875
          ],
          "tintindex": 0,
          "rotation": 0,
          "texture": "#0"
        },
        "north": {
          "uv": [
            11.4375,
            8.5,
            8.65625,
            8.515625
          ],
          "tintindex": 0,
          "rotation": 0,
          "texture": "#0"
        },
        "west": {
          "uv": [
            10.640625,
            2.96875,
            8.9375,
            2.984375
          ],
          "tintindex": 0,
          "rotation": 0,
          "texture": "#0"
        },
        "up": {
          "uv": [
            5.5625,
            3.421875,
            8.34375,
            1.71875
          ],
          "tintindex": 0,
          "rotation": 0,
          "texture": "#0"
        },
        "down": {
          "uv": [
            0,
            6.21875,
            2.78125,
            7.921875
          ],
          "tintindex": 0,
          "rotation": 0,
          "texture": "#0"
        }
      },
      "rotation": {
        "origin": [
          0.17517853,
          8,
          13.601217
        ],
        "angle": 22.5,
        "axis": "y"
      }
    },
    {
      "from": [
        -2.7667732,
        7.8267503,
        15.949276
      ],
      "to": [
        -2.0985222,
        8.17325,
        22.235775
      ],
      "faces": {
        "east": {
          "uv": [
            9.609375,
            6.96875,
            8.8125,
            7.015625
          ],
          "tintindex": 0,
          "rotation": 0,
          "texture": "#0"
        },
        "south": {
          "uv": [
            2.734375,
            9.125,
            2.65625,
            9.171875
          ],
          "tintindex": 0,
          "rotation": 0,
          "texture": "#0"
        },
        "north": {
          "uv": [
            2.640625,
            9.125,
            2.5625,
            9.171875
          ],
          "tintindex": 0,
          "rotation": 0,
          "texture": "#0"
        },
        "west": {
          "uv": [
            9.609375,
            6.90625,
            8.8125,
            6.953125
          ],
          "tintindex": 0,
          "rotation": 0,
          "texture": "#0"
        },
        "up": {
          "uv": [
            3.96875,
            9.140625,
            4.046875,
            8.34375
          ],
          "tintindex": 0,
          "rotation": 0,
          "texture": "#0"
        },
        "down": {
          "uv": [
            4.0625,
            8.34375,
            4.140625,
            9.140625
          ],
          "tintindex": 0,
          "rotation": 0,
          "texture": "#0"
        }
      },
      "rotation": {
        "origin": [
          0.17517853,
          8,
          13.601217
        ],
        "angle": -22.5,
        "axis": "y"
      }
    }
  ],
  "display": {
    "gui": {
      "rotation": [
        30,
        225,
        0
      ]
    }
  }
}