{
  "textures": {
    "0": "modelengine:entity/dragonskrill"
  },
  "elements": [
    {
      "from": [
        5.0299997,
        4.059793,
        2.024578
      ],
      "to": [
        11.63,
        6.039793,
        12.749578
      ],
      "faces": {
        "east": {
          "uv": [
            9.09375,
            5.65625,
            9.296875,
            5.6875
          ],
          "tintindex": 0,
          "rotation": 0,
          "texture": "#0"
        },
        "south": {
          "uv": [
            1.84375,
            8.8125,
            1.96875,
            8.84375
          ],
          "tintindex": 0,
          "rotation": 0,
          "texture": "#0"
        },
        "north": {
          "uv": [
            5.34375,
            8.78125,
            5.46875,
            8.8125
          ],
          "tintindex": 0,
          "rotation": 0,
          "texture": "#0"
        },
        "west": {
          "uv": [
            9.09375,
            6.21875,
            9.296875,
            6.25
          ],
          "tintindex": 0,
          "rotation": 0,
          "texture": "#0"
        },
        "up": {
          "uv": [
            4.6875,
            9.171875,
            4.5625,
            8.96875
          ],
          "tintindex": 0,
          "rotation": 0,
          "texture": "#0"
        },
        "down": {
          "uv": [
            4.8125,
            8.96875,
            4.6875,
            9.171875
          ],
          "tintindex": 0,
          "rotation": 0,
          "texture": "#0"
        }
      }
    },
    {
      "from": [
        8.165,
        1.5602989,
        -6.4425974
      ],
      "to": [
        8.495,
        8.490299,
        4.612403
      ],
      "faces": {
        "east": {
          "uv": [
            5.125,
            8.96875,
            5.328125,
            9.09375
          ],
          "tintindex": 0,
          "rotation": 0,
          "texture": "#0"
        },
        "south": {
          "uv": [
            5.625,
            8.28125,
            5.640625,
            8.40625
          ],
          "tintindex": 0,
          "rotation": 0,
          "texture": "#0"
        },
        "north": {
          "uv": [
            7.5625,
            8.21875,
            7.578125,
            8.34375
          ],
          "tintindex": 0,
          "rotation": 0,
          "texture": "#0"
        },
        "west": {
          "uv": [
            5.34375,
            8.96875,
            5.546875,
            9.09375
          ],
          "tintindex": 0,
          "rotation": 0,
          "texture": "#0"
        },
        "up": {
          "uv": [
            6.890625,
            8.640625,
            6.875,
            8.4375
          ],
          "tintindex": 0,
          "rotation": 0,
          "texture": "#0"
        },
        "down": {
          "uv": [
            3.390625,
            8.625,
            3.375,
            8.828125
          ],
          "tintindex": 0,
          "rotation": 0,
          "texture": "#0"
        }
      }
    },
    {
      "from": [
        7.67,
        1.6896935,
        3.75987
      ],
      "to": [
        8,
        7.464694,
        13.164869
      ],
      "faces": {
        "east": {
          "uv": [
            9,
            3.5625,
            9.171875,
            3.671875
          ],
          "tintindex": 0,
          "rotation": 0,
          "texture": "#0"
        },
        "south": {
          "uv": [
            3.375,
            9.03125,
            3.390625,
            9.140625
          ],
          "tintindex": 0,
          "rotation": 0,
          "texture": "#0"
        },
        "north": {
          "uv": [
            6.4375,
            8.9375,
            6.453125,
            9.046875
          ],
          "tintindex": 0,
          "rotation": 0,
          "texture": "#0"
        },
        "west": {
          "uv": [
            9,
            3.6875,
            9.171875,
            3.796875
          ],
          "tintindex": 0,
          "rotation": 0,
          "texture": "#0"
        },
        "up": {
          "uv": [
            2.234375,
            9.015625,
            2.21875,
            8.84375
          ],
          "tintindex": 0,
          "rotation": 0,
          "texture": "#0"
        },
        "down": {
          "uv": [
            3.390625,
            8.84375,
            3.375,
            9.015625
          ],
          "tintindex": 0,
          "rotation": 0,
          "texture": "#0"
        }
      },
      "rotation": {
        "origin": [
          -14.935001,
          8.3497925,
          12.749578
        ],
        "angle": 22.5,
        "axis": "y"
      }
    },
    {
      "from": [
        8.66,
        1.6896935,
        3.75987
      ],
      "to": [
        8.99,
        7.464694,
        13.164869
      ],
      "faces": {
        "east": {
          "uv": [
            9,
            3.8125,
            9.171875,
            3.921875
          ],
          "tintindex": 0,
          "rotation": 0,
          "texture": "#0"
        },
        "south": {
          "uv": [
            4.9375,
            9.09375,
            4.953125,
            9.203125
          ],
          "tintindex": 0,
          "rotation": 0,
          "texture": "#0"
        },
        "north": {
          "uv": [
            3.25,
            9.0625,
            3.265625,
            9.171875
          ],
          "tintindex": 0,
          "rotation": 0,
          "texture": "#0"
        },
        "west": {
          "uv": [
            9,
            3.9375,
            9.171875,
            4.046875
          ],
          "tintindex": 0,
          "rotation": 0,
          "texture": "#0"
        },
        "up": {
          "uv": [
            5.984375,
            9.171875,
            5.96875,
            9
          ],
          "tintindex": 0,
          "rotation": 0,
          "texture": "#0"
        },
        "down": {
          "uv": [
            6.015625,
            9,
            6,
            9.171875
          ],
          "tintindex": 0,
          "rotation": 0,
          "texture": "#0"
        }
      },
      "rotation": {
        "origin": [
          31.595,
          8.3497925,
          12.749578
        ],
        "angle": -22.5,
        "axis": "y"
      }
    },
    {
      "from": [
        5.1950006,
        7.6499996,
        -13.120001
      ],
      "to": [
        11.465,
        10.62,
        -8.664999
      ],
      "faces": {
        "east": {
          "uv": [
            1.40625,
            8.75,
            1.484375,
            8.8125
          ],
          "tintindex": 0,
          "rotation": 0,
          "texture": "#0"
        },
        "south": {
          "uv": [
            9.09375,
            2.375,
            9.21875,
            2.4375
          ],
          "tintindex": 0,
          "rotation": 0,
          "texture": "#0"
        },
        "north": {
          "uv": [
            2.03125,
            9.09375,
            2.15625,
            9.15625
          ],
          "tintindex": 0,
          "rotation": 0,
          "texture": "#0"
        },
        "west": {
          "uv": [
            9.09375,
            8.8125,
            9.171875,
            8.875
          ],
          "tintindex": 0,
          "rotation": 0,
          "texture": "#0"
        },
        "up": {
          "uv": [
            7.96875,
            9.109375,
            7.84375,
            9.03125
          ],
          "tintindex": 0,
          "rotation": 0,
          "texture": "#0"
        },
        "down": {
          "uv": [
            8.09375,
            9.03125,
            7.96875,
            9.109375
          ],
          "tintindex": 0,
          "rotation": 0,
          "texture": "#0"
        }
      },
      "rotation": {
        "origin": [
          33.08,
          -30.795002,
          -10.15
        ],
        "angle": 22.5,
        "axis": "x"
      }
    }
  ],
  "display": {
    "gui": {
      "rotation": [
        30,
        225,
        0
      ]
    }
  }
}