{"textures":{"0":"modelengine:entity/dragonskrill"},"elements":[{"from":[-12.625,5.3500004,7.175],"to":[5.9374995,8.7325,10.805],"faces":{"east":{"uv":[9.140625,4.5625,9.0,4.6875],"tintindex":0,"rotation":0,"texture":"#0"},"south":{"uv":[8.796875,7.65625,8.09375,7.78125],"tintindex":0,"rotation":0,"texture":"#0"},"north":{"uv":[0.703125,8.09375,0.0,8.21875],"tintindex":0,"rotation":0,"texture":"#0"},"west":{"uv":[9.140625,4.4375,9.0,4.5625],"tintindex":0,"rotation":0,"texture":"#0"},"up":{"uv":[7.875,5.828125,8.578125,5.6875],"tintindex":0,"rotation":0,"texture":"#0"},"down":{"uv":[0.0,7.9375,0.703125,8.078125],"tintindex":0,"rotation":0,"texture":"#0"}}},{"from":[-12.212502,7.21,10.475],"to":[6.1024995,7.9524994,29.45],"faces":{"east":{"uv":[9.71875,0.28125,9.0,0.3125],"tintindex":0,"rotation":0,"texture":"#0"},"south":{"uv":[9.6875,0.6875,9.0,0.71875],"tintindex":0,"rotation":0,"texture":"#0"},"north":{"uv":[9.6875,0.65625,9.0,0.6875],"tintindex":0,"rotation":0,"texture":"#0"},"west":{"uv":[9.71875,0.25,9.0,0.28125],"tintindex":0,"rotation":0,"texture":"#0"},"up":{"uv":[4.8125,2.4375,5.5,1.71875],"tintindex":0,"rotation":0,"texture":"#0"},"down":{"uv":[2.78125,7.28125,3.46875,8.0],"tintindex":0,"rotation":0,"texture":"#0"}}},{"from":[2.225,4.5250006,-1.7349997],"to":[6.35,9.557501,2.5549994],"faces":{"east":{"uv":[6.34375,8.9375,6.1875,9.125],"tintindex":0,"rotation":0,"texture":"#0"},"south":{"uv":[6.1875,8.9375,6.03125,9.125],"tintindex":0,"rotation":0,"texture":"#0"},"north":{"uv":[9.09375,2.75,8.9375,2.9375],"tintindex":0,"rotation":0,"texture":"#0"},"west":{"uv":[3.125,8.9375,2.96875,9.125],"tintindex":0,"rotation":0,"texture":"#0"},"up":{"uv":[8.96875,6.5,9.125,6.34375],"tintindex":0,"rotation":0,"texture":"#0"},"down":{"uv":[8.1875,8.96875,8.34375,9.125],"tintindex":0,"rotation":0,"texture":"#0"}},"rotation":{"origin":[25.325,6.175,-2.7249994],"angle":22.5,"axis":"y"}}],"display":{"gui":{"rotation":[30,225,0]}}}