{"textures":{"0":"modelengine:entity/dragonskrill"},"elements":[{"from":[-4.321621,7.7867374,14.993547],"to":[-3.2524214,8.341138,25.051947],"rotation":{"angle":0.0,"axis":"y","origin":[0.23697948,8.063937,10.878095]},"faces":{"east":{"uv":[7.703125,8.8125,6.90625,8.859375],"rotation":0,"texture":"#0","tintindex":0},"south":{"uv":[2.546875,9.125,2.46875,9.171875],"rotation":0,"texture":"#0","tintindex":0},"north":{"uv":[2.453125,9.125,2.375,9.171875],"rotation":0,"texture":"#0","tintindex":0},"west":{"uv":[9.609375,5.46875,8.8125,5.515625],"rotation":0,"texture":"#0","tintindex":0},"up":{"uv":[3.78125,9.140625,3.859375,8.34375],"rotation":0,"texture":"#0","tintindex":0},"down":{"uv":[3.875,8.34375,3.953125,9.140625],"rotation":0,"texture":"#0","tintindex":0}}},{"from":[-2.3973036,7.6877375,5.971164],"to":[-1.0509043,8.440138,16.821564],"rotation":{"angle":-22.5,"axis":"y","origin":[0.23697948,8.063937,10.878095]},"faces":{"east":{"uv":[9.515625,5.96875,8.65625,6.03125],"rotation":0,"texture":"#0","tintindex":0},"south":{"uv":[4.453125,9.09375,4.34375,9.15625],"rotation":0,"texture":"#0","tintindex":0},"north":{"uv":[9.203125,2.84375,9.09375,2.90625],"rotation":0,"texture":"#0","tintindex":0},"west":{"uv":[9.484375,3.3125,8.625,3.375],"rotation":0,"texture":"#0","tintindex":0},"up":{"uv":[5.0625,8.734375,5.171875,7.875],"rotation":0,"texture":"#0","tintindex":0},"down":{"uv":[1.59375,7.9375,1.703125,8.796875],"rotation":0,"texture":"#0","tintindex":0}}},{"from":[-4.1362677,7.6085377,-4.2547503],"to":[-2.6314678,8.519338,7.3876505],"rotation":{"angle":-45.0,"axis":"y","origin":[0.23697948,8.063937,10.878095]},"faces":{"east":{"uv":[8.640625,8.28125,7.71875,8.359375],"rotation":0,"texture":"#0","tintindex":0},"south":{"uv":[7.71875,9.0625,7.59375,9.140625],"rotation":0,"texture":"#0","tintindex":0},"north":{"uv":[7.59375,9.0625,7.46875,9.140625],"rotation":0,"texture":"#0","tintindex":0},"west":{"uv":[4.328125,8.25,3.40625,8.328125],"rotation":0,"texture":"#0","tintindex":0},"up":{"uv":[7.59375,8.328125,7.71875,7.40625],"rotation":0,"texture":"#0","tintindex":0},"down":{"uv":[5.65625,7.65625,5.78125,8.578125],"rotation":0,"texture":"#0","tintindex":0}}},{"from":[-3.702118,7.7685876,-3.1648016],"to":[17.879883,7.8477874,32.0],"rotation":{"angle":-45.0,"axis":"y","origin":[0.23697948,8.063937,10.878095]},"faces":{"east":{"uv":[11.4375,8.46875,8.65625,8.484375],"rotation":0,"texture":"#0","tintindex":0},"south":{"uv":[10.640625,2.9375,8.9375,2.953125],"rotation":0,"texture":"#0","tintindex":0},"north":{"uv":[10.578125,8.0625,8.875,8.078125],"rotation":0,"texture":"#0","tintindex":0},"west":{"uv":[11.4375,8.4375,8.65625,8.453125],"rotation":0,"texture":"#0","tintindex":0},"up":{"uv":[2.78125,7.28125,4.484375,4.5],"rotation":0,"texture":"#0","tintindex":0},"down":{"uv":[4.5,4.5,6.203125,7.28125],"rotation":0,"texture":"#0","tintindex":0}}}],"display":{"head":{"translation":[0.0,-6.4,39.011444],"scale":[4.0,4.0,4.0]}}}