{"textures":{"0":"modelengine:entity/dragonskrill"},"elements":[{"from":[5.8549995,-8.85,4.535],"to":[10.804999,5.999999,12.29],"faces":{"east":{"uv":[8.71875,8.78125,8.859375,9.0625],"tintindex":0,"rotation":0,"texture":"#0"},"south":{"uv":[8.09375,8.9375,8.1875,9.21875],"tintindex":0,"rotation":0,"texture":"#0"},"north":{"uv":[6.34375,8.9375,6.4375,9.21875],"tintindex":0,"rotation":0,"texture":"#0"},"west":{"uv":[0.84375,8.8125,0.984375,9.09375],"tintindex":0,"rotation":0,"texture":"#0"},"up":{"uv":[8.59375,9.140625,8.5,9.0],"tintindex":0,"rotation":0,"texture":"#0"},"down":{"uv":[8.6875,9.0,8.59375,9.140625],"tintindex":0,"rotation":0,"texture":"#0"}}}],"display":{"gui":{"rotation":[30,225,0]}}}