{
  "textures": {
    "0": "modelengine:entity/dragonskrill"
  },
  "elements": [
    {
      "from": [
        -4.017971,
        8.02675,
        12.849389
      ],
      "to": [
        -3.34972,
        8.37325,
        19.13589
      ],
      "faces": {
        "east": {
          "uv": [
            9.609375,
            7.09375,
            8.8125,
            7.140625
          ],
          "tintindex": 0,
          "rotation": 0,
          "texture": "#0"
        },
        "south": {
          "uv": [
            3.046875,
            9.125,
            2.96875,
            9.171875
          ],
          "tintindex": 0,
          "rotation": 0,
          "texture": "#0"
        },
        "north": {
          "uv": [
            2.953125,
            9.125,
            2.875,
            9.171875
          ],
          "tintindex": 0,
          "rotation": 0,
          "texture": "#0"
        },
        "west": {
          "uv": [
            9.609375,
            7.03125,
            8.8125,
            7.078125
          ],
          "tintindex": 0,
          "rotation": 0,
          "texture": "#0"
        },
        "up": {
          "uv": [
            4.15625,
            9.140625,
            4.234375,
            8.34375
          ],
          "tintindex": 0,
          "rotation": 0,
          "texture": "#0"
        },
        "down": {
          "uv": [
            4.25,
            8.34375,
            4.328125,
            9.140625
          ],
          "tintindex": 0,
          "rotation": 0,
          "texture": "#0"
        }
      },
      "rotation": {
        "origin": [
          -0.45487595,
          8.2,
          10.9911995
        ],
        "angle": -45,
        "axis": "y"
      }
    },
    {
      "from": [
        -13.656067,
        8.17525,
        7.51956
      ],
      "to": [
        8.321934,
        8.2247505,
        21.008308
      ],
      "faces": {
        "east": {
          "uv": [
            10.640625,
            7.84375,
            8.9375,
            7.859375
          ],
          "tintindex": 0,
          "rotation": 0,
          "texture": "#0"
        },
        "south": {
          "uv": [
            11.5,
            2.34375,
            8.71875,
            2.359375
          ],
          "tintindex": 0,
          "rotation": 0,
          "texture": "#0"
        },
        "north": {
          "uv": [
            11.4375,
            8.5625,
            8.65625,
            8.578125
          ],
          "tintindex": 0,
          "rotation": 0,
          "texture": "#0"
        },
        "west": {
          "uv": [
            10.640625,
            7.8125,
            8.9375,
            7.828125
          ],
          "tintindex": 0,
          "rotation": 0,
          "texture": "#0"
        },
        "up": {
          "uv": [
            6.21875,
            1.703125,
            9,
            0
          ],
          "tintindex": 0,
          "rotation": 0,
          "texture": "#0"
        },
        "down": {
          "uv": [
            6.21875,
            3.4375,
            9,
            5.140625
          ],
          "tintindex": 0,
          "rotation": 0,
          "texture": "#0"
        }
      }
    },
    {
      "from": [
        -3.7831478,
        7.9648747,
        8.411927
      ],
      "to": [
        2.998352,
        8.435125,
        9.2534275
      ],
      "faces": {
        "east": {
          "uv": [
            5.484375,
            9.09375,
            5.375,
            9.15625
          ],
          "tintindex": 0,
          "rotation": 0,
          "texture": "#0"
        },
        "south": {
          "uv": [
            9.515625,
            6.15625,
            8.65625,
            6.21875
          ],
          "tintindex": 0,
          "rotation": 0,
          "texture": "#0"
        },
        "north": {
          "uv": [
            9.515625,
            6.09375,
            8.65625,
            6.15625
          ],
          "tintindex": 0,
          "rotation": 0,
          "texture": "#0"
        },
        "west": {
          "uv": [
            5.359375,
            9.09375,
            5.25,
            9.15625
          ],
          "tintindex": 0,
          "rotation": 0,
          "texture": "#0"
        },
        "up": {
          "uv": [
            7.71875,
            8.046875,
            8.578125,
            7.9375
          ],
          "tintindex": 0,
          "rotation": 0,
          "texture": "#0"
        },
        "down": {
          "uv": [
            7.96875,
            5.15625,
            8.828125,
            5.265625
          ],
          "tintindex": 0,
          "rotation": 0,
          "texture": "#0"
        }
      },
      "rotation": {
        "origin": [
          -0.45487595,
          8.2,
          10.9911995
        ],
        "angle": 22.5,
        "axis": "y"
      }
    },
    {
      "from": [
        1.7266521,
        7.9153748,
        7.2482157
      ],
      "to": [
        9.003151,
        8.484625,
        8.188716
      ],
      "faces": {
        "east": {
          "uv": [
            9.1875,
            9.0625,
            9.0625,
            9.140625
          ],
          "tintindex": 0,
          "rotation": 0,
          "texture": "#0"
        },
        "south": {
          "uv": [
            9.265625,
            1.90625,
            8.34375,
            1.984375
          ],
          "tintindex": 0,
          "rotation": 0,
          "texture": "#0"
        },
        "north": {
          "uv": [
            9.265625,
            1.8125,
            8.34375,
            1.890625
          ],
          "tintindex": 0,
          "rotation": 0,
          "texture": "#0"
        },
        "west": {
          "uv": [
            9.0625,
            9.0625,
            8.9375,
            9.140625
          ],
          "tintindex": 0,
          "rotation": 0,
          "texture": "#0"
        },
        "up": {
          "uv": [
            6.15625,
            7.84375,
            7.078125,
            7.71875
          ],
          "tintindex": 0,
          "rotation": 0,
          "texture": "#0"
        },
        "down": {
          "uv": [
            7.71875,
            6.21875,
            8.640625,
            6.34375
          ],
          "tintindex": 0,
          "rotation": 0,
          "texture": "#0"
        }
      }
    }
  ],
  "display": {
    "gui": {
      "rotation": [
        30,
        225,
        0
      ]
    }
  }
}