{"textures":{"0":"modelengine:entity/dragonskrill"},"elements":[{"from":[-5.124572,7.2945714,9.969143],"to":[10.0365715,9.0482855,12.005714],"rotation":{"angle":-45.0,"axis":"y","origin":[10.998286,7.8602858,8.837714]},"faces":{"east":{"uv":[7.328125,9.03125,7.21875,9.125],"rotation":0,"texture":"#0","tintindex":0},"south":{"uv":[8.96875,6.53125,8.125,6.625],"rotation":0,"texture":"#0","tintindex":0},"north":{"uv":[8.96875,6.4375,8.125,6.53125],"rotation":0,"texture":"#0","tintindex":0},"west":{"uv":[5.109375,9.03125,5.0,9.125],"rotation":0,"texture":"#0","tintindex":0},"up":{"uv":[0.71875,8.171875,1.5625,8.0625],"rotation":0,"texture":"#0","tintindex":0},"down":{"uv":[7.71875,8.0625,8.5625,8.171875],"rotation":0,"texture":"#0","tintindex":0}}},{"from":[-7.869479,6.813714,-10.234028],"to":[-4.135764,9.529143,-6.5003147],"rotation":{"angle":45.0,"axis":"y","origin":[3.8702855,8.001715,-8.982286]},"faces":{"east":{"uv":[7.328125,8.875,7.125,9.03125],"rotation":0,"texture":"#0","tintindex":0},"south":{"uv":[7.109375,8.875,6.90625,9.03125],"rotation":0,"texture":"#0","tintindex":0},"north":{"uv":[2.796875,8.84375,2.59375,9.0],"rotation":0,"texture":"#0","tintindex":0},"west":{"uv":[9.078125,5.53125,8.875,5.6875],"rotation":0,"texture":"#0","tintindex":0},"up":{"uv":[6.03125,8.921875,6.234375,8.71875],"rotation":0,"texture":"#0","tintindex":0},"down":{"uv":[6.25,8.71875,6.453125,8.921875],"rotation":0,"texture":"#0","tintindex":0}}},{"from":[-4.558858,7.872857,0.1257143],"to":[8.0,8.382,23.32],"rotation":{"angle":0.0,"axis":"y","origin":[1.7205715,8.127429,11.722857]},"faces":{"east":{"uv":[10.03125,5.9375,8.75,5.96875],"rotation":0,"texture":"#0","tintindex":0},"south":{"uv":[9.6875,0.625,9.0,0.65625],"rotation":0,"texture":"#0","tintindex":0},"north":{"uv":[9.6875,0.59375,9.0,0.625],"rotation":0,"texture":"#0","tintindex":0},"west":{"uv":[10.03125,5.90625,8.75,5.9375],"rotation":0,"texture":"#0","tintindex":0},"up":{"uv":[6.90625,6.4375,7.59375,5.15625],"rotation":0,"texture":"#0","tintindex":0},"down":{"uv":[6.90625,6.4375,7.59375,7.71875],"rotation":0,"texture":"#0","tintindex":0}}},{"from":[-4.515171,8.086572,-11.519276],"to":[1.481401,8.256286,-0.99698925],"rotation":{"angle":-22.5,"axis":"y","origin":[-1.6737156,8.143143,-2.985715]},"faces":{"east":{"uv":[9.640625,2.09375,9.0625,2.109375],"rotation":0,"texture":"#0","tintindex":0},"south":{"uv":[9.421875,8.78125,9.09375,8.796875],"rotation":0,"texture":"#0","tintindex":0},"north":{"uv":[9.421875,8.25,9.09375,8.265625],"rotation":0,"texture":"#0","tintindex":0},"west":{"uv":[9.609375,7.625,9.03125,7.640625],"rotation":0,"texture":"#0","tintindex":0},"up":{"uv":[4.59375,7.859375,4.921875,7.28125],"rotation":0,"texture":"#0","tintindex":0},"down":{"uv":[4.9375,7.28125,5.265625,7.859375],"rotation":0,"texture":"#0","tintindex":0}}}],"display":{"head":{"translation":[0.0,-6.4,0.0],"scale":[4.0,4.0,4.0]}}}