{"textures":{"0":"modelengine:entity/dragonskrill"},"elements":[{"from":[1.5537958,1.6278286,-8.733776],"to":[14.368348,5.611637,11.058998],"faces":{"east":{"uv":[8.84375,5.15625,9.21875,5.234375],"tintindex":0,"rotation":0,"texture":"#0"},"south":{"uv":[9.0,1.4375,9.25,1.515625],"tintindex":0,"rotation":0,"texture":"#0"},"north":{"uv":[9.0,1.34375,9.25,1.421875],"tintindex":0,"rotation":0,"texture":"#0"},"west":{"uv":[7.71875,8.9375,8.09375,9.015625],"tintindex":0,"rotation":0,"texture":"#0"},"up":{"uv":[2.21875,8.3125,1.96875,7.9375],"tintindex":0,"rotation":0,"texture":"#0"},"down":{"uv":[2.46875,7.9375,2.21875,8.3125],"tintindex":0,"rotation":0,"texture":"#0"}},"rotation":{"origin":[8.0,5.34,8.0],"angle":-22.5,"axis":"x"}},{"from":[6.3110723,4.6800003,-6.1899986],"to":[9.611073,6.33,7.0099983],"faces":{"east":{"uv":[5.9375,4.46875,6.1875,4.5],"tintindex":0,"rotation":0,"texture":"#0"},"south":{"uv":[7.03125,7.9375,7.09375,7.96875],"tintindex":0,"rotation":0,"texture":"#0"},"north":{"uv":[6.15625,7.6875,6.21875,7.71875],"tintindex":0,"rotation":0,"texture":"#0"},"west":{"uv":[6.59375,8.625,6.84375,8.65625],"tintindex":0,"rotation":0,"texture":"#0"},"up":{"uv":[5.5625,1.96875,5.5,1.71875],"tintindex":0,"rotation":0,"texture":"#0"},"down":{"uv":[5.5625,1.96875,5.5,2.21875],"tintindex":0,"rotation":0,"texture":"#0"}},"rotation":{"origin":[7.961072,3.0300007,5.359997],"angle":-22.5,"axis":"x"}},{"from":[3.280521,3.9543285,-9.934971],"to":[12.641623,7.5173874,11.058998],"faces":{"east":{"uv":[8.09375,7.875,8.484375,7.9375],"tintindex":0,"rotation":0,"texture":"#0"},"south":{"uv":[4.8125,9.03125,4.984375,9.09375],"tintindex":0,"rotation":0,"texture":"#0"},"north":{"uv":[9.03125,3.125,9.203125,3.1875],"tintindex":0,"rotation":0,"texture":"#0"},"west":{"uv":[8.9375,8.71875,9.328125,8.78125],"tintindex":0,"rotation":0,"texture":"#0"},"up":{"uv":[7.515625,8.546875,7.34375,8.15625],"tintindex":0,"rotation":0,"texture":"#0"},"down":{"uv":[1.109375,8.1875,0.9375,8.578125],"tintindex":0,"rotation":0,"texture":"#0"}},"rotation":{"origin":[8.0,5.835001,8.0],"angle":-22.5,"axis":"x"}},{"from":[1.628871,-4.468218,-7.563946],"to":[14.293273,-0.81277657,-5.9131203],"faces":{"east":{"uv":[3.40625,8.09375,3.4375,8.15625],"tintindex":0,"rotation":0,"texture":"#0"},"south":{"uv":[5.78125,8.53125,6.015625,8.59375],"tintindex":0,"rotation":0,"texture":"#0"},"north":{"uv":[5.5625,4.4375,5.796875,4.5],"tintindex":0,"rotation":0,"texture":"#0"},"west":{"uv":[3.4375,8.09375,3.46875,8.15625],"tintindex":0,"rotation":0,"texture":"#0"},"up":{"uv":[9.296875,2.15625,9.0625,2.125],"tintindex":0,"rotation":0,"texture":"#0"},"down":{"uv":[9.328125,2.4375,9.09375,2.46875],"tintindex":0,"rotation":0,"texture":"#0"}}}],"display":{"gui":{"rotation":[30,225,0]}}}