{"textures":{"0":"modelengine:entity/dragonskrill"},"elements":[{"from":[2.342857,2.425714,-0.76857185],"to":[13.657143,10.911428,10.545714],"rotation":{"angle":0.0,"axis":"y","origin":[8.0,5.254286,0.17428541]},"faces":{"east":{"uv":[6.53125,7.84375,6.90625,8.125],"rotation":0,"texture":"#0","tintindex":0},"south":{"uv":[3.46875,7.875,3.84375,8.15625],"rotation":0,"texture":"#0","tintindex":0},"north":{"uv":[6.15625,7.84375,6.53125,8.125],"rotation":0,"texture":"#0","tintindex":0},"west":{"uv":[3.84375,7.875,4.21875,8.15625],"rotation":0,"texture":"#0","tintindex":0},"up":{"uv":[6.03125,7.65625,5.65625,7.28125],"rotation":0,"texture":"#0","tintindex":0},"down":{"uv":[7.96875,5.15625,7.59375,5.53125],"rotation":0,"texture":"#0","tintindex":0}}},{"from":[8.0,10.534286,1.4942851],"to":[8.0,17.134285,9.98],"rotation":{"angle":0.0,"axis":"y","origin":[11.394286,2.5199995,34.21143]},"faces":{"east":{"uv":[8.4375,8.59375,8.71875,8.8125],"rotation":0,"texture":"#0","tintindex":0},"south":{"uv":[0.0,0.0,0.0,0.21875],"rotation":0,"texture":"#0","tintindex":0},"north":{"uv":[0.0,0.0,0.0,0.21875],"rotation":0,"texture":"#0","tintindex":0},"west":{"uv":[0.0,8.625,0.28125,8.84375],"rotation":0,"texture":"#0","tintindex":0},"up":{"uv":[0.0,0.28125,0.0,0.0],"rotation":0,"texture":"#0","tintindex":0},"down":{"uv":[0.0,0.0,0.0,0.28125],"rotation":0,"texture":"#0","tintindex":0}}},{"from":[3.4742856,-8.040001,-0.108572006],"to":[3.4742856,-1.4400005,8.377143],"rotation":{"angle":-45.0,"axis":"z","origin":[11.394286,2.5199995,34.21143]},"faces":{"east":{"uv":[0.28125,8.625,0.5625,8.84375],"rotation":0,"texture":"#0","tintindex":0},"south":{"uv":[0.0,0.0,0.0,0.21875],"rotation":0,"texture":"#0","tintindex":0},"north":{"uv":[0.0,0.0,0.0,0.21875],"rotation":0,"texture":"#0","tintindex":0},"west":{"uv":[0.5625,8.625,0.84375,8.84375],"rotation":0,"texture":"#0","tintindex":0},"up":{"uv":[0.0,0.28125,0.0,0.0],"rotation":0,"texture":"#0","tintindex":0},"down":{"uv":[0.0,0.0,0.0,0.28125],"rotation":0,"texture":"#0","tintindex":0}}},{"from":[12.525715,-8.040001,-0.108572006],"to":[12.525715,-1.4400005,8.377143],"rotation":{"angle":45.0,"axis":"z","origin":[4.605714,2.5199995,34.21143]},"faces":{"east":{"uv":[1.96875,8.625,2.25,8.84375],"rotation":0,"texture":"#0","tintindex":0},"south":{"uv":[0.0,0.0,0.0,0.21875],"rotation":0,"texture":"#0","tintindex":0},"north":{"uv":[0.0,0.0,0.0,0.21875],"rotation":0,"texture":"#0","tintindex":0},"west":{"uv":[2.6875,8.625,2.96875,8.84375],"rotation":0,"texture":"#0","tintindex":0},"up":{"uv":[0.0,0.28125,0.0,0.0],"rotation":0,"texture":"#0","tintindex":0},"down":{"uv":[0.0,0.0,0.0,0.28125],"rotation":0,"texture":"#0","tintindex":0}}}],"display":{"head":{"translation":[0.0,-6.4,0.0],"scale":[4.0,4.0,4.0]}}}