{"textures":{"0":"modelengine:entity/dragonskrill"},"elements":[{"from":[2.06,0.8849983,-4.8700027],"to":[13.610001,10.785,17.074997],"faces":{"east":{"uv":[6.15625,8.125,6.578125,8.3125],"tintindex":0,"rotation":0,"texture":"#0"},"south":{"uv":[8.71875,8.59375,8.9375,8.78125],"tintindex":0,"rotation":0,"texture":"#0"},"north":{"uv":[6.6875,8.71875,6.90625,8.90625],"tintindex":0,"rotation":0,"texture":"#0"},"west":{"uv":[8.125,6.625,8.546875,6.8125],"tintindex":0,"rotation":0,"texture":"#0"},"up":{"uv":[5.40625,8.390625,5.1875,7.96875],"tintindex":0,"rotation":0,"texture":"#0"},"down":{"uv":[5.625,7.96875,5.40625,8.390625],"tintindex":0,"rotation":0,"texture":"#0"}}}],"display":{"gui":{"rotation":[30,225,0]}}}