{"textures":{"0":"modelengine:entity/dragonskrill"},"elements":[{"from":[4.605714,3.9342856,0.6457138],"to":[11.205714,9.591429,13.185715],"rotation":{"angle":0.0,"axis":"y","origin":[7.4342856,5.8199997,48.73143]},"faces":{"east":{"uv":[6.15625,8.125,6.578125,8.3125],"rotation":0,"texture":"#0","tintindex":0},"south":{"uv":[8.71875,8.59375,8.9375,8.78125],"rotation":0,"texture":"#0","tintindex":0},"north":{"uv":[6.6875,8.71875,6.90625,8.90625],"rotation":0,"texture":"#0","tintindex":0},"west":{"uv":[8.125,6.625,8.546875,6.8125],"rotation":0,"texture":"#0","tintindex":0},"up":{"uv":[5.40625,8.390625,5.1875,7.96875],"rotation":0,"texture":"#0","tintindex":0},"down":{"uv":[5.625,7.96875,5.40625,8.390625],"rotation":0,"texture":"#0","tintindex":0}}}],"display":{"head":{"translation":[0.0,-6.4,0.0],"scale":[4.0,4.0,4.0]}}}