{
  "textures": {
    "0": "modelengine:entity/dragonskrill"
  },
  "elements": [
    {
      "from": [
        4.04,
        -6.035001,
        0.9050007
      ],
      "to": [
        4.04,
        -0.26000118,
        8.330001
      ],
      "faces": {
        "east": {
          "uv": [
            0.28125,
            8.625,
            0.5625,
            8.84375
          ],
          "tintindex": 0,
          "rotation": 0,
          "texture": "#0"
        },
        "west": {
          "uv": [
            0.5625,
            8.625,
            0.84375,
            8.84375
          ],
          "tintindex": 0,
          "rotation": 0,
          "texture": "#0"
        }
      },
      "rotation": {
        "origin": [
          10.97,
          3.204999,
          30.935001
        ],
        "angle": -45,
        "axis": "z"
      }
    },
    {
      "from": [
        8,
        10.217499,
        2.3075008
      ],
      "to": [
        8,
        15.992498,
        9.7325
      ],
      "faces": {
        "east": {
          "uv": [
            8.4375,
            8.59375,
            8.71875,
            8.8125
          ],
          "tintindex": 0,
          "rotation": 0,
          "texture": "#0"
        },
        "west": {
          "uv": [
            0,
            8.625,
            0.28125,
            8.84375
          ],
          "tintindex": 0,
          "rotation": 0,
          "texture": "#0"
        }
      }
    },
    {
      "from": [
        11.96,
        -6.035001,
        0.9050007
      ],
      "to": [
        11.96,
        -0.26000118,
        8.330001
      ],
      "faces": {
        "east": {
          "uv": [
            1.96875,
            8.625,
            2.25,
            8.84375
          ],
          "tintindex": 0,
          "rotation": 0,
          "texture": "#0"
        },
        "west": {
          "uv": [
            2.6875,
            8.625,
            2.96875,
            8.84375
          ],
          "tintindex": 0,
          "rotation": 0,
          "texture": "#0"
        }
      },
      "rotation": {
        "origin": [
          5.0299997,
          3.204999,
          30.935001
        ],
        "angle": 45,
        "axis": "z"
      }
    },
    {
      "from": [
        3.0500002,
        3.1224995,
        0.3275013
      ],
      "to": [
        12.95,
        10.547499,
        10.227501
      ],
      "faces": {
        "east": {
          "uv": [
            6.53125,
            7.84375,
            6.90625,
            8.125
          ],
          "tintindex": 0,
          "rotation": 0,
          "texture": "#0"
        },
        "south": {
          "uv": [
            3.46875,
            7.875,
            3.84375,
            8.15625
          ],
          "tintindex": 0,
          "rotation": 0,
          "texture": "#0"
        },
        "north": {
          "uv": [
            6.15625,
            7.84375,
            6.53125,
            8.125
          ],
          "tintindex": 0,
          "rotation": 0,
          "texture": "#0"
        },
        "west": {
          "uv": [
            3.84375,
            7.875,
            4.21875,
            8.15625
          ],
          "tintindex": 0,
          "rotation": 0,
          "texture": "#0"
        },
        "up": {
          "uv": [
            6.03125,
            7.65625,
            5.65625,
            7.28125
          ],
          "tintindex": 0,
          "rotation": 0,
          "texture": "#0"
        },
        "down": {
          "uv": [
            7.96875,
            5.15625,
            7.59375,
            5.53125
          ],
          "tintindex": 0,
          "rotation": 0,
          "texture": "#0"
        }
      }
    }
  ],
  "display": {
    "gui": {
      "rotation": [
        30,
        225,
        0
      ]
    }
  }
}