{
  "textures": {
    "0": "modelengine:entity/dragonskrill"
  },
  "elements": [
    {
      "from": [
        5.1950006,
        -8.85,
        4.535
      ],
      "to": [
        10.145,
        5.999999,
        12.29
      ],
      "faces": {
        "east": {
          "uv": [
            4.8125,
            8.75,
            4.953125,
            9.03125
          ],
          "tintindex": 0,
          "rotation": 0,
          "texture": "#0"
        },
        "south": {
          "uv": [
            3.28125,
            8.90625,
            3.375,
            9.1875
          ],
          "tintindex": 0,
          "rotation": 0,
          "texture": "#0"
        },
        "north": {
          "uv": [
            3.28125,
            8.625,
            3.375,
            8.90625
          ],
          "tintindex": 0,
          "rotation": 0,
          "texture": "#0"
        },
        "west": {
          "uv": [
            4.96875,
            8.75,
            5.109375,
            9.03125
          ],
          "tintindex": 0,
          "rotation": 0,
          "texture": "#0"
        },
        "up": {
          "uv": [
            0.9375,
            8.546875,
            0.84375,
            8.40625
          ],
          "tintindex": 0,
          "rotation": 0,
          "texture": "#0"
        },
        "down": {
          "uv": [
            1.5,
            8.59375,
            1.40625,
            8.734375
          ],
          "tintindex": 0,
          "rotation": 0,
          "texture": "#0"
        }
      }
    }
  ],
  "display": {
    "gui": {
      "rotation": [
        30,
        225,
        0
      ]
    }
  }
}