{"textures":{"0":"modelengine:entity/dragonskrill"},"elements":[{"from":[6.397143,-1.6285725,6.02],"to":[9.225715,6.857143,10.451428],"rotation":{"angle":0.0,"axis":"y","origin":[-5.8600006,-23.314287,6.1142855]},"faces":{"east":{"uv":[4.8125,8.75,4.953125,9.03125],"rotation":0,"texture":"#0","tintindex":0},"south":{"uv":[3.28125,8.90625,3.375,9.1875],"rotation":0,"texture":"#0","tintindex":0},"north":{"uv":[3.28125,8.625,3.375,8.90625],"rotation":0,"texture":"#0","tintindex":0},"west":{"uv":[4.96875,8.75,5.109375,9.03125],"rotation":0,"texture":"#0","tintindex":0},"up":{"uv":[0.9375,8.546875,0.84375,8.40625],"rotation":0,"texture":"#0","tintindex":0},"down":{"uv":[1.5,8.59375,1.40625,8.734375],"rotation":0,"texture":"#0","tintindex":0}}}],"display":{"head":{"translation":[0.0,-6.4,0.0],"scale":[4.0,4.0,4.0]}}}