{
  "textures": {
    "0": "modelengine:entity/dragonskrill"
  },
  "elements": [
    {
      "from": [
        17.563019,
        10.5606,
        -9.663492
      ],
      "to": [
        21.76062,
        10.6793995,
        -2.2978916
      ],
      "faces": {
        "east": {
          "uv": [
            9.03125,
            7.625,
            9.609375,
            7.640625
          ],
          "tintindex": 0,
          "rotation": 0,
          "texture": "#0"
        },
        "south": {
          "uv": [
            9.09375,
            8.78125,
            9.421875,
            8.796875
          ],
          "tintindex": 0,
          "rotation": 0,
          "texture": "#0"
        },
        "north": {
          "uv": [
            9.09375,
            8.25,
            9.421875,
            8.265625
          ],
          "tintindex": 0,
          "rotation": 0,
          "texture": "#0"
        },
        "west": {
          "uv": [
            9.0625,
            2.09375,
            9.640625,
            2.109375
          ],
          "tintindex": 0,
          "rotation": 0,
          "texture": "#0"
        },
        "up": {
          "uv": [
            4.921875,
            7.859375,
            4.59375,
            7.28125
          ],
          "tintindex": 0,
          "rotation": 0,
          "texture": "#0"
        },
        "down": {
          "uv": [
            5.265625,
            7.28125,
            4.9375,
            7.859375
          ],
          "tintindex": 0,
          "rotation": 0,
          "texture": "#0"
        }
      },
      "rotation": {
        "origin": [
          19.771599,
          10.6002,
          -3.6900005
        ],
        "angle": 22.5,
        "axis": "y"
      }
    },
    {
      "from": [
        11.5744,
        10.0062,
        5.3784
      ],
      "to": [
        22.187199,
        11.2338,
        6.804
      ],
      "faces": {
        "east": {
          "uv": [
            5,
            9.03125,
            5.109375,
            9.125
          ],
          "tintindex": 0,
          "rotation": 0,
          "texture": "#0"
        },
        "south": {
          "uv": [
            8.125,
            6.53125,
            8.96875,
            6.625
          ],
          "tintindex": 0,
          "rotation": 0,
          "texture": "#0"
        },
        "north": {
          "uv": [
            8.125,
            6.4375,
            8.96875,
            6.53125
          ],
          "tintindex": 0,
          "rotation": 0,
          "texture": "#0"
        },
        "west": {
          "uv": [
            7.21875,
            9.03125,
            7.328125,
            9.125
          ],
          "tintindex": 0,
          "rotation": 0,
          "texture": "#0"
        },
        "up": {
          "uv": [
            1.5625,
            8.171875,
            0.71875,
            8.0625
          ],
          "tintindex": 0,
          "rotation": 0,
          "texture": "#0"
        },
        "down": {
          "uv": [
            8.5625,
            8.0625,
            7.71875,
            8.171875
          ],
          "tintindex": 0,
          "rotation": 0,
          "texture": "#0"
        }
      },
      "rotation": {
        "origin": [
          10.901199,
          10.4022,
          4.5864
        ],
        "angle": 45,
        "axis": "y"
      }
    },
    {
      "from": [
        21.495033,
        9.6696,
        -8.763819
      ],
      "to": [
        24.108635,
        11.570399,
        -6.150219
      ],
      "faces": {
        "east": {
          "uv": [
            8.875,
            5.53125,
            9.078125,
            5.6875
          ],
          "tintindex": 0,
          "rotation": 0,
          "texture": "#0"
        },
        "south": {
          "uv": [
            6.90625,
            8.875,
            7.109375,
            9.03125
          ],
          "tintindex": 0,
          "rotation": 0,
          "texture": "#0"
        },
        "north": {
          "uv": [
            2.59375,
            8.84375,
            2.796875,
            9
          ],
          "tintindex": 0,
          "rotation": 0,
          "texture": "#0"
        },
        "west": {
          "uv": [
            7.125,
            8.875,
            7.328125,
            9.03125
          ],
          "tintindex": 0,
          "rotation": 0,
          "texture": "#0"
        },
        "up": {
          "uv": [
            6.234375,
            8.921875,
            6.03125,
            8.71875
          ],
          "tintindex": 0,
          "rotation": 0,
          "texture": "#0"
        },
        "down": {
          "uv": [
            6.453125,
            8.71875,
            6.25,
            8.921875
          ],
          "tintindex": 0,
          "rotation": 0,
          "texture": "#0"
        }
      },
      "rotation": {
        "origin": [
          15.890799,
          10.5012,
          -7.8876
        ],
        "angle": -45,
        "axis": "y"
      }
    },
    {
      "from": [
        13,
        10.411,
        -1.5119991
      ],
      "to": [
        21.791199,
        10.7674,
        14.724001
      ],
      "faces": {
        "east": {
          "uv": [
            8.75,
            5.90625,
            10.03125,
            5.9375
          ],
          "tintindex": 0,
          "rotation": 0,
          "texture": "#0"
        },
        "south": {
          "uv": [
            9,
            0.625,
            9.6875,
            0.65625
          ],
          "tintindex": 0,
          "rotation": 0,
          "texture": "#0"
        },
        "north": {
          "uv": [
            9,
            0.59375,
            9.6875,
            0.625
          ],
          "tintindex": 0,
          "rotation": 0,
          "texture": "#0"
        },
        "west": {
          "uv": [
            8.75,
            5.9375,
            10.03125,
            5.96875
          ],
          "tintindex": 0,
          "rotation": 0,
          "texture": "#0"
        },
        "up": {
          "uv": [
            7.59375,
            6.4375,
            6.90625,
            5.15625
          ],
          "tintindex": 0,
          "rotation": 0,
          "texture": "#0"
        },
        "down": {
          "uv": [
            7.59375,
            6.4375,
            6.90625,
            7.71875
          ],
          "tintindex": 0,
          "rotation": 0,
          "texture": "#0"
        }
      }
    }
  ],
  "display": {
    "gui": {
      "rotation": [
        30,
        225,
        0
      ]
    }
  }
}