{"textures":{"0":"modelengine:entity/dragonskrill"},"elements":[{"from":[6.5857143,-1.4172621,5.339759],"to":[11.3,8.954167,10.996902],"rotation":{"angle":0.0,"axis":"y","origin":[-3.785715,-31.588692,8.16833]},"faces":{"east":{"uv":[6.03125,8.3125,6.21875,8.65625],"rotation":0,"texture":"#0","tintindex":0},"south":{"uv":[4.5,8.625,4.65625,8.96875],"rotation":0,"texture":"#0","tintindex":0},"north":{"uv":[4.34375,8.625,4.5,8.96875],"rotation":0,"texture":"#0","tintindex":0},"west":{"uv":[6.21875,8.3125,6.40625,8.65625],"rotation":0,"texture":"#0","tintindex":0},"up":{"uv":[8.6875,9.0,8.53125,8.8125],"rotation":0,"texture":"#0","tintindex":0},"down":{"uv":[0.84375,8.84375,0.6875,9.03125],"rotation":0,"texture":"#0","tintindex":0}}}],"display":{"head":{"translation":[0.0,-6.4,0.0],"scale":[4.0,4.0,4.0]}}}