{
  "textures": {
    "0": "modelengine:entity/dragonskrill"
  },
  "elements": [
    {
      "from": [
        11.277376,
        10.3023,
        7.0088696
      ],
      "to": [
        17.098576,
        10.7577,
        7.76127
      ],
      "faces": {
        "east": {
          "uv": [
            8.6875,
            9.0625,
            8.8125,
            9.140625
          ],
          "tintindex": 0,
          "rotation": 0,
          "texture": "#0"
        },
        "south": {
          "uv": [
            8.34375,
            1.71875,
            9.265625,
            1.796875
          ],
          "tintindex": 0,
          "rotation": 0,
          "texture": "#0"
        },
        "north": {
          "uv": [
            0,
            8.3125,
            0.921875,
            8.390625
          ],
          "tintindex": 0,
          "rotation": 0,
          "texture": "#0"
        },
        "west": {
          "uv": [
            8.8125,
            9.0625,
            8.9375,
            9.140625
          ],
          "tintindex": 0,
          "rotation": 0,
          "texture": "#0"
        },
        "up": {
          "uv": [
            8.640625,
            6.09375,
            7.71875,
            5.96875
          ],
          "tintindex": 0,
          "rotation": 0,
          "texture": "#0"
        },
        "down": {
          "uv": [
            8.640625,
            6.09375,
            7.71875,
            6.21875
          ],
          "tintindex": 0,
          "rotation": 0,
          "texture": "#0"
        }
      },
      "rotation": {
        "origin": [
          18.918056,
          10.530001,
          9.374773
        ],
        "angle": -22.5,
        "axis": "y"
      }
    },
    {
      "from": [
        19.699215,
        10.3419,
        6.7840934
      ],
      "to": [
        20.372414,
        10.7181,
        12.209293
      ],
      "faces": {
        "east": {
          "uv": [
            6.03125,
            8.65625,
            6.890625,
            8.71875
          ],
          "tintindex": 0,
          "rotation": 0,
          "texture": "#0"
        },
        "south": {
          "uv": [
            5.125,
            9.09375,
            5.234375,
            9.15625
          ],
          "tintindex": 0,
          "rotation": 0,
          "texture": "#0"
        },
        "north": {
          "uv": [
            4.8125,
            9.09375,
            4.921875,
            9.15625
          ],
          "tintindex": 0,
          "rotation": 0,
          "texture": "#0"
        },
        "west": {
          "uv": [
            8.65625,
            6.03125,
            9.515625,
            6.09375
          ],
          "tintindex": 0,
          "rotation": 0,
          "texture": "#0"
        },
        "up": {
          "uv": [
            1.828125,
            8.796875,
            1.71875,
            7.9375
          ],
          "tintindex": 0,
          "rotation": 0,
          "texture": "#0"
        },
        "down": {
          "uv": [
            1.953125,
            7.9375,
            1.84375,
            8.796875
          ],
          "tintindex": 0,
          "rotation": 0,
          "texture": "#0"
        }
      },
      "rotation": {
        "origin": [
          18.918056,
          10.530001,
          9.374773
        ],
        "angle": 45,
        "axis": "y"
      }
    },
    {
      "from": [
        11.8223505,
        10.5102005,
        7.225945
      ],
      "to": [
        29.40475,
        10.549801,
        18.016945
      ],
      "faces": {
        "east": {
          "uv": [
            8.9375,
            2.96875,
            10.640625,
            2.984375
          ],
          "tintindex": 0,
          "rotation": 0,
          "texture": "#0"
        },
        "south": {
          "uv": [
            8.65625,
            8.53125,
            11.4375,
            8.546875
          ],
          "tintindex": 0,
          "rotation": 0,
          "texture": "#0"
        },
        "north": {
          "uv": [
            8.65625,
            8.5,
            11.4375,
            8.515625
          ],
          "tintindex": 0,
          "rotation": 0,
          "texture": "#0"
        },
        "west": {
          "uv": [
            8.9375,
            7.78125,
            10.640625,
            7.796875
          ],
          "tintindex": 0,
          "rotation": 0,
          "texture": "#0"
        },
        "up": {
          "uv": [
            8.34375,
            3.421875,
            5.5625,
            1.71875
          ],
          "tintindex": 0,
          "rotation": 0,
          "texture": "#0"
        },
        "down": {
          "uv": [
            2.78125,
            6.21875,
            0,
            7.921875
          ],
          "tintindex": 0,
          "rotation": 0,
          "texture": "#0"
        }
      },
      "rotation": {
        "origin": [
          18.918056,
          10.530001,
          9.374773
        ],
        "angle": -22.5,
        "axis": "y"
      }
    },
    {
      "from": [
        20.737019,
        10.3914,
        11.25322
      ],
      "to": [
        21.271618,
        10.6686,
        16.282421
      ],
      "faces": {
        "east": {
          "uv": [
            8.8125,
            6.90625,
            9.609375,
            6.953125
          ],
          "tintindex": 0,
          "rotation": 0,
          "texture": "#0"
        },
        "south": {
          "uv": [
            2.65625,
            9.125,
            2.734375,
            9.171875
          ],
          "tintindex": 0,
          "rotation": 0,
          "texture": "#0"
        },
        "north": {
          "uv": [
            2.5625,
            9.125,
            2.640625,
            9.171875
          ],
          "tintindex": 0,
          "rotation": 0,
          "texture": "#0"
        },
        "west": {
          "uv": [
            8.8125,
            6.96875,
            9.609375,
            7.015625
          ],
          "tintindex": 0,
          "rotation": 0,
          "texture": "#0"
        },
        "up": {
          "uv": [
            4.046875,
            9.140625,
            3.96875,
            8.34375
          ],
          "tintindex": 0,
          "rotation": 0,
          "texture": "#0"
        },
        "down": {
          "uv": [
            4.140625,
            8.34375,
            4.0625,
            9.140625
          ],
          "tintindex": 0,
          "rotation": 0,
          "texture": "#0"
        }
      },
      "rotation": {
        "origin": [
          18.918056,
          10.530001,
          9.374773
        ],
        "angle": 22.5,
        "axis": "y"
      }
    }
  ],
  "display": {
    "gui": {
      "rotation": [
        30,
        225,
        0
      ]
    }
  }
}