{"textures":{"0":"modelengine:entity/dragonskrill"},"elements":[{"from":[5.5249996,-8.480206,3.3445783],"to":[13.775001,9.669794,13.244578],"faces":{"east":{"uv":[6.03125,8.3125,6.21875,8.65625],"tintindex":0,"rotation":0,"texture":"#0"},"south":{"uv":[4.5,8.625,4.65625,8.96875],"tintindex":0,"rotation":0,"texture":"#0"},"north":{"uv":[4.34375,8.625,4.5,8.96875],"tintindex":0,"rotation":0,"texture":"#0"},"west":{"uv":[6.21875,8.3125,6.40625,8.65625],"tintindex":0,"rotation":0,"texture":"#0"},"up":{"uv":[8.6875,9.0,8.53125,8.8125],"tintindex":0,"rotation":0,"texture":"#0"},"down":{"uv":[0.84375,8.84375,0.6875,9.03125],"tintindex":0,"rotation":0,"texture":"#0"}}}],"display":{"gui":{"rotation":[30,225,0]}}}