{
  "textures": {
    "0": "modelengine:entity/dragonskrill"
  },
  "elements": [
    {
      "from": [
        8,
        7.6499977,
        10.969999
      ],
      "to": [
        8,
        19.199997,
        25.82
      ],
      "faces": {
        "east": {
          "uv": [
            4.34375,
            8.40625,
            4.625,
            8.625
          ],
          "tintindex": 0,
          "rotation": 0,
          "texture": "#0"
        },
        "west": {
          "uv": [
            4.625,
            8.40625,
            4.90625,
            8.625
          ],
          "tintindex": 0,
          "rotation": 0,
          "texture": "#0"
        }
      }
    },
    {
      "from": [
        2.225,
        0.7199974,
        4.205
      ],
      "to": [
        13.775,
        10.619999,
        26.149998
      ],
      "faces": {
        "east": {
          "uv": [
            7.03125,
            7.96875,
            7.453125,
            8.15625
          ],
          "tintindex": 0,
          "rotation": 0,
          "texture": "#0"
        },
        "south": {
          "uv": [
            6.46875,
            8.71875,
            6.6875,
            8.90625
          ],
          "tintindex": 0,
          "rotation": 0,
          "texture": "#0"
        },
        "north": {
          "uv": [
            8.71875,
            2.8125,
            8.9375,
            3
          ],
          "tintindex": 0,
          "rotation": 0,
          "texture": "#0"
        },
        "west": {
          "uv": [
            2.6875,
            8.125,
            3.109375,
            8.3125
          ],
          "tintindex": 0,
          "rotation": 0,
          "texture": "#0"
        },
        "up": {
          "uv": [
            6.21875,
            3.859375,
            6,
            3.4375
          ],
          "tintindex": 0,
          "rotation": 0,
          "texture": "#0"
        },
        "down": {
          "uv": [
            2.6875,
            7.9375,
            2.46875,
            8.359375
          ],
          "tintindex": 0,
          "rotation": 0,
          "texture": "#0"
        }
      }
    },
    {
      "from": [
        1.73,
        -14.460003,
        11.959999
      ],
      "to": [
        1.73,
        -2.9100018,
        26.810001
      ],
      "faces": {
        "east": {
          "uv": [
            0.5625,
            8.40625,
            0.84375,
            8.625
          ],
          "tintindex": 0,
          "rotation": 0,
          "texture": "#0"
        },
        "west": {
          "uv": [
            3.125,
            8.40625,
            3.40625,
            8.625
          ],
          "tintindex": 0,
          "rotation": 0,
          "texture": "#0"
        }
      },
      "rotation": {
        "origin": [
          13.940001,
          -1.5900021,
          -5.5300007
        ],
        "angle": -45,
        "axis": "z"
      }
    },
    {
      "from": [
        14.27,
        -14.460003,
        11.959999
      ],
      "to": [
        14.27,
        -2.9100018,
        26.810001
      ],
      "faces": {
        "east": {
          "uv": [
            0,
            8.40625,
            0.28125,
            8.625
          ],
          "tintindex": 0,
          "rotation": 0,
          "texture": "#0"
        },
        "west": {
          "uv": [
            0.28125,
            8.40625,
            0.5625,
            8.625
          ],
          "tintindex": 0,
          "rotation": 0,
          "texture": "#0"
        }
      },
      "rotation": {
        "origin": [
          2.06,
          -1.5900021,
          -5.5300007
        ],
        "angle": 45,
        "axis": "z"
      }
    }
  ],
  "display": {
    "gui": {
      "rotation": [
        30,
        225,
        0
      ]
    }
  }
}