{"textures":{"0":"modelengine:entity/dragonskrill"},"elements":[{"from":[8.0,10.157143,9.131429],"to":[8.0,16.757143,17.617144],"rotation":{"angle":0.0,"axis":"y","origin":[11.394286,2.708571,9.885715]},"faces":{"east":{"uv":[8.34375,3.15625,8.625,3.375],"rotation":0,"texture":"#0","tintindex":0},"south":{"uv":[0.0,0.0,0.0,0.21875],"rotation":0,"texture":"#0","tintindex":0},"north":{"uv":[0.0,0.0,0.0,0.21875],"rotation":0,"texture":"#0","tintindex":0},"west":{"uv":[2.40625,8.375,2.6875,8.59375],"rotation":0,"texture":"#0","tintindex":0},"up":{"uv":[0.0,0.28125,0.0,0.0],"rotation":0,"texture":"#0","tintindex":0},"down":{"uv":[0.0,0.0,0.0,0.28125],"rotation":0,"texture":"#0","tintindex":0}}},{"from":[3.7571425,3.0857139,5.0771427],"to":[12.242857,10.6285715,17.617144],"rotation":{"angle":0.0,"axis":"y","origin":[7.5285716,5.9142857,6.02]},"faces":{"east":{"uv":[7.09375,7.71875,7.515625,7.96875],"rotation":0,"texture":"#0","tintindex":0},"south":{"uv":[4.625,8.15625,4.90625,8.40625],"rotation":0,"texture":"#0","tintindex":0},"north":{"uv":[4.34375,8.15625,4.625,8.40625],"rotation":0,"texture":"#0","tintindex":0},"west":{"uv":[7.71875,7.40625,8.140625,7.65625],"rotation":0,"texture":"#0","tintindex":0},"up":{"uv":[6.21875,4.453125,5.9375,4.03125],"rotation":0,"texture":"#0","tintindex":0},"down":{"uv":[7.875,5.53125,7.59375,5.953125],"rotation":0,"texture":"#0","tintindex":0}}},{"from":[4.134286,-5.5885725,10.451428],"to":[4.134286,1.0114284,18.937143],"rotation":{"angle":-45.0,"axis":"z","origin":[11.394286,2.708571,9.885715]},"faces":{"east":{"uv":[7.53125,8.375,7.8125,8.59375],"rotation":0,"texture":"#0","tintindex":0},"south":{"uv":[0.0,0.0,0.0,0.21875],"rotation":0,"texture":"#0","tintindex":0},"north":{"uv":[0.0,0.0,0.0,0.21875],"rotation":0,"texture":"#0","tintindex":0},"west":{"uv":[7.8125,8.375,8.09375,8.59375],"rotation":0,"texture":"#0","tintindex":0},"up":{"uv":[0.0,0.28125,0.0,0.0],"rotation":0,"texture":"#0","tintindex":0},"down":{"uv":[0.0,0.0,0.0,0.28125],"rotation":0,"texture":"#0","tintindex":0}}},{"from":[11.865714,-5.5885725,10.451428],"to":[11.865714,1.0114284,18.937143],"rotation":{"angle":45.0,"axis":"z","origin":[4.605714,2.708571,9.885715]},"faces":{"east":{"uv":[8.09375,8.375,8.375,8.59375],"rotation":0,"texture":"#0","tintindex":0},"south":{"uv":[0.0,0.0,0.0,0.21875],"rotation":0,"texture":"#0","tintindex":0},"north":{"uv":[0.0,0.0,0.0,0.21875],"rotation":0,"texture":"#0","tintindex":0},"west":{"uv":[8.375,8.375,8.65625,8.59375],"rotation":0,"texture":"#0","tintindex":0},"up":{"uv":[0.0,0.28125,0.0,0.0],"rotation":0,"texture":"#0","tintindex":0},"down":{"uv":[0.0,0.0,0.0,0.28125],"rotation":0,"texture":"#0","tintindex":0}}}],"display":{"head":{"translation":[0.0,-6.4,0.0],"scale":[4.0,4.0,4.0]}}}