{
 "custom.demons.demondeath": {
  "sounds": [
   "custom/demons/demondeath"
  ]
 },
 "custom.demons.demonfireball": {
  "sounds": [
   "custom/demons/demonfireball"
  ]
 },
 "custom.demons.demongroundslam": {
  "sounds": [
   "custom/demons/demongroundslam"
  ]
 },
 "custom.demons.demongroundslash": {
  "sounds": [
   "custom/demons/demongroundslash"
  ]
 },
 "custom.demons.demonhit": {
  "sounds": [
   "custom/demons/demonhit"
  ]
 },
 "custom.demons.demonslash": {
  "sounds": [
   "custom/demons/demonslash"
  ]
 },
 "custom.demons.demonstabthrow": {
  "sounds": [
   "custom/demons/demonstabthrow"
  ]
 },
 "custom.demons.demontailswing": {
  "sounds": [
   "custom/demons/demontailswing"
  ]
 },
 "custom.demons.fireballsfx": {
  "sounds": [
   "custom/demons/fireballsfx"
  ]
 },
 "custom.demons.impdeath": {
  "sounds": [
   "custom/demons/impdeath"
  ]
 },
 "custom.demons.impfireball": {
  "sounds": [
   "custom/demons/impfireball"
  ]
 },
 "custom.demons.impflap": {
  "sounds": [
   "custom/demons/impflap"
  ]
 },
 "custom.demons.impscratch": {
  "sounds": [
   "custom/demons/impscratch"
  ]
 },
 "custom.demons.playerwow": {
  "sounds": [
   "custom/demons/playerwow"
  ]
 },
 "custom.demons.scampdeath": {
  "sounds": [
   "custom/demons/scampdeath"
  ]
 },
 "custom.demons.scampfireball": {
  "sounds": [
   "custom/demons/scampfireball"
  ]
 },
 "custom.demons.scamphit": {
  "sounds": [
   "custom/demons/scamphit"
  ]
 },
 "custom.demons.succubdeath": {
  "sounds": [
   "custom/demons/succubdeath"
  ]
 },
 "custom.demons.succubflamewhip": {
  "sounds": [
   "custom/demons/succubflamewhip"
  ]
 },
 "custom.demons.succubkiss": {
  "sounds": [
   "custom/demons/succubkiss"
  ]
 },
 "custom.demons.succubsoundwave": {
  "sounds": [
   "custom/demons/succubsoundwave"
  ]
 },
 "custom.demons.succubaoe": {
  "sounds": [
   "custom/demons/succubaoe"
  ]
 },
 "custom.demons.succubwhip": {
  "sounds": [
   "custom/demons/succubwhip"
  ]
 }
}