{
  "credit": "Made with Blockbench by yungwilder",
  "texture_size": [
    32,
    32
  ],
  "textures": {
    "1": "yungwilder:guardian_set/elder_guardian_hoe",
    "particle": "yungwilder:guardian_set/elder_guardian_hoe"
  },
  "elements": [
    {
      "from": [
        7,
        2,
        7
      ],
      "to": [
        9,
        11,
        9
      ],
      "faces": {
        "north": {
          "uv": [
            0,
            6,
            1,
            10.5
          ],
          "texture": "#1"
        },
        "east": {
          "uv": [
            1,
            6,
            2,
            10.5
          ],
          "texture": "#1"
        },
        "south": {
          "uv": [
            2,
            6,
            3,
            10.5
          ],
          "texture": "#1"
        },
        "west": {
          "uv": [
            3,
            6,
            4,
            10.5
          ],
          "texture": "#1"
        },
        "up": {
          "uv": [
            1,
            11.5,
            0,
            10.5
          ],
          "texture": "#1"
        },
        "down": {
          "uv": [
            2,
            10.5,
            1,
            11.5
          ],
          "texture": "#1"
        }
      }
    },
    {
      "from": [
        7,
        11,
        7
      ],
      "to": [
        9,
        20,
        9
      ],
      "faces": {
        "north": {
          "uv": [
            4,
            6,
            5,
            10.5
          ],
          "texture": "#1"
        },
        "east": {
          "uv": [
            5,
            6,
            6,
            10.5
          ],
          "texture": "#1"
        },
        "south": {
          "uv": [
            6,
            6,
            7,
            10.5
          ],
          "texture": "#1"
        },
        "west": {
          "uv": [
            7,
            6,
            8,
            10.5
          ],
          "texture": "#1"
        },
        "up": {
          "uv": [
            3,
            11.5,
            2,
            10.5
          ],
          "texture": "#1"
        },
        "down": {
          "uv": [
            4,
            10.5,
            3,
            11.5
          ],
          "texture": "#1"
        }
      }
    },
    {
      "from": [
        4,
        18,
        6.5
      ],
      "to": [
        12,
        21,
        9.5
      ],
      "rotation": {
        "angle": 0,
        "axis": "z",
        "origin": [
          11,
          16.5,
          8.5
        ]
      },
      "faces": {
        "north": {
          "uv": [
            0,
            0,
            4,
            1.5
          ],
          "texture": "#1"
        },
        "east": {
          "uv": [
            8,
            9,
            9.5,
            10.5
          ],
          "texture": "#1"
        },
        "south": {
          "uv": [
            0,
            0,
            4,
            1.5
          ],
          "texture": "#1"
        },
        "west": {
          "uv": [
            9.5,
            0,
            11,
            1.5
          ],
          "texture": "#1"
        },
        "up": {
          "uv": [
            4,
            4.5,
            0,
            3
          ],
          "texture": "#1"
        },
        "down": {
          "uv": [
            8,
            0,
            4,
            1.5
          ],
          "texture": "#1"
        }
      }
    },
    {
      "from": [
        -1.5,
        17.75,
        6
      ],
      "to": [
        2.5,
        19.75,
        10
      ],
      "rotation": {
        "angle": 22.5,
        "axis": "z",
        "origin": [
          2.25,
          19.5,
          8
        ]
      },
      "faces": {
        "north": {
          "uv": [
            11.5,
            4.5,
            9.5,
            5.5
          ],
          "texture": "#1"
        },
        "east": {
          "uv": [
            6,
            10.5,
            5,
            11.5
          ],
          "texture": "#1"
        },
        "south": {
          "uv": [
            9.5,
            4.5,
            11.5,
            5.5
          ],
          "texture": "#1"
        },
        "west": {
          "uv": [
            11.5,
            6,
            12.5,
            8
          ],
          "rotation": 90,
          "texture": "#1"
        },
        "up": {
          "uv": [
            11.5,
            8,
            13.5,
            6
          ],
          "texture": "#1"
        },
        "down": {
          "uv": [
            13.5,
            6,
            15.5,
            8
          ],
          "texture": "#1"
        }
      }
    },
    {
      "from": [
        11.5,
        17.75,
        7
      ],
      "to": [
        13.5,
        19.75,
        9
      ],
      "rotation": {
        "angle": -22.5,
        "axis": "z",
        "origin": [
          13.75,
          19.5,
          8
        ]
      },
      "faces": {
        "north": {
          "uv": [
            10.5,
            4.5,
            11.5,
            5.5
          ],
          "texture": "#1"
        },
        "east": {
          "uv": [
            10.5,
            4.5,
            11.5,
            5.5
          ],
          "texture": "#1"
        },
        "south": {
          "uv": [
            11.5,
            4.5,
            10.5,
            5.5
          ],
          "texture": "#1"
        },
        "west": {
          "uv": [
            5,
            10.5,
            6,
            11.5
          ],
          "texture": "#1"
        },
        "up": {
          "uv": [
            11.5,
            7.5,
            10.5,
            6.5
          ],
          "texture": "#1"
        },
        "down": {
          "uv": [
            11.5,
            7.5,
            10.5,
            8.5
          ],
          "texture": "#1"
        }
      }
    },
    {
      "from": [
        2.5,
        17.75,
        6
      ],
      "to": [
        4.5,
        19.75,
        10
      ],
      "rotation": {
        "angle": 22.5,
        "axis": "z",
        "origin": [
          2.25,
          19.5,
          8
        ]
      },
      "faces": {
        "north": {
          "uv": [
            11,
            4.5,
            10,
            5.5
          ],
          "texture": "#1"
        },
        "east": {
          "uv": [
            6,
            10.5,
            5,
            11.5
          ],
          "texture": "#1"
        },
        "south": {
          "uv": [
            10,
            4.5,
            11,
            5.5
          ],
          "texture": "#1"
        },
        "west": {
          "uv": [
            11.5,
            4.5,
            10.5,
            5.5
          ],
          "texture": "#1"
        },
        "up": {
          "uv": [
            12,
            8,
            13,
            6
          ],
          "texture": "#1"
        },
        "down": {
          "uv": [
            14,
            6,
            15,
            8
          ],
          "texture": "#1"
        }
      }
    },
    {
      "from": [
        -0.5,
        14.75,
        8
      ],
      "to": [
        3.5,
        17.75,
        8
      ],
      "rotation": {
        "angle": 22.5,
        "axis": "z",
        "origin": [
          2.25,
          19.5,
          8
        ]
      },
      "faces": {
        "north": {
          "uv": [
            16,
            0,
            14,
            1.5
          ],
          "texture": "#1"
        },
        "south": {
          "uv": [
            14,
            0,
            16,
            1.5
          ],
          "texture": "#1"
        }
      }
    },
    {
      "from": [
        4,
        15,
        6.5
      ],
      "to": [
        12,
        18,
        9.5
      ],
      "rotation": {
        "angle": 0,
        "axis": "z",
        "origin": [
          11,
          16.5,
          8.5
        ]
      },
      "faces": {
        "north": {
          "uv": [
            4,
            1.5,
            8,
            3
          ],
          "texture": "#1"
        },
        "east": {
          "uv": [
            9.5,
            1.5,
            11,
            3
          ],
          "texture": "#1"
        },
        "south": {
          "uv": [
            4,
            3,
            8,
            4.5
          ],
          "texture": "#1"
        },
        "west": {
          "uv": [
            9.5,
            3,
            11,
            4.5
          ],
          "texture": "#1"
        },
        "up": {
          "uv": [
            4,
            6,
            0,
            4.5
          ],
          "texture": "#1"
        },
        "down": {
          "uv": [
            8,
            4.5,
            4,
            6
          ],
          "texture": "#1"
        }
      }
    },
    {
      "from": [
        4,
        15,
        9.475
      ],
      "to": [
        12,
        18,
        6.525
      ],
      "rotation": {
        "angle": 0,
        "axis": "z",
        "origin": [
          11,
          16.5,
          7.5
        ]
      },
      "faces": {
        "north": {
          "uv": [
            8,
            3,
            4,
            4.5
          ],
          "texture": "#1"
        },
        "east": {
          "uv": [
            11,
            1.5,
            9.5,
            3
          ],
          "texture": "#1"
        },
        "south": {
          "uv": [
            8,
            1.5,
            4,
            3
          ],
          "texture": "#1"
        },
        "west": {
          "uv": [
            11,
            3,
            9.5,
            4.5
          ],
          "texture": "#1"
        },
        "up": {
          "uv": [
            4,
            4.5,
            0,
            6
          ],
          "texture": "#1"
        },
        "down": {
          "uv": [
            8,
            6,
            4,
            4.5
          ],
          "texture": "#1"
        }
      }
    },
    {
      "from": [
        6.5,
        0,
        6.5
      ],
      "to": [
        9.5,
        3,
        9.5
      ],
      "rotation": {
        "angle": 45,
        "axis": "z",
        "origin": [
          8,
          1.5,
          8
        ]
      },
      "faces": {
        "north": {
          "uv": [
            8,
            0,
            9.5,
            1.5
          ],
          "texture": "#1"
        },
        "east": {
          "uv": [
            8,
            1.5,
            9.5,
            3
          ],
          "texture": "#1"
        },
        "south": {
          "uv": [
            8,
            3,
            9.5,
            4.5
          ],
          "texture": "#1"
        },
        "west": {
          "uv": [
            8,
            4.5,
            9.5,
            6
          ],
          "texture": "#1"
        },
        "up": {
          "uv": [
            9.5,
            7.5,
            8,
            6
          ],
          "texture": "#1"
        },
        "down": {
          "uv": [
            9.5,
            7.5,
            8,
            9
          ],
          "texture": "#1"
        }
      }
    },
    {
      "from": [
        6.5,
        3,
        6.5
      ],
      "to": [
        8.5,
        4,
        9.5
      ],
      "rotation": {
        "angle": 45,
        "axis": "z",
        "origin": [
          8,
          1.5,
          8
        ]
      },
      "faces": {
        "north": {
          "uv": [
            10.5,
            10.5,
            11.5,
            11
          ],
          "texture": "#1"
        },
        "east": {
          "uv": [
            6,
            10.5,
            7.5,
            11
          ],
          "texture": "#1"
        },
        "south": {
          "uv": [
            11,
            0,
            12,
            0.5
          ],
          "texture": "#1"
        },
        "west": {
          "uv": [
            7.5,
            10.5,
            9,
            11
          ],
          "texture": "#1"
        },
        "up": {
          "uv": [
            10.5,
            10,
            9.5,
            8.5
          ],
          "texture": "#1"
        },
        "down": {
          "uv": [
            10.5,
            10,
            9.5,
            11.5
          ],
          "texture": "#1"
        }
      }
    }
  ],
  "gui_light": "front",
  "display": {
    "thirdperson_righthand": {
      "rotation": [
        0,
        -90,
        0
      ],
      "translation": [
        0,
        -1,
        1.5
      ],
      "scale": [
        0.9,
        0.9,
        0.9
      ]
    },
    "thirdperson_lefthand": {
      "rotation": [
        0,
        90,
        0
      ],
      "translation": [
        0,
        -1,
        1.5
      ],
      "scale": [
        0.9,
        0.9,
        0.9
      ]
    },
    "firstperson_righthand": {
      "rotation": [
        -20,
        -80,
        0
      ],
      "scale": [
        0.65,
        0.65,
        0.65
      ]
    },
    "firstperson_lefthand": {
      "rotation": [
        -20,
        100,
        0
      ],
      "scale": [
        0.65,
        0.65,
        0.65
      ]
    },
    "ground": {
      "rotation": [
        45,
        0,
        0
      ],
      "scale": [
        0.35,
        0.35,
        0.35
      ]
    },
    "gui": {
      "rotation": [
        20,
        -20,
        -45
      ],
      "translation": [
        -2.5,
        -2.5,
        0
      ],
      "scale": [
        0.65,
        0.65,
        0.65
      ]
    },
    "head": {
      "rotation": [
        0,
        0,
        -125
      ],
      "translation": [
        -4,
        14,
        0
      ]
    },
    "fixed": {
      "rotation": [
        0,
        0,
        45
      ],
      "translation": [
        4,
        -4,
        -1
      ],
      "scale": [
        0.8,
        0.8,
        0.8
      ]
    }
  }
}