{"credit":"Made with Blockbench by yungwilder","texture_size":[64,64],"textures":{"1":"yungwilder:guardian_set/elder_guardian_shield"},"elements":[{"from":[12.66154,8.70322,7.125],"to":[14.41154,17.70322,8.875],"rotation":{"angle":0,"axis":"z","origin":[13.83924,12.14256,8]},"faces":{"north":{"uv":[1.5,6,2,8.25],"texture":"#1"},"east":{"uv":[2,6,2.5,8.25],"texture":"#1"},"south":{"uv":[2.5,6,3,8.25],"texture":"#1"},"west":{"uv":[6.25,5.25,6.75,7.5],"texture":"#1"},"up":{"uv":[6,8,5.5,7.5],"texture":"#1"},"down":{"uv":[8,5.75,7.5,6.25],"texture":"#1"}}},{"from":[8.80327,10.30351,7.125],"to":[17.80327,12.05351,8.875],"rotation":{"angle":45,"axis":"z","origin":[13.83924,12.14256,8]},"faces":{"north":{"uv":[4.5,2.5,6.75,3],"texture":"#1"},"east":{"uv":[6,7.5,5.5,8],"texture":"#1"},"south":{"uv":[4.5,3,6.75,3.5],"texture":"#1"},"west":{"uv":[7.5,5.25,8,5.75],"texture":"#1"},"up":{"uv":[6.75,2.5,4.5,3],"texture":"#1"},"down":{"uv":[6.75,2.5,4.5,3],"texture":"#1"}}},{"from":[10.03553,-6.15685,7.95],"to":[13.03553,10.84315,8],"rotation":{"angle":-45,"axis":"z","origin":[11.53553,2.34315,8.975]},"faces":{"north":{"uv":[3,0,3.75,4.25],"texture":"#1"},"south":{"uv":[3.75,0,4.5,4.25],"texture":"#1"}}},{"from":[8.58579,4.65685,6.5],"to":[11.58579,12.65685,9.5],"rotation":{"angle":45,"axis":"z","origin":[6.58579,13.65685,7.5]},"faces":{"north":{"uv":[5.5,4.75,6.25,6.75],"texture":"#1"},"east":{"uv":[0,6,0.75,8],"texture":"#1"},"south":{"uv":[6,0.5,6.75,2.5],"texture":"#1"},"west":{"uv":[0.75,6,1.5,8],"texture":"#1"},"up":{"uv":[8.25,2.25,7.5,1.5],"texture":"#1"},"down":{"uv":[8.25,2.25,7.5,3],"texture":"#1"}}},{"from":[5.58579,4.65685,6.5],"to":[8.58579,12.65685,9.5],"rotation":{"angle":45,"axis":"z","origin":[6.58579,13.65685,7.5]},"faces":{"north":{"uv":[4.5,0.5,5.25,2.5],"texture":"#1"},"east":{"uv":[4,4.75,4.75,6.75],"texture":"#1"},"south":{"uv":[4.75,4.75,5.5,6.75],"texture":"#1"},"west":{"uv":[5.25,0.5,6,2.5],"texture":"#1"},"up":{"uv":[8.25,0.75,7.5,0],"texture":"#1"},"down":{"uv":[8.25,0.75,7.5,1.5],"texture":"#1"}}},{"from":[5.58579,4.68185,9.475],"to":[8.58579,12.63185,6.525],"rotation":{"angle":45,"axis":"z","origin":[6.58579,13.65685,8.5]},"faces":{"north":{"uv":[5.5,4.75,4.75,6.75],"texture":"#1"},"east":{"uv":[4.75,4.75,4,6.75],"texture":"#1"},"south":{"uv":[5.25,0.5,4.5,2.5],"texture":"#1"},"west":{"uv":[6,0.5,5.25,2.5],"texture":"#1"},"up":{"uv":[8.25,0,7.5,0.75],"texture":"#1"},"down":{"uv":[8.25,1.5,7.5,0.75],"texture":"#1"}}},{"from":[1.58846,8.70322,7.125],"to":[3.33846,17.70322,8.875],"rotation":{"angle":0,"axis":"z","origin":[2.16076,12.14256,8]},"faces":{"north":{"uv":[2,6,1.5,8.25],"texture":"#1"},"east":{"uv":[6.75,5.25,6.25,7.5],"texture":"#1"},"south":{"uv":[3,6,2.5,8.25],"texture":"#1"},"west":{"uv":[2.5,6,2,8.25],"texture":"#1"},"up":{"uv":[5.5,8,6,7.5],"texture":"#1"},"down":{"uv":[7.5,5.75,8,6.25],"texture":"#1"}}},{"from":[4.41421,4.65685,6.5],"to":[7.41421,12.65685,9.5],"rotation":{"angle":-45,"axis":"z","origin":[9.41421,13.65685,7.5]},"faces":{"north":{"uv":[6.25,4.75,5.5,6.75],"texture":"#1"},"east":{"uv":[1.5,6,0.75,8],"texture":"#1"},"south":{"uv":[6.75,0.5,6,2.5],"texture":"#1"},"west":{"uv":[0.75,6,0,8],"texture":"#1"},"up":{"uv":[7.5,2.25,8.25,1.5],"texture":"#1"},"down":{"uv":[7.5,2.25,8.25,3],"texture":"#1"}}},{"from":[7.41421,4.65685,6.5],"to":[10.41421,12.65685,9.5],"rotation":{"angle":-45,"axis":"z","origin":[9.41421,13.65685,7.5]},"faces":{"north":{"uv":[5.25,0.5,4.5,2.5],"texture":"#1"},"east":{"uv":[6,0.5,5.25,2.5],"texture":"#1"},"south":{"uv":[5.5,4.75,4.75,6.75],"texture":"#1"},"west":{"uv":[4.75,4.75,4,6.75],"texture":"#1"},"up":{"uv":[7.5,0.75,8.25,0],"texture":"#1"},"down":{"uv":[7.5,0.75,8.25,1.5],"texture":"#1"}}},{"from":[7.41421,4.68185,9.475],"to":[10.41421,12.63185,6.525],"rotation":{"angle":-45,"axis":"z","origin":[9.41421,13.65685,8.5]},"faces":{"north":{"uv":[4.75,4.75,5.5,6.75],"texture":"#1"},"east":{"uv":[5.25,0.5,6,2.5],"texture":"#1"},"south":{"uv":[4.5,0.5,5.25,2.5],"texture":"#1"},"west":{"uv":[4,4.75,4.75,6.75],"texture":"#1"},"up":{"uv":[7.5,0,8.25,0.75],"texture":"#1"},"down":{"uv":[7.5,1.5,8.25,0.75],"texture":"#1"}}},{"from":[-1.80327,10.30351,7.125],"to":[7.19673,12.05351,8.875],"rotation":{"angle":-45,"axis":"z","origin":[2.16076,12.14256,8]},"faces":{"north":{"uv":[6.75,2.5,4.5,3],"texture":"#1"},"east":{"uv":[8,5.25,7.5,5.75],"texture":"#1"},"south":{"uv":[6.75,3,4.5,3.5],"texture":"#1"},"west":{"uv":[5.5,7.5,6,8],"texture":"#1"},"up":{"uv":[4.5,2.5,6.75,3],"texture":"#1"},"down":{"uv":[4.5,2.5,6.75,3],"texture":"#1"}}},{"from":[2.96447,-6.15685,7.95],"to":[5.96447,10.84315,8],"rotation":{"angle":45,"axis":"z","origin":[4.46447,2.34315,8.975]},"faces":{"north":{"uv":[3.75,0,3,4.25],"texture":"#1"},"south":{"uv":[4.5,0,3.75,4.25],"texture":"#1"}}},{"from":[6.5,0,6.5],"to":[9.5,3,9.5],"rotation":{"angle":45,"axis":"z","origin":[8,1.5,8]},"faces":{"north":{"uv":[6.75,3.5,7.5,4.25],"texture":"#1"},"east":{"uv":[5,6.75,5.75,7.5],"texture":"#1"},"south":{"uv":[6.75,5.25,7.5,6],"texture":"#1"},"west":{"uv":[6.75,6,7.5,6.75],"texture":"#1"},"up":{"uv":[7.5,7.5,6.75,6.75],"texture":"#1"},"down":{"uv":[3.75,7.25,3,8],"texture":"#1"}}},{"from":[6.5,3,6.5],"to":[8.5,4,9.5],"rotation":{"angle":45,"axis":"z","origin":[8,1.5,8]},"faces":{"north":{"uv":[6,4,6.5,4.25],"texture":"#1"},"east":{"uv":[4.5,4,5.25,4.25],"texture":"#1"},"south":{"uv":[7.5,4.5,8,4.75],"texture":"#1"},"west":{"uv":[5.25,4,6,4.25],"texture":"#1"},"up":{"uv":[6.25,7.5,5.75,6.75],"texture":"#1"},"down":{"uv":[8,3,7.5,3.75],"texture":"#1"}}},{"from":[1,3,7],"to":[13,15,9],"rotation":{"angle":-45,"axis":"z","origin":[8,8,8]},"faces":{"north":{"uv":[0,0,3,3],"texture":"#1"},"east":{"uv":[3,4.25,3.5,7.25],"texture":"#1"},"south":{"uv":[0,3,3,6],"texture":"#1"},"west":{"uv":[3.5,4.25,4,7.25],"texture":"#1"},"up":{"uv":[7,4.75,4,4.25],"texture":"#1"},"down":{"uv":[7.5,0,4.5,0.5],"texture":"#1"}}},{"from":[7,6.41421,9],"to":[9,12.41421,12],"rotation":{"angle":0,"axis":"z","origin":[8,8.41421,10.5]},"faces":{"east":{"uv":[6.75,0.5,7.5,2],"texture":"#1"},"south":{"uv":[4.5,6.75,5,8.25],"texture":"#1"},"west":{"uv":[6.75,2,7.5,3.5],"texture":"#1"},"up":{"uv":[8,4.5,7.5,3.75],"texture":"#1"},"down":{"uv":[5.5,7.5,5,8.25],"texture":"#1"}}},{"from":[8.975,6.43921,9.025],"to":[7.025,12.38921,11.975],"rotation":{"angle":0,"axis":"z","origin":[8,8.41421,10.5]},"faces":{"east":{"uv":[7.5,2,6.75,3.5],"texture":"#1"},"south":{"uv":[5,6.75,4.5,8.25],"texture":"#1"},"west":{"uv":[7.5,0.5,6.75,2],"texture":"#1"},"up":{"uv":[7.5,4.5,8,3.75],"texture":"#1"},"down":{"uv":[5,7.5,5.5,8.25],"texture":"#1"}}}],"gui_light":"front","display":{"thirdperson_righthand":{"rotation":[15,-60,0],"translation":[2,-2,0]},"thirdperson_lefthand":{"rotation":[15,-60,0],"translation":[2,-2,0]},"firstperson_righthand":{"translation":[0,-1.5,0],"scale":[0.7,0.7,0.7]},"firstperson_lefthand":{"translation":[0,-1.5,0],"scale":[0.7,0.7,0.7]},"ground":{"rotation":[45,0,0],"scale":[0.45,0.45,0.45]},"gui":{"rotation":[15,-160,0],"translation":[0,-0.5,0],"scale":[0.75,0.75,0.75]},"head":{"rotation":[70,0,0],"translation":[0,9.5,0]},"fixed":{"translation":[0,-1,-2]}}}