{
  "credit": "Made with Blockbench by yungwilder",
  "texture_size": [
    32,
    32
  ],
  "textures": {
    "2": "yungwilder:guardian_set/guardian_axe",
    "particle": "yungwilder:guardian_set/guardian_axe"
  },
  "elements": [
    {
      "from": [
        7,
        2,
        7
      ],
      "to": [
        9,
        11,
        9
      ],
      "faces": {
        "north": {
          "uv": [
            0,
            7.5,
            1,
            12
          ],
          "texture": "#2"
        },
        "east": {
          "uv": [
            1,
            7.5,
            2,
            12
          ],
          "texture": "#2"
        },
        "south": {
          "uv": [
            2,
            7.5,
            3,
            12
          ],
          "texture": "#2"
        },
        "west": {
          "uv": [
            3,
            7.5,
            4,
            12
          ],
          "texture": "#2"
        },
        "up": {
          "uv": [
            12.5,
            4,
            11.5,
            3
          ],
          "texture": "#2"
        },
        "down": {
          "uv": [
            12.5,
            4,
            11.5,
            5
          ],
          "texture": "#2"
        }
      }
    },
    {
      "from": [
        7,
        11,
        7
      ],
      "to": [
        9,
        20,
        9
      ],
      "faces": {
        "north": {
          "uv": [
            4,
            7.5,
            5,
            12
          ],
          "texture": "#2"
        },
        "east": {
          "uv": [
            5,
            7.5,
            6,
            12
          ],
          "texture": "#2"
        },
        "south": {
          "uv": [
            6,
            7.5,
            7,
            12
          ],
          "texture": "#2"
        },
        "west": {
          "uv": [
            7,
            7.5,
            8,
            12
          ],
          "texture": "#2"
        },
        "up": {
          "uv": [
            12.5,
            6,
            11.5,
            5
          ],
          "texture": "#2"
        },
        "down": {
          "uv": [
            12.5,
            6,
            11.5,
            7
          ],
          "texture": "#2"
        }
      }
    },
    {
      "from": [
        4,
        18,
        6.5
      ],
      "to": [
        12,
        21,
        9.5
      ],
      "rotation": {
        "angle": 0,
        "axis": "z",
        "origin": [
          11,
          16.5,
          8.5
        ]
      },
      "faces": {
        "north": {
          "uv": [
            0,
            3,
            4,
            4.5
          ],
          "texture": "#2"
        },
        "east": {
          "uv": [
            8,
            5,
            9.5,
            6.5
          ],
          "texture": "#2"
        },
        "south": {
          "uv": [
            4,
            0,
            8,
            1.5
          ],
          "texture": "#2"
        },
        "west": {
          "uv": [
            8,
            6.5,
            9.5,
            8
          ],
          "texture": "#2"
        },
        "up": {
          "uv": [
            8,
            3,
            4,
            1.5
          ],
          "texture": "#2"
        },
        "down": {
          "uv": [
            8,
            3,
            4,
            4.5
          ],
          "texture": "#2"
        }
      }
    },
    {
      "from": [
        1.30602,
        14.75411,
        7.475
      ],
      "to": [
        5.30602,
        20.75411,
        8.525
      ],
      "rotation": {
        "angle": 22.5,
        "axis": "z",
        "origin": [
          3.16333,
          14.96232,
          8
        ]
      },
      "faces": {
        "north": {
          "uv": [
            0,
            0,
            2,
            3
          ],
          "texture": "#2"
        },
        "east": {
          "uv": [
            11,
            3,
            11.5,
            6
          ],
          "texture": "#2"
        },
        "south": {
          "uv": [
            2,
            0,
            4,
            3
          ],
          "texture": "#2"
        },
        "west": {
          "uv": [
            11,
            6,
            11.5,
            9
          ],
          "texture": "#2"
        },
        "up": {
          "uv": [
            12,
            11.5,
            10,
            11
          ],
          "texture": "#2"
        },
        "down": {
          "uv": [
            13,
            10,
            11,
            10.5
          ],
          "texture": "#2"
        }
      }
    },
    {
      "from": [
        0.06324,
        13.94999,
        7.5
      ],
      "to": [
        5.06324,
        15.94999,
        8.5
      ],
      "rotation": {
        "angle": 45,
        "axis": "z",
        "origin": [
          3.16333,
          14.96232,
          8
        ]
      },
      "faces": {
        "north": {
          "uv": [
            8,
            3,
            10.5,
            4
          ],
          "texture": "#2"
        },
        "east": {
          "uv": [
            10.5,
            3,
            11,
            4
          ],
          "texture": "#2"
        },
        "south": {
          "uv": [
            8,
            4,
            10.5,
            5
          ],
          "texture": "#2"
        },
        "west": {
          "uv": [
            10.5,
            4,
            11,
            5
          ],
          "texture": "#2"
        },
        "up": {
          "uv": [
            13.5,
            9.5,
            11,
            9
          ],
          "texture": "#2"
        },
        "down": {
          "uv": [
            13.5,
            9.5,
            11,
            10
          ],
          "texture": "#2"
        }
      }
    },
    {
      "from": [
        2.5,
        17.75,
        7
      ],
      "to": [
        4.5,
        19.75,
        9
      ],
      "rotation": {
        "angle": 22.5,
        "axis": "z",
        "origin": [
          2.25,
          19.5,
          8
        ]
      },
      "faces": {
        "north": {
          "uv": [
            11.5,
            7,
            12.5,
            8
          ],
          "texture": "#2"
        },
        "east": {
          "uv": [
            11.5,
            8,
            12.5,
            9
          ],
          "texture": "#2"
        },
        "south": {
          "uv": [
            10,
            11.5,
            11,
            12.5
          ],
          "texture": "#2"
        },
        "west": {
          "uv": [
            11,
            11.5,
            12,
            12.5
          ],
          "texture": "#2"
        },
        "up": {
          "uv": [
            1,
            13,
            0,
            12
          ],
          "texture": "#2"
        },
        "down": {
          "uv": [
            13,
            0,
            12,
            1
          ],
          "texture": "#2"
        }
      }
    },
    {
      "from": [
        11.5,
        17.75,
        7
      ],
      "to": [
        13.5,
        19.75,
        9
      ],
      "rotation": {
        "angle": -22.5,
        "axis": "z",
        "origin": [
          13.75,
          19.5,
          8
        ]
      },
      "faces": {
        "north": {
          "uv": [
            12.5,
            7,
            11.5,
            8
          ],
          "texture": "#2"
        },
        "east": {
          "uv": [
            12,
            11.5,
            11,
            12.5
          ],
          "texture": "#2"
        },
        "south": {
          "uv": [
            11,
            11.5,
            10,
            12.5
          ],
          "texture": "#2"
        },
        "west": {
          "uv": [
            12.5,
            8,
            11.5,
            9
          ],
          "texture": "#2"
        },
        "up": {
          "uv": [
            0,
            13,
            1,
            12
          ],
          "texture": "#2"
        },
        "down": {
          "uv": [
            12,
            0,
            13,
            1
          ],
          "texture": "#2"
        }
      }
    },
    {
      "from": [
        10.69398,
        14.75411,
        7.475
      ],
      "to": [
        14.69398,
        20.75411,
        8.525
      ],
      "rotation": {
        "angle": -22.5,
        "axis": "z",
        "origin": [
          12.83667,
          14.96232,
          8
        ]
      },
      "faces": {
        "north": {
          "uv": [
            2,
            0,
            0,
            3
          ],
          "texture": "#2"
        },
        "east": {
          "uv": [
            11.5,
            6,
            11,
            9
          ],
          "texture": "#2"
        },
        "south": {
          "uv": [
            4,
            0,
            2,
            3
          ],
          "texture": "#2"
        },
        "west": {
          "uv": [
            11.5,
            3,
            11,
            6
          ],
          "texture": "#2"
        },
        "up": {
          "uv": [
            10,
            11.5,
            12,
            11
          ],
          "texture": "#2"
        },
        "down": {
          "uv": [
            11,
            10,
            13,
            10.5
          ],
          "texture": "#2"
        }
      }
    },
    {
      "from": [
        10.93676,
        13.94999,
        7.5
      ],
      "to": [
        15.93676,
        15.94999,
        8.5
      ],
      "rotation": {
        "angle": -45,
        "axis": "z",
        "origin": [
          12.83667,
          14.96232,
          8
        ]
      },
      "faces": {
        "north": {
          "uv": [
            10.5,
            3,
            8,
            4
          ],
          "texture": "#2"
        },
        "east": {
          "uv": [
            11,
            4,
            10.5,
            5
          ],
          "texture": "#2"
        },
        "south": {
          "uv": [
            10.5,
            4,
            8,
            5
          ],
          "texture": "#2"
        },
        "west": {
          "uv": [
            11,
            3,
            10.5,
            4
          ],
          "texture": "#2"
        },
        "up": {
          "uv": [
            11,
            9.5,
            13.5,
            9
          ],
          "texture": "#2"
        },
        "down": {
          "uv": [
            11,
            9.5,
            13.5,
            10
          ],
          "texture": "#2"
        }
      }
    },
    {
      "from": [
        16.00262,
        15.74948,
        8
      ],
      "to": [
        19.00262,
        20.74948,
        8.05
      ],
      "rotation": {
        "angle": -22.5,
        "axis": "z",
        "origin": [
          13.50262,
          18.24948,
          8.525
        ]
      },
      "faces": {
        "north": {
          "uv": [
            10.5,
            0,
            8,
            1.5
          ],
          "rotation": 90,
          "texture": "#2"
        },
        "south": {
          "uv": [
            10.5,
            1.5,
            8,
            3
          ],
          "rotation": 270,
          "texture": "#2"
        }
      }
    },
    {
      "from": [
        -3.00262,
        15.74948,
        8
      ],
      "to": [
        -0.00262,
        20.74948,
        8.05
      ],
      "rotation": {
        "angle": 22.5,
        "axis": "z",
        "origin": [
          2.49738,
          18.24948,
          8.525
        ]
      },
      "faces": {
        "north": {
          "uv": [
            10.5,
            1.5,
            8,
            0
          ],
          "rotation": 90,
          "texture": "#2"
        },
        "south": {
          "uv": [
            10.5,
            3,
            8,
            1.5
          ],
          "rotation": 270,
          "texture": "#2"
        }
      }
    },
    {
      "from": [
        4,
        15,
        6.5
      ],
      "to": [
        12,
        18,
        9.5
      ],
      "rotation": {
        "angle": 0,
        "axis": "z",
        "origin": [
          11,
          16.5,
          8.5
        ]
      },
      "faces": {
        "north": {
          "uv": [
            0,
            4.5,
            4,
            6
          ],
          "texture": "#2"
        },
        "east": {
          "uv": [
            8,
            8,
            9.5,
            9.5
          ],
          "texture": "#2"
        },
        "south": {
          "uv": [
            4,
            4.5,
            8,
            6
          ],
          "texture": "#2"
        },
        "west": {
          "uv": [
            9.5,
            5,
            11,
            6.5
          ],
          "texture": "#2"
        },
        "up": {
          "uv": [
            4,
            7.5,
            0,
            6
          ],
          "texture": "#2"
        },
        "down": {
          "uv": [
            8,
            6,
            4,
            7.5
          ],
          "texture": "#2"
        }
      }
    },
    {
      "from": [
        4.025,
        15.025,
        9.475
      ],
      "to": [
        11.975,
        17.975,
        6.525
      ],
      "rotation": {
        "angle": 0,
        "axis": "z",
        "origin": [
          11,
          16.5,
          7.5
        ]
      },
      "faces": {
        "north": {
          "uv": [
            8,
            4.5,
            4,
            6
          ],
          "texture": "#2"
        },
        "east": {
          "uv": [
            9.5,
            8,
            8,
            9.5
          ],
          "texture": "#2"
        },
        "south": {
          "uv": [
            4,
            4.5,
            0,
            6
          ],
          "texture": "#2"
        },
        "west": {
          "uv": [
            11,
            5,
            9.5,
            6.5
          ],
          "texture": "#2"
        },
        "up": {
          "uv": [
            4,
            6,
            0,
            7.5
          ],
          "texture": "#2"
        },
        "down": {
          "uv": [
            8,
            7.5,
            4,
            6
          ],
          "texture": "#2"
        }
      }
    },
    {
      "from": [
        6.5,
        0,
        6.5
      ],
      "to": [
        9.5,
        3,
        9.5
      ],
      "rotation": {
        "angle": 45,
        "axis": "z",
        "origin": [
          8,
          1.5,
          8
        ]
      },
      "faces": {
        "north": {
          "uv": [
            9.5,
            6.5,
            11,
            8
          ],
          "texture": "#2"
        },
        "east": {
          "uv": [
            8,
            9.5,
            9.5,
            11
          ],
          "texture": "#2"
        },
        "south": {
          "uv": [
            9.5,
            8,
            11,
            9.5
          ],
          "texture": "#2"
        },
        "west": {
          "uv": [
            9.5,
            9.5,
            11,
            11
          ],
          "texture": "#2"
        },
        "up": {
          "uv": [
            12,
            1.5,
            10.5,
            0
          ],
          "texture": "#2"
        },
        "down": {
          "uv": [
            12,
            1.5,
            10.5,
            3
          ],
          "texture": "#2"
        }
      }
    },
    {
      "from": [
        6.5,
        3,
        6.5
      ],
      "to": [
        8.5,
        4,
        9.5
      ],
      "rotation": {
        "angle": 45,
        "axis": "z",
        "origin": [
          8,
          1.5,
          8
        ]
      },
      "faces": {
        "north": {
          "uv": [
            12,
            1,
            13,
            1.5
          ],
          "texture": "#2"
        },
        "east": {
          "uv": [
            11,
            10.5,
            12.5,
            11
          ],
          "texture": "#2"
        },
        "south": {
          "uv": [
            12,
            1.5,
            13,
            2
          ],
          "texture": "#2"
        },
        "west": {
          "uv": [
            1,
            12,
            2.5,
            12.5
          ],
          "texture": "#2"
        },
        "up": {
          "uv": [
            9,
            12.5,
            8,
            11
          ],
          "texture": "#2"
        },
        "down": {
          "uv": [
            10,
            11,
            9,
            12.5
          ],
          "texture": "#2"
        }
      }
    }
  ],
  "gui_light": "front",
  "display": {
    "thirdperson_righthand": {
      "rotation": [
        0,
        -90,
        0
      ],
      "translation": [
        0,
        -1,
        1.5
      ],
      "scale": [
        0.9,
        0.9,
        0.9
      ]
    },
    "thirdperson_lefthand": {
      "rotation": [
        0,
        90,
        0
      ],
      "translation": [
        0,
        -1,
        1.5
      ],
      "scale": [
        0.9,
        0.9,
        0.9
      ]
    },
    "firstperson_righthand": {
      "rotation": [
        -20,
        -80,
        0
      ],
      "scale": [
        0.65,
        0.65,
        0.65
      ]
    },
    "firstperson_lefthand": {
      "rotation": [
        -20,
        100,
        0
      ],
      "scale": [
        0.65,
        0.65,
        0.65
      ]
    },
    "ground": {
      "rotation": [
        45,
        0,
        0
      ],
      "scale": [
        0.35,
        0.35,
        0.35
      ]
    },
    "gui": {
      "rotation": [
        20,
        -20,
        -45
      ],
      "translation": [
        -2.5,
        -2.5,
        0
      ],
      "scale": [
        0.65,
        0.65,
        0.65
      ]
    },
    "head": {
      "rotation": [
        0,
        0,
        -125
      ],
      "translation": [
        -4,
        14,
        0
      ]
    },
    "fixed": {
      "rotation": [
        0,
        0,
        45
      ],
      "translation": [
        4,
        -4,
        -1
      ],
      "scale": [
        0.8,
        0.8,
        0.8
      ]
    }
  }
}