{"credit":"Made with Blockbench by yungwilder","texture_size":[32,32],"textures":{"2":"yungwilder:guardian_set/guardian_fishing_rod"},"elements":[{"from":[4.8245,7.50881,7.95],"to":[7.8245,8.50881,8],"rotation":{"angle":22.5,"axis":"z","origin":[8.4745,10.00881,8.975]},"faces":{"north":{"uv":[11,2,11.5,3.5],"rotation":270,"texture":"#2"},"south":{"uv":[11,2,11.5,3.5],"rotation":90,"texture":"#2"}}},{"from":[6.67887,10.76827,7.95],"to":[7.67887,21.76827,8],"rotation":{"angle":22.5,"axis":"z","origin":[8.55387,13.01827,8.85]},"faces":{"north":{"uv":[11,0,11.5,5.5],"texture":"#2"},"south":{"uv":[11,0,11.5,5.5],"texture":"#2"}}},{"from":[5.51127,5.13819,7.95],"to":[6.51127,10.13819,8],"rotation":{"angle":22.5,"axis":"z","origin":[6.38627,15.63819,7.975]},"faces":{"north":{"uv":[11,2,11.5,4.5],"rotation":180,"texture":"#2"},"south":{"uv":[11,2,11.5,4.5],"rotation":180,"texture":"#2"}}},{"from":[8.55664,6.39167,6.5],"to":[11.55664,14.39167,9.5],"rotation":{"angle":22.5,"axis":"z","origin":[8.044,10.64523,8]},"faces":{"north":{"uv":[3,0,4.5,4],"texture":"#2"},"east":{"uv":[3,4,4.5,8],"texture":"#2"},"south":{"uv":[4.5,0,6,4],"texture":"#2"},"west":{"uv":[4.5,4,6,8],"texture":"#2"},"up":{"uv":[12.5,9,11,7.5],"texture":"#2"},"down":{"uv":[9.5,11,8,12.5],"texture":"#2"}}},{"from":[8.92318,13.39251,7.125],"to":[10.67318,22.39251,8.875],"rotation":{"angle":22.5,"axis":"z","origin":[8.044,10.64523,8]},"faces":{"north":{"uv":[10,0,11,4.5],"texture":"#2"},"east":{"uv":[2.5,10,3.5,14.5],"texture":"#2"},"south":{"uv":[10,4.5,11,9],"texture":"#2"},"west":{"uv":[3.5,10.5,4.5,15],"texture":"#2"},"up":{"uv":[5,9,4,8],"texture":"#2"},"down":{"uv":[6,8,5,9],"texture":"#2"}}},{"from":[7.125,-5,7.125],"to":[8.875,4,8.875],"rotation":{"angle":0,"axis":"y","origin":[0,-7,0]},"faces":{"north":{"uv":[4.5,10.5,5.5,15],"texture":"#2"},"east":{"uv":[5.5,10.5,6.5,15],"texture":"#2"},"south":{"uv":[6.5,10.5,7.5,15],"texture":"#2"},"west":{"uv":[10.5,9,11.5,13.5],"texture":"#2"},"up":{"uv":[12.5,5.5,11.5,4.5],"texture":"#2"},"down":{"uv":[13.5,4.5,12.5,5.5],"texture":"#2"}}},{"from":[11.55664,-2.60833,7.95],"to":[14.55664,14.39167,8],"rotation":{"angle":22.5,"axis":"z","origin":[8.044,10.64523,8]},"faces":{"north":{"uv":[0,0,1.5,8.5],"texture":"#2"},"south":{"uv":[1.5,0,3,8.5],"texture":"#2"}}},{"from":[3.55664,3.39167,6.5],"to":[11.55664,6.39167,9.5],"rotation":{"angle":22.5,"axis":"z","origin":[8.044,10.64523,8]},"faces":{"north":{"uv":[6,0,10,1.5],"texture":"#2"},"east":{"uv":[11.5,0,13,1.5],"texture":"#2"},"south":{"uv":[10,0,6,1.5],"texture":"#2"},"west":{"uv":[11.5,0,13,1.5],"texture":"#2"},"up":{"uv":[10,4.5,6,3],"texture":"#2"},"down":{"uv":[6,4,4.5,8],"rotation":270,"texture":"#2"}}},{"from":[3.55664,0.39167,6.5],"to":[11.55664,3.39167,9.5],"rotation":{"angle":22.5,"axis":"z","origin":[8.044,10.64523,8]},"faces":{"north":{"uv":[6,6,10,7.5],"texture":"#2"},"east":{"uv":[11.5,3,13,4.5],"texture":"#2"},"south":{"uv":[6,7.5,10,9],"texture":"#2"},"west":{"uv":[11.5,9,13,10.5],"texture":"#2"},"up":{"uv":[4,10,0,8.5],"texture":"#2"},"down":{"uv":[8,9,4,10.5],"texture":"#2"}}},{"from":[3.58164,0.39167,9.475],"to":[11.53164,3.39167,6.525],"rotation":{"angle":22.5,"axis":"z","origin":[8.044,10.64523,8]},"faces":{"north":{"uv":[6,6,10,7.5],"texture":"#2"},"east":{"uv":[11.5,3,13,4.5],"texture":"#2"},"south":{"uv":[6,7.5,10,9],"texture":"#2"},"west":{"uv":[11.5,9,13,10.5],"texture":"#2"},"up":{"uv":[4,10,0,8.5],"texture":"#2"},"down":{"uv":[8,9,4,10.5],"texture":"#2"}}},{"from":[5.72883,6.05813,9.475],"to":[8.72883,14.00813,6.525],"rotation":{"angle":22.5,"axis":"z","origin":[7.22883,10.03313,8]},"faces":{"north":{"uv":[6,6,10,7.5],"rotation":270,"texture":"#2"},"east":{"uv":[4,10,0,8.5],"rotation":90,"texture":"#2"},"south":{"uv":[6,7.5,10,9],"rotation":90,"texture":"#2"},"west":{"uv":[8,9,4,10.5],"rotation":90,"texture":"#2"},"up":{"uv":[11.5,9,13,10.5],"rotation":90,"texture":"#2"},"down":{"uv":[11.5,3,13,4.5],"rotation":90,"texture":"#2"}}},{"from":[5.72883,6.03313,6.5],"to":[8.72883,14.03313,9.5],"rotation":{"angle":22.5,"axis":"z","origin":[7.22883,10.03313,8]},"faces":{"north":{"uv":[6,6,10,7.5],"rotation":270,"texture":"#2"},"east":{"uv":[4,10,0,8.5],"rotation":90,"texture":"#2"},"south":{"uv":[6,7.5,10,9],"rotation":90,"texture":"#2"},"west":{"uv":[8,9,4,10.5],"rotation":90,"texture":"#2"},"up":{"uv":[11.5,9,13,10.5],"rotation":90,"texture":"#2"},"down":{"uv":[11.5,3,13,4.5],"rotation":90,"texture":"#2"}}},{"from":[2.55664,3.39167,7],"to":[7.55664,7.39167,9],"rotation":{"angle":22.5,"axis":"z","origin":[8.044,10.64523,8]},"faces":{"north":{"uv":[8,9,10.5,11],"texture":"#2"},"east":{"uv":[9.5,11,10.5,13],"texture":"#2"},"south":{"uv":[0,10,2.5,12],"texture":"#2"},"west":{"uv":[1.5,12,2.5,14],"texture":"#2"},"up":{"uv":[13.5,6.5,11,5.5],"texture":"#2"},"down":{"uv":[13.5,6.5,11,7.5],"texture":"#2"}}},{"from":[6.5,-7,6.5],"to":[9.5,-4,9.5],"rotation":{"angle":45,"axis":"z","origin":[8,-5.5,8]},"faces":{"north":{"uv":[11.5,10.5,13,12],"texture":"#2"},"east":{"uv":[0,12,1.5,13.5],"texture":"#2"},"south":{"uv":[11.5,12,13,13.5],"texture":"#2"},"west":{"uv":[12.5,7.5,14,9],"texture":"#2"},"up":{"uv":[9.5,14,8,12.5],"texture":"#2"},"down":{"uv":[14.5,0,13,1.5],"texture":"#2"}}},{"from":[6.5,-4,6.5],"to":[8.5,-3,9.5],"rotation":{"angle":45,"axis":"z","origin":[8,-5.5,8]},"faces":{"north":{"uv":[3,8,4,8.5],"texture":"#2"},"east":{"uv":[13,9,14.5,9.5],"texture":"#2"},"south":{"uv":[9.5,13,10.5,13.5],"texture":"#2"},"west":{"uv":[13,9.5,14.5,10],"texture":"#2"},"up":{"uv":[14,3,13,1.5],"texture":"#2"},"down":{"uv":[14,3,13,4.5],"texture":"#2"}}},{"from":[10.29112,19.78217,6.5],"to":[13.29112,22.78217,9.5],"rotation":{"angle":22.5,"axis":"z","origin":[7.79112,5.53217,8]},"faces":{"north":{"uv":[11.5,12,13,10.5],"rotation":270,"texture":"#2"},"east":{"uv":[14.5,1.5,13,0],"rotation":90,"texture":"#2"},"south":{"uv":[11.5,13.5,13,12],"rotation":90,"texture":"#2"},"west":{"uv":[9.5,12.5,8,14],"rotation":90,"texture":"#2"},"up":{"uv":[12.5,9,14,7.5],"rotation":90,"texture":"#2"},"down":{"uv":[0,13.5,1.5,12],"rotation":90,"texture":"#2"}}},{"from":[9.29112,20.78217,6.5],"to":[10.29112,22.78217,9.5],"rotation":{"angle":22.5,"axis":"z","origin":[7.79112,5.53217,8]},"faces":{"north":{"uv":[3,8.5,4,8],"rotation":270,"texture":"#2"},"east":{"uv":[14,4.5,13,3],"rotation":90,"texture":"#2"},"south":{"uv":[9.5,13.5,10.5,13],"rotation":90,"texture":"#2"},"west":{"uv":[14,1.5,13,3],"rotation":90,"texture":"#2"},"up":{"uv":[13,10,14.5,9.5],"rotation":90,"texture":"#2"},"down":{"uv":[13,9.5,14.5,9],"rotation":90,"texture":"#2"}}}],"gui_light":"front","display":{"thirdperson_righthand":{"rotation":[0,-90,0],"translation":[0,6.5,1.5],"scale":[0.9,0.9,0.9]},"thirdperson_lefthand":{"rotation":[0,90,0],"translation":[0,6.5,1.5],"scale":[0.9,0.9,0.9]},"firstperson_righthand":{"rotation":[-20,-70,0],"translation":[0,5,0],"scale":[0.6,0.6,0.6]},"firstperson_lefthand":{"rotation":[-20,110,0],"translation":[0,5,0],"scale":[0.6,0.6,0.6]},"ground":{"rotation":[45,0,0],"scale":[0.35,0.35,0.35]},"gui":{"rotation":[20,-20,-45],"translation":[0.5,-1,0],"scale":[0.65,0.65,0.65]},"head":{"rotation":[0,0,-125],"translation":[-4,12.5,0]},"fixed":{"rotation":[0,0,40],"translation":[1,0.5,-1],"scale":[0.8,0.8,0.8]}}}