{
  "credit": "Made with Blockbench by yungwilder",
  "texture_size": [
    64,
    64
  ],
  "textures": {
    "0": "yungwilder:guardian_set/guardian_bow",
    "particle": "yungwilder:guardian_set/guardian_bow"
  },
  "elements": [
    {
      "from": [
        3.93579,
        -12.17317,
        7.125
      ],
      "to": [
        5.68579,
        -3.17317,
        8.875
      ],
      "rotation": {
        "angle": -45,
        "axis": "z",
        "origin": [
          6.00013,
          -3.85462,
          8
        ]
      },
      "faces": {
        "north": {
          "uv": [
            3.75,
            3,
            4.25,
            5.25
          ],
          "texture": "#0"
        },
        "east": {
          "uv": [
            1.5,
            4,
            2,
            6.25
          ],
          "texture": "#0"
        },
        "south": {
          "uv": [
            3.75,
            3,
            4.25,
            5.25
          ],
          "texture": "#0"
        },
        "west": {
          "uv": [
            1.5,
            4,
            2,
            6.25
          ],
          "texture": "#0"
        },
        "up": {
          "uv": [
            5,
            2,
            4.5,
            1.5
          ],
          "texture": "#0"
        },
        "down": {
          "uv": [
            5.75,
            0.5,
            5.25,
            1
          ],
          "texture": "#0"
        }
      }
    },
    {
      "from": [
        3.66985,
        11.65441,
        7.125
      ],
      "to": [
        12.66985,
        13.40441,
        8.875
      ],
      "rotation": {
        "angle": 22.5,
        "axis": "z",
        "origin": [
          8.65338,
          12.83877,
          8
        ]
      },
      "faces": {
        "north": {
          "uv": [
            8.5,
            0,
            8,
            2.25
          ],
          "rotation": 270,
          "texture": "#0"
        },
        "east": {
          "uv": [
            5,
            2,
            4.5,
            1.5
          ],
          "rotation": 90,
          "texture": "#0"
        },
        "south": {
          "uv": [
            8.5,
            0,
            8,
            2.25
          ],
          "rotation": 90,
          "texture": "#0"
        },
        "west": {
          "uv": [
            8.5,
            2.5,
            8,
            3
          ],
          "rotation": 90,
          "texture": "#0"
        },
        "up": {
          "uv": [
            8,
            0,
            8.5,
            2.25
          ],
          "rotation": 90,
          "texture": "#0"
        },
        "down": {
          "uv": [
            8,
            0,
            8.5,
            2.25
          ],
          "rotation": 90,
          "texture": "#0"
        }
      }
    },
    {
      "from": [
        7.19443,
        8.19232,
        7.125
      ],
      "to": [
        8.94443,
        17.19232,
        8.875
      ],
      "rotation": {
        "angle": -22.5,
        "axis": "z",
        "origin": [
          8.65338,
          12.83877,
          8
        ]
      },
      "faces": {
        "north": {
          "uv": [
            8.5,
            0,
            8,
            2.25
          ],
          "texture": "#0"
        },
        "east": {
          "uv": [
            8,
            0,
            8.5,
            2.25
          ],
          "texture": "#0"
        },
        "south": {
          "uv": [
            8.5,
            0,
            8,
            2.25
          ],
          "texture": "#0"
        },
        "west": {
          "uv": [
            8,
            0,
            8.5,
            2.25
          ],
          "texture": "#0"
        },
        "up": {
          "uv": [
            5,
            2,
            4.5,
            1.5
          ],
          "texture": "#0"
        },
        "down": {
          "uv": [
            8.5,
            2.5,
            8,
            3
          ],
          "texture": "#0"
        }
      }
    },
    {
      "from": [
        7.19443,
        -5.19232,
        7.125
      ],
      "to": [
        8.94443,
        3.80768,
        8.875
      ],
      "rotation": {
        "angle": 22.5,
        "axis": "z",
        "origin": [
          8.65338,
          -0.83877,
          8
        ]
      },
      "faces": {
        "north": {
          "uv": [
            8,
            0,
            8.5,
            2.25
          ],
          "rotation": 180,
          "texture": "#0"
        },
        "east": {
          "uv": [
            8.5,
            0,
            8,
            2.25
          ],
          "rotation": 180,
          "texture": "#0"
        },
        "south": {
          "uv": [
            8,
            0,
            8.5,
            2.25
          ],
          "rotation": 180,
          "texture": "#0"
        },
        "west": {
          "uv": [
            8.5,
            0,
            8,
            2.25
          ],
          "rotation": 180,
          "texture": "#0"
        },
        "up": {
          "uv": [
            8,
            2.5,
            8.5,
            3
          ],
          "rotation": 180,
          "texture": "#0"
        },
        "down": {
          "uv": [
            4.5,
            2,
            5,
            1.5
          ],
          "rotation": 180,
          "texture": "#0"
        }
      }
    },
    {
      "from": [
        3.66985,
        -1.40441,
        7.125
      ],
      "to": [
        12.66985,
        0.34559,
        8.875
      ],
      "rotation": {
        "angle": -22.5,
        "axis": "z",
        "origin": [
          8.65338,
          -0.83877,
          8
        ]
      },
      "faces": {
        "north": {
          "uv": [
            8,
            0,
            8.5,
            2.25
          ],
          "rotation": 270,
          "texture": "#0"
        },
        "east": {
          "uv": [
            4.5,
            2,
            5,
            1.5
          ],
          "rotation": 90,
          "texture": "#0"
        },
        "south": {
          "uv": [
            8,
            0,
            8.5,
            2.25
          ],
          "rotation": 90,
          "texture": "#0"
        },
        "west": {
          "uv": [
            8,
            2.5,
            8.5,
            3
          ],
          "rotation": 90,
          "texture": "#0"
        },
        "up": {
          "uv": [
            8.5,
            0,
            8,
            2.25
          ],
          "rotation": 90,
          "texture": "#0"
        },
        "down": {
          "uv": [
            8.5,
            0,
            8,
            2.25
          ],
          "rotation": 90,
          "texture": "#0"
        }
      }
    },
    {
      "from": [
        6.89489,
        -0.42192,
        7.1875
      ],
      "to": [
        8.64489,
        8.57808,
        8.9375
      ],
      "rotation": {
        "angle": 0,
        "axis": "z",
        "origin": [
          7.76989,
          3.32808,
          8.0625
        ]
      },
      "faces": {
        "north": {
          "uv": [
            8,
            0,
            8.5,
            2.25
          ],
          "rotation": 180,
          "texture": "#0"
        },
        "east": {
          "uv": [
            8.5,
            0,
            8,
            2.25
          ],
          "rotation": 180,
          "texture": "#0"
        },
        "south": {
          "uv": [
            8,
            0,
            8.5,
            2.25
          ],
          "rotation": 180,
          "texture": "#0"
        },
        "west": {
          "uv": [
            8.5,
            0,
            8,
            2.25
          ],
          "rotation": 180,
          "texture": "#0"
        },
        "up": {
          "uv": [
            8,
            2.5,
            8.5,
            3
          ],
          "rotation": 180,
          "texture": "#0"
        },
        "down": {
          "uv": [
            4.5,
            2,
            5,
            1.5
          ],
          "rotation": 180,
          "texture": "#0"
        }
      }
    },
    {
      "from": [
        -0.89093,
        -8.79289,
        8
      ],
      "to": [
        0.10907,
        7.20711,
        8.05
      ],
      "rotation": {
        "angle": 22.5,
        "axis": "z",
        "origin": [
          -0.39093,
          -7.79289,
          8.025
        ]
      },
      "faces": {
        "north": {
          "uv": [
            8.5,
            0,
            8.75,
            4
          ],
          "rotation": 180,
          "texture": "#0"
        },
        "south": {
          "uv": [
            8.5,
            0,
            8.75,
            4
          ],
          "rotation": 180,
          "texture": "#0"
        }
      }
    },
    {
      "from": [
        -0.89093,
        4.79289,
        8
      ],
      "to": [
        0.10907,
        20.79289,
        8.05
      ],
      "rotation": {
        "angle": -22.5,
        "axis": "z",
        "origin": [
          -0.39093,
          19.79289,
          8.025
        ]
      },
      "faces": {
        "north": {
          "uv": [
            8.5,
            4,
            8.75,
            0
          ],
          "rotation": 180,
          "texture": "#0"
        },
        "south": {
          "uv": [
            8.5,
            4,
            8.75,
            0
          ],
          "rotation": 180,
          "texture": "#0"
        }
      }
    },
    {
      "from": [
        6.89489,
        2.57808,
        7.1875
      ],
      "to": [
        8.64489,
        11.57808,
        8.9375
      ],
      "rotation": {
        "angle": 0,
        "axis": "z",
        "origin": [
          7.76989,
          -1.17192,
          8.0625
        ]
      },
      "faces": {
        "north": {
          "uv": [
            8,
            2.25,
            8.5,
            0
          ],
          "rotation": 180,
          "texture": "#0"
        },
        "east": {
          "uv": [
            8.5,
            2.25,
            8,
            0
          ],
          "rotation": 180,
          "texture": "#0"
        },
        "south": {
          "uv": [
            8,
            2.25,
            8.5,
            0
          ],
          "rotation": 180,
          "texture": "#0"
        },
        "west": {
          "uv": [
            8.5,
            2.25,
            8,
            0
          ],
          "rotation": 180,
          "texture": "#0"
        },
        "up": {
          "uv": [
            4.5,
            1.5,
            5,
            2
          ],
          "rotation": 180,
          "texture": "#0"
        },
        "down": {
          "uv": [
            8,
            3,
            8.5,
            2.5
          ],
          "rotation": 180,
          "texture": "#0"
        }
      }
    },
    {
      "from": [
        3.14798,
        -3.37394,
        6.5
      ],
      "to": [
        11.14798,
        -0.37394,
        9.5
      ],
      "rotation": {
        "angle": 45,
        "axis": "z",
        "origin": [
          6.00013,
          -0.27038,
          8
        ]
      },
      "faces": {
        "north": {
          "uv": [
            1.5,
            2,
            2.25,
            0
          ],
          "rotation": 90,
          "texture": "#0"
        },
        "east": {
          "uv": [
            1.5,
            4.75,
            0.75,
            5.5
          ],
          "rotation": 270,
          "texture": "#0"
        },
        "south": {
          "uv": [
            2.25,
            2,
            1.5,
            0
          ],
          "rotation": 270,
          "texture": "#0"
        },
        "west": {
          "uv": [
            5.75,
            2.25,
            5,
            1.5
          ],
          "rotation": 270,
          "texture": "#0"
        },
        "up": {
          "uv": [
            1.5,
            4,
            2.25,
            2
          ],
          "rotation": 270,
          "texture": "#0"
        },
        "down": {
          "uv": [
            2.25,
            2,
            3,
            0
          ],
          "rotation": 270,
          "texture": "#0"
        }
      }
    },
    {
      "from": [
        3.14798,
        -0.37394,
        6.5
      ],
      "to": [
        11.14798,
        2.62606,
        9.5
      ],
      "rotation": {
        "angle": 45,
        "axis": "z",
        "origin": [
          6.00013,
          -0.27038,
          8
        ]
      },
      "faces": {
        "north": {
          "uv": [
            2.25,
            4,
            3,
            2
          ],
          "rotation": 90,
          "texture": "#0"
        },
        "east": {
          "uv": [
            5.75,
            2.25,
            5,
            3
          ],
          "rotation": 270,
          "texture": "#0"
        },
        "south": {
          "uv": [
            3,
            4,
            3.75,
            2
          ],
          "rotation": 270,
          "texture": "#0"
        },
        "west": {
          "uv": [
            3.25,
            5.75,
            2.5,
            5
          ],
          "rotation": 270,
          "texture": "#0"
        },
        "up": {
          "uv": [
            3,
            2,
            3.75,
            0
          ],
          "rotation": 270,
          "texture": "#0"
        },
        "down": {
          "uv": [
            3.75,
            2,
            4.5,
            0
          ],
          "rotation": 270,
          "texture": "#0"
        }
      }
    },
    {
      "from": [
        3.17298,
        -0.37394,
        9.475
      ],
      "to": [
        11.12298,
        2.62606,
        6.525
      ],
      "rotation": {
        "angle": 45,
        "axis": "z",
        "origin": [
          6.00013,
          -0.27038,
          8
        ]
      },
      "faces": {
        "north": {
          "uv": [
            3.75,
            4,
            3,
            2
          ],
          "rotation": 90,
          "texture": "#0"
        },
        "east": {
          "uv": [
            5.75,
            3,
            5,
            2.25
          ],
          "rotation": 270,
          "texture": "#0"
        },
        "south": {
          "uv": [
            3,
            4,
            2.25,
            2
          ],
          "rotation": 270,
          "texture": "#0"
        },
        "west": {
          "uv": [
            3.25,
            5,
            2.5,
            5.75
          ],
          "rotation": 270,
          "texture": "#0"
        },
        "up": {
          "uv": [
            3.75,
            2,
            3,
            0
          ],
          "rotation": 270,
          "texture": "#0"
        },
        "down": {
          "uv": [
            4.5,
            2,
            3.75,
            0
          ],
          "rotation": 270,
          "texture": "#0"
        }
      }
    },
    {
      "from": [
        1.12275,
        -12.3125,
        6.5
      ],
      "to": [
        4.12275,
        -9.3125,
        9.5
      ],
      "rotation": {
        "angle": -45,
        "axis": "z",
        "origin": [
          5.10281,
          -6.49031,
          8
        ]
      },
      "faces": {
        "north": {
          "uv": [
            4.25,
            3.5,
            5,
            4.25
          ],
          "rotation": 90,
          "texture": "#0"
        },
        "east": {
          "uv": [
            0.75,
            4.75,
            0,
            5.5
          ],
          "rotation": 270,
          "texture": "#0"
        },
        "south": {
          "uv": [
            4.25,
            3.5,
            5,
            4.25
          ],
          "rotation": 270,
          "texture": "#0"
        },
        "west": {
          "uv": [
            5.25,
            1.5,
            4.5,
            0.75
          ],
          "rotation": 270,
          "texture": "#0"
        },
        "up": {
          "uv": [
            4.25,
            4.25,
            5,
            5
          ],
          "rotation": 270,
          "texture": "#0"
        },
        "down": {
          "uv": [
            4.5,
            0,
            5.25,
            0.75
          ],
          "rotation": 270,
          "texture": "#0"
        }
      }
    },
    {
      "from": [
        0.12275,
        -12.3125,
        6.5
      ],
      "to": [
        1.12275,
        -10.3125,
        9.5
      ],
      "rotation": {
        "angle": -45,
        "axis": "z",
        "origin": [
          5.10281,
          -6.49031,
          8
        ]
      },
      "faces": {
        "north": {
          "uv": [
            3.75,
            5.25,
            4.25,
            5.5
          ],
          "rotation": 90,
          "texture": "#0"
        },
        "east": {
          "uv": [
            5.5,
            4.5,
            5,
            5.25
          ],
          "rotation": 270,
          "texture": "#0"
        },
        "south": {
          "uv": [
            0.75,
            5.5,
            1.25,
            5.75
          ],
          "rotation": 270,
          "texture": "#0"
        },
        "west": {
          "uv": [
            4.75,
            5.75,
            4.25,
            5
          ],
          "rotation": 270,
          "texture": "#0"
        },
        "up": {
          "uv": [
            5,
            5.25,
            5.75,
            5.5
          ],
          "rotation": 270,
          "texture": "#0"
        },
        "down": {
          "uv": [
            0,
            5.5,
            0.75,
            5.75
          ],
          "rotation": 270,
          "texture": "#0"
        }
      }
    },
    {
      "from": [
        3.14798,
        9.37394,
        6.5
      ],
      "to": [
        11.14798,
        12.37394,
        9.5
      ],
      "rotation": {
        "angle": -45,
        "axis": "z",
        "origin": [
          6.00013,
          12.27038,
          8
        ]
      },
      "faces": {
        "north": {
          "uv": [
            3,
            4,
            2.25,
            2
          ],
          "rotation": 90,
          "texture": "#0"
        },
        "east": {
          "uv": [
            5,
            2.25,
            5.75,
            3
          ],
          "rotation": 270,
          "texture": "#0"
        },
        "south": {
          "uv": [
            3.75,
            4,
            3,
            2
          ],
          "rotation": 270,
          "texture": "#0"
        },
        "west": {
          "uv": [
            2.5,
            5.75,
            3.25,
            5
          ],
          "rotation": 270,
          "texture": "#0"
        },
        "up": {
          "uv": [
            4.5,
            2,
            3.75,
            0
          ],
          "rotation": 270,
          "texture": "#0"
        },
        "down": {
          "uv": [
            3.75,
            2,
            3,
            0
          ],
          "rotation": 270,
          "texture": "#0"
        }
      }
    },
    {
      "from": [
        3.17298,
        9.37394,
        9.475
      ],
      "to": [
        11.12298,
        12.37394,
        6.525
      ],
      "rotation": {
        "angle": -45,
        "axis": "z",
        "origin": [
          6.00013,
          12.27038,
          8
        ]
      },
      "faces": {
        "north": {
          "uv": [
            3,
            4,
            3.75,
            2
          ],
          "rotation": 90,
          "texture": "#0"
        },
        "east": {
          "uv": [
            5,
            3,
            5.75,
            2.25
          ],
          "rotation": 270,
          "texture": "#0"
        },
        "south": {
          "uv": [
            2.25,
            4,
            3,
            2
          ],
          "rotation": 270,
          "texture": "#0"
        },
        "west": {
          "uv": [
            2.5,
            5,
            3.25,
            5.75
          ],
          "rotation": 270,
          "texture": "#0"
        },
        "up": {
          "uv": [
            3.75,
            2,
            4.5,
            0
          ],
          "rotation": 270,
          "texture": "#0"
        },
        "down": {
          "uv": [
            3,
            2,
            3.75,
            0
          ],
          "rotation": 270,
          "texture": "#0"
        }
      }
    },
    {
      "from": [
        3.14798,
        12.37394,
        6.5
      ],
      "to": [
        11.14798,
        15.37394,
        9.5
      ],
      "rotation": {
        "angle": -45,
        "axis": "z",
        "origin": [
          6.00013,
          12.27038,
          8
        ]
      },
      "faces": {
        "north": {
          "uv": [
            2.25,
            2,
            1.5,
            0
          ],
          "rotation": 90,
          "texture": "#0"
        },
        "east": {
          "uv": [
            0.75,
            4.75,
            1.5,
            5.5
          ],
          "rotation": 270,
          "texture": "#0"
        },
        "south": {
          "uv": [
            1.5,
            2,
            2.25,
            0
          ],
          "rotation": 270,
          "texture": "#0"
        },
        "west": {
          "uv": [
            5,
            2.25,
            5.75,
            1.5
          ],
          "rotation": 270,
          "texture": "#0"
        },
        "up": {
          "uv": [
            3,
            2,
            2.25,
            0
          ],
          "rotation": 270,
          "texture": "#0"
        },
        "down": {
          "uv": [
            2.25,
            4,
            1.5,
            2
          ],
          "rotation": 270,
          "texture": "#0"
        }
      }
    },
    {
      "from": [
        3.93579,
        15.17317,
        7.125
      ],
      "to": [
        5.68579,
        24.17317,
        8.875
      ],
      "rotation": {
        "angle": 45,
        "axis": "z",
        "origin": [
          6.00013,
          15.85462,
          8
        ]
      },
      "faces": {
        "north": {
          "uv": [
            3.75,
            5.25,
            4.25,
            3
          ],
          "texture": "#0"
        },
        "east": {
          "uv": [
            1.5,
            6.25,
            2,
            4
          ],
          "texture": "#0"
        },
        "south": {
          "uv": [
            3.75,
            5.25,
            4.25,
            3
          ],
          "texture": "#0"
        },
        "west": {
          "uv": [
            1.5,
            6.25,
            2,
            4
          ],
          "texture": "#0"
        },
        "up": {
          "uv": [
            5.75,
            1,
            5.25,
            0.5
          ],
          "texture": "#0"
        },
        "down": {
          "uv": [
            5,
            1.5,
            4.5,
            2
          ],
          "texture": "#0"
        }
      }
    },
    {
      "from": [
        1.12275,
        21.3125,
        6.5
      ],
      "to": [
        4.12275,
        24.3125,
        9.5
      ],
      "rotation": {
        "angle": 45,
        "axis": "z",
        "origin": [
          5.10281,
          18.49031,
          8
        ]
      },
      "faces": {
        "north": {
          "uv": [
            5,
            3.5,
            4.25,
            4.25
          ],
          "rotation": 90,
          "texture": "#0"
        },
        "east": {
          "uv": [
            0,
            4.75,
            0.75,
            5.5
          ],
          "rotation": 270,
          "texture": "#0"
        },
        "south": {
          "uv": [
            5,
            3.5,
            4.25,
            4.25
          ],
          "rotation": 270,
          "texture": "#0"
        },
        "west": {
          "uv": [
            4.5,
            1.5,
            5.25,
            0.75
          ],
          "rotation": 270,
          "texture": "#0"
        },
        "up": {
          "uv": [
            5.25,
            0,
            4.5,
            0.75
          ],
          "rotation": 270,
          "texture": "#0"
        },
        "down": {
          "uv": [
            5,
            4.25,
            4.25,
            5
          ],
          "rotation": 270,
          "texture": "#0"
        }
      }
    },
    {
      "from": [
        0.12275,
        22.3125,
        6.5
      ],
      "to": [
        1.12275,
        24.3125,
        9.5
      ],
      "rotation": {
        "angle": 45,
        "axis": "z",
        "origin": [
          5.10281,
          18.49031,
          8
        ]
      },
      "faces": {
        "north": {
          "uv": [
            4.25,
            5.25,
            3.75,
            5.5
          ],
          "rotation": 90,
          "texture": "#0"
        },
        "east": {
          "uv": [
            5,
            4.5,
            5.5,
            5.25
          ],
          "rotation": 270,
          "texture": "#0"
        },
        "south": {
          "uv": [
            1.25,
            5.5,
            0.75,
            5.75
          ],
          "rotation": 270,
          "texture": "#0"
        },
        "west": {
          "uv": [
            4.25,
            5.75,
            4.75,
            5
          ],
          "rotation": 270,
          "texture": "#0"
        },
        "up": {
          "uv": [
            0.75,
            5.5,
            0,
            5.75
          ],
          "rotation": 270,
          "texture": "#0"
        },
        "down": {
          "uv": [
            5.75,
            5.25,
            5,
            5.5
          ],
          "rotation": 270,
          "texture": "#0"
        }
      }
    },
    {
      "from": [
        -8,
        5.5,
        7.5
      ],
      "to": [
        16,
        6.5,
        8.5
      ],
      "faces": {
        "north": {
          "uv": [
            16,
            0,
            10,
            0.25
          ],
          "texture": "#0"
        },
        "east": {
          "uv": [
            15.75,
            0,
            16,
            0.25
          ],
          "texture": "#0"
        },
        "south": {
          "uv": [
            10,
            0,
            16,
            0.25
          ],
          "texture": "#0"
        },
        "west": {
          "uv": [
            10,
            0,
            10.25,
            0.25
          ],
          "texture": "#0"
        },
        "up": {
          "uv": [
            10,
            0,
            16,
            0.25
          ],
          "texture": "#0"
        },
        "down": {
          "uv": [
            10,
            0,
            16,
            0.25
          ],
          "texture": "#0"
        }
      }
    },
    {
      "from": [
        13,
        2.5,
        7.975
      ],
      "to": [
        22,
        9.5,
        8.025
      ],
      "rotation": {
        "angle": 0,
        "axis": "x",
        "origin": [
          17.5,
          6,
          8
        ]
      },
      "faces": {
        "north": {
          "uv": [
            16,
            0.25,
            13.75,
            2
          ],
          "texture": "#0"
        },
        "south": {
          "uv": [
            13.75,
            0.25,
            16,
            2
          ],
          "texture": "#0"
        }
      }
    },
    {
      "from": [
        -14,
        2.5,
        7.975
      ],
      "to": [
        -5,
        9.5,
        8.075
      ],
      "rotation": {
        "angle": -45,
        "axis": "x",
        "origin": [
          -9.5,
          6,
          8.025
        ]
      },
      "faces": {
        "north": {
          "uv": [
            16,
            2,
            13.75,
            3.75
          ],
          "texture": "#0"
        },
        "south": {
          "uv": [
            13.75,
            2,
            16,
            3.75
          ],
          "texture": "#0"
        }
      }
    },
    {
      "from": [
        -14,
        2.5,
        7.975
      ],
      "to": [
        -5,
        9.5,
        8.075
      ],
      "rotation": {
        "angle": 45,
        "axis": "x",
        "origin": [
          -9.5,
          6,
          8.025
        ]
      },
      "faces": {
        "north": {
          "uv": [
            16,
            2,
            13.75,
            3.75
          ],
          "texture": "#0"
        },
        "south": {
          "uv": [
            13.75,
            2,
            16,
            3.75
          ],
          "texture": "#0"
        }
      }
    },
    {
      "from": [
        13,
        5.975,
        4.5
      ],
      "to": [
        22,
        6.025,
        11.5
      ],
      "rotation": {
        "angle": 0,
        "axis": "x",
        "origin": [
          17.5,
          6,
          8
        ]
      },
      "faces": {
        "up": {
          "uv": [
            13.75,
            0.25,
            16,
            2
          ],
          "texture": "#0"
        },
        "down": {
          "uv": [
            16,
            0.25,
            13.75,
            2
          ],
          "rotation": 180,
          "texture": "#0"
        }
      }
    }
  ],
  "gui_light": "front",
  "display": {
    "thirdperson_righthand": {
      "rotation": [
        0,
        90,
        0
      ],
      "translation": [
        0,
        -0.25,
        1
      ],
      "scale": [
        0.85,
        0.85,
        0.85
      ]
    },
    "thirdperson_lefthand": {
      "rotation": [
        0,
        -90,
        0
      ],
      "translation": [
        0,
        -0.25,
        1
      ],
      "scale": [
        0.85,
        0.85,
        0.85
      ]
    },
    "firstperson_righthand": {
      "rotation": [
        15,
        115,
        0
      ],
      "translation": [
        0,
        5,
        0
      ],
      "scale": [
        0.45,
        0.45,
        0.45
      ]
    },
    "firstperson_lefthand": {
      "rotation": [
        15,
        -65,
        0
      ],
      "translation": [
        0,
        5,
        0
      ],
      "scale": [
        0.45,
        0.45,
        0.45
      ]
    },
    "ground": {
      "rotation": [
        65,
        0,
        0
      ],
      "translation": [
        1,
        2,
        0
      ],
      "scale": [
        0.35,
        0.35,
        0.35
      ]
    },
    "gui": {
      "rotation": [
        25,
        -165,
        45
      ],
      "translation": [
        -1,
        2,
        0
      ],
      "scale": [
        0.5,
        0.5,
        0.5
      ]
    },
    "head": {
      "rotation": [
        0,
        0,
        90
      ],
      "translation": [
        -2,
        8,
        0
      ]
    },
    "fixed": {
      "rotation": [
        0,
        0,
        45
      ],
      "translation": [
        1.5,
        3,
        -1
      ],
      "scale": [
        0.65,
        0.65,
        0.65
      ]
    }
  }
}