{
  "parent": "minecraft:item/generated",
  "textures": {
    "layer0": "minecraft:item/paper"
  },
  "overrides": [
    {
      "predicate": {
        "custom_model_data": 10000
      },
      "model": "_iainternal:ia_auto_gen/icon_left_blue"
    },
    {
      "predicate": {
        "custom_model_data": 10001
      },
      "model": "_iainternal:ia_auto_gen/icon_right_blue"
    },
    {
      "predicate": {
        "custom_model_data": 10002
      },
      "model": "_iainternal:ia_auto_gen/icon_search"
    },
    {
      "predicate": {
        "custom_model_data": 10003
      },
      "model": "_iainternal:ia_auto_gen/icon_cancel"
    },
    {
      "predicate": {
        "custom_model_data": 10004
      },
      "model": "_iainternal:ia_auto_gen/icon_arrow_chest"
    },
    {
      "predicate": {
        "custom_model_data": 10005
      },
      "model": "_iainternal:ia_auto_gen/icon_back_orange"
    },
    {
      "predicate": {
        "custom_model_data": 10006
      },
      "model": "_iainternal:ia_auto_gen/icon_next_orange"
    },
    {
        "predicate": {
          "custom_model_data": 5829
        },
        "model": "cosmetics:custom/cosmetics/ancient/ancient_helmet"
      },
      {
        "predicate": {
          "custom_model_data": 10033
        },
        "model": "cosmetics:custom/cosmetics/candy/candy_hat"
      },
      {
        "predicate": {
          "custom_model_data": 10034
        },
        "model": "cosmetics:custom/cosmetics/warrior/fallen_warrior_helmet"
      },
      {
        "predicate": {
          "custom_model_data": 10035
        },
        "model": "cosmetics:custom/cosmetics/spirit/forest_spirit_helmet"
      },
      {
        "predicate": {
          "custom_model_data": 10036
        },
        "model": "cosmetics:custom/cosmetics/frog/frog_hat"
      },
      {
        "predicate": {
          "custom_model_data": 10037
        },
        "model": "cosmetics:custom/cosmetics/mage/frost_mage_helmet"
      },
      {
        "predicate": {
          "custom_model_data": 10038
        },
        "model": "cosmetics:custom/cosmetics/gnome/gnome_hat"
      },
      {
        "predicate": {
          "custom_model_data": 10039
        },
        "model": "cosmetics:custom/cosmetics/astronaut/hat_astronaut_helmet"
      },
      {
        "predicate": {
          "custom_model_data": 10040
        },
        "model": "cosmetics:custom/cosmetics/starwars/stormtrooper_helmet"
      },
      {
        "predicate": {
          "custom_model_data": 10041
        },
        "model": "cosmetics:custom/cosmetics/witch/witch_hat"
      },
      {
        "predicate": {
          "custom_model_data": 10042
        },
        "model": "item/paper"
      },
      {
        "predicate": {
          "custom_model_data": 10043
        },
        "model": "cosmetics:custom/cosmetics/shark/shark_hat"
      },
      {
        "predicate": {
          "custom_model_data": 10044
        },
        "model": "cosmetics:custom/cosmetics/viking/viking_hat"
      }
  ]
}