{
  "parent": "minecraft:item/template_skull",
  "overrides": [
    {
      "predicate": {
        "custom_model_data": 1
      },
      "model": "item/player_animator/template/head"
    },
    {
      "predicate": {
        "custom_model_data": 2
      },
      "model": "item/player_animator/template/norm_right_shoulder"
    },
    {
      "predicate": {
        "custom_model_data": 3
      },
      "model": "item/player_animator/template/norm_left_shoulder"
    },
    {
      "predicate": {
        "custom_model_data": 4
      },
      "model": "item/player_animator/template/norm_arm"
    },
    {
      "predicate": {
        "custom_model_data": 5
      },
      "model": "item/player_animator/template/slim_right_shoulder"
    },
    {
      "predicate": {
        "custom_model_data": 6
      },
      "model": "item/player_animator/template/slim_left_shoulder"
    },
    {
      "predicate": {
        "custom_model_data": 7
      },
      "model": "item/player_animator/template/slim_arm"
    },
    {
      "predicate": {
        "custom_model_data": 8
      },
      "model": "item/player_animator/template/body"
    },
    {
      "predicate": {
        "custom_model_data": 9
      },
      "model": "item/player_animator/template/leg"
    }
  ]
}