{"textures":{"8":"modelengine:entity/fallendefender_dead"},"elements":[{"from":[10.340571,9.764572,6.0593715],"to":[11.492572,12.630857,9.497086],"rotation":{"angle":0.0,"axis":"y","origin":[10.345143,10.054857,6.8068]},"faces":{"east":{"uv":[2.125,2.8125,2.5,3.125],"rotation":0,"texture":"#8","tintindex":0},"south":{"uv":[2.6875,4.875,2.8125,5.1875],"rotation":0,"texture":"#8","tintindex":0},"north":{"uv":[4.875,0.0,5.0,0.3125],"rotation":0,"texture":"#8","tintindex":0},"west":{"uv":[1.5625,2.875,1.9375,3.1875],"rotation":0,"texture":"#8","tintindex":0},"up":{"uv":[3.6875,5.0625,3.5625,4.6875],"rotation":0,"texture":"#8","tintindex":0},"down":{"uv":[0.3125,4.75,0.1875,5.125],"rotation":0,"texture":"#8","tintindex":0}}},{"from":[4.507428,9.764572,6.0593715],"to":[5.6594286,12.630857,9.497086],"rotation":{"angle":0.0,"axis":"y","origin":[5.6548567,10.054857,6.8068]},"faces":{"east":{"uv":[2.8125,1.5,3.1875,1.8125],"rotation":0,"texture":"#8","tintindex":0},"south":{"uv":[1.375,4.8125,1.5,5.125],"rotation":0,"texture":"#8","tintindex":0},"north":{"uv":[4.8125,0.8125,4.9375,1.125],"rotation":0,"texture":"#8","tintindex":0},"west":{"uv":[2.8125,1.875,3.1875,2.1875],"rotation":0,"texture":"#8","tintindex":0},"up":{"uv":[3.5,5.0,3.375,4.625],"rotation":0,"texture":"#8","tintindex":0},"down":{"uv":[4.8125,0.0,4.6875,0.375],"rotation":0,"texture":"#8","tintindex":0}}},{"from":[5.028571,9.028571,6.461657],"to":[10.971429,12.114286,8.975943],"rotation":{"angle":0.0,"axis":"y","origin":[8.0,-1.7142859,7.7188]},"faces":{"east":{"uv":[3.25,2.75,3.5,3.0625],"rotation":0,"texture":"#8","tintindex":0},"south":{"uv":[2.0625,0.9375,2.6875,1.25],"rotation":0,"texture":"#8","tintindex":0},"north":{"uv":[2.0625,0.5625,2.6875,0.875],"rotation":0,"texture":"#8","tintindex":0},"west":{"uv":[3.25,3.125,3.5,3.4375],"rotation":0,"texture":"#8","tintindex":0},"up":{"uv":[2.6875,1.5625,2.0625,1.3125],"rotation":0,"texture":"#8","tintindex":0},"down":{"uv":[2.1875,2.25,1.5625,2.5],"rotation":0,"texture":"#8","tintindex":0}}},{"from":[5.5857143,7.8142858,6.4188],"to":[10.414286,9.014286,9.0188],"rotation":{"angle":0.0,"axis":"y","origin":[8.0,-1.7142859,7.7188]},"faces":{"east":{"uv":[5.25,5.3125,5.5,5.4375],"rotation":0,"texture":"#8","tintindex":0},"south":{"uv":[3.5625,2.9375,4.0625,3.0625],"rotation":0,"texture":"#8","tintindex":0},"north":{"uv":[3.5625,2.75,4.078125,2.86875],"rotation":0,"texture":"#8","tintindex":0},"west":{"uv":[5.375,0.5625,5.625,0.6875],"rotation":0,"texture":"#8","tintindex":0},"up":{"uv":[2.0625,2.8125,1.5625,2.5625],"rotation":0,"texture":"#8","tintindex":0},"down":{"uv":[3.125,0.0,2.625,0.25],"rotation":0,"texture":"#8","tintindex":0}}},{"from":[8.855722,11.313654,6.1793714],"to":[9.660417,11.881654,6.747371],"rotation":{"angle":-45.0,"axis":"z","origin":[9.138008,11.59594,6.4650855]},"faces":{"east":{"uv":[9.25,3.6875,9.3125,3.75],"rotation":0,"texture":"#8","tintindex":0},"south":{"uv":[9.25,3.8125,9.3125,3.875],"rotation":0,"texture":"#8","tintindex":0},"north":{"uv":[9.25,3.5625,9.338763,3.625375],"rotation":0,"texture":"#8","tintindex":0},"west":{"uv":[9.25,4.0625,9.3125,4.125],"rotation":0,"texture":"#8","tintindex":0},"up":{"uv":[9.3125,4.25,9.25,4.1875],"rotation":0,"texture":"#8","tintindex":0},"down":{"uv":[9.3125,4.3125,9.25,4.375],"rotation":0,"texture":"#8","tintindex":0}}},{"from":[6.857143,11.428572,6.175943],"to":[9.142858,12.0,6.747371],"rotation":{"angle":0.0,"axis":"y","origin":[8.0,24.0,7.8902287]},"faces":{"east":{"uv":[9.25,4.4375,9.3125,4.5],"rotation":0,"texture":"#8","tintindex":0},"south":{"uv":[6.25,7.3125,6.5,7.375],"rotation":0,"texture":"#8","tintindex":0},"north":{"uv":[4.75,7.3125,5.0,7.375],"rotation":0,"texture":"#8","tintindex":0},"west":{"uv":[9.25,4.5625,9.3125,4.625],"rotation":0,"texture":"#8","tintindex":0},"up":{"uv":[6.8125,7.375,6.5625,7.3125],"rotation":0,"texture":"#8","tintindex":0},"down":{"uv":[7.5625,7.1875,7.3125,7.25],"rotation":0,"texture":"#8","tintindex":0}}},{"from":[6.339584,11.313654,6.1793714],"to":[7.144277,11.881654,6.747371],"rotation":{"angle":45.0,"axis":"z","origin":[6.8619914,11.59594,6.4650855]},"faces":{"east":{"uv":[9.25,4.8125,9.3125,4.875],"rotation":0,"texture":"#8","tintindex":0},"south":{"uv":[4.875,9.25,4.9375,9.3125],"rotation":0,"texture":"#8","tintindex":0},"north":{"uv":[9.25,4.6875,9.338763,4.750375],"rotation":0,"texture":"#8","tintindex":0},"west":{"uv":[9.25,4.9375,9.3125,5.0],"rotation":0,"texture":"#8","tintindex":0},"up":{"uv":[5.0625,9.3125,5.0,9.25],"rotation":0,"texture":"#8","tintindex":0},"down":{"uv":[9.3125,5.0625,9.25,5.125],"rotation":0,"texture":"#8","tintindex":0}}},{"from":[6.285714,9.714286,6.175943],"to":[9.714286,11.428572,6.747371],"rotation":{"angle":0.0,"axis":"y","origin":[8.0,-2.285715,7.8902287]},"faces":{"east":{"uv":[2.0625,8.0,2.125,8.1875],"rotation":0,"texture":"#8","tintindex":0},"south":{"uv":[3.375,0.5,3.75,0.6875],"rotation":0,"texture":"#8","tintindex":0},"north":{"uv":[3.375,0.25,3.75,0.4375],"rotation":0,"texture":"#8","tintindex":0},"west":{"uv":[4.0,8.0,4.0625,8.1875],"rotation":0,"texture":"#8","tintindex":0},"up":{"uv":[6.6875,5.0625,6.3125,5.0],"rotation":0,"texture":"#8","tintindex":0},"down":{"uv":[6.875,2.625,6.5,2.6875],"rotation":0,"texture":"#8","tintindex":0}}},{"from":[6.857143,9.142858,6.175943],"to":[9.142858,9.714286,6.747371],"rotation":{"angle":0.0,"axis":"y","origin":[8.0,-2.8571434,7.8902287]},"faces":{"east":{"uv":[9.125,3.5625,9.1875,3.625],"rotation":0,"texture":"#8","tintindex":0},"south":{"uv":[2.75,7.0625,3.0,7.125],"rotation":0,"texture":"#8","tintindex":0},"north":{"uv":[7.0625,1.75,7.3125,1.8125],"rotation":0,"texture":"#8","tintindex":0},"west":{"uv":[9.125,3.6875,9.1875,3.75],"rotation":0,"texture":"#8","tintindex":0},"up":{"uv":[7.3125,3.8125,7.0625,3.75],"rotation":0,"texture":"#8","tintindex":0},"down":{"uv":[5.25,7.0625,5.0,7.125],"rotation":0,"texture":"#8","tintindex":0}}},{"from":[8.855722,9.261204,6.1793714],"to":[9.660417,9.829204,6.747371],"rotation":{"angle":45.0,"axis":"z","origin":[9.138008,9.546918,6.4650855]},"faces":{"east":{"uv":[9.25,2.875,9.3125,2.9375],"rotation":0,"texture":"#8","tintindex":0},"south":{"uv":[9.25,3.0,9.3125,3.0625],"rotation":0,"texture":"#8","tintindex":0},"north":{"uv":[9.25,2.75,9.338763,2.812875],"rotation":0,"texture":"#8","tintindex":0},"west":{"uv":[9.25,3.125,9.3125,3.1875],"rotation":0,"texture":"#8","tintindex":0},"up":{"uv":[3.25,9.3125,3.1875,9.25],"rotation":0,"texture":"#8","tintindex":0},"down":{"uv":[9.3125,3.25,9.25,3.3125],"rotation":0,"texture":"#8","tintindex":0}}},{"from":[6.339584,9.261204,6.1793714],"to":[7.144277,9.829204,6.747371],"rotation":{"angle":-45.0,"axis":"z","origin":[6.8619914,9.546918,6.4650855]},"faces":{"east":{"uv":[9.125,4.0625,9.1875,4.125],"rotation":0,"texture":"#8","tintindex":0},"south":{"uv":[9.125,4.1875,9.1875,4.25],"rotation":0,"texture":"#8","tintindex":0},"north":{"uv":[9.125,3.8125,9.213763,3.875375],"rotation":0,"texture":"#8","tintindex":0},"west":{"uv":[9.125,4.3125,9.1875,4.375],"rotation":0,"texture":"#8","tintindex":0},"up":{"uv":[9.1875,4.5,9.125,4.4375],"rotation":0,"texture":"#8","tintindex":0},"down":{"uv":[9.1875,4.5625,9.125,4.625],"rotation":0,"texture":"#8","tintindex":0}}},{"from":[7.716,9.834347,5.891943],"to":[8.855429,10.973776,6.459943],"rotation":{"angle":-45.0,"axis":"z","origin":[8.571428,10.118347,6.175943]},"faces":{"east":{"uv":[3.9375,8.375,4.0,8.5],"rotation":0,"texture":"#8","tintindex":0},"south":{"uv":[7.0625,1.0625,7.1875,1.1875],"rotation":0,"texture":"#8","tintindex":0},"north":{"uv":[7.0625,0.3125,7.1875,0.4375],"rotation":0,"texture":"#8","tintindex":0},"west":{"uv":[4.0625,8.375,4.125,8.5],"rotation":0,"texture":"#8","tintindex":0},"up":{"uv":[8.5,5.0,8.375,4.9375],"rotation":0,"texture":"#8","tintindex":0},"down":{"uv":[8.5,5.0625,8.375,5.125],"rotation":0,"texture":"#8","tintindex":0}}},{"from":[7.428571,9.942858,5.7187996],"to":[8.571428,11.085714,6.2902284],"rotation":{"angle":-45.0,"axis":"z","origin":[8.0,10.514286,6.004514]},"faces":{"east":{"uv":[3.375,8.375,3.4375,8.5],"rotation":0,"texture":"#8","tintindex":0},"south":{"uv":[7.0,6.875,7.125,7.0],"rotation":0,"texture":"#8","tintindex":0},"north":{"uv":[7.0,4.5,7.125,4.625],"rotation":0,"texture":"#8","tintindex":0},"west":{"uv":[3.625,8.375,3.6875,8.5],"rotation":0,"texture":"#8","tintindex":0},"up":{"uv":[8.5,3.75,8.375,3.6875],"rotation":0,"texture":"#8","tintindex":0},"down":{"uv":[8.5,3.8125,8.375,3.875],"rotation":0,"texture":"#8","tintindex":0}}},{"from":[7.1445713,9.834347,5.891943],"to":[8.284,10.973776,6.459943],"rotation":{"angle":45.0,"axis":"z","origin":[7.428571,10.118347,6.2902284]},"faces":{"east":{"uv":[0.25,8.6875,0.3125,8.8125],"rotation":0,"texture":"#8","tintindex":0},"south":{"uv":[4.375,7.3125,4.5,7.4375],"rotation":0,"texture":"#8","tintindex":0},"north":{"uv":[4.1875,7.3125,4.3125,7.4375],"rotation":0,"texture":"#8","tintindex":0},"west":{"uv":[0.375,8.6875,0.4375,8.8125],"rotation":0,"texture":"#8","tintindex":0},"up":{"uv":[8.8125,0.4375,8.6875,0.375],"rotation":0,"texture":"#8","tintindex":0},"down":{"uv":[0.625,8.6875,0.5,8.75],"rotation":0,"texture":"#8","tintindex":0}}},{"from":[7.4257145,9.711429,5.887371],"to":[8.5742855,12.002857,6.4645143],"rotation":{"angle":0.0,"axis":"y","origin":[8.0,-1.7142859,7.604514]},"faces":{"east":{"uv":[6.625,7.0,6.6875,7.25],"rotation":0,"texture":"#8","tintindex":0},"south":{"uv":[5.375,2.6875,5.5,2.9375],"rotation":0,"texture":"#8","tintindex":0},"north":{"uv":[1.9375,5.375,2.0625,5.625],"rotation":0,"texture":"#8","tintindex":0},"west":{"uv":[6.75,7.0,6.8125,7.25],"rotation":0,"texture":"#8","tintindex":0},"up":{"uv":[8.5,3.25,8.375,3.1875],"rotation":0,"texture":"#8","tintindex":0},"down":{"uv":[8.5,3.5625,8.375,3.625],"rotation":0,"texture":"#8","tintindex":0}}},{"from":[7.1445713,9.834347,9.1348],"to":[8.284,10.973776,9.7028],"rotation":{"angle":45.0,"axis":"z","origin":[7.428571,10.118347,9.304514]},"faces":{"east":{"uv":[8.8125,6.5,8.875,6.625],"rotation":0,"texture":"#8","tintindex":0},"south":{"uv":[7.5,0.0,7.625,0.125],"rotation":0,"texture":"#8","tintindex":0},"north":{"uv":[6.625,7.4375,6.75,7.5625],"rotation":0,"texture":"#8","tintindex":0},"west":{"uv":[6.5625,8.8125,6.625,8.9375],"rotation":0,"texture":"#8","tintindex":0},"up":{"uv":[8.9375,6.3125,8.8125,6.25],"rotation":0,"texture":"#8","tintindex":0},"down":{"uv":[6.8125,8.8125,6.6875,8.875],"rotation":0,"texture":"#8","tintindex":0}}},{"from":[7.3714285,9.885715,9.247372],"to":[8.6285715,11.142858,9.933085],"rotation":{"angle":-45.0,"axis":"z","origin":[8.0,10.514286,9.590229]},"faces":{"east":{"uv":[5.6875,8.8125,5.75,8.9375],"rotation":0,"texture":"#8","tintindex":0},"south":{"uv":[7.4375,6.5,7.5625,6.625],"rotation":0,"texture":"#8","tintindex":0},"north":{"uv":[6.4375,7.4375,6.5625,7.5625],"rotation":0,"texture":"#8","tintindex":0},"west":{"uv":[8.8125,6.0625,8.875,6.1875],"rotation":0,"texture":"#8","tintindex":0},"up":{"uv":[8.9375,0.3125,8.8125,0.25],"rotation":0,"texture":"#8","tintindex":0},"down":{"uv":[8.9375,3.3125,8.8125,3.375],"rotation":0,"texture":"#8","tintindex":0}}},{"from":[7.716,9.834347,9.1348],"to":[8.855429,10.973776,9.7028],"rotation":{"angle":-45.0,"axis":"z","origin":[8.571428,10.118347,9.4188]},"faces":{"east":{"uv":[8.8125,2.75,8.875,2.875],"rotation":0,"texture":"#8","tintindex":0},"south":{"uv":[6.25,7.4375,6.375,7.5625],"rotation":0,"texture":"#8","tintindex":0},"north":{"uv":[5.375,7.4375,5.5,7.5625],"rotation":0,"texture":"#8","tintindex":0},"west":{"uv":[4.1875,8.8125,4.25,8.9375],"rotation":0,"texture":"#8","tintindex":0},"up":{"uv":[8.875,7.1875,8.75,7.125],"rotation":0,"texture":"#8","tintindex":0},"down":{"uv":[8.875,7.375,8.75,7.4375],"rotation":0,"texture":"#8","tintindex":0}}},{"from":[9.713081,8.745714,6.4645143],"to":[10.8502245,9.311428,8.973085],"rotation":{"angle":45.0,"axis":"z","origin":[10.567368,9.028571,6.747371]},"faces":{"east":{"uv":[7.25,6.75,7.5,6.8125],"rotation":0,"texture":"#8","tintindex":0},"south":{"uv":[8.6875,0.0,8.8125,0.0625],"rotation":0,"texture":"#8","tintindex":0},"north":{"uv":[8.625,8.4375,8.75,8.5],"rotation":0,"texture":"#8","tintindex":0},"west":{"uv":[2.5625,7.3125,2.8125,7.375],"rotation":0,"texture":"#8","tintindex":0},"up":{"uv":[2.0,5.9375,1.875,5.6875],"rotation":0,"texture":"#8","tintindex":0},"down":{"uv":[2.5,5.6875,2.375,5.9375],"rotation":0,"texture":"#8","tintindex":0}}},{"from":[5.1497755,8.745714,6.4645143],"to":[6.286918,9.311428,8.973085],"rotation":{"angle":-45.0,"axis":"z","origin":[5.4326324,9.028571,6.747371]},"faces":{"east":{"uv":[7.4375,5.3125,7.6875,5.375],"rotation":0,"texture":"#8","tintindex":0},"south":{"uv":[8.75,5.0625,8.875,5.125],"rotation":0,"texture":"#8","tintindex":0},"north":{"uv":[8.75,3.1875,8.875,3.25],"rotation":0,"texture":"#8","tintindex":0},"west":{"uv":[7.4375,5.4375,7.6875,5.5],"rotation":0,"texture":"#8","tintindex":0},"up":{"uv":[5.375,5.9375,5.25,5.6875],"rotation":0,"texture":"#8","tintindex":0},"down":{"uv":[5.8125,5.6875,5.6875,5.9375],"rotation":0,"texture":"#8","tintindex":0}}},{"from":[7.4257145,9.14,9.144514],"to":[8.5742855,12.002857,9.721657],"rotation":{"angle":0.0,"axis":"y","origin":[8.0,-2.285715,8.004515]},"faces":{"east":{"uv":[3.875,6.6875,3.9375,7.0],"rotation":0,"texture":"#8","tintindex":0},"south":{"uv":[4.75,3.5,4.875,3.8125],"rotation":0,"texture":"#8","tintindex":0},"north":{"uv":[1.1875,4.75,1.3125,5.0625],"rotation":0,"texture":"#8","tintindex":0},"west":{"uv":[5.0625,6.6875,5.125,7.0],"rotation":0,"texture":"#8","tintindex":0},"up":{"uv":[8.5,7.1875,8.375,7.125],"rotation":0,"texture":"#8","tintindex":0},"down":{"uv":[8.5,7.375,8.375,7.4375],"rotation":0,"texture":"#8","tintindex":0}}},{"from":[8.287429,9.262918,9.149086],"to":[8.855429,9.830918,9.717086],"rotation":{"angle":-45.0,"axis":"z","origin":[8.571428,9.546918,9.433085]},"faces":{"east":{"uv":[6.5,9.125,6.5625,9.1875],"rotation":0,"texture":"#8","tintindex":0},"south":{"uv":[9.125,6.5,9.1875,6.5625],"rotation":0,"texture":"#8","tintindex":0},"north":{"uv":[6.375,9.125,6.4375,9.1875],"rotation":0,"texture":"#8","tintindex":0},"west":{"uv":[6.625,9.125,6.6875,9.1875],"rotation":0,"texture":"#8","tintindex":0},"up":{"uv":[9.1875,6.6875,9.125,6.625],"rotation":0,"texture":"#8","tintindex":0},"down":{"uv":[6.8125,9.125,6.75,9.1875],"rotation":0,"texture":"#8","tintindex":0}}},{"from":[7.1445713,9.262918,9.149086],"to":[7.7125716,9.830918,9.717086],"rotation":{"angle":45.0,"axis":"z","origin":[7.428571,9.546918,9.433085]},"faces":{"east":{"uv":[9.125,5.8125,9.1875,5.875],"rotation":0,"texture":"#8","tintindex":0},"south":{"uv":[9.125,5.9375,9.1875,6.0],"rotation":0,"texture":"#8","tintindex":0},"north":{"uv":[9.125,5.6875,9.1875,5.75],"rotation":0,"texture":"#8","tintindex":0},"west":{"uv":[6.125,9.125,6.1875,9.1875],"rotation":0,"texture":"#8","tintindex":0},"up":{"uv":[9.1875,6.25,9.125,6.1875],"rotation":0,"texture":"#8","tintindex":0},"down":{"uv":[6.3125,9.125,6.25,9.1875],"rotation":0,"texture":"#8","tintindex":0}}},{"from":[6.857143,9.142858,8.861657],"to":[9.142858,9.714286,9.433085],"rotation":{"angle":0.0,"axis":"y","origin":[8.0,-2.8571434,7.7188]},"faces":{"east":{"uv":[5.5625,9.125,5.625,9.1875],"rotation":0,"texture":"#8","tintindex":0},"south":{"uv":[7.0625,5.625,7.3125,5.6875],"rotation":0,"texture":"#8","tintindex":0},"north":{"uv":[5.5625,7.0625,5.8125,7.125],"rotation":0,"texture":"#8","tintindex":0},"west":{"uv":[9.125,5.5625,9.1875,5.625],"rotation":0,"texture":"#8","tintindex":0},"up":{"uv":[7.3125,5.8125,7.0625,5.75],"rotation":0,"texture":"#8","tintindex":0},"down":{"uv":[6.125,7.0625,5.875,7.125],"rotation":0,"texture":"#8","tintindex":0}}},{"from":[8.860572,9.264632,8.865086],"to":[9.996572,9.829204,9.429657],"rotation":{"angle":45.0,"axis":"z","origin":[9.142858,9.546918,9.147371]},"faces":{"east":{"uv":[9.125,5.3125,9.1875,5.375],"rotation":0,"texture":"#8","tintindex":0},"south":{"uv":[6.5,8.375,6.625,8.4375],"rotation":0,"texture":"#8","tintindex":0},"north":{"uv":[8.375,6.375,8.5,6.4375],"rotation":0,"texture":"#8","tintindex":0},"west":{"uv":[9.125,5.4375,9.1875,5.5],"rotation":0,"texture":"#8","tintindex":0},"up":{"uv":[6.8125,8.4375,6.6875,8.375],"rotation":0,"texture":"#8","tintindex":0},"down":{"uv":[7.0,8.375,6.875,8.4375],"rotation":0,"texture":"#8","tintindex":0}}},{"from":[6.0034285,9.264632,8.865086],"to":[7.1394286,9.829204,9.429657],"rotation":{"angle":-45.0,"axis":"z","origin":[6.857143,9.546918,9.147371]},"faces":{"east":{"uv":[9.125,6.75,9.1875,6.8125],"rotation":0,"texture":"#8","tintindex":0},"south":{"uv":[8.375,7.8125,8.5,7.875],"rotation":0,"texture":"#8","tintindex":0},"north":{"uv":[7.5625,8.375,7.6875,8.4375],"rotation":0,"texture":"#8","tintindex":0},"west":{"uv":[6.875,9.125,6.9375,9.1875],"rotation":0,"texture":"#8","tintindex":0},"up":{"uv":[8.5625,0.3125,8.4375,0.25],"rotation":0,"texture":"#8","tintindex":0},"down":{"uv":[8.5625,1.8125,8.4375,1.875],"rotation":0,"texture":"#8","tintindex":0}}},{"from":[6.285714,9.714286,8.861657],"to":[9.714286,12.0,9.433085],"rotation":{"angle":0.0,"axis":"y","origin":[8.0,-2.285715,7.7188]},"faces":{"east":{"uv":[0.5,7.0625,0.5625,7.3125],"rotation":0,"texture":"#8","tintindex":0},"south":{"uv":[3.25,1.75,3.625,2.0],"rotation":0,"texture":"#8","tintindex":0},"north":{"uv":[2.0,3.1875,2.375,3.4375],"rotation":0,"texture":"#8","tintindex":0},"west":{"uv":[3.875,7.0625,3.9375,7.3125],"rotation":0,"texture":"#8","tintindex":0},"up":{"uv":[6.875,4.0,6.5,3.9375],"rotation":0,"texture":"#8","tintindex":0},"down":{"uv":[6.875,4.625,6.5,4.6875],"rotation":0,"texture":"#8","tintindex":0}}},{"from":[9.4257145,10.282857,9.026168],"to":[10.5742855,12.002857,9.603311],"rotation":{"angle":45.0,"axis":"y","origin":[9.714286,10.571428,9.314739]},"faces":{"east":{"uv":[6.0625,8.0,6.125,8.1875],"rotation":0,"texture":"#8","tintindex":0},"south":{"uv":[6.5,5.125,6.625,5.3125],"rotation":0,"texture":"#8","tintindex":0},"north":{"uv":[4.4375,6.5,4.5625,6.6875],"rotation":0,"texture":"#8","tintindex":0},"west":{"uv":[6.1875,8.0,6.25,8.1875],"rotation":0,"texture":"#8","tintindex":0},"up":{"uv":[2.25,8.5,2.125,8.4375],"rotation":0,"texture":"#8","tintindex":0},"down":{"uv":[8.5625,3.3125,8.4375,3.375],"rotation":0,"texture":"#8","tintindex":0}}},{"from":[5.425714,10.282857,9.026168],"to":[6.5742855,12.002857,9.603311],"rotation":{"angle":-45.0,"axis":"y","origin":[6.285714,10.571428,9.314739]},"faces":{"east":{"uv":[4.125,8.0,4.1875,8.1875],"rotation":0,"texture":"#8","tintindex":0},"south":{"uv":[4.25,6.5,4.375,6.6875],"rotation":0,"texture":"#8","tintindex":0},"north":{"uv":[3.125,6.5,3.25,6.6875],"rotation":0,"texture":"#8","tintindex":0},"west":{"uv":[4.25,8.0,4.3125,8.1875],"rotation":0,"texture":"#8","tintindex":0},"up":{"uv":[8.5625,2.0,8.4375,1.9375],"rotation":0,"texture":"#8","tintindex":0},"down":{"uv":[8.5625,2.0625,8.4375,2.125],"rotation":0,"texture":"#8","tintindex":0}}},{"from":[10.414286,9.014286,9.0188],"to":[5.5857143,7.8142858,6.4188],"rotation":{"angle":0.0,"axis":"y","origin":[8.0,-1.7142859,7.7188]},"faces":{"east":{"uv":[5.375,0.6875,5.625,0.5625],"rotation":0,"texture":"#8","tintindex":0},"south":{"uv":[3.5625,2.86875,4.078125,2.75],"rotation":0,"texture":"#8","tintindex":0},"north":{"uv":[3.5625,3.0625,4.0625,2.9375],"rotation":0,"texture":"#8","tintindex":0},"west":{"uv":[5.25,5.4375,5.5,5.3125],"rotation":0,"texture":"#8","tintindex":0},"up":{"uv":[2.625,0.0,3.125,0.25],"rotation":0,"texture":"#8","tintindex":0},"down":{"uv":[1.5625,2.8125,2.0625,2.5625],"rotation":0,"texture":"#8","tintindex":0}}},{"from":[10.971429,12.114286,8.975943],"to":[5.028571,9.028571,6.461657],"rotation":{"angle":0.0,"axis":"y","origin":[8.0,-1.7142859,7.7188]},"faces":{"east":{"uv":[3.25,3.4375,3.5,3.125],"rotation":0,"texture":"#8","tintindex":0},"south":{"uv":[2.0625,0.875,2.6875,0.5625],"rotation":0,"texture":"#8","tintindex":0},"north":{"uv":[2.0625,1.25,2.6875,0.9375],"rotation":0,"texture":"#8","tintindex":0},"west":{"uv":[3.25,3.0625,3.5,2.75],"rotation":0,"texture":"#8","tintindex":0},"up":{"uv":[1.5625,2.25,2.1875,2.5],"rotation":0,"texture":"#8","tintindex":0},"down":{"uv":[2.0625,1.5625,2.6875,1.3125],"rotation":0,"texture":"#8","tintindex":0}}}],"display":{"head":{"translation":[0.0,-6.4,0.0],"scale":[4.0,4.0,4.0]}}}