{"textures":{"8":"modelengine:entity/fallendefender_dead"},"elements":[{"from":[4.9617143,6.342857,9.322408],"to":[6.6714287,6.909714,9.889265],"rotation":{"angle":0.0,"axis":"y","origin":[8.959429,-9.65943,7.0344076]},"faces":{"east":{"uv":[3.25,9.125,3.3125,9.1875],"rotation":0,"texture":"#8","tintindex":0},"south":{"uv":[8.0,3.4375,8.1875,3.5],"rotation":0,"texture":"#8","tintindex":0},"north":{"uv":[3.125,8.0,3.3125,8.0625],"rotation":0,"texture":"#8","tintindex":0},"west":{"uv":[9.125,3.3125,9.1875,3.375],"rotation":0,"texture":"#8","tintindex":0},"up":{"uv":[8.1875,3.8125,8.0,3.75],"rotation":0,"texture":"#8","tintindex":0},"down":{"uv":[8.1875,3.875,8.0,3.9375],"rotation":0,"texture":"#8","tintindex":0}}},{"from":[3.878571,6.5714283,6.2714286],"to":[5.135714,7.8285713,9.814285],"rotation":{"angle":-45.0,"axis":"z","origin":[4.6714287,6.6285715,8.042857]},"faces":{"east":{"uv":[4.4375,3.125,4.8125,3.25],"rotation":0,"texture":"#8","tintindex":0},"south":{"uv":[7.3125,0.125,7.4375,0.25],"rotation":0,"texture":"#8","tintindex":0},"north":{"uv":[7.25,6.5625,7.375,6.6875],"rotation":0,"texture":"#8","tintindex":0},"west":{"uv":[4.5625,3.3125,4.9375,3.4375],"rotation":0,"texture":"#8","tintindex":0},"up":{"uv":[4.6875,3.875,4.5625,3.5],"rotation":0,"texture":"#8","tintindex":0},"down":{"uv":[4.6875,3.9375,4.5625,4.3125],"rotation":0,"texture":"#8","tintindex":0}}},{"from":[4.957143,6.342857,6.2285714],"to":[6.6714287,6.9142857,6.8],"rotation":{"angle":0.0,"axis":"y","origin":[8.957143,-9.657143,9.085714]},"faces":{"east":{"uv":[9.125,3.0625,9.1875,3.125],"rotation":0,"texture":"#8","tintindex":0},"south":{"uv":[8.0,0.0,8.1875,0.0625],"rotation":0,"texture":"#8","tintindex":0},"north":{"uv":[7.9375,6.5,8.125,6.5625],"rotation":0,"texture":"#8","tintindex":0},"west":{"uv":[9.125,3.1875,9.1875,3.25],"rotation":0,"texture":"#8","tintindex":0},"up":{"uv":[8.1875,1.8125,8.0,1.75],"rotation":0,"texture":"#8","tintindex":0},"down":{"uv":[3.0625,8.0,2.875,8.0625],"rotation":0,"texture":"#8","tintindex":0}}},{"from":[7.5955005,9.26693,9.2063465],"to":[8.162357,9.833786,9.773204],"rotation":{"angle":-45.0,"axis":"x","origin":[7.878929,9.550358,9.489776]},"faces":{"east":{"uv":[9.125,1.75,9.1875,1.8125],"rotation":0,"texture":"#8","tintindex":0},"south":{"uv":[9.125,1.875,9.1875,1.9375],"rotation":0,"texture":"#8","tintindex":0},"north":{"uv":[9.125,1.625,9.1875,1.6875],"rotation":0,"texture":"#8","tintindex":0},"west":{"uv":[9.125,2.25,9.1875,2.3125],"rotation":0,"texture":"#8","tintindex":0},"up":{"uv":[9.1875,2.875,9.125,2.8125],"rotation":0,"texture":"#8","tintindex":0},"down":{"uv":[9.1875,2.9375,9.125,3.0],"rotation":0,"texture":"#8","tintindex":0}}},{"from":[7.593215,9.38299,6.6326323],"to":[8.164643,9.954419,9.489776],"rotation":{"angle":0.0,"axis":"y","origin":[8.736072,6.8115616,6.9183464]},"faces":{"east":{"uv":[6.6875,6.125,7.0,6.1875],"rotation":0,"texture":"#8","tintindex":0},"south":{"uv":[9.125,1.25,9.1875,1.3125],"rotation":0,"texture":"#8","tintindex":0},"north":{"uv":[9.125,1.125,9.1875,1.1875],"rotation":0,"texture":"#8","tintindex":0},"west":{"uv":[6.75,0.5625,7.0625,0.625],"rotation":0,"texture":"#8","tintindex":0},"up":{"uv":[0.5625,7.0,0.5,6.6875],"rotation":0,"texture":"#8","tintindex":0},"down":{"uv":[2.8125,6.6875,2.75,7.0],"rotation":0,"texture":"#8","tintindex":0}}},{"from":[7.5955005,9.26693,6.3492036],"to":[8.162357,9.833786,6.916061],"rotation":{"angle":45.0,"axis":"x","origin":[7.878929,9.550358,6.6326323]},"faces":{"east":{"uv":[0.6875,9.125,0.75,9.1875],"rotation":0,"texture":"#8","tintindex":0},"south":{"uv":[9.125,0.75,9.1875,0.8125],"rotation":0,"texture":"#8","tintindex":0},"north":{"uv":[9.125,0.625,9.1875,0.6875],"rotation":0,"texture":"#8","tintindex":0},"west":{"uv":[0.8125,9.125,0.875,9.1875],"rotation":0,"texture":"#8","tintindex":0},"up":{"uv":[9.1875,0.9375,9.125,0.875],"rotation":0,"texture":"#8","tintindex":0},"down":{"uv":[9.1875,1.0,9.125,1.0625],"rotation":0,"texture":"#8","tintindex":0}}},{"from":[7.219417,6.5397844,9.319176],"to":[7.7862744,7.6780705,9.886032],"rotation":{"angle":-22.5,"axis":"z","origin":[8.359989,6.823213,9.602604]},"faces":{"east":{"uv":[8.375,3.0,8.4375,3.125],"rotation":0,"texture":"#8","tintindex":0},"south":{"uv":[3.125,8.375,3.1875,8.5],"rotation":0,"texture":"#8","tintindex":0},"north":{"uv":[3.0,8.375,3.0625,8.5],"rotation":0,"texture":"#8","tintindex":0},"west":{"uv":[3.25,8.375,3.3125,8.5],"rotation":0,"texture":"#8","tintindex":0},"up":{"uv":[0.0625,9.1875,0.0,9.125],"rotation":0,"texture":"#8","tintindex":0},"down":{"uv":[9.1875,0.125,9.125,0.1875],"rotation":0,"texture":"#8","tintindex":0}}},{"from":[6.4682384,6.7538896,9.314604],"to":[7.615667,7.3298893,9.890604],"rotation":{"angle":22.5,"axis":"z","origin":[7.6133814,7.0418897,9.602604]},"faces":{"east":{"uv":[8.9375,9.0625,9.0,9.125],"rotation":0,"texture":"#8","tintindex":0},"south":{"uv":[8.375,2.75,8.5,2.8125],"rotation":0,"texture":"#8","tintindex":0},"north":{"uv":[8.375,2.625,8.5,2.6875],"rotation":0,"texture":"#8","tintindex":0},"west":{"uv":[9.0625,9.0625,9.125,9.125],"rotation":0,"texture":"#8","tintindex":0},"up":{"uv":[2.9375,8.4375,2.8125,8.375],"rotation":0,"texture":"#8","tintindex":0},"down":{"uv":[8.5,2.875,8.375,2.9375],"rotation":0,"texture":"#8","tintindex":0}}},{"from":[7.589786,7.834929,9.318032],"to":[8.158929,9.546929,9.887176],"rotation":{"angle":0.0,"axis":"y","origin":[8.731501,7.548072,9.602604]},"faces":{"east":{"uv":[8.0,0.9375,8.0625,1.125],"rotation":0,"texture":"#8","tintindex":0},"south":{"uv":[1.0625,8.0,1.125,8.1875],"rotation":0,"texture":"#8","tintindex":0},"north":{"uv":[0.75,8.0,0.8125,8.1875],"rotation":0,"texture":"#8","tintindex":0},"west":{"uv":[1.5625,8.0,1.625,8.1875],"rotation":0,"texture":"#8","tintindex":0},"up":{"uv":[8.75,9.125,8.6875,9.0625],"rotation":0,"texture":"#8","tintindex":0},"down":{"uv":[9.125,8.75,9.0625,8.8125],"rotation":0,"texture":"#8","tintindex":0}}},{"from":[7.590929,7.833786,6.226286],"to":[8.166929,9.552644,6.8022857],"rotation":{"angle":0.0,"axis":"y","origin":[8.736072,7.550358,6.5142856]},"faces":{"east":{"uv":[1.0625,6.0,1.125,6.1875],"rotation":0,"texture":"#8","tintindex":0},"south":{"uv":[8.0,0.4375,8.0625,0.625],"rotation":0,"texture":"#8","tintindex":0},"north":{"uv":[2.25,5.75,2.3125,5.9375],"rotation":0,"texture":"#8","tintindex":0},"west":{"uv":[8.0,0.6875,8.0625,0.875],"rotation":0,"texture":"#8","tintindex":0},"up":{"uv":[8.5,9.125,8.4375,9.0625],"rotation":0,"texture":"#8","tintindex":0},"down":{"uv":[8.625,9.0625,8.5625,9.125],"rotation":0,"texture":"#8","tintindex":0}}},{"from":[6.47281,6.756175,6.226286],"to":[7.6202383,7.3321753,6.8022857],"rotation":{"angle":22.5,"axis":"z","origin":[7.617953,7.044175,6.5142856]},"faces":{"east":{"uv":[9.0625,8.125,9.125,8.1875],"rotation":0,"texture":"#8","tintindex":0},"south":{"uv":[8.375,2.25,8.5,2.3125],"rotation":0,"texture":"#8","tintindex":0},"north":{"uv":[8.375,0.125,8.5,0.1875],"rotation":0,"texture":"#8","tintindex":0},"west":{"uv":[8.3125,9.0625,8.375,9.125],"rotation":0,"texture":"#8","tintindex":0},"up":{"uv":[8.5,2.4375,8.375,2.375],"rotation":0,"texture":"#8","tintindex":0},"down":{"uv":[8.5,2.5,8.375,2.5625],"rotation":0,"texture":"#8","tintindex":0}}},{"from":[7.221703,6.5397844,6.2285714],"to":[7.793132,7.682642,6.8],"rotation":{"angle":-22.5,"axis":"z","origin":[8.36456,6.825499,6.5142856]},"faces":{"east":{"uv":[8.375,0.9375,8.4375,1.0625],"rotation":0,"texture":"#8","tintindex":0},"south":{"uv":[8.375,1.125,8.4375,1.25],"rotation":0,"texture":"#8","tintindex":0},"north":{"uv":[8.375,0.75,8.4375,0.875],"rotation":0,"texture":"#8","tintindex":0},"west":{"uv":[8.375,1.5,8.4375,1.625],"rotation":0,"texture":"#8","tintindex":0},"up":{"uv":[8.0,9.125,7.9375,9.0625],"rotation":0,"texture":"#8","tintindex":0},"down":{"uv":[8.125,9.0625,8.0625,9.125],"rotation":0,"texture":"#8","tintindex":0}}},{"from":[4.7360716,6.8563395,9.288661],"to":[7.593215,7.9991965,9.86009],"rotation":{"angle":0.0,"axis":"y","origin":[8.736072,4.7134824,9.574375]},"faces":{"east":{"uv":[8.625,4.125,8.6875,4.25],"rotation":0,"texture":"#8","tintindex":0},"south":{"uv":[4.75,4.0625,5.0625,4.1875],"rotation":0,"texture":"#8","tintindex":0},"north":{"uv":[4.75,3.875,5.0625,4.0],"rotation":0,"texture":"#8","tintindex":0},"west":{"uv":[4.1875,8.625,4.25,8.75],"rotation":0,"texture":"#8","tintindex":0},"up":{"uv":[4.5625,6.8125,4.25,6.75],"rotation":0,"texture":"#8","tintindex":0},"down":{"uv":[7.0625,5.0,6.75,5.0625],"rotation":0,"texture":"#8","tintindex":0}}},{"from":[4.428571,7.6571426,7.428571],"to":[5.0,8.8,8.571428],"rotation":{"angle":45.0,"axis":"x","origin":[4.714286,8.228572,8.0]},"faces":{"east":{"uv":[7.5625,2.75,7.6875,2.875],"rotation":0,"texture":"#8","tintindex":0},"south":{"uv":[8.875,4.6875,8.9375,4.8125],"rotation":0,"texture":"#8","tintindex":0},"north":{"uv":[4.6875,8.875,4.75,9.0],"rotation":0,"texture":"#8","tintindex":0},"west":{"uv":[7.5625,2.9375,7.6875,3.0625],"rotation":0,"texture":"#8","tintindex":0},"up":{"uv":[4.875,9.0,4.8125,8.875],"rotation":0,"texture":"#8","tintindex":0},"down":{"uv":[8.9375,4.875,8.875,5.0],"rotation":0,"texture":"#8","tintindex":0}}},{"from":[4.738929,7.904185,8.799497],"to":[7.590358,9.612756,9.3652115],"rotation":{"angle":-22.5,"axis":"x","origin":[6.736072,9.187042,9.368069]},"faces":{"east":{"uv":[8.0625,6.625,8.125,6.8125],"rotation":0,"texture":"#8","tintindex":0},"south":{"uv":[4.1875,3.5625,4.5,3.75],"rotation":0,"texture":"#8","tintindex":0},"north":{"uv":[4.1875,3.3125,4.5,3.5],"rotation":0,"texture":"#8","tintindex":0},"west":{"uv":[8.0625,6.875,8.125,7.0625],"rotation":0,"texture":"#8","tintindex":0},"up":{"uv":[6.5625,6.8125,6.25,6.75],"rotation":0,"texture":"#8","tintindex":0},"down":{"uv":[6.9375,6.75,6.625,6.8125],"rotation":0,"texture":"#8","tintindex":0}}},{"from":[4.738929,7.904185,6.7571964],"to":[7.590358,9.612756,7.322911],"rotation":{"angle":22.5,"axis":"x","origin":[6.736072,9.187042,6.754339]},"faces":{"east":{"uv":[8.0625,5.8125,8.125,6.0],"rotation":0,"texture":"#8","tintindex":0},"south":{"uv":[0.3125,4.1875,0.625,4.375],"rotation":0,"texture":"#8","tintindex":0},"north":{"uv":[3.125,4.125,3.4375,4.3125],"rotation":0,"texture":"#8","tintindex":0},"west":{"uv":[5.875,8.0625,5.9375,8.25],"rotation":0,"texture":"#8","tintindex":0},"up":{"uv":[7.0625,1.9375,6.75,1.875],"rotation":0,"texture":"#8","tintindex":0},"down":{"uv":[2.6875,6.75,2.375,6.8125],"rotation":0,"texture":"#8","tintindex":0}}},{"from":[4.7360716,6.8563395,6.2623177],"to":[7.593215,7.9991965,6.8337464],"rotation":{"angle":0.0,"axis":"y","origin":[8.736072,4.7134824,6.5480323]},"faces":{"east":{"uv":[8.625,3.0,8.6875,3.125],"rotation":0,"texture":"#8","tintindex":0},"south":{"uv":[4.75,2.4375,5.0625,2.5625],"rotation":0,"texture":"#8","tintindex":0},"north":{"uv":[4.6875,2.8125,5.0,2.9375],"rotation":0,"texture":"#8","tintindex":0},"west":{"uv":[8.625,3.9375,8.6875,4.0625],"rotation":0,"texture":"#8","tintindex":0},"up":{"uv":[3.1875,6.8125,2.875,6.75],"rotation":0,"texture":"#8","tintindex":0},"down":{"uv":[7.0625,3.5,6.75,3.5625],"rotation":0,"texture":"#8","tintindex":0}}},{"from":[4.891786,6.6458473,6.8383465],"to":[6.1946435,9.091561,9.284061],"rotation":{"angle":0.0,"axis":"y","origin":[8.9717865,5.1544185,7.204061]},"faces":{"east":{"uv":[3.8125,0.0,4.0625,0.25],"rotation":0,"texture":"#8","tintindex":0},"south":{"uv":[5.625,3.4375,5.75,3.6875],"rotation":0,"texture":"#8","tintindex":0},"north":{"uv":[2.9375,5.5625,3.0625,5.8125],"rotation":0,"texture":"#8","tintindex":0},"west":{"uv":[3.8125,0.3125,4.0625,0.5625],"rotation":0,"texture":"#8","tintindex":0},"up":{"uv":[4.25,5.875,4.125,5.625],"rotation":0,"texture":"#8","tintindex":0},"down":{"uv":[4.875,5.625,4.75,5.875],"rotation":0,"texture":"#8","tintindex":0}}},{"from":[4.7360716,9.011561,6.9183464],"to":[7.593215,9.582991,9.2040615],"rotation":{"angle":0.0,"axis":"y","origin":[8.736072,6.2972755,7.204061]},"faces":{"east":{"uv":[6.9375,2.625,7.1875,2.6875],"rotation":0,"texture":"#8","tintindex":0},"south":{"uv":[6.6875,6.0,7.0,6.0625],"rotation":0,"texture":"#8","tintindex":0},"north":{"uv":[6.6875,5.75,7.0,5.8125],"rotation":0,"texture":"#8","tintindex":0},"west":{"uv":[6.9375,4.125,7.1875,4.1875],"rotation":0,"texture":"#8","tintindex":0},"up":{"uv":[0.875,1.625,0.5625,1.375],"rotation":0,"texture":"#8","tintindex":0},"down":{"uv":[1.0,3.3125,0.6875,3.5625],"rotation":0,"texture":"#8","tintindex":0}}},{"from":[5.425143,4.868,6.753714],"to":[6.0034285,7.1605716,7.332],"rotation":{"angle":22.5,"axis":"y","origin":[5.714286,7.1571426,7.2714286]},"faces":{"east":{"uv":[7.75,4.375,7.8125,4.625],"rotation":0,"texture":"#8","tintindex":0},"south":{"uv":[7.75,4.6875,7.8125,4.9375],"rotation":0,"texture":"#8","tintindex":0},"north":{"uv":[7.75,4.0625,7.8125,4.3125],"rotation":0,"texture":"#8","tintindex":0},"west":{"uv":[4.75,7.75,4.8125,8.0],"rotation":0,"texture":"#8","tintindex":0},"up":{"uv":[9.4375,8.3125,9.375,8.25],"rotation":0,"texture":"#8","tintindex":0},"down":{"uv":[9.4375,8.375,9.375,8.4375],"rotation":0,"texture":"#8","tintindex":0}}},{"from":[5.425143,4.868,8.796572],"to":[6.0034285,7.1605716,9.374857],"rotation":{"angle":-22.5,"axis":"y","origin":[5.714286,7.1571426,8.857143]},"faces":{"east":{"uv":[2.75,7.75,2.8125,8.0],"rotation":0,"texture":"#8","tintindex":0},"south":{"uv":[3.5625,7.75,3.625,8.0],"rotation":0,"texture":"#8","tintindex":0},"north":{"uv":[1.4375,7.75,1.5,8.0],"rotation":0,"texture":"#8","tintindex":0},"west":{"uv":[3.875,7.75,3.9375,8.0],"rotation":0,"texture":"#8","tintindex":0},"up":{"uv":[9.4375,8.0,9.375,7.9375],"rotation":0,"texture":"#8","tintindex":0},"down":{"uv":[8.1875,9.375,8.125,9.4375],"rotation":0,"texture":"#8","tintindex":0}}},{"from":[5.3857145,6.542857,6.857143],"to":[6.528571,7.5714283,9.142858],"rotation":{"angle":0.0,"axis":"y","origin":[8.814285,-4.3714285,8.0]},"faces":{"east":{"uv":[6.1875,4.625,6.4375,4.75],"rotation":0,"texture":"#8","tintindex":0},"south":{"uv":[3.375,7.75,3.5,7.875],"rotation":0,"texture":"#8","tintindex":0},"north":{"uv":[7.75,3.125,7.875,3.2375],"rotation":0,"texture":"#8","tintindex":0},"west":{"uv":[6.1875,5.125,6.4375,5.25],"rotation":0,"texture":"#8","tintindex":0},"up":{"uv":[6.125,6.4375,6.0,6.1875],"rotation":0,"texture":"#8","tintindex":0},"down":{"uv":[6.3125,6.1875,6.1875,6.4375],"rotation":0,"texture":"#8","tintindex":0}}},{"from":[6.642857,6.542857,6.857143],"to":[7.785714,7.6285715,9.142858],"rotation":{"angle":0.0,"axis":"y","origin":[10.071428,-4.3714285,8.0]},"faces":{"east":{"uv":[6.1875,2.625,6.4375,2.75],"rotation":0,"texture":"#8","tintindex":0},"south":{"uv":[7.75,2.9375,7.875,3.0625],"rotation":0,"texture":"#8","tintindex":0},"north":{"uv":[7.75,2.75,7.875,2.86875],"rotation":0,"texture":"#8","tintindex":0},"west":{"uv":[6.1875,3.9375,6.4375,4.0625],"rotation":0,"texture":"#8","tintindex":0},"up":{"uv":[4.375,6.4375,4.25,6.1875],"rotation":0,"texture":"#8","tintindex":0},"down":{"uv":[4.5625,6.1875,4.4375,6.4375],"rotation":0,"texture":"#8","tintindex":0}}},{"from":[5.3857145,5.435714,6.857143],"to":[6.528571,6.464286,9.142858],"rotation":{"angle":0.0,"axis":"y","origin":[8.814285,-5.478572,8.0]},"faces":{"east":{"uv":[6.1875,0.0,6.4375,0.125],"rotation":0,"texture":"#8","tintindex":0},"south":{"uv":[7.75,2.25,7.875,2.375],"rotation":0,"texture":"#8","tintindex":0},"north":{"uv":[1.75,7.75,1.875,7.8625],"rotation":0,"texture":"#8","tintindex":0},"west":{"uv":[1.6875,6.1875,1.9375,6.3125],"rotation":0,"texture":"#8","tintindex":0},"up":{"uv":[3.0625,6.4375,2.9375,6.1875],"rotation":0,"texture":"#8","tintindex":0},"down":{"uv":[3.25,6.1875,3.125,6.4375],"rotation":0,"texture":"#8","tintindex":0}}},{"from":[5.3857145,4.864286,6.857143],"to":[6.528571,5.3214293,9.142858],"rotation":{"angle":0.0,"axis":"y","origin":[8.814285,-6.05,8.0]},"faces":{"east":{"uv":[7.75,2.125,8.0,2.1875],"rotation":0,"texture":"#8","tintindex":0},"south":{"uv":[8.9375,3.125,9.0625,3.1875],"rotation":0,"texture":"#8","tintindex":0},"north":{"uv":[3.125,8.9375,3.25,8.9875],"rotation":0,"texture":"#8","tintindex":0},"west":{"uv":[2.25,7.75,2.5,7.8125],"rotation":0,"texture":"#8","tintindex":0},"up":{"uv":[0.8125,6.4375,0.6875,6.1875],"rotation":0,"texture":"#8","tintindex":0},"down":{"uv":[1.0,6.1875,0.875,6.4375],"rotation":0,"texture":"#8","tintindex":0}}},{"from":[6.642857,4.8642855,6.857143],"to":[7.785714,5.3214283,9.142858],"rotation":{"angle":0.0,"axis":"y","origin":[10.071428,-6.05,8.0]},"faces":{"east":{"uv":[7.75,1.875,8.0,1.9375],"rotation":0,"texture":"#8","tintindex":0},"south":{"uv":[2.9375,8.9375,3.0625,9.0],"rotation":0,"texture":"#8","tintindex":0},"north":{"uv":[8.9375,2.8125,9.0625,2.8625],"rotation":0,"texture":"#8","tintindex":0},"west":{"uv":[7.75,2.0,8.0,2.0625],"rotation":0,"texture":"#8","tintindex":0},"up":{"uv":[5.5625,6.375,5.4375,6.125],"rotation":0,"texture":"#8","tintindex":0},"down":{"uv":[0.125,6.1875,0.0,6.4375],"rotation":0,"texture":"#8","tintindex":0}}},{"from":[6.642857,5.435714,6.857143],"to":[7.785714,6.464286,9.142858],"rotation":{"angle":0.0,"axis":"y","origin":[10.071428,-5.478572,8.0]},"faces":{"east":{"uv":[6.125,1.6875,6.375,1.8125],"rotation":0,"texture":"#8","tintindex":0},"south":{"uv":[7.75,1.4375,7.875,1.5625],"rotation":0,"texture":"#8","tintindex":0},"north":{"uv":[7.75,1.25,7.875,1.3625],"rotation":0,"texture":"#8","tintindex":0},"west":{"uv":[6.125,1.875,6.375,2.0],"rotation":0,"texture":"#8","tintindex":0},"up":{"uv":[5.1875,6.3125,5.0625,6.0625],"rotation":0,"texture":"#8","tintindex":0},"down":{"uv":[6.25,2.875,6.125,3.125],"rotation":0,"texture":"#8","tintindex":0}}},{"from":[6.0,7.6714287,6.857143],"to":[7.714286,8.814285,9.142858],"rotation":{"angle":0.0,"axis":"y","origin":[10.0,-4.9000006,8.0]},"faces":{"east":{"uv":[6.0625,5.6875,6.3125,5.8125],"rotation":0,"texture":"#8","tintindex":0},"south":{"uv":[6.6875,4.0625,6.875,4.1875],"rotation":0,"texture":"#8","tintindex":0},"north":{"uv":[0.8125,6.6875,1.0,6.8125],"rotation":0,"texture":"#8","tintindex":0},"west":{"uv":[1.375,6.125,1.625,6.25],"rotation":0,"texture":"#8","tintindex":0},"up":{"uv":[0.5625,5.0,0.375,4.75],"rotation":0,"texture":"#8","tintindex":0},"down":{"uv":[1.125,4.75,0.9375,5.0],"rotation":0,"texture":"#8","tintindex":0}}},{"from":[5.716078,7.2440543,6.8599997],"to":[6.858935,8.529769,9.14],"rotation":{"angle":-22.5,"axis":"z","origin":[6.5732203,8.529769,8.0]},"faces":{"east":{"uv":[6.0625,4.25,6.3125,4.375],"rotation":0,"texture":"#8","tintindex":0},"south":{"uv":[1.25,7.75,1.375,7.875],"rotation":0,"texture":"#8","tintindex":0},"north":{"uv":[0.5625,7.75,0.6875,7.890625],"rotation":0,"texture":"#8","tintindex":0},"west":{"uv":[6.0625,4.4375,6.3125,4.5625],"rotation":0,"texture":"#8","tintindex":0},"up":{"uv":[4.0,6.3125,3.875,6.0625],"rotation":0,"texture":"#8","tintindex":0},"down":{"uv":[5.0,6.0625,4.875,6.3125],"rotation":0,"texture":"#8","tintindex":0}}}],"display":{"head":{"translation":[0.0,-6.4,0.0],"scale":[4.0,4.0,4.0]}}}