{"textures":{"0":"modelengine:entity/dragonskrill"},"elements":[{"from":[6.774286,-1.6285725,6.02],"to":[9.602858,6.857143,10.451428],"rotation":{"angle":0.0,"axis":"y","origin":[21.86,-23.314287,6.1142855]},"faces":{"east":{"uv":[8.71875,8.78125,8.859375,9.0625],"rotation":0,"texture":"#0","tintindex":0},"south":{"uv":[8.09375,8.9375,8.1875,9.21875],"rotation":0,"texture":"#0","tintindex":0},"north":{"uv":[6.34375,8.9375,6.4375,9.21875],"rotation":0,"texture":"#0","tintindex":0},"west":{"uv":[0.84375,8.8125,0.984375,9.09375],"rotation":0,"texture":"#0","tintindex":0},"up":{"uv":[8.59375,9.140625,8.5,9.0],"rotation":0,"texture":"#0","tintindex":0},"down":{"uv":[8.6875,9.0,8.59375,9.140625],"rotation":0,"texture":"#0","tintindex":0}}}],"display":{"head":{"translation":[0.0,-6.4,0.0],"scale":[4.0,4.0,4.0]}}}