{"textures":{"0":"modelengine:entity/dragonskrill"},"elements":[{"from":[10.357143,4.9714284,6.542855],"to":[31.57143,8.837143,10.691426],"rotation":{"angle":0.0,"axis":"y","origin":[5.1714287,6.857143,4.6571407]},"faces":{"east":{"uv":[9.0,4.4375,9.140625,4.5625],"rotation":0,"texture":"#0","tintindex":0},"south":{"uv":[8.09375,7.65625,8.796875,7.78125],"rotation":0,"texture":"#0","tintindex":0},"north":{"uv":[0.0,8.09375,0.703125,8.21875],"rotation":0,"texture":"#0","tintindex":0},"west":{"uv":[9.0,4.5625,9.140625,4.6875],"rotation":0,"texture":"#0","tintindex":0},"up":{"uv":[8.578125,5.828125,7.875,5.6875],"rotation":0,"texture":"#0","tintindex":0},"down":{"uv":[0.703125,7.9375,0.0,8.078125],"rotation":0,"texture":"#0","tintindex":0}}},{"from":[9.885715,4.028571,-3.6400023],"to":[14.6,9.78,1.2628546],"rotation":{"angle":-22.5,"axis":"y","origin":[-11.800001,5.9142857,-4.771432]},"faces":{"east":{"uv":[2.96875,8.9375,3.125,9.125],"rotation":0,"texture":"#0","tintindex":0},"south":{"uv":[6.03125,8.9375,6.1875,9.125],"rotation":0,"texture":"#0","tintindex":0},"north":{"uv":[8.9375,2.75,9.09375,2.9375],"rotation":0,"texture":"#0","tintindex":0},"west":{"uv":[6.1875,8.9375,6.34375,9.125],"rotation":0,"texture":"#0","tintindex":0},"up":{"uv":[9.125,6.5,8.96875,6.34375],"rotation":0,"texture":"#0","tintindex":0},"down":{"uv":[8.34375,8.96875,8.1875,9.125],"rotation":0,"texture":"#0","tintindex":0}}},{"from":[10.168571,6.6685715,10.314283],"to":[31.1,7.517143,32.0],"rotation":{"angle":0.0,"axis":"y","origin":[17.428572,5.9142857,11.257141]},"faces":{"east":{"uv":[9.0,0.25,9.71875,0.28125],"rotation":0,"texture":"#0","tintindex":0},"south":{"uv":[9.0,0.6875,9.6875,0.71875],"rotation":0,"texture":"#0","tintindex":0},"north":{"uv":[9.0,0.65625,9.6875,0.6875],"rotation":0,"texture":"#0","tintindex":0},"west":{"uv":[9.0,0.28125,9.71875,0.3125],"rotation":0,"texture":"#0","tintindex":0},"up":{"uv":[5.5,2.4375,4.8125,1.71875],"rotation":0,"texture":"#0","tintindex":0},"down":{"uv":[3.46875,7.28125,2.78125,8.0],"rotation":0,"texture":"#0","tintindex":0}}}],"display":{"head":{"translation":[0.0,-6.4,2.0571518],"scale":[4.0,4.0,4.0]}}}