{"textures":{"0":"modelengine:entity/lavadragonreg"},"elements":[{"from":[6.6762857,-6.4589424,1.6625896],"to":[10.466572,3.5336294,5.4528756],"rotation":{"angle":-22.5,"axis":"x","origin":[8.399143,0.6047721,2.1794467]},"faces":{"east":{"uv":[8.386004,5.998509,8.715889,6.9059496],"rotation":0,"texture":"#0","tintindex":0},"south":{"uv":[8.382879,7.497355,8.719014,8.404796],"rotation":0,"texture":"#0","tintindex":0},"north":{"uv":[4.3776236,8.37663,4.7187004,9.280946],"rotation":0,"texture":"#0","tintindex":0},"west":{"uv":[8.501794,0.0,8.842871,0.9023071],"rotation":0,"texture":"#0","tintindex":0},"up":{"uv":[6.133048,7.07178,5.8827195,6.764492],"rotation":0,"texture":"#0","tintindex":0},"down":{"uv":[6.123673,7.062405,5.8764696,6.758242],"rotation":0,"texture":"#0","tintindex":0}}},{"from":[6.331714,-1.479022,0.48258352],"to":[10.811143,9.891835,7.029441],"rotation":{"angle":45.0,"axis":"x","origin":[2.1968565,4.2064066,3.7560124]},"faces":{"east":{"uv":[6.8777795,0.009375,7.4660597,1.0258456],"rotation":0,"texture":"#0","tintindex":0},"south":{"uv":[0.00513369,8.010511,0.4036588,9.043117],"rotation":0,"texture":"#0","tintindex":0},"north":{"uv":[7.8759727,6.2488375,8.279632,7.2783175],"rotation":0,"texture":"#0","tintindex":0},"west":{"uv":[6.8746586,1.1233532,7.466064,2.1559582],"rotation":0,"texture":"#0","tintindex":0},"up":{"uv":[3.6548042,9.215239,3.2511454,8.634345],"rotation":0,"texture":"#0","tintindex":0},"down":{"uv":[9.027492,4.4981003,8.634345,5.0895057],"rotation":0,"texture":"#0","tintindex":0}}}],"display":{"head":{"translation":[0.0,-6.4,0.0],"scale":[4.0,4.0,4.0]}}}