{"textures":{"1":"modelengine:entity/amethyst_crystal_dragon"},"elements":[{"from":[-5.4613476,10.422065,7.7791123],"to":[-0.36691475,11.22645,8.8516245],"faces":{"east":{"uv":[3.25,8.375,3.125,8.46875],"tintindex":0,"rotation":0,"texture":"#1"},"south":{"uv":[8.28125,4.4375,7.6875,4.53125],"tintindex":0,"rotation":0,"texture":"#1"},"north":{"uv":[8.28125,4.3125,7.6875,4.40625],"tintindex":0,"rotation":0,"texture":"#1"},"west":{"uv":[8.5,3.0625,8.375,3.15625],"tintindex":0,"rotation":0,"texture":"#1"},"up":{"uv":[7.3125,2.5625,7.90625,2.4375],"tintindex":0,"rotation":0,"texture":"#1"},"down":{"uv":[7.5,1.75,8.09375,1.875],"tintindex":0,"rotation":0,"texture":"#1"}}},{"from":[-4.0348997,-0.6512871,7.9131765],"to":[-3.2305145,2.8343773,8.717561],"faces":{"east":{"uv":[8.40625,4.65625,8.0,4.5625],"tintindex":0,"rotation":90,"texture":"#1"},"south":{"uv":[8.0,3.96875,8.40625,3.875],"tintindex":0,"rotation":90,"texture":"#1"},"north":{"uv":[8.0,3.84375,8.40625,3.75],"tintindex":0,"rotation":270,"texture":"#1"},"west":{"uv":[8.40625,4.0,8.0,4.09375],"tintindex":0,"rotation":90,"texture":"#1"},"up":{"uv":[8.375,6.15625,8.46875,6.0625],"tintindex":0,"rotation":90,"texture":"#1"},"down":{"uv":[6.0,8.46875,6.09375,8.375],"tintindex":0,"rotation":90,"texture":"#1"}},"rotation":{"origin":[10.250076,3.5985088,6.526941],"angle":-22.5,"axis":"z"}},{"from":[-0.36691475,1.3057127,8.315369],"to":[8.2131815,12.298962,8.315369],"faces":{"south":{"uv":[4.0,2.625,3.0,3.90625],"tintindex":0,"rotation":0,"texture":"#1"},"north":{"uv":[3.0,2.625,4.0,3.90625],"tintindex":0,"rotation":0,"texture":"#1"}}},{"from":[-14.041443,1.3057127,8.315369],"to":[-0.36691475,12.298962,8.315369],"faces":{"south":{"uv":[3.21875,1.3125,1.625,2.59375],"tintindex":0,"rotation":0,"texture":"#1"},"north":{"uv":[1.625,1.3125,3.21875,2.59375],"tintindex":0,"rotation":0,"texture":"#1"}}},{"from":[-1.7075548,9.127429,7.37692],"to":[0.43746948,11.272452,9.253817],"faces":{"east":{"uv":[1.96875,7.75,1.75,8.0],"tintindex":0,"rotation":0,"texture":"#1"},"south":{"uv":[7.8125,6.375,7.5625,6.625],"tintindex":0,"rotation":0,"texture":"#1"},"north":{"uv":[7.8125,6.125,7.5625,6.375],"tintindex":0,"rotation":0,"texture":"#1"},"west":{"uv":[5.65625,7.6875,5.4375,7.9375],"tintindex":0,"rotation":0,"texture":"#1"},"up":{"uv":[2.0,7.96875,2.25,7.75],"tintindex":0,"rotation":0,"texture":"#1"},"down":{"uv":[7.75,2.0625,8.0,2.28125],"tintindex":0,"rotation":0,"texture":"#1"}}},{"from":[-2.6388445,0.33667994,7.644652],"to":[4.064356,1.4091916,8.9852915],"faces":{"east":{"uv":[8.46875,4.375,8.3125,4.5],"tintindex":0,"rotation":0,"texture":"#1"},"south":{"uv":[7.71875,5.25,6.9375,5.375],"tintindex":0,"rotation":0,"texture":"#1"},"north":{"uv":[7.71875,3.5,6.9375,3.625],"tintindex":0,"rotation":0,"texture":"#1"},"west":{"uv":[8.46875,4.25,8.3125,4.375],"tintindex":0,"rotation":0,"texture":"#1"},"up":{"uv":[6.5625,5.96875,7.34375,5.8125],"tintindex":0,"rotation":0,"texture":"#1"},"down":{"uv":[6.5625,6.0,7.34375,6.15625],"tintindex":0,"rotation":0,"texture":"#1"}},"rotation":{"origin":[10.250076,3.5985088,6.526941],"angle":-45.0,"axis":"z"}},{"from":[-3.048195,10.16016,8.315369],"to":[1.7781091,13.645824,8.315369],"faces":{"south":{"uv":[3.0625,5.0,2.5,5.40625],"tintindex":0,"rotation":0,"texture":"#1"},"north":{"uv":[2.5,5.0,3.0625,5.40625],"tintindex":0,"rotation":0,"texture":"#1"}}},{"from":[4.8693666,8.065122,7.6483335],"to":[9.9637985,9.405762,8.988974],"faces":{"east":{"uv":[6.71875,8.1875,6.5625,8.34375],"tintindex":0,"rotation":0,"texture":"#1"},"south":{"uv":[7.59375,7.1875,7.0,7.34375],"tintindex":0,"rotation":0,"texture":"#1"},"north":{"uv":[7.78125,5.5625,7.1875,5.71875],"tintindex":0,"rotation":0,"texture":"#1"},"west":{"uv":[6.21875,8.1875,6.0625,8.34375],"tintindex":0,"rotation":0,"texture":"#1"},"up":{"uv":[7.25,0.15625,7.84375,0.0],"tintindex":0,"rotation":0,"texture":"#1"},"down":{"uv":[7.25,0.8125,7.84375,0.96875],"tintindex":0,"rotation":0,"texture":"#1"}},"rotation":{"origin":[10.250076,3.5985088,6.526941],"angle":22.5,"axis":"z"}},{"from":[-5.5483723,15.889135,7.8993735],"to":[-1.5264521,16.693518,8.703757],"faces":{"east":{"uv":[5.59375,8.375,5.5,8.46875],"tintindex":0,"rotation":0,"texture":"#1"},"south":{"uv":[8.34375,3.3125,7.875,3.40625],"tintindex":0,"rotation":0,"texture":"#1"},"north":{"uv":[8.34375,1.625,7.875,1.71875],"tintindex":0,"rotation":0,"texture":"#1"},"west":{"uv":[8.46875,5.4375,8.375,5.53125],"tintindex":0,"rotation":0,"texture":"#1"},"up":{"uv":[7.875,5.15625,8.34375,5.0625],"tintindex":0,"rotation":0,"texture":"#1"},"down":{"uv":[7.9375,0.125,8.40625,0.21875],"tintindex":0,"rotation":0,"texture":"#1"}},"rotation":{"origin":[10.250076,3.5985088,6.526941],"angle":22.5,"axis":"z"}},{"from":[4.077488,15.699301,7.9131765],"to":[7.0268955,16.503685,8.717561],"faces":{"east":{"uv":[8.46875,5.9375,8.375,6.03125],"tintindex":0,"rotation":0,"texture":"#1"},"south":{"uv":[8.46875,0.8125,8.125,0.90625],"tintindex":0,"rotation":0,"texture":"#1"},"north":{"uv":[8.40625,7.375,8.0625,7.46875],"tintindex":0,"rotation":0,"texture":"#1"},"west":{"uv":[8.46875,5.8125,8.375,5.90625],"tintindex":0,"rotation":0,"texture":"#1"},"up":{"uv":[8.125,1.03125,8.46875,0.9375],"tintindex":0,"rotation":0,"texture":"#1"},"down":{"uv":[8.125,1.75,8.46875,1.84375],"tintindex":0,"rotation":0,"texture":"#1"}},"rotation":{"origin":[10.250076,3.5985088,6.526941],"angle":45.0,"axis":"z"}},{"from":[-4.573847,1.3850408,7.9131765],"to":[-3.7694626,5.138833,8.717561],"faces":{"east":{"uv":[5.125,8.03125,4.6875,7.9375],"tintindex":0,"rotation":90,"texture":"#1"},"south":{"uv":[7.9375,3.03125,8.375,2.9375],"tintindex":0,"rotation":90,"texture":"#1"},"north":{"uv":[7.9375,2.90625,8.375,2.8125],"tintindex":0,"rotation":270,"texture":"#1"},"west":{"uv":[3.5625,7.9375,3.125,8.03125],"tintindex":0,"rotation":90,"texture":"#1"},"up":{"uv":[8.375,5.78125,8.46875,5.6875],"tintindex":0,"rotation":90,"texture":"#1"},"down":{"uv":[8.375,5.65625,8.46875,5.5625],"tintindex":0,"rotation":90,"texture":"#1"}}},{"from":[-3.8458319,20.840523,8.018541],"to":[0.7123451,21.644909,8.554797],"faces":{"east":{"uv":[5.625,7.25,5.5625,7.34375],"tintindex":0,"rotation":0,"texture":"#1"},"south":{"uv":[8.34375,0.375,7.8125,0.46875],"tintindex":0,"rotation":0,"texture":"#1"},"north":{"uv":[8.28125,3.625,7.75,3.71875],"tintindex":0,"rotation":0,"texture":"#1"},"west":{"uv":[6.9375,3.1875,6.875,3.28125],"tintindex":0,"rotation":0,"texture":"#1"},"up":{"uv":[7.875,3.5,8.40625,3.4375],"tintindex":0,"rotation":0,"texture":"#1"},"down":{"uv":[8.0,0.75,8.53125,0.8125],"tintindex":0,"rotation":0,"texture":"#1"}},"rotation":{"origin":[10.250076,3.5985088,6.526941],"angle":45.0,"axis":"z"}}],"display":{"gui":{"rotation":[30,225,0]}}}