{"textures":{"0":"modelengine:entity/lavajaw2anitexture"},"elements":[{"from":[1.4636245,3.5038853,4.318641],"to":[13.875288,11.778328,8.455863],"rotation":{"angle":0.0,"axis":"y","origin":[7.6694565,7.6411066,6.387252]},"faces":{"east":{"uv":[11.5,2.9375,10.75,4.375],"rotation":0,"texture":"#0","tintindex":0},"south":{"uv":[2.1875,4.125,0.0,5.5625],"rotation":0,"texture":"#0","tintindex":0},"north":{"uv":[0.0,4.125,2.1875,5.5625],"rotation":0,"texture":"#0","tintindex":0},"west":{"uv":[10.75,2.9375,11.5,4.375],"rotation":0,"texture":"#0","tintindex":0},"up":{"uv":[6.125,8.375,3.9375,7.625],"rotation":0,"texture":"#0","tintindex":0},"down":{"uv":[6.125,8.375,3.9375,7.625],"rotation":0,"texture":"#0","tintindex":0}}}],"display":{"head":{"translation":[0.0,-6.4,0.0],"scale":[4.0,4.0,4.0]}}}