{"textures":{"0":"modelengine:entity/lavajaw2anitexture","1":"modelengine:entity/lavajawanima"},"elements":[{"from":[0.4278407,1.4455271,3.394198],"to":[14.908115,7.786123,7.5314198],"rotation":{"angle":0.0,"axis":"y","origin":[-10.204914,7.37671,0.67675257]},"faces":{"east":{"uv":[12.25,7.125,11.5,8.25],"rotation":0,"texture":"#0","tintindex":0},"south":{"uv":[7.0625,4.125,4.5,5.25],"rotation":0,"texture":"#0","tintindex":0},"north":{"uv":[4.5,4.125,7.0625,5.25],"rotation":0,"texture":"#0","tintindex":0},"west":{"uv":[11.5,7.125,12.25,8.25],"rotation":0,"texture":"#0","tintindex":0},"up":{"uv":[3.875,7.125,1.5625,7.875],"rotation":0,"texture":"#0","tintindex":0},"down":{"uv":[3.875,7.125,1.5625,7.875],"rotation":0,"texture":"#0","tintindex":0}}},{"from":[14.908115,7.7861223,3.394198],"to":[14.912258,11.923344,7.5314198],"rotation":{"angle":0.0,"axis":"y","origin":[-10.204914,7.37671,0.67675257]},"faces":{"east":{"uv":[13.625,4.8125,12.875,5.5625],"rotation":0,"texture":"#0","tintindex":0},"west":{"uv":[12.875,4.8125,13.625,5.5625],"rotation":0,"texture":"#0","tintindex":0}}},{"from":[13.873811,7.7861223,-0.90417767],"to":[13.877953,11.923344,3.2330446],"rotation":{"angle":0.0,"axis":"y","origin":[-10.204914,7.37671,0.67675257]},"faces":{"east":{"uv":[13.375,11.3125,12.625,12.0625],"rotation":0,"texture":"#0","tintindex":0},"west":{"uv":[12.625,11.3125,13.375,12.0625],"rotation":0,"texture":"#0","tintindex":0}}},{"from":[1.4621463,1.8015256,-0.7430229],"to":[13.873811,7.786123,3.394198],"rotation":{"angle":0.0,"axis":"y","origin":[-10.204914,7.37671,0.67675257]},"faces":{"east":{"uv":[12.375,1.75,11.625,2.8125],"rotation":0,"texture":"#0","tintindex":0},"south":{"uv":[8.6875,2.75,6.5,3.8125],"rotation":0,"texture":"#0","tintindex":0},"north":{"uv":[6.5,2.75,8.6875,3.8125],"rotation":0,"texture":"#0","tintindex":0},"west":{"uv":[11.625,1.75,12.375,2.8125],"rotation":0,"texture":"#0","tintindex":0},"up":{"uv":[10.5625,0.0,8.625,0.75],"rotation":0,"texture":"#0","tintindex":0},"down":{"uv":[10.5625,0.0,8.625,0.75],"rotation":0,"texture":"#0","tintindex":0}}},{"from":[11.8052,7.7861223,-3.9259205],"to":[11.809337,11.923344,-1.1453123],"rotation":{"angle":0.0,"axis":"y","origin":[-10.204914,7.37671,0.67675257]},"faces":{"east":{"uv":[3.8125,13.4375,3.3125,14.1875],"rotation":0,"texture":"#0","tintindex":0},"west":{"uv":[3.3125,13.4375,3.8125,14.1875],"rotation":0,"texture":"#0","tintindex":0}}},{"from":[2.4964514,7.7861223,-4.145217],"to":[12.839505,11.923344,-4.14108],"rotation":{"angle":0.0,"axis":"y","origin":[-10.204914,7.37671,0.67675257]},"faces":{"south":{"uv":[10.5,9.3125,8.6875,10.0625],"rotation":0,"texture":"#0","tintindex":0},"north":{"uv":[8.6875,9.3125,10.5,10.0625],"rotation":0,"texture":"#0","tintindex":0}}},{"from":[3.530757,2.537465,-4.104516],"to":[11.8052025,7.810065,-0.38101578],"rotation":{"angle":0.0,"axis":"y","origin":[-10.204914,7.37671,0.67675257]},"faces":{"east":{"uv":[5.0,12.5625,4.375,13.5],"rotation":0,"texture":"#0","tintindex":0},"south":{"uv":[2.75,9.5625,1.3125,10.5],"rotation":0,"texture":"#0","tintindex":0},"north":{"uv":[1.3125,9.5625,2.75,10.5],"rotation":0,"texture":"#0","tintindex":0},"west":{"uv":[4.375,12.5625,5.0,13.5],"rotation":0,"texture":"#0","tintindex":0},"up":{"uv":[13.75,2.75,12.4375,2.25],"rotation":0,"texture":"#0","tintindex":0},"down":{"uv":[13.75,2.75,12.4375,2.25],"rotation":0,"texture":"#0","tintindex":0}}},{"from":[0.4278407,7.8963356,3.394198],"to":[14.908115,7.8963356,7.5314198],"rotation":{"angle":0.0,"axis":"y","origin":[-10.204914,7.37671,0.67675257]},"faces":{"east":{"uv":[5.25,0.125,6.75,0.125],"rotation":0,"texture":"#1","tintindex":0},"south":{"uv":[5.25,0.25,10.375,0.25],"rotation":0,"texture":"#1","tintindex":0},"north":{"uv":[5.25,0.0,10.375,0.0],"rotation":0,"texture":"#1","tintindex":0},"west":{"uv":[5.25,0.375,6.75,0.375],"rotation":0,"texture":"#1","tintindex":0},"up":{"uv":[5.125,1.5,0.0,0.0],"rotation":0,"texture":"#1","tintindex":0},"down":{"uv":[5.125,1.625,0.0,3.125],"rotation":0,"texture":"#1","tintindex":0}}},{"from":[1.4621463,7.8963356,-0.7430229],"to":[13.873811,7.8963356,3.394198],"rotation":{"angle":0.0,"axis":"y","origin":[-10.204914,7.37671,0.67675257]},"faces":{"east":{"uv":[5.25,0.625,6.75,0.625],"rotation":0,"texture":"#1","tintindex":0},"south":{"uv":[5.25,0.75,9.625,0.75],"rotation":0,"texture":"#1","tintindex":0},"north":{"uv":[5.25,0.5,9.625,0.5],"rotation":0,"texture":"#1","tintindex":0},"west":{"uv":[5.25,0.875,6.75,0.875],"rotation":0,"texture":"#1","tintindex":0},"up":{"uv":[4.75,3.0,0.375,1.5],"rotation":0,"texture":"#1","tintindex":0},"down":{"uv":[8.875,3.25,4.5,4.75],"rotation":0,"texture":"#1","tintindex":0}}},{"from":[3.530757,7.8963356,-4.104516],"to":[11.8052025,7.8963356,-0.7370148],"rotation":{"angle":0.0,"axis":"y","origin":[-10.204914,7.37671,0.67675257]},"faces":{"east":{"uv":[5.25,1.125,6.375,1.125],"rotation":0,"texture":"#1","tintindex":0},"south":{"uv":[5.25,1.25,8.125,1.25],"rotation":0,"texture":"#1","tintindex":0},"north":{"uv":[5.25,1.0,8.125,1.0],"rotation":0,"texture":"#1","tintindex":0},"west":{"uv":[5.25,1.375,6.375,1.375],"rotation":0,"texture":"#1","tintindex":0},"up":{"uv":[4.0,4.125,1.125,3.0],"rotation":0,"texture":"#1","tintindex":0},"down":{"uv":[5.875,4.875,3.0,6.0],"rotation":0,"texture":"#1","tintindex":0}}},{"from":[1.4621463,7.7861223,-0.90417767],"to":[1.4662833,11.923344,3.2330446],"rotation":{"angle":0.0,"axis":"y","origin":[-10.204914,7.37671,0.67675257]},"faces":{"east":{"uv":[13.375,11.3125,12.625,12.0625],"rotation":0,"texture":"#0","tintindex":0},"west":{"uv":[12.625,11.3125,13.375,12.0625],"rotation":0,"texture":"#0","tintindex":0}}},{"from":[0.4278407,7.7861223,3.394198],"to":[0.43197823,11.923344,7.5314198],"rotation":{"angle":0.0,"axis":"y","origin":[-10.204914,7.37671,0.67675257]},"faces":{"east":{"uv":[13.625,4.8125,12.875,5.5625],"rotation":0,"texture":"#0","tintindex":0},"west":{"uv":[12.875,4.8125,13.625,5.5625],"rotation":0,"texture":"#0","tintindex":0}}},{"from":[3.530757,7.7861543,-3.9259205],"to":[3.534894,11.923375,-1.1453123],"rotation":{"angle":0.0,"axis":"y","origin":[-10.204914,7.37671,0.67675257]},"faces":{"east":{"uv":[3.8125,13.4375,3.3125,14.1875],"rotation":0,"texture":"#0","tintindex":0},"west":{"uv":[3.3125,13.4375,3.8125,14.1875],"rotation":0,"texture":"#0","tintindex":0}}}],"display":{"head":{"translation":[0.0,-6.4,0.0],"scale":[4.0,4.0,4.0]}}}