{"textures":{"0":"modelengine:entity/lavajaw2reg"},"elements":[{"from":[5.5238433,1.4636259,2.5118208],"to":[11.017678,9.738069,8.717653],"rotation":{"angle":22.5,"axis":"x","origin":[5.167845,1.4636259,2.5118208]},"faces":{"east":{"uv":[4.9375,8.4375,6.0,9.875],"rotation":0,"texture":"#0","tintindex":0},"south":{"uv":[4.9375,8.4375,6.0,9.875],"rotation":0,"texture":"#0","tintindex":0},"north":{"uv":[4.9375,8.4375,6.0,9.875],"rotation":0,"texture":"#0","tintindex":0},"west":{"uv":[4.9375,8.4375,6.0,9.875],"rotation":0,"texture":"#0","tintindex":0},"up":{"uv":[10.75,12.125,9.8125,11.0625],"rotation":0,"texture":"#0","tintindex":0},"down":{"uv":[10.75,12.125,9.8125,11.0625],"rotation":0,"texture":"#0","tintindex":0}}}],"display":{"head":{"translation":[0.0,-6.4,0.0],"scale":[4.0,4.0,4.0]}}}