{"textures":{"0":"modelengine:entity/lavajaw2anitexture"},"elements":[{"from":[4.389321,2.5906496,11.206393],"to":[11.59577,9.219863,17.479607],"rotation":{"angle":22.5,"axis":"x","origin":[7.9925447,7.151252,11.961626]},"faces":{"east":{"uv":[4.9375,9.9375,3.8125,11.125],"rotation":0,"texture":"#0","tintindex":0},"south":{"uv":[0.0,8.5,1.25,9.6875],"rotation":0,"texture":"#0","tintindex":0},"north":{"uv":[0.0,8.5,1.25,9.6875],"rotation":0,"texture":"#0","tintindex":0},"west":{"uv":[3.8125,9.9375,4.9375,11.125],"rotation":0,"texture":"#0","tintindex":0},"up":{"uv":[10.0,3.125,8.75,2.0],"rotation":0,"texture":"#0","tintindex":0},"down":{"uv":[10.0,3.125,8.75,2.0],"rotation":0,"texture":"#0","tintindex":0}}},{"from":[3.7110143,7.413478,5.645177],"to":[12.274075,15.043304,10.494395],"rotation":{"angle":22.5,"axis":"x","origin":[-10.058348,7.8008275,-2.3375683]},"faces":{"east":{"uv":[11.4375,7.3125,10.5625,8.625],"rotation":0,"texture":"#0","tintindex":0},"south":{"uv":[8.0625,1.1875,6.5625,2.5],"rotation":0,"texture":"#0","tintindex":0},"north":{"uv":[6.5625,1.1875,8.0625,2.5],"rotation":0,"texture":"#0","tintindex":0},"west":{"uv":[10.5625,7.3125,11.4375,8.625],"rotation":0,"texture":"#0","tintindex":0},"up":{"uv":[11.5625,2.875,10.0625,2.0],"rotation":0,"texture":"#0","tintindex":0},"down":{"uv":[11.5625,2.875,10.0625,2.0],"rotation":0,"texture":"#0","tintindex":0}}},{"from":[8.012842,7.346096,7.9159327],"to":[8.016979,15.553158,19.346073],"rotation":{"angle":22.5,"axis":"x","origin":[8.034488,11.449627,14.876998]},"faces":{"east":{"uv":[4.0625,5.625,2.0625,7.0625],"rotation":0,"texture":"#0","tintindex":0},"west":{"uv":[2.0625,5.625,4.0625,7.0625],"rotation":0,"texture":"#0","tintindex":0}}}],"display":{"head":{"translation":[0.0,-6.4,0.0],"scale":[4.0,4.0,4.0]}}}