{"textures":{"0":"modelengine:entity/skrilldragonbaby"},"elements":[{"from":[0.8000002,6.0,6.52],"to":[15.2,16.8,21.28],"faces":{"east":{"uv":[5.0625,4.3125,5.53125,4.65625],"tintindex":0,"rotation":0,"texture":"#0"},"south":{"uv":[5.5625,4.0,6.0,4.34375],"tintindex":0,"rotation":0,"texture":"#0"},"north":{"uv":[5.5,3.625,5.9375,3.96875],"tintindex":0,"rotation":0,"texture":"#0"},"west":{"uv":[2.75,5.4375,3.21875,5.78125],"tintindex":0,"rotation":0,"texture":"#0"},"up":{"uv":[5.5,3.78125,5.0625,3.3125],"tintindex":0,"rotation":0,"texture":"#0"},"down":{"uv":[5.5,3.8125,5.0625,4.28125],"tintindex":0,"rotation":0,"texture":"#0"}}},{"from":[8.0,16.8,9.04],"to":[8.0,25.199999,19.84],"faces":{"east":{"uv":[6.0,4.3125,6.34375,4.5625],"tintindex":0,"rotation":0,"texture":"#0"},"west":{"uv":[4.5,6.0,4.84375,6.25],"tintindex":0,"rotation":0,"texture":"#0"}}}],"display":{"gui":{"rotation":[30,225,0]}}}