{"textures":{"0":"modelengine:entity/skrilldragonbaby"},"elements":[{"from":[6.88,2.742857,6.7885714],"to":[8.937143,8.914286,10.011429],"rotation":{"angle":0.0,"axis":"y","origin":[18.308573,-14.765715,7.222857]},"faces":{"east":{"uv":[4.375,6.25,4.5625,6.59375],"rotation":0,"texture":"#0","tintindex":0},"south":{"uv":[0.875,6.6875,1.0,7.03125],"rotation":0,"texture":"#0","tintindex":0},"north":{"uv":[5.625,6.625,5.75,6.96875],"rotation":0,"texture":"#0","tintindex":0},"west":{"uv":[4.5625,6.25,4.75,6.59375],"rotation":0,"texture":"#0","tintindex":0},"up":{"uv":[4.875,5.625,4.75,5.4375],"rotation":0,"texture":"#0","tintindex":0},"down":{"uv":[3.0625,6.125,2.9375,6.3125],"rotation":0,"texture":"#0","tintindex":0}}}],"display":{"head":{"translation":[0.0,-6.4,0.0],"scale":[4.0,4.0,4.0]}}}