{"textures":{"0":"modelengine:entity/skrilldragonbaby"},"elements":[{"from":[7.9314284,13.188572,0.8457136],"to":[7.9314284,17.988571,7.017143],"rotation":{"angle":0.0,"axis":"y","origin":[12.845715,-20.777145,10.057143]},"faces":{"east":{"uv":[6.0,4.5625,6.34375,4.8125],"rotation":0,"texture":"#0","tintindex":0},"south":{"uv":[0.0,0.0,0.0,0.25],"rotation":0,"texture":"#0","tintindex":0},"north":{"uv":[0.0,0.0,0.0,0.25],"rotation":0,"texture":"#0","tintindex":0},"west":{"uv":[6.0,4.8125,6.34375,5.0625],"rotation":0,"texture":"#0","tintindex":0},"up":{"uv":[0.0,0.34375,0.0,0.0],"rotation":0,"texture":"#0","tintindex":0},"down":{"uv":[0.0,0.0,0.0,0.34375],"rotation":0,"texture":"#0","tintindex":0}}},{"from":[3.1314282,5.6457143,-2.9257154],"to":[12.731428,13.188572,9.691429],"rotation":{"angle":0.0,"axis":"y","origin":[12.845715,-20.777145,10.057143]},"faces":{"east":{"uv":[4.875,4.75,5.5625,5.15625],"rotation":0,"texture":"#0","tintindex":0},"south":{"uv":[5.0625,2.875,5.59375,3.28125],"rotation":0,"texture":"#0","tintindex":0},"north":{"uv":[5.0625,2.4375,5.59375,2.84375],"rotation":0,"texture":"#0","tintindex":0},"west":{"uv":[5.0625,0.0,5.75,0.40625],"rotation":0,"texture":"#0","tintindex":0},"up":{"uv":[2.53125,5.4375,2.0,4.75],"rotation":0,"texture":"#0","tintindex":0},"down":{"uv":[3.09375,4.75,2.5625,5.4375],"rotation":0,"texture":"#0","tintindex":0}}}],"display":{"head":{"translation":[0.0,-6.4,0.0],"scale":[4.0,4.0,4.0]}}}