{"textures":{"0":"modelengine:entity/skrilldragonbaby"},"elements":[{"from":[5.6559258,13.131435,15.207138],"to":[10.315763,14.580092,20.504509],"faces":{"east":{"uv":[5.9375,6.8125,6.28125,6.90625],"tintindex":0,"rotation":0,"texture":"#0"},"south":{"uv":[3.5625,6.875,3.84375,6.96875],"tintindex":0,"rotation":0,"texture":"#0"},"north":{"uv":[6.875,3.3125,7.15625,3.40625],"tintindex":0,"rotation":0,"texture":"#0"},"west":{"uv":[6.3125,6.8125,6.65625,6.90625],"tintindex":0,"rotation":0,"texture":"#0"},"up":{"uv":[3.34375,6.28125,3.0625,5.9375],"tintindex":0,"rotation":0,"texture":"#0"},"down":{"uv":[6.28125,2.375,6.0,2.71875],"tintindex":0,"rotation":0,"texture":"#0"}},"rotation":{"origin":[12.285845,-17.200409,30.090643],"angle":-22.5,"axis":"x"}},{"from":[6.4838257,13.963733,15.67357],"to":[9.483826,15.259391,22.50774],"faces":{"east":{"uv":[6.6875,6.625,7.125,6.71875],"tintindex":0,"rotation":0,"texture":"#0"},"south":{"uv":[6.0625,6.9375,6.25,7.03125],"tintindex":0,"rotation":0,"texture":"#0"},"north":{"uv":[5.875,6.9375,6.0625,7.03125],"tintindex":0,"rotation":0,"texture":"#0"},"west":{"uv":[6.6875,6.75,7.125,6.84375],"tintindex":0,"rotation":0,"texture":"#0"},"up":{"uv":[0.75,6.5625,0.5625,6.125],"tintindex":0,"rotation":0,"texture":"#0"},"down":{"uv":[2.9375,6.125,2.75,6.5625],"tintindex":0,"rotation":0,"texture":"#0"}},"rotation":{"origin":[12.285845,-17.200409,30.090643],"angle":-22.5,"axis":"x"}},{"from":[7.3358445,14.672633,17.118114],"to":[8.635844,15.272634,21.918116],"faces":{"east":{"uv":[7.0625,5.0,7.375,5.03125],"tintindex":0,"rotation":0,"texture":"#0"},"south":{"uv":[5.0625,7.125,5.15625,7.15625],"tintindex":0,"rotation":0,"texture":"#0"},"north":{"uv":[4.9375,7.125,5.03125,7.15625],"tintindex":0,"rotation":0,"texture":"#0"},"west":{"uv":[7.0625,5.0625,7.375,5.09375],"tintindex":0,"rotation":0,"texture":"#0"},"up":{"uv":[3.40625,7.125,3.3125,6.8125],"tintindex":0,"rotation":0,"texture":"#0"},"down":{"uv":[3.53125,6.8125,3.4375,7.125],"tintindex":0,"rotation":0,"texture":"#0"}},"rotation":{"origin":[12.285845,-17.200409,30.090643],"angle":-22.5,"axis":"x"}}],"display":{"gui":{"rotation":[30,225,0]}}}