{"textures":{"0":"modelengine:entity/skrilldragonbaby"},"elements":[{"from":[9.784299,6.365714,14.417196],"to":[20.161442,8.491428,16.885769],"rotation":{"angle":45.0,"axis":"y","origin":[-1.5085716,-23.68,14.72]},"faces":{"east":{"uv":[2.75,6.4375,2.625,6.5625],"rotation":0,"texture":"#0","tintindex":0},"south":{"uv":[5.9375,6.25,5.375,6.375],"rotation":0,"texture":"#0","tintindex":0},"north":{"uv":[6.6875,2.25,6.125,2.375],"rotation":0,"texture":"#0","tintindex":0},"west":{"uv":[4.875,6.25,4.75,6.375],"rotation":0,"texture":"#0","tintindex":0},"up":{"uv":[0.0,6.4375,0.5625,6.3125],"rotation":0,"texture":"#0","tintindex":0},"down":{"uv":[0.0,6.3125,0.5625,6.4375],"rotation":0,"texture":"#0","tintindex":0}}},{"from":[-2.8042288,6.0114284,-10.630577],"to":[1.7214847,9.302857,-6.104863],"rotation":{"angle":-45.0,"axis":"y","origin":[-1.5085716,-23.68,14.72]},"faces":{"east":{"uv":[5.375,6.625,5.125,6.8125],"rotation":0,"texture":"#0","tintindex":0},"south":{"uv":[5.125,6.625,4.875,6.8125],"rotation":0,"texture":"#0","tintindex":0},"north":{"uv":[4.875,6.625,4.625,6.8125],"rotation":0,"texture":"#0","tintindex":0},"west":{"uv":[6.875,4.75,6.625,4.9375],"rotation":0,"texture":"#0","tintindex":0},"up":{"uv":[6.375,4.75,6.625,4.5],"rotation":0,"texture":"#0","tintindex":0},"down":{"uv":[4.75,6.375,5.0,6.625],"rotation":0,"texture":"#0","tintindex":0}}},{"from":[8.0,7.3485713,1.4857135],"to":[16.594286,7.9657145,16.914288],"rotation":{"angle":0.0,"axis":"y","origin":[-1.5085716,-23.68,14.72]},"faces":{"east":{"uv":[7.71875,2.625,6.875,2.65625],"rotation":0,"texture":"#0","tintindex":0},"south":{"uv":[7.46875,2.3125,7.0,2.34375],"rotation":0,"texture":"#0","tintindex":0},"north":{"uv":[4.71875,5.75,4.25,5.78125],"rotation":0,"texture":"#0","tintindex":0},"west":{"uv":[7.71875,0.6875,6.875,0.71875],"rotation":0,"texture":"#0","tintindex":0},"up":{"uv":[0.0,5.59375,0.46875,4.75],"rotation":0,"texture":"#0","tintindex":0},"down":{"uv":[0.0,4.75,0.46875,5.59375],"rotation":0,"texture":"#0","tintindex":0}}},{"from":[18.306427,7.5542855,-4.253642],"to":[25.574999,7.76,8.500645],"rotation":{"angle":22.5,"axis":"y","origin":[-1.5085716,-23.68,14.72]},"faces":{"east":{"uv":[7.5625,3.4375,6.875,3.46875],"rotation":0,"texture":"#0","tintindex":0},"south":{"uv":[7.46875,4.375,7.0625,4.40625],"rotation":0,"texture":"#0","tintindex":0},"north":{"uv":[4.65625,7.0625,4.25,7.09375],"rotation":0,"texture":"#0","tintindex":0},"west":{"uv":[6.4375,5.625,5.75,5.65625],"rotation":0,"texture":"#0","tintindex":0},"up":{"uv":[3.125,5.4375,3.53125,4.75],"rotation":0,"texture":"#0","tintindex":0},"down":{"uv":[3.5625,4.75,3.96875,5.4375],"rotation":0,"texture":"#0","tintindex":0}}}],"display":{"head":{"translation":[0.0,-6.4,0.0],"scale":[4.0,4.0,4.0]}}}