{"textures":{"0":"modelengine:entity/skrilldragonbaby"},"elements":[{"from":[8.0,10.857143,9.508572],"to":[8.0,15.657143,15.68],"rotation":{"angle":0.0,"axis":"y","origin":[12.914286,-22.080002,3.0857139]},"faces":{"east":{"uv":[6.0,2.75,6.34375,3.0],"rotation":0,"texture":"#0","tintindex":0},"south":{"uv":[0.0,0.0,0.0,0.25],"rotation":0,"texture":"#0","tintindex":0},"north":{"uv":[0.0,0.0,0.0,0.25],"rotation":0,"texture":"#0","tintindex":0},"west":{"uv":[3.375,6.0,3.71875,6.25],"rotation":0,"texture":"#0","tintindex":0},"up":{"uv":[0.0,0.34375,0.0,0.0],"rotation":0,"texture":"#0","tintindex":0},"down":{"uv":[0.0,0.0,0.0,0.34375],"rotation":0,"texture":"#0","tintindex":0}}},{"from":[4.9142857,5.3714285,6.56],"to":[11.085714,10.857143,15.68],"rotation":{"angle":0.0,"axis":"y","origin":[12.914286,-22.080002,3.0857139]},"faces":{"east":{"uv":[4.25,5.4375,4.75,5.75],"rotation":0,"texture":"#0","tintindex":0},"south":{"uv":[5.625,2.6875,5.96875,3.0],"rotation":0,"texture":"#0","tintindex":0},"north":{"uv":[5.625,2.375,5.96875,2.6875],"rotation":0,"texture":"#0","tintindex":0},"west":{"uv":[5.5,3.3125,6.0,3.625],"rotation":0,"texture":"#0","tintindex":0},"up":{"uv":[2.34375,5.9375,2.0,5.4375],"rotation":0,"texture":"#0","tintindex":0},"down":{"uv":[2.71875,5.4375,2.375,5.9375],"rotation":0,"texture":"#0","tintindex":0}}}],"display":{"head":{"translation":[0.0,-6.4,0.0],"scale":[4.0,4.0,4.0]}}}