{"textures":{"0":"modelengine:entity/sucubus"},"elements":[{"from":[13.714286,2.1142855,8.0],"to":[17.028572,12.514286,8.0],"rotation":{"angle":0.0,"axis":"y","origin":[15.3714285,7.3142858,8.0]},"faces":{"east":{"uv":[0.0,0.0,0.0,2.28125],"rotation":0,"texture":"#0","tintindex":0},"south":{"uv":[3.5,2.375,4.21875,4.65625],"rotation":0,"texture":"#0","tintindex":0},"north":{"uv":[3.5,0.0,4.21875,2.28125],"rotation":0,"texture":"#0","tintindex":0},"west":{"uv":[0.0,0.0,0.0,2.28125],"rotation":0,"texture":"#0","tintindex":0},"up":{"uv":[0.71875,0.0,0.0,0.0],"rotation":0,"texture":"#0","tintindex":0},"down":{"uv":[0.71875,0.0,0.0,0.0],"rotation":0,"texture":"#0","tintindex":0}}},{"from":[12.842785,9.018274,7.7714286],"to":[17.414215,9.589704,8.228572],"rotation":{"angle":45.0,"axis":"z","origin":[15.1285,9.303989,8.0]},"faces":{"east":{"uv":[7.5,10.875,7.59375,11.0],"rotation":0,"texture":"#0","tintindex":0},"south":{"uv":[9.625,1.375,10.625,1.5],"rotation":0,"texture":"#0","tintindex":0},"north":{"uv":[9.5,2.125,10.5,2.25],"rotation":0,"texture":"#0","tintindex":0},"west":{"uv":[7.625,10.875,7.71875,11.0],"rotation":0,"texture":"#0","tintindex":0},"up":{"uv":[10.875,9.34375,9.875,9.25],"rotation":0,"texture":"#0","tintindex":0},"down":{"uv":[10.875,9.375,9.875,9.46875],"rotation":0,"texture":"#0","tintindex":0}}},{"from":[8.0,2.1142855,8.0],"to":[13.714286,7.4857144,8.0],"rotation":{"angle":0.0,"axis":"y","origin":[10.857143,4.8,8.0]},"faces":{"east":{"uv":[0.0,0.0,0.0,1.1875],"rotation":0,"texture":"#0","tintindex":0},"south":{"uv":[4.75,4.75,6.0,5.9375],"rotation":0,"texture":"#0","tintindex":0},"north":{"uv":[3.5,4.75,4.75,5.9375],"rotation":0,"texture":"#0","tintindex":0},"west":{"uv":[0.0,0.0,0.0,1.1875],"rotation":0,"texture":"#0","tintindex":0},"up":{"uv":[1.25,0.0,0.0,0.0],"rotation":0,"texture":"#0","tintindex":0},"down":{"uv":[1.25,0.0,0.0,0.0],"rotation":0,"texture":"#0","tintindex":0}}},{"from":[8.0,7.4857144,7.6571426],"to":[13.714286,8.285714,8.342857],"rotation":{"angle":0.0,"axis":"y","origin":[10.857143,7.885714,8.0]},"faces":{"east":{"uv":[1.75,10.875,1.90625,11.0625],"rotation":0,"texture":"#0","tintindex":0},"south":{"uv":[8.375,6.5,9.625,6.6875],"rotation":0,"texture":"#0","tintindex":0},"north":{"uv":[8.375,6.25,9.625,6.4375],"rotation":0,"texture":"#0","tintindex":0},"west":{"uv":[2.125,10.875,2.28125,11.0625],"rotation":0,"texture":"#0","tintindex":0},"up":{"uv":[9.875,5.90625,8.625,5.75],"rotation":0,"texture":"#0","tintindex":0},"down":{"uv":[10.0,3.625,8.75,3.78125],"rotation":0,"texture":"#0","tintindex":0}}}],"display":{"head":{"translation":[0.0,-6.4,0.0],"scale":[4.0,4.0,4.0]}}}