{"textures":{"6":"modelengine:entity/fallenheraldvoid"},"elements":[{"from":[7.0515776,5.9486456,7.089789],"to":[9.337292,8.234361,9.375504],"rotation":{"angle":0.0,"axis":"y","origin":[4.7658634,0.8057885,8.232646]},"faces":{"east":{"uv":[5.629,6.629,6.121,7.121],"rotation":0,"texture":"#6","tintindex":0},"south":{"uv":[0.004,6.754,0.496,7.246],"rotation":0,"texture":"#6","tintindex":0},"north":{"uv":[5.004,6.629,5.496,7.121],"rotation":0,"texture":"#6","tintindex":0},"west":{"uv":[1.254,6.754,1.746,7.246],"rotation":0,"texture":"#6","tintindex":0},"up":{"uv":[6.746,7.246,6.254,6.754],"rotation":0,"texture":"#6","tintindex":0},"down":{"uv":[7.371,1.879,6.879,2.371],"rotation":0,"texture":"#6","tintindex":0}}}],"display":{"head":{"translation":[0.0,-6.4,0.0],"scale":[4.0,4.0,4.0]}}}