{"textures":{"7":"modelengine:entity/em_heraldsword"},"elements":[{"from":[8.095238,7.7171717,7.6115217],"to":[8.666667,8.2886,9.897236],"rotation":{"angle":0.0,"axis":"y","origin":[8.380953,8.002886,3.5339103]},"faces":{"east":{"uv":[5.5,8.0,7.5,8.5],"rotation":0,"texture":"#7","tintindex":0},"south":{"uv":[5.5,11.5,6.0,12.0],"rotation":0,"texture":"#7","tintindex":0},"north":{"uv":[11.5,5.0,12.0,5.5],"rotation":0,"texture":"#7","tintindex":0},"west":{"uv":[8.0,6.0,10.0,6.5],"rotation":0,"texture":"#7","tintindex":0},"up":{"uv":[8.5,8.5,8.0,6.5],"rotation":0,"texture":"#7","tintindex":0},"down":{"uv":[8.0,8.0,7.5,10.0],"rotation":0,"texture":"#7","tintindex":0}}},{"from":[8.009523,7.6314573,6.9543786],"to":[8.752381,8.374314,7.697236],"rotation":{"angle":0.0,"axis":"y","origin":[8.380953,8.002886,3.5339103]},"faces":{"east":{"uv":[4.0,11.5,4.5,12.0],"rotation":0,"texture":"#7","tintindex":0},"south":{"uv":[11.5,4.0,12.0,4.5],"rotation":0,"texture":"#7","tintindex":0},"north":{"uv":[11.5,3.5,12.0,4.0],"rotation":0,"texture":"#7","tintindex":0},"west":{"uv":[4.5,11.5,5.0,12.0],"rotation":0,"texture":"#7","tintindex":0},"up":{"uv":[12.0,5.0,11.5,4.5],"rotation":0,"texture":"#7","tintindex":0},"down":{"uv":[5.5,11.5,5.0,12.0],"rotation":0,"texture":"#7","tintindex":0}}},{"from":[8.095238,6.357017,5.823687],"to":[8.666667,8.642732,6.395116],"rotation":{"angle":22.5,"axis":"x","origin":[8.380953,8.002886,3.5339103]},"faces":{"east":{"uv":[3.5,8.0,4.0,10.0],"rotation":0,"texture":"#7","tintindex":0},"south":{"uv":[8.0,4.0,8.5,6.0],"rotation":0,"texture":"#7","tintindex":0},"north":{"uv":[3.0,8.0,3.5,10.0],"rotation":0,"texture":"#7","tintindex":0},"west":{"uv":[5.0,8.0,5.5,10.0],"rotation":0,"texture":"#7","tintindex":0},"up":{"uv":[12.0,3.5,11.5,3.0],"rotation":0,"texture":"#7","tintindex":0},"down":{"uv":[4.0,11.5,3.5,12.0],"rotation":0,"texture":"#7","tintindex":0}}},{"from":[8.095238,7.499874,6.395116],"to":[8.666667,8.642732,6.966544],"rotation":{"angle":22.5,"axis":"x","origin":[8.380953,8.002886,3.5339103]},"faces":{"east":{"uv":[10.5,10.0,11.0,11.0],"rotation":0,"texture":"#7","tintindex":0},"south":{"uv":[11.0,0.0,11.5,1.0],"rotation":0,"texture":"#7","tintindex":0},"north":{"uv":[10.5,9.0,11.0,10.0],"rotation":0,"texture":"#7","tintindex":0},"west":{"uv":[1.0,11.0,1.5,12.0],"rotation":0,"texture":"#7","tintindex":0},"up":{"uv":[12.0,3.0,11.5,2.5],"rotation":0,"texture":"#7","tintindex":0},"down":{"uv":[3.5,11.5,3.0,12.0],"rotation":0,"texture":"#7","tintindex":0}}},{"from":[8.095238,7.363041,6.395116],"to":[8.666667,8.5058975,6.966544],"rotation":{"angle":-22.5,"axis":"x","origin":[8.380953,8.002886,3.5339103]},"faces":{"east":{"uv":[10.5,7.0,11.0,8.0],"rotation":0,"texture":"#7","tintindex":0},"south":{"uv":[10.5,8.0,11.0,9.0],"rotation":0,"texture":"#7","tintindex":0},"north":{"uv":[10.5,5.0,11.0,6.0],"rotation":0,"texture":"#7","tintindex":0},"west":{"uv":[9.0,10.5,9.5,11.5],"rotation":0,"texture":"#7","tintindex":0},"up":{"uv":[12.0,2.5,11.5,2.0],"rotation":0,"texture":"#7","tintindex":0},"down":{"uv":[3.0,11.5,2.5,12.0],"rotation":0,"texture":"#7","tintindex":0}}},{"from":[8.095238,7.363041,5.823687],"to":[8.666667,9.648755,6.395116],"rotation":{"angle":-22.5,"axis":"x","origin":[8.380953,8.002886,3.5339103]},"faces":{"east":{"uv":[4.5,7.5,5.0,9.5],"rotation":0,"texture":"#7","tintindex":0},"south":{"uv":[2.0,8.0,2.5,10.0],"rotation":0,"texture":"#7","tintindex":0},"north":{"uv":[4.0,7.5,4.5,9.5],"rotation":0,"texture":"#7","tintindex":0},"west":{"uv":[2.5,8.0,3.0,10.0],"rotation":0,"texture":"#7","tintindex":0},"up":{"uv":[12.0,2.0,11.5,1.5],"rotation":0,"texture":"#7","tintindex":0},"down":{"uv":[2.5,11.5,2.0,12.0],"rotation":0,"texture":"#7","tintindex":0}}},{"from":[8.091238,7.141743,5.8932357],"to":[8.670667,8.864029,7.044093],"rotation":{"angle":0.0,"axis":"y","origin":[8.380953,8.002886,3.5339103]},"faces":{"east":{"uv":[4.0,4.0,5.0,5.5],"rotation":0,"texture":"#7","tintindex":0},"south":{"uv":[8.5,9.5,9.0,11.0],"rotation":0,"texture":"#7","tintindex":0},"north":{"uv":[8.0,9.5,8.5,11.0],"rotation":0,"texture":"#7","tintindex":0},"west":{"uv":[1.0,5.0,2.0,6.5],"rotation":0,"texture":"#7","tintindex":0},"up":{"uv":[11.0,4.0,10.5,3.0],"rotation":0,"texture":"#7","tintindex":0},"down":{"uv":[11.0,4.0,10.5,5.0],"rotation":0,"texture":"#7","tintindex":0}}},{"from":[7.9809523,5.8480787,4.317289],"to":[8.780952,7.219507,5.6887174],"rotation":{"angle":-45.0,"axis":"x","origin":[8.380953,8.002886,3.5339103]},"faces":{"east":{"uv":[7.0,7.0,8.0,8.0],"rotation":0,"texture":"#7","tintindex":0},"south":{"uv":[1.5,10.5,2.0,11.5],"rotation":0,"texture":"#7","tintindex":0},"north":{"uv":[10.5,0.5,11.0,1.5],"rotation":0,"texture":"#7","tintindex":0},"west":{"uv":[1.0,7.5,2.0,8.5],"rotation":0,"texture":"#7","tintindex":0},"up":{"uv":[2.5,11.5,2.0,10.5],"rotation":0,"texture":"#7","tintindex":0},"down":{"uv":[11.0,2.0,10.5,3.0],"rotation":0,"texture":"#7","tintindex":0}}},{"from":[7.895238,6.048079,4.517289],"to":[8.866667,7.0195074,5.488717],"rotation":{"angle":-45.0,"axis":"x","origin":[8.380953,8.002886,3.5339103]},"faces":{"east":{"uv":[7.0,4.0,8.0,5.0],"rotation":0,"texture":"#7","tintindex":0},"south":{"uv":[5.0,7.0,6.0,8.0],"rotation":0,"texture":"#7","tintindex":0},"north":{"uv":[2.0,7.0,3.0,8.0],"rotation":0,"texture":"#7","tintindex":0},"west":{"uv":[7.0,5.0,8.0,6.0],"rotation":0,"texture":"#7","tintindex":0},"up":{"uv":[7.0,8.0,6.0,7.0],"rotation":0,"texture":"#7","tintindex":0},"down":{"uv":[8.0,6.0,7.0,7.0],"rotation":0,"texture":"#7","tintindex":0}}},{"from":[8.097524,5.4278092,3.6539617],"to":[8.664381,6.566095,4.792247],"rotation":{"angle":-45.0,"axis":"x","origin":[8.380953,8.002886,3.5339103]},"faces":{"east":{"uv":[1.0,6.5,2.0,7.5],"rotation":0,"texture":"#7","tintindex":0},"south":{"uv":[10.0,8.0,10.5,9.0],"rotation":0,"texture":"#7","tintindex":0},"north":{"uv":[7.5,10.0,8.0,11.0],"rotation":0,"texture":"#7","tintindex":0},"west":{"uv":[4.0,6.5,5.0,7.5],"rotation":0,"texture":"#7","tintindex":0},"up":{"uv":[10.0,11.0,9.5,10.0],"rotation":0,"texture":"#7","tintindex":0},"down":{"uv":[10.5,10.0,10.0,11.0],"rotation":0,"texture":"#7","tintindex":0}}},{"from":[8.097524,6.7445493,4.9707017],"to":[8.664381,7.882835,6.1089873],"rotation":{"angle":-45.0,"axis":"x","origin":[8.380953,8.002886,3.5339103]},"faces":{"east":{"uv":[6.0,5.0,7.0,6.0],"rotation":0,"texture":"#7","tintindex":0},"south":{"uv":[6.0,10.0,6.5,11.0],"rotation":0,"texture":"#7","tintindex":0},"north":{"uv":[5.5,10.0,6.0,11.0],"rotation":0,"texture":"#7","tintindex":0},"west":{"uv":[6.0,6.0,7.0,7.0],"rotation":0,"texture":"#7","tintindex":0},"up":{"uv":[7.0,11.0,6.5,10.0],"rotation":0,"texture":"#7","tintindex":0},"down":{"uv":[7.5,10.0,7.0,11.0],"rotation":0,"texture":"#7","tintindex":0}}},{"from":[8.180952,7.7171717,3.2115216],"to":[8.580953,8.2886,4.925807],"rotation":{"angle":0.0,"axis":"y","origin":[8.380953,8.002886,3.5339103]},"faces":{"east":{"uv":[8.0,9.0,9.5,9.5],"rotation":0,"texture":"#7","tintindex":0},"south":{"uv":[1.5,11.5,2.0,12.0],"rotation":0,"texture":"#7","tintindex":0},"north":{"uv":[11.5,1.0,12.0,1.5],"rotation":0,"texture":"#7","tintindex":0},"west":{"uv":[9.5,6.5,11.0,7.0],"rotation":0,"texture":"#7","tintindex":0},"up":{"uv":[4.5,11.0,4.0,9.5],"rotation":0,"texture":"#7","tintindex":0},"down":{"uv":[5.0,9.5,4.5,11.0],"rotation":0,"texture":"#7","tintindex":0}}},{"from":[8.182667,7.626472,2.9382634],"to":[8.579238,8.027104,3.3388953],"rotation":{"angle":-45.0,"axis":"x","origin":[8.380953,8.002886,2.9624815]},"faces":{"east":{"uv":[10.5,11.0,11.0,11.5],"rotation":0,"texture":"#7","tintindex":0},"south":{"uv":[11.0,10.5,11.5,11.0],"rotation":0,"texture":"#7","tintindex":0},"north":{"uv":[11.0,10.0,11.5,10.5],"rotation":0,"texture":"#7","tintindex":0},"west":{"uv":[11.0,11.0,11.5,11.5],"rotation":0,"texture":"#7","tintindex":0},"up":{"uv":[12.0,0.5,11.5,0.0],"rotation":0,"texture":"#7","tintindex":0},"down":{"uv":[12.0,0.5,11.5,1.0],"rotation":0,"texture":"#7","tintindex":0}}},{"from":[8.180952,6.4314575,3.6972356],"to":[8.580953,7.002886,5.4115214],"rotation":{"angle":0.0,"axis":"y","origin":[8.380953,7.4314575,3.5339103]},"faces":{"east":{"uv":[8.0,8.5,9.5,9.0],"rotation":0,"texture":"#7","tintindex":0},"south":{"uv":[10.0,11.0,10.5,11.5],"rotation":0,"texture":"#7","tintindex":0},"north":{"uv":[11.0,9.5,11.5,10.0],"rotation":0,"texture":"#7","tintindex":0},"west":{"uv":[8.5,8.0,10.0,8.5],"rotation":0,"texture":"#7","tintindex":0},"up":{"uv":[7.5,10.0,7.0,8.5],"rotation":0,"texture":"#7","tintindex":0},"down":{"uv":[9.5,6.5,9.0,8.0],"rotation":0,"texture":"#7","tintindex":0}}},{"from":[8.182667,6.2065153,2.776639],"to":[8.579238,6.6071477,3.177271],"rotation":{"angle":-45.0,"axis":"x","origin":[8.380953,7.4314575,2.9624815]},"faces":{"east":{"uv":[11.0,8.0,11.5,8.5],"rotation":0,"texture":"#7","tintindex":0},"south":{"uv":[8.5,11.0,9.0,11.5],"rotation":0,"texture":"#7","tintindex":0},"north":{"uv":[8.0,11.0,8.5,11.5],"rotation":0,"texture":"#7","tintindex":0},"west":{"uv":[11.0,8.5,11.5,9.0],"rotation":0,"texture":"#7","tintindex":0},"up":{"uv":[11.5,9.5,11.0,9.0],"rotation":0,"texture":"#7","tintindex":0},"down":{"uv":[10.0,11.0,9.5,11.5],"rotation":0,"texture":"#7","tintindex":0}}},{"from":[8.180952,9.002886,3.6972356],"to":[8.580953,9.574314,5.4115214],"rotation":{"angle":0.0,"axis":"y","origin":[8.380953,8.574314,3.5339103]},"faces":{"east":{"uv":[8.5,5.0,10.0,5.5],"rotation":0,"texture":"#7","tintindex":0},"south":{"uv":[11.0,7.5,11.5,8.0],"rotation":0,"texture":"#7","tintindex":0},"north":{"uv":[7.5,11.0,8.0,11.5],"rotation":0,"texture":"#7","tintindex":0},"west":{"uv":[8.5,5.5,10.0,6.0],"rotation":0,"texture":"#7","tintindex":0},"up":{"uv":[7.0,10.0,6.5,8.5],"rotation":0,"texture":"#7","tintindex":0},"down":{"uv":[9.0,6.5,8.5,8.0],"rotation":0,"texture":"#7","tintindex":0}}},{"from":[8.182667,8.359526,3.7867913],"to":[8.579238,8.760158,4.1874237],"rotation":{"angle":-45.0,"axis":"x","origin":[8.380953,8.574314,2.9624815]},"faces":{"east":{"uv":[11.0,6.0,11.5,6.5],"rotation":0,"texture":"#7","tintindex":0},"south":{"uv":[6.5,11.0,7.0,11.5],"rotation":0,"texture":"#7","tintindex":0},"north":{"uv":[6.0,11.0,6.5,11.5],"rotation":0,"texture":"#7","tintindex":0},"west":{"uv":[11.0,6.5,11.5,7.0],"rotation":0,"texture":"#7","tintindex":0},"up":{"uv":[7.5,11.5,7.0,11.0],"rotation":0,"texture":"#7","tintindex":0},"down":{"uv":[11.5,7.0,11.0,7.5],"rotation":0,"texture":"#7","tintindex":0}}},{"from":[8.273809,13.252033,-5.950635],"to":[8.488095,13.940513,-5.2621555],"rotation":{"angle":-45.0,"axis":"x","origin":[8.380953,8.2886,0.10533857]},"faces":{"east":{"uv":[11.0,4.5,11.5,5.0],"rotation":0,"texture":"#7","tintindex":0},"south":{"uv":[5.0,11.0,5.5,11.5],"rotation":0,"texture":"#7","tintindex":0},"north":{"uv":[4.5,11.0,5.0,11.5],"rotation":0,"texture":"#7","tintindex":0},"west":{"uv":[11.0,5.0,11.5,5.5],"rotation":0,"texture":"#7","tintindex":0},"up":{"uv":[6.0,11.5,5.5,11.0],"rotation":0,"texture":"#7","tintindex":0},"down":{"uv":[11.5,5.5,11.0,6.0],"rotation":0,"texture":"#7","tintindex":0}}},{"from":[8.276095,4.551822,-7.014187],"to":[8.485809,5.632965,-5.304472],"rotation":{"angle":22.5,"axis":"x","origin":[8.380953,7.7171717,0.10533857]},"faces":{"east":{"uv":[1.0,4.0,2.5,5.0],"rotation":0,"texture":"#7","tintindex":0},"south":{"uv":[10.0,5.0,10.5,6.0],"rotation":0,"texture":"#7","tintindex":0},"north":{"uv":[5.0,10.0,5.5,11.0],"rotation":0,"texture":"#7","tintindex":0},"west":{"uv":[2.5,4.0,4.0,5.0],"rotation":0,"texture":"#7","tintindex":0},"up":{"uv":[6.0,10.0,5.5,8.5],"rotation":0,"texture":"#7","tintindex":0},"down":{"uv":[6.5,8.5,6.0,10.0],"rotation":0,"texture":"#7","tintindex":0}}},{"from":[8.277238,10.945378,-7.0130434],"to":[8.484667,11.452806,-5.3056154],"rotation":{"angle":-22.5,"axis":"x","origin":[8.380953,8.2886,0.10533857]},"faces":{"east":{"uv":[8.5,4.0,10.0,4.5],"rotation":0,"texture":"#7","tintindex":0},"south":{"uv":[11.0,4.0,11.5,4.5],"rotation":0,"texture":"#7","tintindex":0},"north":{"uv":[4.0,11.0,4.5,11.5],"rotation":0,"texture":"#7","tintindex":0},"west":{"uv":[8.5,4.5,10.0,5.0],"rotation":0,"texture":"#7","tintindex":0},"up":{"uv":[1.5,10.0,1.0,8.5],"rotation":0,"texture":"#7","tintindex":0},"down":{"uv":[2.0,8.5,1.5,10.0],"rotation":0,"texture":"#7","tintindex":0}}},{"from":[8.270952,7.4286003,-7.248479],"to":[8.4909525,8.577171,-6.099909],"rotation":{"angle":0.0,"axis":"y","origin":[8.380953,8.002886,0.10533857]},"faces":{"east":{"uv":[6.0,4.0,7.0,5.0],"rotation":0,"texture":"#7","tintindex":0},"south":{"uv":[10.0,3.0,10.5,4.0],"rotation":0,"texture":"#7","tintindex":0},"north":{"uv":[3.0,10.0,3.5,11.0],"rotation":0,"texture":"#7","tintindex":0},"west":{"uv":[5.0,6.0,6.0,7.0],"rotation":0,"texture":"#7","tintindex":0},"up":{"uv":[4.0,11.0,3.5,10.0],"rotation":0,"texture":"#7","tintindex":0},"down":{"uv":[10.5,4.0,10.0,5.0],"rotation":0,"texture":"#7","tintindex":0}}},{"from":[8.273809,6.8600287,-6.102765],"to":[8.488095,9.145743,5.325807],"rotation":{"angle":0.0,"axis":"y","origin":[8.380953,8.002886,3.5339103]},"faces":{"east":{"uv":[0.0,0.0,10.0,2.0],"rotation":0,"texture":"#7","tintindex":0},"south":{"uv":[3.5,6.0,4.0,8.0],"rotation":0,"texture":"#7","tintindex":0},"north":{"uv":[3.0,6.0,3.5,8.0],"rotation":0,"texture":"#7","tintindex":0},"west":{"uv":[0.0,2.0,10.0,4.0],"rotation":0,"texture":"#7","tintindex":0},"up":{"uv":[0.5,14.0,0.0,4.0],"rotation":0,"texture":"#7","tintindex":0},"down":{"uv":[1.0,4.0,0.5,14.0],"rotation":0,"texture":"#7","tintindex":0}}},{"from":[8.060952,7.682886,9.577236],"to":[8.700953,8.3228855,10.074379],"rotation":{"angle":0.0,"axis":"y","origin":[8.380953,8.002886,3.5339103]},"faces":{"east":{"uv":[11.0,2.5,11.5,3.0],"rotation":0,"texture":"#7","tintindex":0},"south":{"uv":[3.0,11.0,3.5,11.5],"rotation":0,"texture":"#7","tintindex":0},"north":{"uv":[2.5,11.0,3.0,11.5],"rotation":0,"texture":"#7","tintindex":0},"west":{"uv":[11.0,3.0,11.5,3.5],"rotation":0,"texture":"#7","tintindex":0},"up":{"uv":[4.0,11.5,3.5,11.0],"rotation":0,"texture":"#7","tintindex":0},"down":{"uv":[11.5,3.5,11.0,4.0],"rotation":0,"texture":"#7","tintindex":0}}},{"from":[8.009523,2.7393837,7.7688417],"to":[8.752381,3.7679543,8.797413],"rotation":{"angle":-45.0,"axis":"x","origin":[8.380953,8.002886,3.5339103]},"faces":{"east":{"uv":[3.0,5.0,4.0,6.0],"rotation":0,"texture":"#7","tintindex":0},"south":{"uv":[5.0,4.0,6.0,5.0],"rotation":0,"texture":"#7","tintindex":0},"north":{"uv":[2.0,5.0,3.0,6.0],"rotation":0,"texture":"#7","tintindex":0},"west":{"uv":[5.0,5.0,6.0,6.0],"rotation":0,"texture":"#7","tintindex":0},"up":{"uv":[5.0,6.5,4.0,5.5],"rotation":0,"texture":"#7","tintindex":0},"down":{"uv":[3.0,6.0,2.0,7.0],"rotation":0,"texture":"#7","tintindex":0}}},{"from":[8.17981,7.801743,10.83895],"to":[8.582095,8.204029,11.812665],"rotation":{"angle":0.0,"axis":"y","origin":[8.380953,8.002886,3.5339103]},"faces":{"east":{"uv":[1.5,10.0,2.5,10.5],"rotation":0,"texture":"#7","tintindex":0},"south":{"uv":[11.0,2.0,11.5,2.5],"rotation":0,"texture":"#7","tintindex":0},"north":{"uv":[11.0,1.5,11.5,2.0],"rotation":0,"texture":"#7","tintindex":0},"west":{"uv":[10.0,1.5,11.0,2.0],"rotation":0,"texture":"#7","tintindex":0},"up":{"uv":[10.5,3.0,10.0,2.0],"rotation":0,"texture":"#7","tintindex":0},"down":{"uv":[3.0,10.0,2.5,11.0],"rotation":0,"texture":"#7","tintindex":0}}},{"from":[8.180952,10.826254,9.587714],"to":[8.580953,11.2262535,10.559143],"rotation":{"angle":22.5,"axis":"x","origin":[8.380953,8.002886,3.5339103]},"faces":{"east":{"uv":[9.5,9.5,10.5,10.0],"rotation":0,"texture":"#7","tintindex":0},"south":{"uv":[11.0,1.0,11.5,1.5],"rotation":0,"texture":"#7","tintindex":0},"north":{"uv":[10.5,6.0,11.0,6.5],"rotation":0,"texture":"#7","tintindex":0},"west":{"uv":[10.0,0.0,11.0,0.5],"rotation":0,"texture":"#7","tintindex":0},"up":{"uv":[10.5,1.5,10.0,0.5],"rotation":0,"texture":"#7","tintindex":0},"down":{"uv":[1.5,10.0,1.0,11.0],"rotation":0,"texture":"#7","tintindex":0}}},{"from":[8.180952,4.8323116,9.609582],"to":[8.580953,5.2323117,10.581011],"rotation":{"angle":-22.5,"axis":"x","origin":[8.380953,8.002886,3.5339103]},"faces":{"east":{"uv":[9.5,7.0,10.5,7.5],"rotation":0,"texture":"#7","tintindex":0},"south":{"uv":[10.0,9.0,10.5,9.5],"rotation":0,"texture":"#7","tintindex":0},"north":{"uv":[10.0,6.0,10.5,6.5],"rotation":0,"texture":"#7","tintindex":0},"west":{"uv":[9.5,7.5,10.5,8.0],"rotation":0,"texture":"#7","tintindex":0},"up":{"uv":[10.0,9.5,9.5,8.5],"rotation":0,"texture":"#7","tintindex":0},"down":{"uv":[9.5,9.5,9.0,10.5],"rotation":0,"texture":"#7","tintindex":0}}}],"display":{"head":{"translation":[0.0,-6.4,0.0],"scale":[4.0,4.0,4.0]}}}