{"textures":{"0":"modelengine:entity/skrilldragonbaby"},"elements":[{"name":"cube","from":[-0.7068863,7.1300006,3.7727904],"to":[12.061114,8.785999,6.508789],"rotation":{"angle":-22.5,"axis":"y","origin":[-9.808279,-24.946003,26.926388]},"faces":{"down":{"uv":[5.875,0.375,6.53125,0.53125],"rotation":0,"texture":"#0","tintindex":0},"east":{"uv":[6.96875,7.0,6.8125,7.09375],"rotation":0,"texture":"#0","tintindex":0},"north":{"uv":[7.03125,6.0625,6.375,6.15625],"rotation":0,"texture":"#0","tintindex":0},"south":{"uv":[6.78125,6.375,6.125,6.46875],"rotation":0,"texture":"#0","tintindex":0},"up":{"uv":[5.875,0.53125,6.53125,0.375],"rotation":0,"texture":"#0","tintindex":0},"west":{"uv":[6.78125,7.0,6.625,7.09375],"rotation":0,"texture":"#0","tintindex":0}}},{"name":"cube","from":[1.5359086,7.2740006,-2.8338017],"to":[17.66391,8.642,-0.38580275],"rotation":{"angle":-45.0,"axis":"y","origin":[-9.808279,-24.946003,26.926388]},"faces":{"down":{"uv":[6.59375,0.25,5.75,0.125],"rotation":0,"texture":"#0","tintindex":0},"east":{"uv":[1.75,7.125,1.625,7.1875],"rotation":0,"texture":"#0","tintindex":0},"north":{"uv":[7.46875,0.3125,6.625,0.375],"rotation":0,"texture":"#0","tintindex":0},"south":{"uv":[7.46875,0.9375,6.625,1.0],"rotation":0,"texture":"#0","tintindex":0},"up":{"uv":[5.75,0.125,6.59375,0.0],"rotation":0,"texture":"#0","tintindex":0},"west":{"uv":[7.25,1.375,7.125,1.4375],"rotation":0,"texture":"#0","tintindex":0}}},{"name":"cube","from":[-2.548164,7.8859997,5.537483],"to":[29.707836,8.030001,27.857483],"rotation":{"angle":-22.5,"axis":"y","origin":[-9.808279,-24.946003,26.926388]},"faces":{"down":{"uv":[0.0,2.375,1.6875,3.53125],"rotation":0,"texture":"#0","tintindex":0},"east":{"uv":[7.96875,4.0,6.8125,4.03125],"rotation":0,"texture":"#0","tintindex":0},"north":{"uv":[8.3125,1.0,6.625,1.03125],"rotation":0,"texture":"#0","tintindex":0},"south":{"uv":[8.3125,1.0625,6.625,1.09375],"rotation":0,"texture":"#0","tintindex":0},"up":{"uv":[0.0,3.53125,1.6875,2.375],"rotation":0,"texture":"#0","tintindex":0},"west":{"uv":[7.96875,3.9375,6.8125,3.96875],"rotation":0,"texture":"#0","tintindex":0}}}],"display":{"head":{"translation":[0.0,-6.4,0.0],"rotation":[0.0,0.0,0.0],"scale":[3.8095,3.8095,3.8095]}}}