{"textures":{"0":"modelengine:entity/lavajaw2reg"},"elements":[{"from":[4.3516436,6.190657,6.548247],"to":[8.488865,10.327878,14.822689],"rotation":{"angle":22.5,"axis":"x","origin":[6.4202538,7.5472703,7.4814796]},"faces":{"east":{"uv":[10.5625,8.6875,12.0,9.4375],"rotation":0,"texture":"#0","tintindex":0},"south":{"uv":[12.875,8.0625,13.625,8.8125],"rotation":0,"texture":"#0","tintindex":0},"north":{"uv":[12.875,8.0625,13.625,8.8125],"rotation":0,"texture":"#0","tintindex":0},"west":{"uv":[10.5625,8.6875,12.0,9.4375],"rotation":0,"texture":"#0","tintindex":0},"up":{"uv":[10.5625,8.6875,12.0,9.4375],"rotation":90,"texture":"#0","tintindex":0},"down":{"uv":[10.5625,8.6875,12.0,9.4375],"rotation":90,"texture":"#0","tintindex":0}}},{"from":[4.3277006,0.18485546,9.032974],"to":[8.464922,6.3906875,13.170195],"rotation":{"angle":22.5,"axis":"x","origin":[4.3277035,1.5557189,9.764412]},"faces":{"east":{"uv":[6.75,11.9375,7.5,13.0],"rotation":0,"texture":"#0","tintindex":0},"south":{"uv":[6.75,11.9375,7.5,13.0],"rotation":0,"texture":"#0","tintindex":0},"north":{"uv":[6.75,11.9375,7.5,13.0],"rotation":0,"texture":"#0","tintindex":0},"west":{"uv":[6.75,11.9375,7.5,13.0],"rotation":0,"texture":"#0","tintindex":0},"up":{"uv":[13.6875,9.625,12.9375,8.875],"rotation":0,"texture":"#0","tintindex":0},"down":{"uv":[13.6875,9.625,12.9375,8.875],"rotation":0,"texture":"#0","tintindex":0}}}],"display":{"head":{"translation":[0.0,-6.4,0.0],"scale":[4.0,4.0,4.0]}}}