{"textures":{"0":"modelengine:entity/em_nothingness"},"elements":[{"from":[-14.4,-14.4,8.0],"to":[30.4,30.4,8.0],"rotation":{"angle":0.0,"axis":"y","origin":[8.0,8.0,8.0]},"faces":{"east":{"uv":[0.0,0.0,0.0,32.0],"rotation":0,"texture":"#0","tintindex":0},"south":{"uv":[2.0,0.0,0.0,2.0],"rotation":0,"texture":"#0","tintindex":0},"north":{"uv":[2.0,0.0,0.0,2.0],"rotation":0,"texture":"#0","tintindex":0},"west":{"uv":[0.0,0.0,0.0,32.0],"rotation":0,"texture":"#0","tintindex":0},"up":{"uv":[0.0,0.0,32.0,0.0],"rotation":0,"texture":"#0","tintindex":0},"down":{"uv":[0.0,0.0,3.5,0.0],"rotation":0,"texture":"#0","tintindex":0}}}],"display":{"head":{"translation":[0.0,-6.4,0.0],"scale":[4.0,4.0,4.0]}}}